user_id,gender,age,the beatles,radiohead,linkin park,coldplay,muse,pink floyd,metallica,nine inch nails,depeche mode,christina aguilera,lil wayne,system of a down,red hot chili peppers,placebo,in flames,death cab for cutie,rammstein,rise against,bob dylan,the killers
00000c289a1829a808ac09c00daf10bc3c4e223b,1,0.9398340248962656,0.0,0.0,0.0,0.0,0.0,0.0,0.0,0.0,0.0,0.0,0.0,0.0,0.04856620747821198,0.0,0.0,0.0,0.0,0.0,0.0,0.014619061006466124
00001411dc427966b17297bf4d69e7e193135d89,1,0.0,0.0,0.0,0.0,0.022515310919671672,0.0,0.0,0.0,0.0,0.0,0.0,0.0,0.0,0.0,0.0,0.0,0.004972342930717559,0.0,0.0,0.0,0.0
00004d2ac9316e22dc007ab2243d6fcb239e707d,1,0.0,0.0,0.0,0.0,0.0,0.0,0.0,0.0,0.0,0.0,0.0,0.0,0.0,0.0,0.0,0.0,0.0,0.0,0.0,0.0,0.0
000063d3fe1cf2ba248b9e3c3f0334845a27a6bf,0,0.9377593360995851,0.0,0.0,0.0,0.0,0.0,0.0,0.0,0.0,0.0,0.0,0.0,0.005859375,0.0,0.0,0.0,0.0,0.0,0.0,0.0,0.0
00007a47085b9aab8af55f52ec8846ac479ac4fe,0,0.9439834024896265,0.0,0.015291607396870554,0.0,0.0,0.0,0.0,0.0,0.0,0.0,0.0,0.0,0.0,0.0,0.0,0.0,0.0,0.0,0.0,0.0,0.0
0000c176103e538d5c9828e695fed4f7ae42dd01,0,0.9384508990318119,0.02968835659764686,0.10192721292118248,0.0,0.0,0.007843798760173744,0.009151098553536035,0.0,0.0,0.0,0.0,0.0,0.0,0.0,0.0,0.0,0.0,0.0,0.0,0.0,0.0
0000ee7dd906373efa37f4e1185bfe1e3f8695ae,0,0.9363762102351314,0.0,0.0,0.0,0.0,0.0,0.0,0.06822443386701284,0.0,0.0,0.0,0.0,0.0,0.0,0.0,0.0073561228905235825,0.0,0.0,0.0,0.0,0.0
0000ef373bbd0d89ce796abae961f2705e8c1faf,1,0.9398340248962656,0.0,0.0,0.015370705244122965,0.0,0.0,0.0,0.04294755877034358,0.0,0.0,0.0,0.0,0.0,0.0,0.0,0.0,0.0,0.0,0.0,0.0,0.0
0000f687d4fe9c1ed49620fbc5ed5b0d7798ea20,1,0.9412171507607192,0.0,0.0,0.0,0.0,0.0,0.0,0.0,0.0,0.0,0.03571428571428571,0.0,0.0,0.0,0.0,0.0,0.0,0.0,0.0,0.0,0.0
0001399387da41d557219578fb08b12afa25ab67,0,0.0,0.0,0.0,0.019467401285583105,0.0,0.0,0.0,0.0,0.0,0.0,0.0,0.0,0.0,0.0,0.0022038567493112946,0.0,0.0,0.0,0.007805325987144169,0.0,0.0
000163263d2a41a3966a3746855b8b75b7d7aa83,0,0.9432918395573997,0.008939840134623475,0.013251998317206562,0.0,0.03360328144720236,0.008782078249894826,0.0,0.0,0.0,0.0,0.0,0.0,0.0,0.0,0.032919646613378206,0.0,0.02792385359697097,0.0,0.0,0.0,0.011043331931005469
0001a57568309b287363e72dc682e9a170ba6dc2,1,0.9405255878284924,0.0217901878914405,0.0,0.0,0.0,0.0,0.0,0.0,0.0,0.01657098121085595,0.0,0.0,0.0,0.0,0.0,0.0,0.01174321503131524,0.0,0.0,0.0,0.0
0001a88a7092846abb1b70dbcced05f914976371,1,0.0,0.0,0.0,0.0,0.0,0.0,0.0,0.0,0.0,0.0,0.0,0.017278617710583154,0.0,0.0,0.0,0.0,0.0,0.0,0.0,0.0,0.0
0001bd96207f323b53652bf400702719ad456d3c,1,0.9370677731673582,0.0,0.0,0.0,0.0,0.0,0.0,0.0,0.0,0.0,0.0,0.0,0.0,0.0,0.0,0.0,0.0,0.0,0.0,0.0,0.0
000215d3060a5b0ab7b3c415d49ec579100d4c87,1,0.0,0.0,0.0781099324975892,0.0,0.0,0.0,0.0,0.0,0.0,0.0,0.0,0.0,0.0,0.0,0.0,0.0,0.0,0.0,0.0,0.0,0.0
00024b5b85c40f990c28644d53257819980bf6bb,0,0.9405255878284924,0.0,0.0,0.0,0.0,0.0,0.0,0.0,0.0,0.0,0.0,0.0,0.0,0.0,0.0,0.0,0.022153018614197748,0.0,0.019675844008776276,0.0,0.019251185504989738
00026e8fc41980c9605eac741cd97b8216d2dbbd,0,0.9453665283540802,0.0,0.0,0.0,0.06532191861146945,0.015832062859153277,0.024275829717368358,0.019115749970681366,0.0,0.013017473906414917,0.0,0.0,0.0,0.0,0.0,0.0,0.0,0.0,0.0,0.0,0.0
000294c1f0d9b40067487457ca31f0caab81d44a,0,0.9363762102351314,0.0,0.0,0.0,0.0,0.001855574454925004,0.04762641100974176,0.0,0.0,0.0,0.0,0.0,0.0,0.0,0.0,0.0,0.0,0.004329673728158343,0.0,0.0,0.0
00029d80b8af94f2d5e3349ceb28b7304f80c1c4,1,0.9432918395573997,0.0,0.0,0.0,0.0,0.0,0.0025079617834394903,0.0,0.4415605095541401,0.0,0.0,0.0,0.0,0.0,0.0,0.0,0.0,0.0,0.0,0.0,0.0
0002dd2154072434d26e5409faa591bfb260a01e,0,0.9453665283540802,0.0,0.0,0.0,0.0,0.0,0.0,0.0,0.0,0.0,0.0,0.0,0.0,0.0,0.0,0.015523743272434372,0.0,0.0,0.0,0.0,0.0
0002fa6e25794597126fa44529105cedb31a75aa,0,0.0,0.0,0.0,0.0,0.0,0.019736842105263157,0.0,0.0,0.0,0.0,0.0,0.0,0.0,0.0,0.0,0.0,0.0,0.0,0.0,0.0,0.019736842105263157
00032c7933e0eb05f2258f1147ef81a90f2d4d6c,1,0.9426002766251729,0.09054593874833555,0.0,0.0,0.0,0.0,0.0,0.0,0.0,0.0,0.0,0.0,0.0,0.0,0.0,0.0,0.0,0.0,0.009320905459387484,0.0,0.0
00033e1695a2eb4e5fe2322260cf9f112072342f,0,0.0,0.0,0.0,0.13962445835339432,0.0,0.0,0.0,0.0,0.0,0.0,0.0,0.0,0.020702936928261917,0.0,0.0,0.0,0.0,0.0,0.0,0.0,0.0
00035a0368fd249d286f683e816fbdc97cbfa7d9,0,0.9398340248962656,0.0,0.05454959571802756,0.008882815169115136,0.012109478798921915,0.030482481114527577,0.0,0.0,0.01598147515469005,0.0,0.0,0.0,0.0,0.0,0.0,0.0,0.0,0.0,0.016399043389135635,0.0,0.021599665945412443
0003848c96fb95f8d349c00de9f1760fe2777946,0,0.9343015214384509,0.0,0.0,0.0,0.013176470588235295,0.01788235294117647,0.0,0.0,0.0,0.0,0.0,0.0,0.0,0.0,0.01647058823529412,0.0,0.0,0.0,0.0,0.0,0.0
0003906ab668111f2cd332962cb09f8e3b795c6c,0,0.9481327800829875,0.0,0.05342028583321771,0.0,0.0,0.0,0.0,0.0,0.0,0.0,0.0,0.0,0.0,0.0,0.0,0.0,0.0,0.0,0.0,0.0,0.0
000392e00cf41fbf48865109b72a92b3b72c2fed,1,0.0,0.05733558178752108,0.0,0.0,0.0,0.0,0.0,0.0,0.0,0.0,0.0,0.0,0.0,0.0,0.0,0.0,0.0,0.0,0.0,0.0,0.0
00040770932c5fce71bfaff2355228a1aac08dd5,0,0.9377593360995851,0.0,0.0,0.0,0.0,0.0,0.0,0.0,0.0,0.0,0.0,0.0,0.0,0.0,0.0,0.0,0.0,0.0,0.0,0.06896551724137931,0.0
00041cbfdd019b5431f926133266cc4ba38219bb,0,0.0,0.0,0.0,0.0,0.0,0.0,0.0,0.0,0.0,0.0,0.0,0.0,0.0,0.0,0.0,0.0,0.0,0.0,0.0,0.0,0.0
000429493d9716b66b02180d208d09b5b89fbe64,0,0.9405255878284924,0.056999576211329284,0.034680039553609265,0.0,0.0,0.026345529029523945,0.0,0.0,0.0,0.0,0.0,0.0,0.0,0.01652775815793191,0.0,0.0,0.034256250882893066,0.0,0.0,0.015256392145783303,0.0
0004ce56b92c99a52fdcb7a20a5f71223e543a20,0,0.946058091286307,0.0,0.0136986301369863,0.0,0.0,0.0,0.0,0.0,0.0,0.0,0.0,0.0,0.0,0.0,0.0,0.0,0.0,0.0,0.0,0.0,0.0
0004de6c3c32daa599bd03a37ce2356d5e7cc23f,0,0.9405255878284924,0.0,0.0,0.0,0.0,0.01219037738295941,0.0,0.01089352872519777,0.0,0.0,0.0,0.0,0.0,0.0,0.0,0.0,0.0,0.0535598495655557,0.0,0.0,0.0
000532f6886f086f61037acd896828f0b5b36bf2,1,0.0,0.05244680325031729,0.03774455670748793,0.0,0.02424552092432958,0.0,0.028893540571277875,0.0,0.0,0.0,0.0,0.0,0.0,0.0,0.0,0.0,0.0,0.0,0.0,0.01969639531242274,0.0
0005937bb7e8b1992d94b493519e216317f71685,0,0.9377593360995851,0.0,0.0,0.07490542244640605,0.0,0.0,0.0,0.0,0.0,0.0,0.0,0.0,0.0,0.0,0.0,0.0,0.0,0.13921815889029004,0.0,0.0,0.0
0005a18022e9a3df17694fe19f5b90edadda7953,0,0.9391424619640387,0.05796439981743496,0.0,0.0,0.0,0.0,0.030123231401186674,0.0,0.0,0.0,0.0,0.0,0.0,0.0,0.0,0.0,0.0,0.010953902327704245,0.0,0.018256503879507075,0.0
0005fb9cb3bb0c4c89fe715630cc9dee91d1dadf,0,0.9426002766251729,0.0,0.020585048754062838,0.0,0.0,0.0,0.0,0.0,0.0,0.0,0.0,0.0,0.0,0.0,0.0,0.0,0.0,0.0,0.0,0.0,0.0
00065b397ff3c9ac3ef5e2b58f96c1284265bdc1,0,0.9439834024896265,0.0,0.0,0.0,0.0,0.0,0.0,0.0,0.0,0.0,0.0,0.0,0.0,0.0,0.0,0.0,0.0,0.0,0.0,0.0,0.0
0006e742911b22c8f275674c67b600bf2434f88d,1,0.9467496542185339,0.0,0.01499811236572056,0.0,0.0,0.0,0.0,0.0,0.0,0.0,0.0,0.0,0.0,0.0,0.0,0.0,0.0,0.0,0.0,0.0,0.0
0006e9adc35981f2d066e523596092207b723fcb,1,0.9377593360995851,0.0,0.0,0.0,0.043478260869565216,0.021739130434782608,0.0,0.0,0.0,0.0,0.0,0.0,0.0,0.0,0.0,0.0,0.0,0.0,0.0,0.0,0.0
0006f849044a98f8db4ac7f83e2881de499b68db,0,0.9356846473029046,0.0636042402826855,0.04240282685512368,0.0,0.0,0.0,0.024734982332155476,0.0,0.0,0.0,0.0,0.0,0.0,0.0,0.0,0.0,0.0,0.0,0.0,0.0353356890459364,0.0
000701c3c006b091990162635b36b008c504c6a7,0,0.9391424619640387,0.0,0.0,0.0,0.0,0.0,0.0,0.0,0.0,0.0,0.0,0.0,0.0,0.0,0.0,0.0,0.0,0.0,0.0,0.0,0.0
000710d4dff11af267edd2f70bf54e7678bdd729,1,0.9363762102351314,0.0,0.08823246415856827,0.0,0.019532377561820455,0.0,0.0,0.0,0.0166458193014529,0.0,0.0,0.0,0.0,0.0,0.009910516693928605,0.0,0.0,0.0,0.0,0.0,0.0
000752c87a61bc4247f5219b4769c347c0062c8a,1,0.9391424619640387,0.013199914839259102,0.01873536299765808,0.0,0.0,0.0,0.0,0.0,0.0,0.0,0.0,0.0,0.0,0.0,0.0,0.0,0.0,0.0,0.0,0.0,0.0
0007aa4117e8cac4279efac487848e447c36357a,0,0.0,0.0,0.0,0.0,0.0,0.0,0.0,0.0,0.0,0.0,0.0,0.0,0.0,0.0,0.0,0.0,0.0,0.0,0.0,0.0,0.0
0007e26aafcfc0b6dcb87d7041583fbb7cced88a,1,0.9377593360995851,0.027106767471879033,0.0,0.0,0.01327678406785912,0.0,0.0,0.0,0.0,0.0,0.0,0.0,0.0,0.02931956481652222,0.0,0.0,0.0,0.0,0.0,0.0,0.0
000803131127a67b0c603786c2c20e10e3cbd559,0,0.0,0.0,0.0,0.0,0.0,0.0,0.0,0.0,0.0,0.0,0.0,0.0,0.0,0.0,0.0,0.0,0.0,0.0,0.0,0.0,0.0
0008538a0f505f72fdd66af3c4c71aef8d3bdea4,1,0.9571230982019364,0.0,0.0,0.0,0.0,0.0,0.0,0.0,0.0,0.0,0.0,0.0,0.0,0.0,0.0,0.0,0.0,0.0,0.0,0.04017857142857143,0.0
00087f98b9db64d761d3f1404e1558da9245137a,0,0.9446749654218534,0.08084617907510659,0.011807149885208265,0.0,0.0,0.0,0.0,0.0,0.0,0.0,0.0,0.0,0.0,0.0,0.0,0.0,0.0,0.0,0.0,0.0,0.0
0008a4450e1a4db4e3ef554b0f04d7b57748489b,1,0.9426002766251729,0.0,0.013498312710911136,0.0,0.0,0.0,0.0,0.0,0.0,0.0,0.0,0.0,0.0,0.0,0.0,0.0,0.0,0.0,0.0,0.0,0.0
0008ac556f2cf0ea3b53f53d84223f1c62ee3ffe,0,0.9619640387275242,0.03657469984893059,0.0,0.0,0.0,0.0,0.0,0.0,0.0,0.0,0.0,0.0,0.0,0.0,0.0,0.0,0.0,0.0,0.0,0.184304683151785,0.0
0008af04f067b6a845cf110f19d8c6aebda01b21,0,0.9474412171507607,0.014943038911081521,0.0,0.0,0.0,0.0,0.0,0.0,0.0,0.01583074419292795,0.0,0.0,0.0,0.0,0.0,0.0,0.0,0.0,0.0,0.0,0.0
0008b075deee53a3a090668c7ec581e15c3d8430,1,0.9377593360995851,0.05217996289424861,0.0,0.0,0.0,0.0,0.0,0.0,0.0,0.0,0.0,0.0,0.0,0.0,0.0,0.0,0.0,0.0,0.0,0.044758812615955476,0.0
0008bc10d01b73000360d4781cbf8984b169563c,0,0.9398340248962656,0.0,0.0,0.0,0.0,0.0,0.0,0.0,0.0,0.0,0.0,0.0,0.0,0.0,0.0,0.058283433133732535,0.0,0.0,0.0,0.0,0.0
0008d83ea1ca6dc7981127919cdbd131b37eaf1e,0,0.0,0.0,0.0,0.0,0.0,0.0,0.0,0.0,0.0,0.0,0.0,0.0,0.0,0.0,0.0,0.0,0.0,0.0,0.0,0.0,0.0
000912716c36131c4d8591da475c93337e7196a7,0,0.9640387275242047,0.0,0.0,0.0,0.0,0.0,0.0,0.0,0.0,0.0,0.0,0.0,0.0,0.0,0.0,0.0,0.0,0.0,0.0,0.0,0.0
0009194b405052f1ee09a9cce78d660c47832735,0,0.9405255878284924,0.0,0.0,0.0,0.0,0.0,0.02041598038840158,0.0,0.0,0.0,0.0,0.0,0.0,0.0,0.0,0.0,0.0,0.0,0.0,0.017619795457157084,0.0
000947b586d6f95788bf7ef66ddff10fd69514e4,1,0.9495159059474412,0.0,0.0,0.0,0.0,0.0,0.0,0.0,0.0,0.011363636363636364,0.0,0.0,0.0,0.0,0.0,0.0,0.0,0.0,0.0,0.0,0.0
0009699debac6985d7efed77877e67cf4cc198f0,1,0.9474412171507607,0.0,0.0,0.0,0.0,0.0,0.0,0.0,0.0,0.0,0.0,0.0,0.0,0.0,0.0,0.0,0.0,0.0,0.0,0.0,0.0
0009f70b52e48eca23a446d8a6f8bd2663691c54,1,0.9412171507607192,0.0,0.04366314042729724,0.0,0.0,0.0,0.0,0.0,0.0,0.0,0.0,0.0,0.0,0.0,0.0,0.0,0.0,0.0,0.0,0.0,0.0
0009fbcb5120332beefdb12af5e60957688f6765,1,0.941908713692946,0.0,0.0,0.0,0.0,0.0,0.0,0.0,0.0,0.0,0.0,0.0,0.0,0.0,0.0,0.0,0.0,0.0,0.0,0.0,0.0
000a1585c5f65532a9c9187a882892982d345a5c,1,0.9370677731673582,0.0,0.0,0.0187192118226601,0.034811165845648605,0.0,0.0,0.0,0.0,0.0,0.0,0.0,0.0,0.0,0.0,0.0,0.11592775041050903,0.0,0.0,0.0,0.0
000a4fba9046379163980531da4e211bb2d20f3a,0,0.9405255878284924,0.06149909195971603,0.16773980518408452,0.0,0.15222057123988772,0.0,0.0,0.0,0.0,0.0,0.0,0.0,0.0,0.0,0.0,0.0,0.0,0.0,0.0,0.0,0.0
000a75d0a3904abd0e8bb2055735f6d08f895f4e,0,0.9391424619640387,0.0,0.1225071225071225,0.0,0.04078572499625131,0.0,0.0,0.0,0.03748687959214275,0.02084270505323137,0.0,0.0,0.0,0.0,0.0,0.0,0.0,0.0,0.0,0.0,0.015444594391962814
000a87954445f6c1a5b2a8884b9f6e92c095dd96,1,0.9439834024896265,0.037300177619893425,0.0,0.0,0.0,0.0,0.0,0.0,0.0,0.02575488454706927,0.0,0.0,0.0,0.0,0.0,0.0,0.0,0.0,0.028419182948490232,0.0,0.0
000a9545ab230575fa05c30a556a4ee45d8cc0ba,1,0.9377593360995851,0.0,0.0,0.0,0.0,0.0,0.0,0.013123359580052493,0.0,0.0,0.0,0.0,0.0,0.0,0.0,0.0,0.0,0.0,0.0,0.0,0.0
000ac3838c0889b96c9adb7a3e21dbfa0f29db1f,0,0.9405255878284924,0.04294478527607362,0.0,0.0,0.0,0.0,0.0,0.0,0.0,0.0,0.0,0.0,0.0,0.0,0.0,0.0,0.0,0.0,0.0,0.0,0.0
000af18e0a8c33fe3ad809c3d10cfbae84d1bdd9,0,0.9495159059474412,0.0,0.0,0.0,0.0,0.0,0.0,0.0,0.0,0.0,0.034020991675714804,0.0,0.0,0.0,0.0,0.0,0.0,0.0,0.0,0.0,0.0
000b0bb32f149504e1df3cce85b6bfd20cef3dd0,1,0.9405255878284924,0.0,0.0,0.0,0.01784622906735118,0.0,0.0,0.0,0.0,0.0,0.0,0.0,0.0,0.00562278450067229,0.0,0.0,0.0,0.0,0.0,0.0,0.0
000b2ee840cbda56e0f41c8f248c4fb7ee275db3,1,0.9398340248962656,0.0,0.0385382888500873,0.0,0.0,0.0,0.0,0.0,0.016338238962334748,0.06485407832377152,0.0,0.0,0.0,0.010850586181092543,0.0,0.0,0.0,0.0,0.0,0.0,0.0
000bc631b5866d0934bbc525ce4b190279506a5b,0,0.9412171507607192,0.0,0.0,0.0,0.0,0.0,0.0,0.0,0.0,0.0,0.0,0.0,0.0,0.0,0.01791713325867861,0.0,0.0,0.019036954087346025,0.0,0.0,0.0
000bcb568d79ab15b58b1072be05ba614a3b046c,0,0.0,0.0,0.0,0.0,0.05574792243767313,0.029778393351800554,0.0,0.011772853185595568,0.0,0.0,0.0,0.0,0.0,0.019909972299168976,0.012119113573407203,0.02389196675900277,0.0,0.0,0.0,0.0,0.0
000bce5b008caef9cce3f2b981ec71ef20a5926e,1,0.9405255878284924,0.0,0.0,0.0,0.0,0.0,0.0,0.0,0.0,0.0,0.0,0.0,0.0,0.0,0.0,0.0,0.0,0.0,0.0,0.0,0.0
000bea940caf7bbe1d9fabe83d2b333d75ad939c,1,0.9453665283540802,0.0,0.01755472945064023,0.0,0.0,0.0,0.0,0.0,0.0,0.0,0.0,0.0,0.0,0.0,0.0,0.0,0.0,0.0,0.0,0.0187938868236266,0.0
000c17602167c89588c25f40310d7c29e2275c22,0,0.9370677731673582,0.0,0.08402394785737459,0.0,0.0,0.02259120535582623,0.0,0.0,0.0,0.0,0.0,0.0,0.0,0.01188545138172059,0.021087091161117174,0.0,0.054207095879906804,0.0,0.0,0.0,0.0
000c75e3453439898e904fcae0dc81980e31b0ca,0,0.9377593360995851,0.0,0.0,0.0,0.0,0.0,0.0,0.0,0.0,0.0,0.0,0.0,0.0,0.0,0.0,0.0,0.0,0.0,0.0,0.0,0.0
000c78b3fa24fe3c6cd108af2802cda72ac24a3a,0,0.9384508990318119,0.0,0.0,0.0,0.011231997495303694,0.0,0.0,0.10331872260488416,0.0,0.011192861615529117,0.0,0.0,0.02582968065122104,0.05342047589229806,0.0,0.0,0.0,0.04559329993738259,0.0,0.0,0.0
000c906443e48cef4574e4ed67866d4e213dfbf0,1,0.9377593360995851,0.02169811320754717,0.01179245283018868,0.0,0.0,0.0,0.0,0.01179245283018868,0.0,0.0,0.0,0.0,0.0,0.0,0.0,0.00990566037735849,0.0,0.0,0.0,0.0,0.0
000cb6427411006fe9a6193d3c4f59efed53fbef,1,0.9363762102351314,0.0,0.0,0.0,0.0,0.0,0.0,0.0,0.0,0.0,0.0,0.0,0.0,0.0,0.0,0.0,0.0,0.0,0.0,0.0,0.0
000cdac4253f2dcecbd3dff8c5d7cf8cf0426c7a,1,0.9412171507607192,0.0,0.00594900849858357,0.0,0.01104815864022663,0.0,0.0,0.0,0.0,0.0,0.0,0.0,0.0,0.0,0.0,0.0,0.00793201133144476,0.0,0.0,0.0,0.0073654390934844195
000ce88030356b95cbc2281e69786a8ecd9de308,0,0.0,0.0,0.0,0.03835540838852097,0.0,0.0,0.0,0.0,0.0,0.0,0.0,0.0,0.0,0.0,0.0,0.0,0.0,0.0,0.0,0.0,0.015728476821192054
000d058bc3bb7c34457508c79e72c6978feb5623,0,0.0,0.0,0.0,0.0,0.0,0.0,0.0,0.0,0.0,0.0,0.0,0.0,0.0,0.0,0.0,0.0,0.0,0.0,0.0,0.0,0.0
000d109e4a25299eeef77a14d6b6a81479d1ac0e,0,0.9474412171507607,0.01617995264404104,0.009076558800315706,0.0,0.018745067087608525,0.0,0.0,0.0,0.0,0.0,0.0,0.0,0.0,0.0,0.0,0.0,0.0,0.0,0.0,0.0,0.0
000d5d74b7c74e51f3aaa10ca5f124eba1c2a6cc,0,0.0,0.03313166234514549,0.0,0.0,0.0,0.0,0.0,0.0,0.0,0.0,0.0,0.0,0.0,0.0,0.0,0.0,0.0,0.0,0.0,0.0,0.0
000d878a6b2c852089e1a57698dc7f7df76cde6a,0,0.9557399723374828,0.0648665752557747,0.0,0.0,0.013184263263368842,0.0,0.0,0.0,0.0,0.014871848961080054,0.0,0.0,0.0,0.0,0.0,0.0,0.0,0.0,0.0,0.0,0.0
000d8c54934cc3a9eab276ccb412dbf52b980a44,1,0.941908713692946,0.0,0.09032927914565411,0.0,0.015870661524770097,0.0,0.0,0.0,0.0,0.0,0.0,0.0,0.0,0.024028478196380897,0.0,0.0,0.013942450311480272,0.0,0.0,0.05769801245921092,0.011717591219222782
000ddc5fd222b9e0d3ece5f44c382bb34a5e06cc,1,0.0,0.0,0.0,0.0,0.0,0.0,0.0,0.0,0.0,0.0,0.0,0.0,0.0,0.0,0.0,0.0,0.0,0.0,0.0,0.0,0.0
000e023cfca562b4461e7f5deadcddbe022b4598,0,0.9481327800829875,0.0,0.07346491228070176,0.0,0.0,0.0,0.0,0.0,0.0,0.01644736842105263,0.0,0.0,0.0,0.0,0.0,0.0,0.0,0.0,0.0,0.010964912280701754,0.0
000ed6cb25079f346eaa4550d575e208633670d2,0,0.9384508990318119,0.0,0.0,0.0,0.0,0.0,0.0,0.0,0.0,0.0,0.0,0.0,0.0,0.0,0.0,0.0,0.0,0.020109366731345918,0.011113071088375375,0.0,0.0
000ef79c12638837d24c0a4965a0d6988cf6ae69,0,0.9363762102351314,0.0,0.0,0.0,0.0,0.0,0.0,0.0,0.0,0.0,0.0,0.0,0.0,0.0,0.0,0.0,0.0,0.0,0.0,0.0,0.0
000f5ca9514226b8b1589f57f02bbdc839bf8727,1,0.0,0.0,0.0,0.020975486479656306,0.0,0.0,0.0,0.0,0.0,0.0,0.0,0.0,0.0,0.0,0.020722769775082132,0.0,0.0,0.0,0.0,0.0,0.0
000fa11f810cfe0fb5972f9ebe38246cff34f3a9,0,0.9432918395573997,0.0,0.0,0.0,0.056055363321799306,0.0,0.0,0.0,0.0,0.03875432525951557,0.0,0.0,0.0,0.0,0.0,0.0,0.0,0.0,0.0,0.0,0.0
000fd8e3929fdab3c872a0c850fe4f3a3368af38,0,0.9391424619640387,0.0,0.0,0.03823476862604967,0.0,0.0,0.0,0.04252278006074683,0.0,0.0,0.0,0.0,0.0,0.017152045738788636,0.0,0.0,0.0,0.0,0.0,0.0,0.0
000fe1949e43f1fc3065347aee38d078817ef6c4,1,0.0,0.0,0.0,0.0,0.0,0.0,0.0,0.12276519666269368,0.0,0.0,0.0,0.0,0.0,0.0,0.0,0.0,0.0,0.08104886769964244,0.0,0.0,0.0
000fff7e107172b2fdee439636daccf8287b34a7,1,0.9384508990318119,0.0,0.006787899103326909,0.0,0.0,0.0,0.0,0.0,0.0,0.0,0.0,0.0,0.0,0.0,0.022458727897427304,0.0,0.0,0.0,0.0,0.0,0.0
001042d3aad1054f37b52ed2847104a3acaad37c,1,0.9391424619640387,0.0,0.0,0.0,0.0,0.0,0.0,0.0,0.0,0.0,0.0,0.0,0.0,0.0,0.0,0.0,0.0,0.0,0.0,0.0,0.0
00104e57d3bfc01403c6830b4b68d9bce0e15300,0,0.0,0.0,0.0,0.0,0.0,0.0,0.0,0.0,0.0,0.0,0.0,0.0,0.0,0.0,0.0,0.0,0.0,0.0,0.0,0.0,0.0
001078f2f557a1afd9b9618144fc0b442481fd13,0,0.9377593360995851,0.14453125,0.0234375,0.0,0.0,0.0,0.0,0.0,0.0,0.0,0.0,0.0,0.0,0.0,0.0,0.0,0.0,0.0,0.0,0.0,0.01171875
001081f0dfe6295f20f1746a448076d71be091e2,0,0.0,0.0,0.012676393207366658,0.0,0.05883759866060751,0.0,0.0,0.0,0.0,0.0,0.0,0.0,0.0,0.0,0.0,0.0,0.01793829227457546,0.0,0.0,0.0,0.0
00108be8919f5f8e1249af2207579f9861c1e1d6,0,0.0,0.0,0.0,0.010976948408342482,0.0,0.0,0.0,0.013721185510428101,0.0,0.0,0.0,0.0,0.010976948408342482,0.0,0.0,0.0,0.0,0.0,0.0,0.0,0.0
0010a39ea8da840485454098519f5c7428609ba2,1,0.9474412171507607,0.0,0.0,0.0,0.0,0.0,0.0,0.0,0.0,0.0,0.0,0.0,0.0,0.0,0.0,0.0,0.0,0.0,0.0,0.0,0.0
0010bb0a8e2da6790d06932215615b05fbf86079,0,0.9391424619640387,0.0,0.0,0.0,0.0,0.0,0.0,0.0,0.0,0.0,0.0,0.0,0.0,0.0,0.0,0.0,0.0,0.0,0.0,0.0,0.0
00113f7cbb77890bf766e921f0e62f1fdc4941c7,0,0.9349930843706777,0.06196677144140099,0.0,0.0,0.01796138302649304,0.02784014369106421,0.0,0.0,0.0,0.0,0.0,0.0,0.0,0.0,0.0,0.0,0.0,0.0,0.0,0.0,0.01661427929950606
00115a69cabd8ed6bdf3959ed4b6361f0982d3e5,0,0.9405255878284924,0.0,0.0,0.0,0.05674433349183706,0.0,0.0,0.03788239023617055,0.0,0.0,0.0,0.0,0.0903471231573942,0.0,0.0,0.05008717704866064,0.0,0.04136947218259629,0.0,0.0,0.0
001169ca4be3a1ed81e2f510039f3dcd663313e8,0,0.9377593360995851,0.0,0.0,0.0,0.0,0.0,0.0,0.0,0.0,0.0,0.0,0.0,0.0,0.0,0.0,0.0,0.0,0.0,0.0,0.019662271570668518,0.0
00116ce6ccf9f2e315152821908d2f6f4389605c,0,0.0,0.0,0.0,0.0,0.01584547389098052,0.0,0.0,0.0,0.0,0.0,0.0,0.0,0.0,0.0,0.0,0.0,0.0,0.0,0.0,0.0,0.0
001177cbfd07a33aa9f54bf9c4315fa4ca670c93,1,0.0,0.0,0.0,0.0,0.0,0.0,0.0,0.0,0.0,0.0,0.0,0.0,0.0,0.0,0.0,0.0,0.0,0.0,0.0,0.0,0.0
0012380744768a379461293f1bda83c165b7db36,0,0.9391424619640387,0.0,0.0,0.0,0.0,0.0,0.0,0.0,0.0,0.0,0.0,0.03356374260671275,0.0,0.0,0.0,0.0,0.0,0.0,0.0,0.0,0.0
001246642732117a0c9b78e3dc273c8557069d86,0,0.9370677731673582,0.0,0.0,0.0,0.0,0.0,0.0,0.0,0.0,0.0,0.0,0.0,0.0,0.0,0.0,0.0,0.0,0.0,0.0,0.0,0.0
00125395990f011b43477a47a4e8dd002f963d57,0,0.9391424619640387,0.0,0.025098039215686273,0.0,0.0,0.0,0.0,0.0,0.0,0.0,0.0,0.0,0.0,0.0,0.0,0.0,0.0,0.0,0.0,0.0,0.0
00126bd1a5f9e606498e9a3a7c17a58a42fc7716,0,0.9453665283540802,0.0,0.10714285714285714,0.0,0.03751803751803752,0.0,0.0,0.0,0.0,0.0,0.0,0.0,0.0,0.050865800865800864,0.017316017316017316,0.0,0.0,0.0,0.0,0.023088023088023088,0.0
001273e79cefff7989586ac0dbac1eb49cc57cb6,1,0.9391424619640387,0.0,0.0,0.0,0.0,0.0,0.0,0.0,0.008930602957906712,0.022525597269624574,0.0,0.0,0.0,0.0,0.0,0.0,0.0,0.0,0.0,0.0,0.0
00127789cf63713380d3a603e0c4ced6d42c0ad8,1,0.9363762102351314,0.08497072218607678,0.0,0.0,0.0,0.0,0.03513337670787248,0.013012361743656473,0.0,0.0,0.0,0.0,0.0,0.010930383864671439,0.0,0.0,0.0,0.0,0.0,0.0,0.0
001283166ef085991a611e3ccdd06cdcdba49bce,0,0.941908713692946,0.0,0.0,0.0,0.0,0.0,0.0,0.022654705792914703,0.0,0.0,0.0,0.0,0.015964725558765394,0.0,0.0,0.01642086057473012,0.0,0.0,0.0,0.0,0.0
001298c4623ec8dff76356ec0333c5d62a78fe94,0,0.9474412171507607,0.0,0.0,0.0,0.0,0.0,0.0,0.0,0.0,0.0,0.0,0.0,0.0,0.0,0.0,0.0,0.0,0.0,0.0,0.0,0.0
0012c50def5a74713a6d471e385543f7380b18ba,0,0.9377593360995851,0.0,0.0,0.0,0.0,0.0,0.0,0.0,0.0,0.0,0.0,0.0,0.0,0.026545373201103572,0.0,0.03422563567220938,0.0,0.0,0.0,0.0,0.0
0012ca63201c1d170b31b8728394931612c8f50f,1,0.0,0.0,0.0,0.0,0.0,0.0,0.0,0.0,0.0,0.0,0.0,0.0,0.0,0.0,0.0,0.0,0.0,0.0,0.0,0.0,0.0
0012d710945450a9d3133cf3372028e63997b743,1,0.9412171507607192,0.004554326610279766,0.0,0.0,0.0,0.0,0.0,0.0,0.0,0.0,0.0,0.0,0.0,0.0,0.0,0.0,0.0,0.0,0.0,0.0,0.0
00135b381367024e7efdd4ee13f981f9ebf31a65,0,0.9453665283540802,0.0,0.0,0.0,0.0,0.007856341189674524,0.0,0.0,0.0,0.0,0.0,0.0,0.0,0.0,0.0,0.0,0.0,0.0,0.0,0.0,0.0
00139313ac1dd7282fd7cc5428587b67ec3bb8ca,0,0.9391424619640387,0.0,0.0,0.0,0.05373904074265085,0.0,0.0,0.0,0.0,0.0,0.0,0.0,0.0,0.0,0.0,0.0,0.0,0.0,0.0,0.0,0.014130995358432182
0013a259def94304f92096c51d8a087ce0c0ab77,0,0.9356846473029046,0.0,0.0,0.0,0.0,0.0,0.0,0.0,0.0,0.0,0.0,0.0,0.0,0.0,0.0,0.0,0.0,0.0,0.0,0.17434210526315788,0.0
0014103a015f89c06946bb01003a790ae3ec2d8f,0,0.9391424619640387,0.0,0.0,0.0,0.0,0.0,0.0,0.0,0.0,0.0,0.0,0.0,0.023,0.0,0.0,0.0,0.0,0.0,0.0,0.0,0.0
00141206c6d82c1f53fe895b99064318be656ee0,0,0.9370677731673582,0.0,0.028041294642857144,0.0,0.0224609375,0.0,0.0,0.0,0.010602678571428572,0.0,0.0,0.0,0.0,0.0,0.0,0.0,0.0,0.0,0.0,0.0,0.0
00145c6f4477a15b5ea78d86f6e60c28e33f353c,1,0.9557399723374828,0.03145695364238411,0.023178807947019868,0.0,0.0,0.0,0.0,0.0,0.0,0.019867549668874173,0.0,0.0,0.0,0.0,0.0,0.0,0.0,0.0,0.0,0.041390728476821195,0.0
00148e13f05b964e52db806d7efab218d8911b55,1,0.9446749654218534,0.014307811291569992,0.0,0.0,0.0,0.0,0.0,0.0,0.0,0.0,0.0,0.0,0.0,0.0,0.0,0.0,0.0,0.013147718484145398,0.0,0.0,0.0
0014ae57c6064b8fcdbb9f95f2c603924ee928c2,0,0.9398340248962656,0.0,0.0,0.0,0.0,0.0,0.0,0.0,0.017747440273037544,0.0,0.0,0.0,0.0,0.0,0.0,0.0,0.021501706484641638,0.0,0.0,0.0,0.0
0014af6184dc17e4426168a35c536d7e1d030fc3,0,0.9377593360995851,0.0,0.013149847094801223,0.0,0.0,0.04342507645259939,0.0,0.0,0.0,0.0,0.0,0.0,0.024464831804281346,0.018042813455657492,0.03577981651376147,0.035168195718654434,0.0,0.027217125382262997,0.0,0.0,0.0
0014e7ddfa8d8e75eae3615c28d34a5b66fe9bc4,0,0.9391424619640387,0.0,0.0,0.0,0.009779951100244499,0.0,0.0,0.0,0.0,0.0,0.0024449877750611247,0.0,0.0,0.022004889975550123,0.0,0.0,0.0,0.0,0.0,0.0,0.0
0014ffc91d3a5b59cce9bceaf22ef0d72e5711b8,1,0.9384508990318119,0.0,0.0,0.0,0.008250108554059922,0.0,0.0,0.0,0.007815892314372557,0.0,0.0,0.0,0.0,0.025618758141554496,0.0,0.0,0.0,0.0,0.0,0.0,0.006513243595310464
0015099347dde43b1f554eae729b2558aeb392b9,0,0.941908713692946,0.0,0.0,0.0,0.0,0.014513202983269502,0.0,0.0,0.2051501713364241,0.0,0.0,0.0,0.012195121951219513,0.0,0.014563596049183633,0.0,0.0,0.0,0.0,0.0,0.0
00151290a1cee1dbc1d5dd2b0dbf3efd032a0705,0,0.941908713692946,0.0,0.0,0.0,0.0,0.0,0.0,0.0,0.0,0.0,0.0,0.0,0.0,0.0,0.024705882352941175,0.0,0.03686274509803922,0.0,0.0,0.0,0.0
00151ca100490448696c5e1b84ea425dd71fa4be,0,0.9467496542185339,0.0,0.0,0.0,0.0,0.0,0.0,0.0,0.0,0.0,0.0,0.0,0.0,0.0,0.0,0.0,0.0,0.0,0.0,0.0,0.0
0015371426d2cbef354b2f680340de38d0ebd2f0,1,0.0,0.0,0.0,0.0,0.0,0.0,0.0,0.0,0.0,0.0,0.0055319490098613006,0.0,0.0,0.0,0.0,0.0,0.0,0.0,0.0,0.0,0.0
0015a0902387f912c4e05fe8294e88e3c46c3019,0,0.941908713692946,0.0,0.0,0.0,0.0,0.0,0.0,0.0,0.0,0.0,0.0,0.060384032339565435,0.0,0.0,0.0,0.0,0.0,0.0,0.0,0.0,0.0
001649ea2c073ccbf2fb29e297009413cd7fa9c8,1,0.9384508990318119,0.0,0.0,0.0,0.0,0.0,0.0,0.0,0.0,0.0,0.0,0.0,0.0,0.0,0.0,0.0,0.007598698968147151,0.0,0.0,0.0,0.0
001656f03e1fae9a79239e6e2e9edd641977000a,1,0.9398340248962656,0.0,0.06938507070042749,0.0,0.0,0.0,0.023566809163652308,0.0,0.0,0.0,0.0,0.0,0.0,0.013263180971171764,0.0,0.0,0.0,0.0,0.0,0.014578537761701194,0.0
00165ee092816685dbee5fa5152f8b35aa8dd439,0,0.9377593360995851,0.0,0.0,0.0,0.0,0.032454361054766734,0.013691683569979716,0.0,0.0,0.0,0.0,0.0,0.0,0.0,0.0,0.0,0.0,0.0,0.0,0.0,0.0
0016c8b30be11eaabb6fbe0242cae65db8eef529,0,0.941908713692946,0.023562868169815152,0.03351614868982328,0.0,0.029250457038391225,0.0,0.0,0.0,0.017773715214300222,0.0,0.0,0.0,0.0,0.0,0.019804996953077393,0.0,0.0,0.0,0.0,0.0,0.021328458257160267
0016eb9d99dfafe22564d990cc5676f6edd463ba,0,0.9405255878284924,0.0,0.0,0.0,0.0,0.0,0.013620448887899456,0.014976422254153934,0.0,0.0,0.0,0.0,0.0,0.0,0.0,0.014389508409058711,0.0,0.0,0.0,0.0,0.0
0017239205270bba799455494dface45eaece333,0,0.0,0.0,0.0,0.0,0.0,0.0,0.0,0.0,0.0,0.0,0.0,0.0,0.0,0.0,0.0,0.0,0.0,0.0,0.0,0.0,0.0
00172613e9d406726361b71aa34eed56c37a5054,0,0.9377593360995851,0.0,0.0,0.0,0.0,0.0,0.0,0.0,0.0,0.0,0.0,0.0,0.0,0.0,0.0,0.0,0.0,0.0,0.03055909248755643,0.0,0.0
0017830996628c477a0b86a71e08072592eaa0e0,1,0.0,0.0,0.0,0.0,0.0,0.0,0.0,0.0,0.0,0.0,0.0,0.0,0.0,0.0,0.0,0.0,0.0,0.0,0.0,0.0,0.0
00179de35ed4053bf6b637268e303b0f2b2cb55f,0,0.9384508990318119,0.0,0.0,0.0,0.0,0.0,0.0,0.0,0.0,0.0,0.0,0.0,0.0,0.0,0.0,0.0,0.0,0.0,0.0,0.0,0.0
0017b6a554f02447dd415c5da323b2b1cfa3b422,0,0.9377593360995851,0.0,0.0,0.03494107974787613,0.011601351968575865,0.010596510459486617,0.0,0.0,0.0,0.0,0.0,0.0,0.0,0.0,0.0,0.0,0.0,0.0,0.0,0.0,0.0
0017cbd16172e035225e5fe856a172e10d611d32,1,0.9363762102351314,0.011005692599620493,0.025426944971537004,0.0,0.0,0.0,0.0,0.0,0.0,0.0,0.0,0.0,0.0,0.0,0.0,0.0,0.0,0.0,0.0,0.012903225806451613,0.0
0017ff92dc7548f043ecef999afc25b2aec0c419,0,0.0,0.0,0.0,0.0,0.0,0.0,0.0,0.0,0.0,0.0,0.0,0.0,0.0,0.0,0.0,0.0,0.0,0.0,0.0,0.04121565362198168,0.0
00180a9f260ab089a3b21be421e3ad6fbf7a8bd5,0,0.9343015214384509,0.0,0.0,0.0,0.0,0.0,0.0,0.0,0.0,0.0,0.0,0.0,0.0,0.0,0.0,0.0,0.0,0.0,0.0,0.0,0.0
001842b74b133e6739493f56d2ec69a5b74136e8,1,0.0,0.0,0.033012379642365884,0.0,0.0,0.06740027510316368,0.0,0.0,0.0,0.0,0.0,0.0,0.0,0.0,0.0,0.0,0.0,0.0,0.0,0.0,0.0
0018726a8c3b371dc4ee981530f0787f888521a1,0,0.9508990318118948,0.0,0.0,0.0,0.0,0.0,0.0,0.0,0.0,0.0,0.0,0.0,0.0,0.0,0.0,0.0,0.0,0.0,0.0,0.0,0.0
00189df758cfdbbed338e00c87eae9f90885376f,1,0.941908713692946,0.0,0.015612161051766639,0.0,0.0,0.01191454396055875,0.0,0.0,0.0,0.0,0.0,0.0,0.0,0.0,0.0,0.0,0.0,0.0,0.0,0.0,0.0
0018b5ca449f4789a5890b2dc71fe59a76dd5573,0,0.9398340248962656,0.0,0.0,0.0,0.0,0.0,0.0,0.0,0.0,0.0,0.0,0.0,0.0,0.0,0.0,0.022570843926334717,0.0,0.0,0.03801078935945929,0.0,0.0
0018c29f20d69d17a14ba01089ec997acaffbb46,0,0.9474412171507607,0.0,0.04304635761589404,0.0,0.0,0.0,0.0,0.0,0.0,0.0,0.0,0.0,0.0,0.0,0.0,0.0,0.0,0.0,0.0,0.011589403973509934,0.0
00191fe1818f30172979252b4d6158913cf21f3b,0,0.9412171507607192,0.0,0.0,0.0,0.0,0.0,0.0,0.012056737588652482,0.0,0.0,0.0,0.0,0.0,0.0,0.01773049645390071,0.0,0.0,0.03900709219858156,0.0,0.0,0.0
00195ace562ee8ad824400e980d82e68eace4b54,1,0.0,0.0,0.0,0.0,0.0,0.0046822742474916385,0.0,0.0,0.0,0.0,0.0,0.0,0.0,0.0,0.018729096989966554,0.0,0.0,0.0,0.0,0.0,0.0
0019b2d0c75c704a9563c1e74d33e2cdcdfc3fc4,0,0.0,0.0,0.04479822288041466,0.0,0.0136986301369863,0.0,0.0,0.0,0.0,0.0,0.0,0.0,0.0,0.03295075897815624,0.0,0.0,0.0,0.0,0.0,0.0,0.0
0019c9f8e0ba0ddba802878b93ba36905c5aaf23,0,0.9426002766251729,0.0,0.0,0.0,0.0,0.0,0.0,0.0,0.0,0.0,0.0,0.0,0.0,0.0,0.0,0.0,0.0,0.0,0.0,0.0,0.0
0019e85761d2cffa7cfbde5d3b3f8e6164cf1764,0,0.0,0.0,0.0,0.0,0.0,0.0,0.0,0.0,0.0,0.0,0.0,0.0,0.0,0.0,0.0,0.0,0.0,0.0,0.0,0.0,0.0
001a11b6b9a82c4bec0b1e1e472067a8d14feab7,0,0.946058091286307,0.0,0.0,0.05781732675549818,0.0,0.013993268477108212,0.0,0.0,0.01943381437595094,0.0,0.0,0.0,0.0,0.0,0.0,0.07612153626262161,0.0,0.0,0.0,0.0,0.0
001a3fe32ff4928b7b5b4fa5b7711b8ff9d86786,0,0.9363762102351314,0.0,0.0,0.09532888465204957,0.0,0.0,0.0,0.0,0.0,0.0,0.0,0.0,0.0,0.0,0.0,0.0,0.0,0.0,0.13949793454083254,0.0,0.0
001a92a006061452ea53cadf1f1e1db985f3a51f,0,0.9432918395573997,0.0,0.0,0.0,0.0,0.0,0.0,0.0,0.013556903317873707,0.0,0.0,0.0,0.0,0.0,0.0,0.0,0.0,0.0,0.0,0.0,0.0
001b3084b764bb2d7cb4f220ad22abe2308dab1c,0,0.9377593360995851,0.0,0.0,0.0,0.0,0.0,0.0,0.0,0.0,0.0,0.0,0.0,0.0,0.0,0.0,0.0,0.0,0.02221474251093908,0.0,0.0,0.0
001b86cd5bf7392abb6564f4f9a4d80d514a73c4,1,0.9453665283540802,0.0,0.1111111111111111,0.0,0.0,0.0,0.0,0.0,0.0,0.0,0.0,0.0,0.0,0.0,0.1111111111111111,0.0,0.0,0.0,0.0,0.0,0.0
001bbaaeb1cac06817c96d9ea5d7a96a80ad3dcf,1,0.9377593360995851,0.0,0.0,0.0,0.0,0.0,0.0,0.0,0.0,0.0,0.0,0.0,0.0,0.0,0.0,0.0,0.0,0.0,0.0,0.0,0.0
001bbc95e484b0434fd7007572967919e3eff377,0,0.9426002766251729,0.0,0.0,0.0,0.016756756756756756,0.0,0.0,0.0,0.0,0.0,0.0,0.0,0.0,0.0,0.0,0.0,0.0,0.0,0.0,0.0,0.0
001c02a5719104648a164a66785d99b59117cf05,1,0.9398340248962656,0.0,0.0,0.0,0.0,0.10198845413726748,0.0,0.005772931366260423,0.0,0.0,0.0,0.0,0.014111610006414367,0.0,0.0,0.014753046824887749,0.0,0.013470173187940988,0.0,0.0,0.0
001c528e69a8b716c24b5da54d1b4328097998ce,0,0.9405255878284924,0.0,0.04880358608498011,0.0,0.02102405454889829,0.0,0.0,0.0,0.0,0.0,0.0,0.0,0.0,0.0,0.0,0.0,0.0,0.0,0.0,0.009470294841846076,0.0
001dc11522269e8b379599bedb9555e076c8cc5e,0,0.9481327800829875,0.0,0.010157314505140591,0.0,0.0,0.013006317354143442,0.0,0.0,0.0,0.0,0.0,0.0,0.0,0.0,0.011024402328750155,0.0,0.0,0.00990957512696643,0.0,0.0,0.007060572277963582
001e0bef30e4dde21f3f50cd78e42375a453d643,0,0.9426002766251729,0.0,0.02745921498950089,0.0,0.0,0.0,0.0,0.0,0.0,0.015667905023421094,0.0,0.0,0.0,0.0,0.0,0.0,0.0,0.0,0.0,0.0,0.0
001e2ade35f2476b47c15cce7bcb39dafa89b97a,0,0.9467496542185339,0.0,0.0,0.0,0.0,0.0,0.0,0.0,0.0,0.0,0.0,0.0,0.04251012145748988,0.0,0.0,0.0,0.0,0.0,0.0,0.0,0.0
001e3099a5f878f74805ffd1f76a51c92192b5ae,1,0.0,0.0,0.0,0.0,0.0,0.0,0.0,0.06399373908855578,0.0,0.0,0.0,0.0,0.0,0.0,0.0,0.0,0.0,0.0,0.0,0.0,0.0
001eb13513650a4e21664965bac63d60e44be8a5,0,0.9398340248962656,0.0,0.08335487205996381,0.0,0.0,0.0,0.0,0.0,0.030240372189196174,0.0,0.0,0.0,0.0,0.0,0.0,0.0,0.0,0.0,0.0,0.0,0.0
001f7a8b1fc9b64bcd8ba4d9c37367b7683e7641,0,0.9432918395573997,0.0,0.0,0.0,0.0,0.0,0.0,0.0,0.0,0.0,0.0,0.0,0.0,0.0,0.0,0.0,0.0,0.0,0.0,0.0,0.0
001f7d3a35613600660a846cae99bd892117a4c2,0,0.9453665283540802,0.0,0.0,0.0,0.0,0.0,0.0,0.0,0.0,0.0,0.0,0.0,0.0,0.0,0.0,0.037333333333333336,0.0,0.0,0.0,0.0,0.0
001f81cf3869e4d4e8fd57a99ae200d3747045a6,1,0.9384508990318119,0.0,0.0,0.025115289109613338,0.0,0.0,0.0,0.018233416105001773,0.0,0.0,0.0,0.0,0.013976587442355444,0.03887903511883647,0.0,0.032210003547357216,0.0,0.0,0.007165661582121319,0.0,0.0
001f8dbc1a7256151fc46b1a513348cbec02c753,1,0.941908713692946,0.0,0.0,0.03431372549019608,0.0,0.0,0.0,0.0,0.0,0.0,0.03711484593837535,0.0,0.0,0.0,0.0,0.0,0.0,0.0,0.0,0.0,0.0
001f9738eee17f844fb965e139582115c6a1c49d,0,0.9398340248962656,0.0,0.0,0.021225674827369742,0.0,0.0,0.007572190834902699,0.026404582548650347,0.0,0.0,0.0,0.0,0.0,0.0,0.0,0.0,0.0,0.0,0.013575015693659761,0.0,0.0
001fb094424c3875f047ca2e129a2674804e94da,1,0.9432918395573997,0.0,0.0,0.0,0.0,0.0,0.0,0.0,0.0,0.0,0.0,0.0,0.0,0.0,0.0,0.0,0.0,0.0,0.0,0.0,0.0
001fb7161ff2d1b8dff3b74f98f0253fa7d0a11c,1,0.0,0.0,0.0170316301703163,0.029197080291970802,0.019464720194647202,0.0,0.0,0.0,0.0,0.0,0.0,0.0,0.0,0.024330900243309004,0.021897810218978103,0.0,0.0,0.0,0.0,0.0,0.0
001fe4b5069077a9032e0d0d6f9c068b8673c37e,0,0.9398340248962656,0.0,0.0,0.0,0.0,0.0,0.0,0.0,0.0,0.0,0.0,0.0,0.0,0.0,0.0,0.0,0.0,0.0,0.0,0.0,0.0
002012435cbbe2cde79fa64a434e04e7c079ef3e,0,0.9377593360995851,0.0,0.0,0.030187721968543885,0.0,0.0,0.0,0.0,0.0,0.0,0.0,0.0,0.0,0.0,0.0,0.0,0.0,0.0,0.0,0.0,0.0
002058c4108f24164a77a140ec002e4c43cd6273,0,0.9384508990318119,0.0,0.0,0.0,0.02316076294277929,0.0,0.0,0.0,0.0,0.0,0.0,0.0,0.0,0.03337874659400545,0.0,0.08514986376021798,0.0,0.0,0.0,0.0,0.0
00206024f16fcc8aeea38a32e06cd452a0fd07fa,0,0.9370677731673582,0.0,0.0,0.0,0.0,0.0,0.0,0.0,0.0,0.0,0.0,0.0,0.0,0.0,0.0,0.0,0.0,0.0,0.0,0.0,0.0
0020f0d59136e584c574df92bbe5001a53bdeca8,0,0.9426002766251729,0.0452998563109733,0.04734175300612569,0.0,0.0,0.013461393027300915,0.1534447553505256,0.0,0.0,0.0,0.0,0.0,0.0,0.0,0.0,0.0,0.0,0.0,0.0,0.0,0.0
0020fe329d4314697d7280655b63684fe9bf1c3a,0,0.0,0.03226761397276495,0.0,0.0,0.0,0.0,0.0,0.0,0.0,0.0,0.0,0.11071640023682652,0.0,0.0,0.0,0.0,0.0,0.0,0.0,0.0,0.0
00210ed8d97f55b19271c1a3f0fa004be255222a,0,0.9384508990318119,0.0,0.0,0.0149554696689632,0.0,0.02083683414552176,0.0,0.0,0.0,0.0,0.0,0.0,0.014451352713829609,0.0,0.0,0.03612838178457402,0.0,0.0,0.02083683414552176,0.0,0.0
00210ff162f0b1f2197b2add462ac17b07bf91f6,1,0.9391424619640387,0.0,0.0,0.0,0.0,0.0,0.0,0.0,0.0,0.0,0.0,0.0,0.0,0.0,0.0,0.0,0.0,0.0,0.0,0.0,0.0
002116b521f40c8d19828fb945e4849eeb65d219,1,0.9370677731673582,0.0,0.011341222879684419,0.0,0.020710059171597635,0.03796844181459566,0.0,0.0,0.0,0.020710059171597635,0.0,0.0,0.0,0.0,0.035009861932938854,0.0,0.0,0.0,0.0,0.0,0.0
00215ba36a04746a9f41c1363c657aaf4d892749,0,0.9426002766251729,0.06544502617801047,0.0,0.0,0.0,0.0,0.0,0.0,0.0,0.0,0.0,0.0,0.0,0.0,0.0,0.0,0.0,0.0,0.0,0.02356020942408377,0.0
002174b9a6bc649d25ef413c8d5be4f7f407cd9a,1,0.9446749654218534,0.0,0.09860703812316715,0.0,0.0,0.019794721407624633,0.0,0.0,0.045454545454545456,0.0,0.0,0.0,0.0,0.0,0.0,0.0,0.0,0.0,0.0,0.0,0.0
0021adfe01c8e86204c338d7664b701a2ff31fc8,0,0.946058091286307,0.0,0.0,0.0,0.0,0.0,0.00966183574879227,0.020128824476650563,0.0,0.0,0.0,0.0,0.0,0.0,0.0,0.0,0.0,0.0,0.0,0.061191626409017714,0.0
0021ed43f213ca6a0a840a7aed475a02656e8b27,0,0.9412171507607192,0.0,0.0,0.0,0.0,0.0,0.0,0.0,0.0,0.0,0.0,0.0,0.0,0.0,0.0,0.0,0.0,0.0,0.0,0.0,0.0
00223178e2f696ccdfd8e914ff3c01ee1e6acbeb,0,0.9391424619640387,0.0,0.0,0.0,0.0,0.0,0.0,0.0,0.0,0.0,0.0,0.0,0.0,0.0,0.0,0.0,0.0,0.0,0.0,0.0,0.0
00225cadbc42648b61dd73ddb571e3995b2d462e,0,0.9543568464730291,0.0,0.0,0.0,0.0,0.0,0.0,0.0,0.0,0.0,0.0,0.0,0.0,0.0,0.0,0.0,0.0,0.0,0.0,0.0,0.0
002270658626bafd2155dd87ccd54cf1748867af,0,0.9432918395573997,0.0,0.0,0.0,0.0,0.0,0.0,0.0,0.007961050069083493,0.0,0.0,0.0,0.0,0.0,0.011711296795841831,0.0,0.0,0.0,0.0,0.0,0.0
00229de9fb25e062f5f773117a2e33a30d04382c,0,0.9474412171507607,0.0,0.0,0.0,0.0,0.0,0.0,0.0,0.0,0.0,0.0,0.0,0.0,0.0,0.0,0.0,0.0,0.0,0.0,0.042,0.0
0022b566a130d23e2b505a31682bb9e7cfeed43e,0,0.9398340248962656,0.0,0.0,0.095125379096087,0.0,0.010725645387972483,0.0,0.0,0.0,0.05710481544492936,0.0,0.0,0.0,0.0,0.0,0.0,0.0,0.0,0.0,0.0,0.0
0022b5d6590359bd7b2a26799e1b06f222808ff3,1,0.9426002766251729,0.0,0.0,0.0,0.0,0.0,0.0,0.0,0.0,0.0,0.0,0.0,0.0,0.0,0.0,0.0,0.0,0.0,0.0,0.0,0.0
0022d97e3282e925077ac0d7a38e722b03c59660,1,0.9377593360995851,0.016758313694684474,0.03281836431875709,0.0,0.022693549794885224,0.0,0.0,0.0,0.0,0.0,0.0,0.0,0.0,0.0,0.0,0.0,0.07768176660556865,0.0,0.0,0.0,0.0
002319047c5b71aca15094acb28726ec287093d1,0,0.9377593360995851,0.011098227596488323,0.057147589862514496,0.0,0.0,0.0,0.014576776544641378,0.0,0.0,0.02799403677323174,0.0,0.0,0.0,0.0,0.0,0.0,0.0,0.0,0.0,0.0,0.0
0023836770b5603160c1055cc1912a735d7fc2ac,0,0.9377593360995851,0.06351351351351352,0.0,0.0,0.0,0.0,0.0,0.0,0.0,0.0,0.0,0.0,0.0,0.0,0.0,0.0,0.0,0.0,0.0,0.0,0.0
0023852305380de3bc43b19a85cd3d9a1aec8374,0,0.9391424619640387,0.02219178082191781,0.01986301369863014,0.0,0.0,0.0,0.0,0.0,0.0,0.0,0.0,0.0,0.0,0.0,0.0,0.0,0.0,0.0,0.0,0.02945205479452055,0.0
002405aebe604d62f328ec09ba51776781e9545b,0,0.0,0.0,0.0,0.0,0.0,0.0,0.0,0.0800942285041225,0.012956419316843345,0.0,0.0,0.0,0.0,0.0,0.0,0.0,0.0,0.0,0.0,0.0,0.0
002406b6413722219e72a6b6193c34c14d810a0b,0,0.9467496542185339,0.0,0.0,0.0,0.0,0.0,0.0,0.0,0.0,0.0,0.0,0.0,0.0,0.0,0.0,0.0,0.0,0.0,0.0,0.0,0.0
00243767e4ba9ad88986d8da01cfa4e4bb3d07df,1,0.9405255878284924,0.0,0.0,0.0,0.0,0.0,0.0,0.0,0.0,0.0,0.0,0.0,0.0,0.0,0.0,0.0,0.0,0.0,0.0,0.0,0.0
00243799d78e58fcf6869efc5232b5e776b18434,0,0.9439834024896265,0.0,0.0,0.0,0.0,0.0,0.0,0.0,0.0,0.0,0.0,0.0,0.0,0.0,0.0,0.0,0.0,0.0,0.0,0.0,0.0
00246e7e07e6f42e4546e8c95c3ae33206bf3290,1,0.9412171507607192,0.0,0.06407684999472184,0.0,0.011611949751926528,0.0,0.0,0.0,0.0,0.0,0.0,0.0,0.025335163095112426,0.024701784017734613,0.0,0.0,0.0,0.0,0.0,0.0,0.0
00248667343aef7179c66db4d3d4de737403c572,0,0.9384508990318119,0.017667455556167097,0.0,0.0,0.0,0.0,0.018823270405635972,0.030106224888546425,0.0,0.0,0.0,0.0,0.015851175078430292,0.0,0.0,0.0,0.0,0.0,0.0,0.028565138422587923,0.0
0024cd03616cfa4593466644dea6eca741f17b59,1,0.9370677731673582,0.0,0.0,0.0,0.0,0.0,0.0,0.0,0.0,0.0,0.0,0.0,0.0,0.0,0.0,0.0,0.0,0.0,0.0,0.0,0.0
0024f5bef7725cefb06a4ee1cd32d5c271c725e5,0,0.9405255878284924,0.0,0.0,0.013796859399110465,0.0,0.0,0.0,0.0,0.0,0.0,0.0,0.0,0.0,0.0,0.0,0.0,0.0,0.0,0.0,0.0,0.014577471180902243
0025153534f9d9febcbcd155730482a9a4a1fc8d,1,0.9384508990318119,0.0,0.0,0.02112565854676334,0.0,0.0,0.0,0.0,0.0,0.0,0.01898701163215273,0.0,0.0,0.0,0.0,0.0,0.0,0.0,0.0,0.0,0.0
0025719f0cfae17ad6498cdf7cb8dfa71f34169c,0,0.9377593360995851,0.0,0.0,0.0,0.015132924335378323,0.0,0.0,0.0,0.0,0.0,0.0,0.0,0.0,0.0,0.0,0.0,0.011451942740286299,0.0,0.0,0.0,0.009406952965235174
0025750042be30bdc76faa8cdee830fba1e52dce,1,0.0,0.0,0.0,0.0,0.007957559681697613,0.0,0.0,0.0,0.0,0.0,0.0,0.0,0.0,0.0,0.0,0.0,0.0,0.0,0.0,0.0,0.0
0025934d9cdc969dbc36b02874bd39785dd26533,1,0.9446749654218534,0.0,0.02269861286254729,0.0,0.0,0.0,0.0,0.0,0.0,0.0,0.0,0.0,0.0,0.0,0.0,0.0,0.0,0.0,0.0,0.0,0.0
00259ccffaf39e731b9b18d3826579977c6510a4,0,0.941908713692946,0.0,0.0,0.0,0.0,0.0,0.0,0.0,0.0,0.0,0.0,0.0,0.0,0.0,0.0,0.0,0.022023513826792514,0.0,0.0,0.0,0.0
0026127719cbf037318d7bf3e842d8a840965690,1,0.9412171507607192,0.0,0.05392156862745098,0.0,0.0,0.0,0.0,0.0,0.0,0.0,0.0,0.0,0.0,0.0,0.0,0.0,0.015522875816993464,0.0,0.0,0.012254901960784314,0.0
0026351e817c07c24e2c0632b572870725f80cca,0,0.9446749654218534,0.0,0.0,0.0,0.021527213647441104,0.033847820200379096,0.0,0.016788518819388032,0.0,0.0,0.0,0.0,0.060926076360682375,0.03899268887083672,0.0,0.0,0.0,0.0,0.0,0.0,0.03425399404278365
0026e191a02571bacb601574b47b0899d0720cb4,0,0.9377593360995851,0.0,0.0,0.0,0.0,0.0,0.0,0.0,0.0,0.0,0.0,0.0,0.0,0.0,0.0,0.0,0.0,0.0,0.0,0.0,0.0
00270cb70a925aa3da72130abd5038761be3fd3e,0,0.0,0.0,0.0,0.0,0.0,0.0,0.0,0.029186935371785964,0.0,0.0,0.0,0.0,0.0,0.034051424600416956,0.0,0.0,0.0,0.0,0.0,0.0,0.0
00275d29a64bdd0b75a2d05942ff076f602759ee,0,0.9384508990318119,0.0,0.0,0.0,0.0,0.08212888964461826,0.0,0.029926883183132122,0.0,0.0,0.0,0.0,0.0,0.01054242475769427,0.0,0.0,0.0,0.0,0.0,0.0,0.0
00275dbfb5890d74723179308335b0fc992c2deb,1,0.9377593360995851,0.0,0.0,0.014163250093179277,0.0,0.0,0.0,0.0,0.010342899739098025,0.0,0.0,0.0,0.0,0.0,0.0,0.0,0.0,0.012299664554603056,0.0,0.0,0.0
00277ccecc376837e57b6d6b58330d1bafc90c73,0,0.946058091286307,0.0676003321339607,0.0,0.0,0.019141987268198175,0.0,0.008768336562413506,0.0,0.0,0.0,0.0,0.0,0.0,0.0073623027954608355,0.0,0.0,0.0,0.0,0.0,0.0,0.0
0027a5558842ddc1dfe21b7dcaafcdec6c4c4e05,0,0.9363762102351314,0.0,0.0,0.0,0.0,0.0,0.0,0.0,0.0,0.0,0.0,0.0,0.0,0.0,0.0,0.0,0.0,0.0,0.0,0.0,0.0
0027b8357561f59647b1df337bd4138f7257215f,0,0.0,0.0,0.0,0.0,0.0,0.0,0.0,0.0,0.0,0.0,0.0,0.0,0.0,0.010092854259184497,0.0,0.0,0.0,0.0,0.050867985466289865,0.027856277755349212,0.0
0027bdefcde28fe58e126906c08c58d843b77c69,0,0.9495159059474412,0.0,0.0,0.01680672268907563,0.0,0.0,0.0,0.0,0.0,0.0,0.0,0.0,0.0,0.0,0.0,0.0,0.0,0.0,0.0,0.0,0.0
0027d656fdcd82db423e1c7bd0d93a8c8b4abe36,0,0.9398340248962656,0.0,0.0,0.0,0.0,0.0,0.0,0.012219101123595505,0.0,0.0,0.0,0.0,0.0,0.0,0.0,0.0,0.0,0.0,0.0,0.0,0.0
0027e1561f0f00b53e176567b08dc84f387197df,0,0.0,0.0,0.0,0.0,0.0,0.0,0.0,0.0,0.0,0.0,0.0,0.0,0.0,0.0,0.0,0.0,0.0,0.0,0.0,0.0,0.0
0027e5c1f880965e1aabd56609fd88c21f326e6e,0,0.9370677731673582,0.0,0.0,0.0,0.0,0.0,0.0,0.011639991685720224,0.0,0.0,0.0,0.0,0.0,0.0,0.0,0.0,0.0,0.0,0.0,0.0,0.0
00285441919bf128f353a3fe622d3cd7ecca3372,1,0.0,0.0,0.03616042077580539,0.0,0.0,0.0,0.0,0.04799474030243261,0.024326101249178174,0.0,0.0,0.0,0.0,0.0,0.0,0.0,0.034845496383957925,0.0,0.0,0.0,0.0
002862672d601bb6cca0f4f547174bbd9a1d1e44,0,0.9377593360995851,0.0,0.0,0.0,0.0,0.0,0.0,0.0,0.0,0.0,0.0,0.0,0.0,0.02324741026258733,0.0,0.0,0.0,0.0,0.0,0.0,0.0
0028a632f13bc492a040e5fcb011e99992b811f6,0,0.9412171507607192,0.0,0.005431619786614937,0.0,0.006110572259941804,0.0,0.0,0.0,0.0,0.0,0.0,0.0,0.0,0.0,0.0,0.0,0.0,0.0,0.0,0.0,0.0
0028a842583807f6041bae6815155439321ef5cd,0,0.9384508990318119,0.0,0.0,0.0,0.0,0.0,0.0,0.021239705244906804,0.0,0.0,0.0,0.010186389250108365,0.06783701777199827,0.006285218899003034,0.0,0.0,0.0,0.0,0.0,0.0,0.0
0028b70488046973b297a460c4209b7d7f591396,0,0.9529737206085753,0.013793103448275862,0.0,0.0,0.0,0.0,0.0,0.0,0.0,0.0,0.022068965517241378,0.0,0.0,0.0,0.0,0.0,0.0,0.0,0.0,0.0,0.0
0028ee93676310a78387c6cfad928ce8f3ea50a2,0,0.9481327800829875,0.0,0.0,0.0,0.0,0.0,0.0,0.0,0.0,0.05883384700192939,0.0,0.0,0.0,0.0,0.0,0.0,0.0,0.0,0.0,0.0,0.0
00292157f9c4e4b11464e886f27fff42f1ff442d,0,0.9432918395573997,0.0,0.016803953871499175,0.0,0.0,0.0,0.0,0.0,0.0,0.0,0.0,0.0,0.0,0.0,0.0,0.0,0.0,0.0,0.0,0.0,0.0
002953eed5afd0a047b8f3e3a6301a7071b5f942,1,0.9474412171507607,0.0,0.0,0.0,0.0,0.0,0.0,0.0,0.0,0.0,0.0,0.0,0.0,0.0,0.0,0.0,0.0,0.0,0.0,0.0,0.0
002961b99f36cf33003b7d4274238dc250447107,0,0.9495159059474412,0.0,0.0,0.0,0.0,0.017944936086529008,0.0,0.0,0.015486725663716814,0.0267944936086529,0.0,0.0,0.0,0.0,0.01376597836774828,0.0,0.0,0.017699115044247787,0.0,0.0,0.0
002967d71788d501b7ab752783efaf7dbf3c1ebb,0,0.9515905947441217,0.0,0.0,0.0,0.0,0.0,0.05303222532352195,0.0,0.0,0.0,0.0,0.0,0.0,0.01268713524486171,0.0,0.0,0.0,0.0,0.0,0.0,0.0
002975ba1b77512b992daaf06c55ff0a490751c8,0,0.0,0.0,0.0,0.0,0.0,0.0,0.0,0.0,0.0,0.0,0.0,0.0,0.0,0.020336605890603085,0.0,0.0,0.0,0.0,0.0,0.0,0.0
00297b6d70dd9e65a0f77fb2a84ed7dd58de17dd,0,0.9426002766251729,0.033097772609356826,0.0,0.0,0.0,0.0,0.0,0.0,0.056445120314876106,0.0,0.0,0.0,0.0,0.0,0.0,0.0,0.0,0.0,0.0,0.0,0.0
0029a906a865a00623f386a731f5a6802845c582,0,0.9398340248962656,0.0,0.00947843016702531,0.0,0.013935854083410186,0.0,0.13561840352495133,0.0,0.0,0.0,0.0,0.0,0.0,0.024695153191925404,0.0,0.0,0.0,0.0,0.0,0.0,0.0
0029bfe4116557dffb922653aae63d2f88b15b63,0,0.9488243430152143,0.0,0.0,0.0,0.0,0.0,0.0,0.0,0.0,0.0,0.0,0.0,0.0,0.0,0.0,0.0,0.0,0.0,0.0,0.0,0.0
0029ef14ff1a743eb44f62b8d87f90f7f44098f0,0,0.0,0.0,0.0,0.0,0.0,0.0,0.0,0.0,0.0,0.0,0.0,0.0,0.0,0.0,0.0,0.0,0.0,0.0,0.0,0.0,0.0
002a4183eb48b8b59a455226215b0ee5d2a92b6c,1,0.0,0.0,0.0,0.0,0.07236842105263158,0.0,0.0,0.0,0.0,0.0,0.0,0.0,0.0,0.0,0.0,0.0,0.0,0.0,0.0,0.03070175438596491,0.0
002a496f237af0e58c246f92115a1ee6bee3dd87,1,0.9377593360995851,0.0,0.0,0.0,0.014585232452142206,0.006381039197812215,0.0,0.0,0.0,0.0,0.0,0.0,0.0,0.0,0.006381039197812215,0.0,0.0,0.0,0.007292616226071103,0.0,0.0
002ab0989959a8511915eca3e209c0d59a751fd7,1,0.9439834024896265,0.0,0.0,0.0,0.0,0.0,0.0,0.0,0.0,0.0,0.0,0.0,0.0,0.0,0.0,0.0,0.0,0.0,0.07547169811320754,0.0,0.0
002ae03c2b87da9ee661fce16d0807b7713bab2b,1,0.9363762102351314,0.0,0.0,0.0,0.0,0.0,0.0,0.0,0.0,0.0,0.0,0.01816911250873515,0.0,0.0,0.0,0.0,0.0,0.0,0.0,0.0,0.0
002b0b05db4006ec8a1b39954aa98e04f535e4fb,1,0.0,0.0,0.0,0.0,0.0,0.0,0.0,0.0,0.0,0.0,0.032467532467532464,0.0,0.0,0.0,0.0,0.0,0.0,0.07606679035250463,0.0,0.0,0.0
002b22a3c5b6c0b4fae556d8a3284e82d14b1004,0,0.9426002766251729,0.0,0.0,0.0,0.0,0.0,0.0,0.0,0.0,0.0,0.0,0.0,0.0,0.0,0.0,0.0,0.0,0.0,0.0,0.0,0.0
002b22fd4725fd041c914ade68b190c9561d170d,1,0.0,0.0,0.025827045850261174,0.0,0.0,0.0,0.0,0.0,0.0360252052068651,0.007959539010032336,0.0,0.0,0.0,0.0,0.038346737418124534,0.0,0.0,0.0,0.0,0.0,0.0
002b5317c9b1852565746c0c3f99440a90a993de,0,0.9391424619640387,0.0,0.0,0.05020979020979021,0.0,0.0,0.0,0.024475524475524476,0.0,0.0,0.0,0.0,0.0,0.0,0.0,0.013846153846153847,0.0,0.0,0.0,0.0,0.0
002b5c8bb62120ec1e9154934b3f8dc6d5c3471c,0,0.9349930843706777,0.0,0.0,0.0,0.0,0.0,0.0,0.0,0.0,0.0,0.0,0.0,0.0,0.0,0.0,0.0,0.0,0.0,0.0,0.0,0.0
002b5d4a2aea86f2b52103393398409aa28d435a,0,0.9363762102351314,0.0,0.0,0.0,0.0,0.0,0.0,0.0,0.0,0.0,0.0,0.0,0.0,0.0,0.0,0.0,0.0,0.0,0.0,0.0,0.0
002b63c6eb63945fcbde6e842a399ce107f1bd35,0,0.941908713692946,0.0,0.0,0.0,0.023435829448744814,0.0,0.015310268143523072,0.0,0.0,0.0,0.0,0.0,0.0,0.0,0.0,0.0,0.05970149253731343,0.0,0.0,0.0,0.0
002b942d94338d70693c69e4fd4aeeab31b3da82,0,0.9481327800829875,0.03442093940480459,0.0,0.0,0.0,0.0,0.0,0.0,0.0,0.0,0.0,0.0,0.0,0.0,0.0,0.0,0.0,0.0,0.0,0.0,0.0
002bacc194ed8d3443e8e2a9312e15409cdf965f,0,0.9398340248962656,0.0,0.0,0.0,0.0,0.009715422276621788,0.0,0.0,0.02903151774785802,0.01021266829865361,0.0,0.0,0.0,0.0,0.0,0.0,0.0,0.02994951040391677,0.0,0.0,0.0
002bb84c527480dc67b2983690bb48027de80244,1,0.9529737206085753,0.0,0.0,0.0,0.0,0.0,0.0,0.0,0.0,0.0,0.0,0.0,0.0,0.0,0.0,0.0,0.0,0.0,0.0,0.0,0.0
002bf1d299b9de0dbea1ae25d94c603b5512baa4,1,0.941908713692946,0.0,0.032464510123341866,0.0,0.0,0.04848343805755954,0.0,0.015514700178419051,0.025754402296175625,0.0,0.0,0.0,0.006748894577612288,0.0,0.013381428903886432,0.008882165852144908,0.0,0.0,0.0,0.0,0.0
002cafa230a7c8d934b6eb90de7aa912a72a6528,0,0.9384508990318119,0.0,0.0,0.0,0.06871141975308642,0.0,0.0,0.0,0.0,0.013734567901234567,0.0,0.0,0.011535493827160494,0.006404320987654321,0.0,0.0,0.0,0.0,0.0,0.0,0.0
002ceaef45065fb8f25cf31a14ee6c314500cf99,0,0.0,0.0,0.0,0.029991431019708654,0.0,0.0242787774921451,0.014281633818908884,0.0,0.0,0.0,0.0,0.0,0.0,0.03941730934018852,0.0,0.0,0.0,0.0,0.0,0.0,0.016281062553556127
002d07853e3d855dc359da5bd23f10ff11444b36,0,0.9370677731673582,0.0,0.0,0.0,0.0,0.0,0.03376667229444538,0.015532669255444876,0.0947155157859193,0.0,0.0,0.0,0.0,0.023299003883167312,0.0,0.0,0.0,0.0,0.0,0.0,0.0
002d17dc5077371f317cfc0961ae2e81a34f746b,0,0.9467496542185339,0.0,0.0,0.0,0.0,0.0,0.0,0.0,0.0,0.0,0.0,0.0,0.0,0.0,0.0,0.0,0.0,0.0,0.0,0.0,0.0
002d3ea85bb2bb76ebd0c843154e8e2bda08b5eb,1,0.9377593360995851,0.0,0.0,0.0,0.0,0.0,0.0,0.0,0.0,0.0,0.0,0.0,0.0,0.0,0.0,0.0,0.0,0.0,0.0,0.0,0.0
002d3f566c5ed4e36bf3332285a7b2ec0d433586,1,0.9384508990318119,0.0,0.0,0.0,0.0,0.0,0.0,0.0,0.0,0.0,0.0,0.0,0.0,0.0,0.0,0.0,0.06937561942517344,0.0,0.0,0.0,0.0
002e2d235a653c7bfba8130d8739c5182989e109,1,0.9377593360995851,0.0,0.0,0.0,0.0,0.0,0.0,0.0,0.0,0.021203286509408958,0.0,0.0,0.0,0.0,0.0,0.0,0.0,0.0,0.0,0.0,0.0
002e3b163344124259c8ed8f8ebecbcdfc186b4a,1,0.9370677731673582,0.11731372076199663,0.0,0.0,0.0,0.0,0.0,0.0,0.0,0.0,0.0,0.0,0.0,0.015432843019049916,0.0,0.0,0.0,0.0,0.0,0.020557029177718834,0.0
002e3b5f7eee183c85f04bfbe2770a07de01bfe7,0,0.9439834024896265,0.0,0.0,0.0,0.0,0.0,0.0,0.0,0.0,0.0,0.0,0.0,0.0,0.0,0.0,0.0,0.0,0.04636973764490543,0.0,0.0,0.0
002eb85ecb37f73444bfbad815b898d1b61da846,1,0.0,0.0,0.0,0.0,0.14011142061281337,0.0,0.0,0.0,0.0,0.0,0.0,0.0,0.0,0.0,0.010584958217270195,0.0,0.019916434540389973,0.0,0.0,0.024930362116991643,0.0
002ee653023306581cec8699edd701bd6ad1e69e,0,0.9377593360995851,0.0,0.0,0.0,0.0,0.0,0.0,0.0,0.0,0.0,0.0,0.0,0.0,0.0,0.0,0.03234055354993983,0.0,0.0,0.0,0.0,0.0
002f3405370e016672eefea0fda8448df252344e,1,0.926002766251729,0.043327556325823226,0.0,0.0,0.0,0.019064124783362217,0.09358752166377816,0.0,0.0,0.0,0.0,0.0,0.0,0.01733102253032929,0.0,0.0,0.0,0.0,0.0,0.0,0.0
002f4a28dc0be2098878e14d2928601c87bf3552,0,0.9363762102351314,0.0,0.0,0.014199409092913525,0.0,0.0,0.0,0.0,0.02383472240596199,0.01885169996031221,0.0,0.0,0.0,0.0,0.0,0.0,0.0,0.008290338228160691,0.0,0.0,0.0
002fb0d3b5f6fafe747fdd5de1a779232556c189,1,0.0,0.0,0.0,0.0,0.0,0.0,0.08311936028171081,0.028904702516323086,0.0,0.0,0.0,0.0,0.0,0.0127650209082239,0.0,0.0,0.0,0.0,0.0,0.0,0.0
002fb287f7a8248fdba932942a9da8348abb3b0e,1,0.9426002766251729,0.0,0.0,0.0,0.0,0.0,0.0,0.0,0.0,0.017140058765915768,0.0,0.0,0.0,0.0,0.0,0.0,0.029872673849167482,0.0,0.0,0.0,0.012732615083251714
003017548eccb6f8f70b94fc221806df22098124,0,0.9398340248962656,0.0,0.018001704303366,0.0,0.0,0.0,0.0,0.0,0.0,0.0,0.0,0.0,0.0,0.0,0.0,0.0,0.0,0.0,0.0,0.0,0.0
003026511145551b573af4202544ced3d360947a,1,0.941908713692946,0.0,0.0,0.0,0.0,0.0,0.008579599618684462,0.0,0.0,0.0,0.0,0.0,0.0,0.0,0.07022561169367651,0.0,0.0,0.0,0.0,0.0,0.0
003059a886782e4d7936da913d3f064f637d0b2b,0,0.9432918395573997,0.0,0.0,0.0,0.0,0.0,0.0,0.0,0.0,0.0,0.0,0.0,0.0,0.0,0.0,0.0,0.0,0.0,0.0,0.0,0.0
00306c1586e1a065617536f60f7b0037a0e4fed8,0,0.9384508990318119,0.0,0.0,0.0,0.0,0.0,0.0,0.0,0.0,0.0,0.0,0.0,0.0,0.0,0.0,0.0,0.0,0.0,0.0,0.0,0.0
0030d490d7985c9960c0dde44509e6b1ee42a7db,0,0.9488243430152143,0.14507508271824893,0.0,0.0,0.0,0.0,0.010944260626113514,0.0,0.0,0.0,0.0,0.0,0.0,0.0,0.0,0.0,0.0,0.0,0.0,0.0,0.0
0030e3d2703d88ac01ef95ecf0806ce61fa0ff31,0,0.9439834024896265,0.07345181893918357,0.0,0.0,0.0,0.0,0.0,0.0,0.0,0.0,0.0,0.0,0.0,0.0,0.0,0.0,0.0,0.0,0.0,0.01846709247431269,0.0
0030fc5a58338ce04410db4df5b6f7153e01917d,0,0.0,0.0,0.0,0.0,0.007751937984496124,0.0,0.0,0.0,0.0,0.0,0.0,0.0,0.0,0.0,0.0,0.0,0.024978466838931956,0.0,0.0,0.0,0.0
003105ca0f1336cc3df6c98b3dd845ce998af770,1,0.9363762102351314,0.0,0.0,0.0,0.011655874190564292,0.014431082331174839,0.0,0.05291396854764107,0.0,0.0,0.0,0.0,0.025901942645698426,0.0,0.0,0.019241443108233117,0.0,0.02053654024051804,0.0,0.0,0.02368177613320999
003148d4d476682966ecca8cc679e4cf5752142e,1,0.9446749654218534,0.1308411214953271,0.0,0.0,0.0,0.0,0.0,0.0,0.0,0.0,0.0,0.0,0.0,0.0,0.0,0.0,0.0,0.0,0.0,0.0,0.0
00316452dd2acf73d352a8bcacf264d0b7f972d6,1,0.9398340248962656,0.011734287987271282,0.073587907716786,0.0,0.0,0.10361972951471758,0.0,0.0,0.0,0.0,0.0,0.0,0.0,0.0,0.0,0.0,0.0,0.0,0.0,0.0,0.0
0031fa13f37e6235bfa296890c944480ccc9fc4b,1,0.0,0.01155292853304675,0.0,0.03304674905964535,0.08704997313272435,0.0,0.0,0.0,0.0,0.0,0.0,0.0,0.0,0.0,0.03815153143471252,0.0,0.0,0.0,0.0,0.0,0.0
0032423387d5727eb6c65ec5d202c29c9ace9cb6,1,0.0,0.03146710257458112,0.0,0.0,0.0,0.0,0.0,0.0,0.0,0.0,0.0,0.0,0.0,0.0,0.0,0.0,0.0,0.0,0.0,0.028402125051082958,0.0
0032545b9bcbf83c8c6b80cc07b62b7692905b3a,0,0.941908713692946,0.02237808951235805,0.0,0.0,0.0,0.0,0.012024048096192385,0.07715430861723446,0.0,0.0,0.0,0.0,0.05177020708082832,0.012358049432197728,0.0,0.12224448897795591,0.0,0.01002004008016032,0.0,0.01569806279225117,0.0
00327dcc736caa9e11317cea70891634743bf6e2,0,0.0,0.0,0.0,0.0,0.0,0.09727272727272727,0.0,0.0,0.0,0.0,0.0,0.0,0.015454545454545455,0.0,0.0,0.0,0.0,0.027878787878787878,0.0,0.0,0.0
0032e512284ab0de312998e2547eff8ccf4bde00,0,0.9426002766251729,0.0,0.0,0.0,0.0,0.018045888115493684,0.0,0.0,0.0,0.014178912090745037,0.0,0.0,0.018561484918793503,0.0,0.0,0.0,0.0,0.025607974563891037,0.0,0.0,0.0
0032fda64c2f5bec93f1fe4dd1c7710be2cd65d1,1,0.9398340248962656,0.014029618082618862,0.0,0.0,0.01558846453624318,0.0,0.0,0.0,0.0,0.0,0.0,0.0,0.0,0.014029618082618862,0.0,0.0,0.0,0.0,0.0,0.037412314886983634,0.0
003304e9ac601d3138cae883a26c71a36d942a14,0,0.9370677731673582,0.0,0.0,0.034211904346308254,0.0,0.0,0.0,0.0,0.0,0.0,0.0,0.0,0.0,0.0,0.0,0.0,0.0,0.006283819165648455,0.13998952696805725,0.0,0.0
0033165acf6ee0a50024f5d1466ee6d63546c11a,0,0.9356846473029046,0.0,0.0,0.0,0.0,0.0,0.0,0.0,0.0,0.0,0.0,0.0,0.010332378936885349,0.0,0.0,0.0,0.0,0.0,0.0,0.0,0.0
003362c4d18278ae484c368611004ba8e25c842d,0,0.941908713692946,0.04267605633802817,0.0,0.0,0.0,0.0,0.05704225352112676,0.0,0.0,0.0,0.0,0.0,0.0,0.0,0.0,0.0,0.0,0.0,0.0,0.0,0.0
00338762fc4d1aae03e756afe872447de5a0c6e6,1,0.9377593360995851,0.0,0.0,0.0,0.0,0.0,0.0,0.0,0.0,0.0,0.0,0.0,0.0,0.0,0.0,0.00826972010178117,0.0,0.0,0.0,0.0,0.0
00339a6d443083f8406f21b0b6633a01cd267437,0,0.9356846473029046,0.0,0.0,0.01764234161988773,0.04450681635926223,0.0,0.0,0.0,0.0,0.0,0.0,0.0,0.0,0.018043303929430633,0.0,0.0,0.0,0.0,0.0,0.0,0.0
0033de80a55a7be53bd86034ca32cc3b2e2a85d3,1,0.9377593360995851,0.0,0.09270173505921234,0.0,0.030625172128890113,0.0,0.0,0.0,0.0,0.0,0.0,0.0,0.0,0.0,0.0,0.0,0.0,0.0,0.0,0.0,0.0
0033ee7378661b88b245b1f67cc622ff63a51061,0,0.0,0.25616925064599483,0.0,0.0,0.0,0.0,0.0,0.0,0.0,0.0,0.0,0.0,0.0,0.0,0.0,0.0,0.0,0.0,0.0,0.0,0.0
0033f3b55befc2fdffada9c22bccd90c284b116e,1,0.9384508990318119,0.0,0.0,0.0,0.0,0.0,0.0,0.0,0.02857142857142857,0.0,0.0,0.0,0.0,0.0,0.0,0.0,0.0,0.0,0.0,0.0,0.0
003406848976025e84eff0a3e1992d366202f7a7,0,0.9432918395573997,0.0,0.0,0.0,0.0,0.0,0.018909899888765295,0.0,0.0,0.0,0.0,0.0,0.020022246941045607,0.0,0.0,0.0,0.0,0.0,0.0,0.0,0.0
003425eddc040f2c2c0fe6d306b1e9497ffac24c,0,0.9356846473029046,0.0,0.0,0.0,0.0,0.0,0.0,0.0,0.0,0.0,0.0,0.0,0.0,0.0,0.0,0.0,0.0,0.0,0.0,0.0,0.0
00346d264f25f171b92ebac12688860006b2a471,0,0.9363762102351314,0.0,0.0,0.0,0.0,0.0,0.0,0.0,0.0,0.0,0.0,0.0,0.0,0.0,0.0,0.0590347923681257,0.0,0.0,0.0,0.0,0.0
00349d64e8306f6a89e6cf852239082773fc7f5c,0,0.0,0.0452930728241563,0.0,0.0,0.0,0.0,0.0,0.0,0.0,0.0,0.0,0.0,0.0,0.0,0.0,0.0,0.0,0.0,0.0,0.0,0.0
0034b9afca46d9757a253de06e0bed59b3090fcc,0,0.9405255878284924,0.0,0.0,0.0,0.0,0.0,0.0,0.011135551278526258,0.028182568050591147,0.0,0.0,0.0,0.0,0.007080010998075337,0.0,0.0056365136101182295,0.0,0.0,0.0,0.0,0.0
0034d3ba52362f3ba5a7d58e5582b565905903ba,0,0.9446749654218534,0.0,0.0,0.0,0.0,0.0,0.0,0.0,0.0,0.0,0.0,0.0,0.0,0.0,0.0,0.0,0.0,0.0,0.0,0.0,0.0
003545eeefd0234524aadaaf5602c0b863ed06bc,0,0.0,0.0,0.0,0.0,0.0,0.0,0.0,0.0,0.0,0.0,0.0,0.0,0.0,0.0,0.0,0.0,0.0,0.0,0.0,0.0,0.0
00355243eaafdeaad998317ef9066b9cc704ca4b,0,0.9467496542185339,0.06498194945848375,0.0,0.0,0.0,0.0,0.0,0.0,0.0,0.0,0.0,0.0,0.0,0.0,0.0,0.0,0.0,0.0,0.0,0.0,0.0
0035a444da457a04de467c2eb5b2a3313e963160,1,0.9495159059474412,0.0,0.016826923076923076,0.0,0.014423076923076924,0.0,0.0,0.0,0.0,0.0,0.0,0.0,0.0,0.0,0.0,0.0,0.0,0.0,0.0,0.0,0.0
0035cb9673464e352dd31e8c4aa6c0fd26318846,1,0.9384508990318119,0.0,0.0,0.0,0.0,0.0,0.0,0.0,0.0,0.0,0.2543859649122807,0.0,0.0,0.0,0.0,0.0,0.0,0.0,0.0,0.0,0.0
0035d105cd8100de6243c44393cb4891367726c5,0,0.946058091286307,0.0,0.0,0.0,0.0,0.0,0.0,0.0,0.0,0.036021285304952924,0.0,0.0,0.0,0.0,0.0,0.0,0.0,0.0,0.0,0.0,0.0
0035e3e0e4e468614ed8e6e74bca57096b77ae34,0,0.9412171507607192,0.0,0.0,0.0,0.0,0.0,0.0,0.0,0.0,0.0,0.0,0.0,0.0,0.0,0.0,0.0,0.0,0.0,0.0,0.0,0.0
0036247fa43393034d09ec21bab290cac89cf825,0,0.0,0.0,0.0,0.0,0.0,0.0,0.0,0.0,0.11804384485666104,0.0,0.0,0.0,0.0,0.0,0.0,0.0,0.0,0.0,0.0,0.0,0.0
00363efab8b2b7927cd6160aaf440b9a8701062a,0,0.946058091286307,0.0,0.0,0.0,0.0,0.0,0.0,0.0,0.0,0.0,0.0,0.0,0.0,0.0,0.0,0.0,0.0,0.0,0.0,0.0,0.0
003686d963ca60c0363ad4865b5db55411f6cad6,0,0.9377593360995851,0.0,0.0,0.0,0.0,0.0,0.0,0.0,0.0,0.0,0.0,0.0,0.0,0.0,0.0,0.0,0.0,0.0558858501783591,0.0,0.0,0.0
0036ac421eca38900791b37ece8b0af28a3c1e41,1,0.0,0.0,0.0,0.0,0.0,0.0,0.0,0.0,0.0,0.0,0.017408123791102514,0.0,0.0,0.0,0.0,0.0,0.0,0.0,0.0,0.0,0.0
0036af1321960418d7bc28e6137d1f77418354d8,0,0.9426002766251729,0.0,0.0,0.0,0.0,0.0,0.0,0.0,0.0,0.050259515570934256,0.0,0.0,0.0,0.0,0.0,0.0,0.0,0.0,0.0,0.0,0.0
00370c033122714d432ce07fd769157823ea6c20,0,0.9377593360995851,0.0,0.0,0.07160963244613434,0.0,0.016622794189334114,0.0,0.0,0.0,0.016769035780442625,0.0,0.0,0.007019596373208541,0.007068343570244711,0.09205908160280783,0.0,0.0,0.0,0.0,0.0,0.0
003711ef21895513692f22348383a9f0bfd4e61c,0,0.9412171507607192,0.0,0.0,0.0,0.0,0.0,0.0,0.0,0.011305697184659722,0.0,0.0,0.0,0.0,0.0,0.0,0.0,0.0,0.0,0.13326682923224709,0.0,0.0
00371cc2a235a9cad6a2367f6c98577e5a7b5324,1,0.9391424619640387,0.0,0.0,0.0,0.0,0.0,0.0,0.0,0.0,0.0,0.0,0.0,0.0,0.0,0.0,0.0,0.0,0.0,0.018642939289389263,0.0,0.0
00372be2d2e822c325202815318e782fc6ae53e7,0,0.0,0.02774694783573807,0.04649155259588112,0.0,0.0,0.0,0.0,0.0,0.013071895424836602,0.0,0.0,0.0,0.0,0.0,0.0,0.0,0.0,0.0,0.0,0.0,0.0
00375daed96a660b6dbc35d14db82a1dd445271a,1,0.9439834024896265,0.0,0.0,0.0,0.0,0.0,0.0,0.0,0.0,0.0,0.0,0.0,0.0,0.0,0.0,0.0,0.0,0.0,0.0,0.0,0.0
0037dcdfb5dacde4ceb5784b95ec7d49ee947087,0,0.9522821576763485,0.0,0.0,0.0,0.0,0.0,0.0,0.0,0.0,0.0,0.0,0.0,0.0,0.0,0.0,0.0,0.0,0.0,0.0,0.0,0.0
003917e3f72fcb6e9ee172e7099902a623aea050,0,0.9377593360995851,0.0,0.0,0.0,0.0,0.0,0.0,0.0,0.0,0.0,0.0,0.0,0.06759443339960239,0.0,0.0,0.0,0.0,0.0,0.0,0.0,0.0
0039261465319fa4f5fe059597fbde77bf274d32,0,0.9488243430152143,0.0,0.0,0.0,0.0,0.0,0.0,0.0,0.0,0.0,0.0,0.0,0.0,0.0,0.0,0.0,0.0,0.0,0.0,0.0,0.0
00397aa95c32b418c5912c334906e4c9c07c9c1a,0,0.0,0.0,0.0642664872139973,0.0,0.0,0.0,0.0,0.0,0.0,0.0,0.0,0.0,0.0,0.0,0.0,0.0,0.0,0.0,0.0,0.0,0.0
0039b1adabf4032af4da32e79bd0d7307e71b854,0,0.0,0.0,0.0,0.0,0.0,0.0,0.0,0.0,0.0,0.0,0.0,0.0,0.0,0.0,0.0,0.0,0.0,0.0,0.0,0.0,0.0
0039d28c203c03dc8460fbb91fa295b287d49199,0,0.9384508990318119,0.0,0.0,0.009160382610455995,0.0,0.0,0.0,0.0,0.0,0.0,0.010425628827369806,0.0,0.0,0.0,0.0,0.0,0.0,0.0,0.0,0.0,0.0
0039f6a10a8afc639e621ec4a6601306bafd9adf,1,0.0,0.0,0.0,0.0,0.0,0.0,0.0,0.0,0.0,0.006944444444444444,0.0,0.0,0.0,0.0,0.0,0.0,0.0,0.0,0.0,0.0,0.0
003a0287f27109296f45e7c1f7e31f6b7c4e64f1,0,0.9432918395573997,0.0,0.0,0.0,0.0,0.0,0.0,0.0,0.0,0.0,0.0,0.0,0.0,0.0,0.0,0.0,0.02159481114078596,0.0,0.04067149942769935,0.013124761541396414,0.0
003a95223a0ff8621ac45bcd533b0a7bc8fd4f83,0,0.9432918395573997,0.0,0.0,0.0,0.0,0.0,0.0,0.0,0.0,0.0,0.0,0.0,0.0,0.0,0.0,0.0,0.0,0.0,0.0,0.0,0.0
003affb47968bf915011cfa9e71ee90b78cdd507,0,0.9474412171507607,0.0,0.0,0.0,0.0,0.0,0.0,0.0,0.0,0.0,0.0,0.0,0.0,0.0,0.0,0.0,0.0,0.0,0.0,0.0,0.0
003b2d7e4aa5ef8fe19244e49815a14215d7dfbf,1,0.0,0.0,0.0729673384294649,0.0,0.0,0.0,0.0,0.0,0.0,0.027102154273801252,0.0,0.0,0.0,0.0,0.0,0.0,0.0,0.0,0.0,0.0,0.0
003b3adb8e0bf18c5ecca2f021c287afdd567df5,0,0.9439834024896265,0.0,0.0,0.0,0.0,0.0,0.0,0.0,0.0,0.0,0.0,0.0,0.0,0.014506254990684057,0.0,0.0,0.0,0.0,0.0,0.0,0.0
003b5215fb95fed1b92ca3b0672046b066185cf3,1,0.9377593360995851,0.0,0.0,0.0,0.0,0.0,0.0,0.0,0.0,0.0,0.0,0.0,0.0,0.0,0.0,0.0,0.0,0.0,0.0,0.0,0.0
003b55f4e412fe936f198a390931ec34b7db4f77,1,0.9391424619640387,0.0,0.0,0.0,0.0,0.0,0.0,0.0,0.0,0.0,0.0,0.0,0.0,0.0,0.0,0.0,0.0,0.0,0.0,0.02637528259231349,0.0
003b963b90c61eb61a4bda58d4ba016ff10abdff,0,0.941908713692946,0.0,0.0,0.0,0.0,0.0,0.0,0.0,0.0,0.0,0.0,0.0,0.0,0.0,0.0,0.018006148440931048,0.0,0.0,0.0,0.0,0.0
003bfe12125ab64c935ae873617ae3fecf29f760,1,0.9398340248962656,0.0,0.015151515151515152,0.0,0.008476372112735749,0.0,0.0,0.0,0.0,0.0,0.0,0.0,0.0,0.0,0.0,0.0,0.010065691883873702,0.0,0.0,0.0,0.0
003c00a7d75e5b1408e218a66d7dad1ac8349747,0,0.9439834024896265,0.0,0.0,0.0,0.0,0.0,0.0,0.03383611903791276,0.0,0.0,0.0,0.0,0.0,0.0,0.0,0.0,0.0,0.0,0.0,0.0,0.0
003c2e48097a6a790360973e4070f377c5657e10,0,0.9370677731673582,0.0,0.0,0.0,0.0,0.0,0.0,0.0,0.0,0.05217391304347826,0.0,0.0,0.0,0.0,0.0,0.0,0.0,0.0,0.0,0.0,0.0
003c3c21a7ee4f8ce34e82f204d5aaf63432de87,0,0.9398340248962656,0.008579474752767045,0.0,0.021808893837186455,0.0,0.0,0.0,0.010315017355426026,0.0,0.0,0.0,0.0,0.0,0.044043486803327,0.01591459820551444,0.0,0.0,0.04188224507171393,0.0,0.0,0.0
003c459077dc6e108241e9d7230568295f57040b,0,0.950207468879668,0.0,0.0,0.0,0.0,0.0,0.0,0.0,0.0,0.0,0.0,0.0,0.0,0.0,0.0,0.0,0.0,0.0,0.0,0.0,0.0
003c72db16440e592df0927f5f667756f0b53b1a,0,0.9377593360995851,0.0,0.0,0.05389514943655071,0.0,0.0,0.0,0.0,0.0,0.0,0.0,0.0,0.015188633023027927,0.0,0.0,0.0,0.0,0.0,0.0,0.0,0.0
003ca6ac4684fa950d0cd6610688a555b1f361c4,0,0.0,0.0,0.0,0.0,0.0,0.0,0.0,0.0,0.0,0.0,0.0,0.0,0.0,0.017438692098092644,0.0,0.0,0.0,0.0,0.0,0.0,0.0
003cabc0aac357f578c7fb2cb241a7e390f16afa,0,0.941908713692946,0.0,0.0,0.0,0.06504961411245866,0.0,0.0,0.0,0.0,0.0,0.0,0.0,0.0,0.0,0.0,0.0,0.0,0.0,0.0,0.0,0.0
003cb4ad6399ea5268b39fd15df47c17e3f4d52a,1,0.9370677731673582,0.010228166797797011,0.0,0.0,0.0,0.01035929714135851,0.0,0.0,0.0,0.0,0.0,0.0,0.0,0.0,0.0,0.0,0.02098085496984002,0.0,0.0,0.02989771833202203,0.0
003cbbc171ce2fa44239685d36aa43cdad2d85c0,0,0.0,0.0,0.0,0.0,0.0,0.0,0.0,0.0,0.0,0.0,0.0,0.0,0.0,0.0,0.0,0.0,0.0,0.0,0.0,0.0,0.0
003ccac81c0652114ab94fd84d5bf36a686509e9,0,0.0,0.0,0.0,0.005698005698005698,0.0,0.027540360873694207,0.0,0.12725546058879392,0.0,0.0,0.0,0.0,0.0,0.005698005698005698,0.0,0.0,0.037037037037037035,0.0,0.0,0.0,0.0446343779677113
003ccc592a9e549af7bad48b62ebe47d8751fefc,0,0.9432918395573997,0.0,0.05116022099447514,0.0,0.0,0.0,0.027955801104972377,0.0,0.0,0.0,0.0,0.0,0.0,0.0,0.0,0.0,0.0,0.0,0.0,0.0,0.0
003d518a340bc5097be69fcf70c0a8131b9302ef,0,0.9363762102351314,0.0,0.0,0.0,0.0,0.0,0.0,0.0,0.0,0.0,0.0,0.0871306960440661,0.0,0.0,0.0,0.0,0.0,0.0,0.0,0.0,0.024036054081121683
003dc1eaf59995415b645c1f3373632a7fb3696a,0,0.9412171507607192,0.0,0.0,0.0,0.0,0.0,0.0,0.0,0.0,0.0,0.0,0.0,0.0,0.0,0.0,0.02711438319267373,0.0,0.0,0.0,0.0,0.0
003dfe4fbb72c767e0d8c4ff90f78659479c7158,0,0.9384508990318119,0.011968085106382979,0.0,0.03102836879432624,0.011968085106382979,0.0,0.0,0.03235815602836879,0.014184397163120567,0.0,0.0,0.0,0.015070921985815602,0.030141843971631204,0.0,0.0,0.0,0.008865248226950355,0.0,0.0,0.0
003e59a8ad35ab80688018cc91a0288875c8d7c6,1,0.9384508990318119,0.0,0.0,0.0,0.0,0.0,0.0,0.0,0.0,0.0,0.0,0.0,0.0,0.0,0.0,0.0,0.0,0.0,0.0,0.0,0.0
003e5a77eee0e4c1779ed897f55f28554873d8bf,0,0.9426002766251729,0.015955714750895474,0.0,0.0,0.0,0.0,0.0,0.0,0.04216867469879518,0.0411917942038424,0.0,0.0,0.0,0.0,0.0,0.0,0.0,0.006024096385542169,0.0,0.027352653858677956,0.0
003e6e80f84a7f0a6a94778ee5cdc014c095f80a,1,0.9349930843706777,0.0,0.0,0.08587717025136046,0.0,0.0,0.0,0.02409950764446748,0.0,0.0,0.0,0.0,0.0,0.04159108577351645,0.0,0.36794506348795025,0.0,0.0,0.0,0.0,0.0
003e80a7d2ed46ae1be4bc162d0f8c47c90c112e,0,0.946058091286307,0.015816558195852884,0.0,0.033903435749962164,0.07582866656576358,0.0,0.0,0.0,0.0,0.0,0.0,0.0,0.0,0.0,0.0,0.0,0.06576358407749357,0.0,0.0,0.0,0.04464961404570909
003ea38ba04de2e0bbc92377d3a36c2cf567a23a,0,0.9412171507607192,0.0,0.0,0.0,0.0,0.0,0.0,0.0,0.0,0.0,0.0,0.0,0.0,0.0,0.0,0.0,0.0,0.0,0.0,0.0,0.0
003eb5fc8ea29f8180d0a59b9140e16ddfd61f2f,1,0.9349930843706777,0.0,0.0,0.009377930603313536,0.0,0.0,0.0,0.0,0.0,0.0,0.0,0.0,0.015160987808690216,0.0,0.0,0.0,0.0,0.0,0.0,0.0,0.0
003ec771a1c0d270eb1f42fc978a763b14d2408a,0,0.9426002766251729,0.0,0.0,0.0,0.0,0.0,0.0,0.0,0.0,0.0,0.0,0.0,0.008283132530120483,0.0,0.0,0.0,0.0,0.0,0.0,0.0,0.0
003ee96ed0e40083f69b8af4f934dc47bf42ba3b,0,0.9439834024896265,0.015770383220312253,0.0,0.0,0.0,0.0,0.0,0.0,0.0,0.0,0.0,0.0,0.0,0.0,0.0,0.0,0.0,0.0,0.0,0.0,0.011354675918624822
003f11927bc88b406a37b2528fbdb56c625f5d4a,1,0.9543568464730291,0.0,0.027691350342252646,0.0,0.0,0.0,0.0,0.0,0.0,0.0,0.0,0.0,0.0,0.0,0.0,0.0,0.0,0.0,0.0,0.0,0.0
003f24c96c0b511a4595db01166e01c9407e3fa3,1,0.0,0.10550181378476421,0.0,0.0,0.0,0.0,0.0,0.0,0.0,0.0,0.0,0.0,0.0,0.0,0.0,0.0,0.0,0.0,0.0,0.08706166868198308,0.0
003f5100a524ded7d8271d6f62634ac44151d462,1,0.0,0.0,0.0,0.0,0.0,0.0,0.0,0.0,0.0,0.0,0.0,0.0,0.0,0.0,0.0,0.0,0.0,0.0,0.0,0.0,0.0
004012b4970c13721ad3a03d05fa8af53d68274c,0,0.9426002766251729,0.0,0.0,0.0,0.0,0.0,0.0,0.0,0.0,0.0,0.0,0.0,0.0,0.0,0.0,0.0,0.0,0.0,0.0,0.0,0.0
00405298cb2c0d1a47dbc87f03f3f608861c6b48,1,0.9426002766251729,0.0,0.0,0.0,0.0,0.0,0.0,0.0,0.009941089837997054,0.02577319587628866,0.0,0.0,0.0,0.0,0.010861561119293078,0.0,0.0,0.0,0.0,0.0,0.0
004059e4ea7812dbada7d2e791c8f8a4a7bb15b1,1,0.9412171507607192,0.0,0.0,0.0,0.036831208455922415,0.0,0.0,0.005557371690094802,0.0,0.0,0.0,0.0,0.0037049144600632016,0.0,0.11583306091315244,0.0,0.0,0.0030511060259344014,0.0,0.0,0.0059932439795140026
0040d725d500d3e61c1a354cca95c39be28a2c63,1,0.9522821576763485,0.0,0.0,0.0,0.015889830508474576,0.0,0.0,0.0,0.014830508474576272,0.0,0.0,0.0,0.0,0.0,0.0,0.0,0.0,0.0,0.0,0.0,0.0
00415324ad0ec600e983ce65d1dd0130c3317dec,0,0.9391424619640387,0.0,0.01209553158705701,0.0,0.0,0.0,0.0,0.0,0.0,0.0,0.0,0.0,0.0,0.0,0.0,0.0,0.0,0.0,0.0,0.0,0.0
00417d0c9f1111f39f248746a131e449a9b55503,1,0.0,0.0,0.019438444924406047,0.0,0.0,0.0,0.0,0.0,0.0,0.0,0.0,0.0,0.0,0.0,0.0,0.0,0.0,0.0,0.0,0.0,0.0
0041e494bbac94ac502a372f232ee685400f0eaa,1,0.9412171507607192,0.0,0.04470588235294118,0.0,0.0,0.0,0.0,0.0,0.0,0.0,0.0,0.0,0.0,0.0,0.0,0.0,0.042352941176470586,0.0,0.0,0.0,0.0
0041e603fdebccc75f579253380ea04cfa74aaa9,0,0.9384508990318119,0.030402629416598194,0.0,0.0,0.0,0.0,0.0,0.0,0.0,0.0,0.0,0.0,0.0,0.11668036154478226,0.0,0.0,0.0,0.0,0.0,0.0,0.0
004268ce68d528c07bd6752d92781e7cfd70ae00,1,0.9405255878284924,0.0,0.0,0.0,0.0,0.0,0.0,0.0,0.0,0.0,0.0,0.0,0.01380223104556627,0.0,0.0,0.0,0.0,0.0,0.0,0.0,0.0
00429b36cf1cbf941a2d99fadd034dc3acf48026,0,0.9453665283540802,0.0,0.0,0.0,0.0,0.0,0.0,0.0,0.0,0.0,0.0,0.0,0.0,0.0,0.0,0.0,0.0,0.0,0.0,0.0,0.0
0042a1190bd05be81a2844d331417906f9a258e8,0,0.946058091286307,0.0,0.0,0.0,0.0,0.0,0.0,0.0,0.0,0.0,0.0,0.034530196725821985,0.0,0.0,0.0,0.0,0.0,0.0,0.0,0.0,0.0
0042e798b7f58ad4158ff7b53f0b2d49f38ef13e,1,0.9453665283540802,0.0,0.0618647812638091,0.0,0.11695389600824864,0.04139048460745323,0.0,0.0,0.0,0.0,0.0,0.0,0.0,0.0,0.0136986301369863,0.0,0.014729709824716454,0.0,0.0,0.0,0.05700397702165267
00430f0078e2f4dbf4443265f6d0ef0d0eadfbba,1,0.941908713692946,0.0,0.027803158856546144,0.0,0.012792063699255972,0.0,0.0,0.0,0.0,0.0,0.0,0.0,0.0,0.0,0.0,0.0,0.037331940999869466,0.0,0.0,0.01475003263281556,0.0
00431aff5f55a069db2156ca7eb0c7d17a93f640,0,0.9412171507607192,0.0,0.0,0.0,0.0,0.0,0.0,0.0,0.0,0.011741122565864834,0.0,0.0,0.0,0.0,0.0,0.0,0.0,0.0,0.0,0.0,0.0
00434dd4ee2a91dd0bb48c6deda99ec80dfbc9df,1,0.9412171507607192,0.0,0.0,0.0,0.0,0.0,0.0,0.0,0.0,0.0,0.0,0.0,0.0,0.0,0.0,0.0,0.0,0.0,0.0,0.0,0.0
00438427164347ffdffd6a0c9841a74c451b567f,0,0.9453665283540802,0.0,0.0,0.0,0.0,0.0,0.0,0.0,0.0,0.0,0.0,0.0,0.03428571428571429,0.0,0.0,0.0,0.0,0.041428571428571426,0.0,0.0,0.0
0043ace3b5b956a5c5efb663e370876f6f94d68e,0,0.9439834024896265,0.09251101321585903,0.0,0.0,0.0,0.0,0.0,0.0,0.0,0.0,0.0,0.0,0.0,0.0,0.0,0.0,0.0,0.0,0.0,0.0,0.0
0043c388c34d8f48879f8f9fa2be3f6ba9bd54ed,0,0.9384508990318119,0.0,0.0,0.0,0.0,0.04802338530066815,0.0,0.0,0.0,0.0,0.0,0.0,0.05888084632516704,0.0,0.0,0.0,0.0,0.0,0.0,0.0,0.0
004426d19ca348a08a25f0f3ebe429dd06b64e98,0,0.9412171507607192,0.0037753657385559227,0.0,0.0,0.0,0.0,0.0,0.02784332232184993,0.0,0.0,0.0,0.0,0.0033034450212364322,0.0,0.0,0.0,0.009438414346389807,0.0,0.0,0.0,0.03067484662576687
00445b0d0d32093a0c51ca81679fddfa9f83c40a,0,0.9508990318118948,0.0,0.0,0.0,0.0,0.0,0.0,0.0,0.0,0.0,0.0,0.0,0.0,0.0,0.0,0.0,0.0,0.0,0.0,0.00957786449095424,0.0
004471b7e2b4fc470ca9a0e327d81dddce3e6574,0,0.0,0.0,0.0,0.0,0.0,0.0,0.0,0.0,0.0,0.0,0.0,0.0,0.0,0.0,0.0,0.0,0.0,0.0,0.0,0.0,0.0
00448f0220765d669ff9d183c811ab9414d01602,1,0.9384508990318119,0.0,0.05512744516893894,0.0,0.004149377593360996,0.0,0.004267931238885595,0.0,0.0,0.0,0.0,0.0,0.0,0.0026081802015411972,0.0,0.0,0.0,0.0,0.0,0.0,0.0035566093657379964
0044bc912a88eccbdfb6a965111cfe0ffbf8be01,0,0.0,0.0,0.0,0.0,0.0,0.0,0.0,0.0,0.0,0.0,0.0,0.0,0.03972498090145149,0.03590527119938885,0.0,0.0,0.0,0.0,0.0,0.0,0.0
0044e1feb1734da24d43381813bf818d731e8177,0,0.0,0.0,0.0,0.0,0.0,0.0,0.0,0.0,0.0,0.0,0.0,0.0,0.0,0.0,0.0,0.0,0.0,0.0,0.0,0.0,0.0
0044f333cdbfa2439c277196656439ec7444de81,0,0.0,0.0,0.017578072823444556,0.0,0.0,0.0,0.0,0.0,0.04520075868885742,0.015173777148505329,0.0,0.0,0.023348382443298694,0.0,0.0,0.0,0.0,0.0,0.0,0.0,0.0
0044fa1b23959aa152348bf544fae56fa3bc54da,1,0.9377593360995851,0.0,0.02870533099004101,0.0,0.0,0.0,0.0,0.0,0.0,0.0,0.0,0.0,0.0,0.021675454012888107,0.0,0.0,0.0,0.0,0.0,0.0,0.0
004505c4c792d26b7238d8edd9c9e2aa8b45cb00,0,0.9398340248962656,0.0,0.0,0.0,0.0,0.0,0.0,0.0,0.0,0.0,0.0,0.0,0.0,0.0,0.0,0.0,0.0,0.0,0.0,0.0,0.02719343252950231
00450c103e47536c34c98b4c51bea4db5f11a173,0,0.9377593360995851,0.05812220566318927,0.011177347242921014,0.0,0.019374068554396422,0.02533532041728763,0.0,0.0,0.0,0.0,0.0,0.0,0.0,0.020864381520119227,0.0,0.0,0.0,0.0,0.0,0.019374068554396422,0.05067064083457526
0045402f5f0367161e18fdcea4cc1a7ee40cdd54,1,0.9356846473029046,0.0,0.009234622006573798,0.0,0.01909532008138989,0.011425888245421819,0.0,0.0,0.0,0.0,0.0,0.0,0.0,0.0,0.0,0.0,0.0,0.0,0.0,0.0,0.0
00456ba983e5d59c62459149b7662dcf10d72e69,1,0.0,0.0,0.0,0.0,0.0,0.0,0.02351808554531701,0.0,0.0,0.0,0.0,0.0,0.0,0.0,0.0,0.0,0.0,0.0,0.0,0.0,0.0
00458c96257bab27657adca90732ecc4904300de,1,0.9412171507607192,0.032622470829873705,0.0,0.0,0.0,0.03349648210461915,0.0,0.0,0.0,0.0,0.0,0.0,0.0,0.0,0.0,0.0,0.0,0.0,0.0,0.0,0.0
0045926e8a9c4775026e7eef8977e7548083422c,0,0.941908713692946,0.0,0.0,0.0,0.0,0.0,0.0,0.0,0.0,0.0,0.009686888454011743,0.0,0.0,0.0,0.0,0.0,0.0,0.0,0.0,0.0,0.0
00459e92ecb7e10172b60325dca726ba08334f63,0,0.0,0.02005482614341365,0.0,0.0,0.0,0.0,0.0,0.0,0.0,0.0,0.0,0.0,0.0,0.0,0.0,0.0,0.0,0.0,0.0,0.033905641321598616,0.0
0045a4eccaa8b501bb399dc0f657734ce416a3ca,1,0.9370677731673582,0.06686635538719056,0.012598008985992424,0.0,0.0,0.0,0.017795788917276012,0.0,0.0,0.0,0.0,0.0,0.0,0.013831380495110563,0.0,0.0,0.010307461897630165,0.0,0.0,0.0,0.0
0045b09eb801882f0d632fb38fbf829693b780ce,1,0.9391424619640387,0.0,0.0,0.0,0.0,0.0,0.0,0.011145272867025366,0.0,0.0,0.0,0.0,0.0,0.011145272867025366,0.0,0.0,0.0,0.010760953112990008,0.0,0.0,0.0
0046071db67dd5302d07b24c540126f340667f8d,0,0.0,0.0,0.0,0.0,0.0,0.0,0.0,0.0,0.0,0.0,0.0,0.0,0.0,0.0,0.0,0.0,0.0,0.0,0.0,0.012759170653907496,0.0
0046255f35a673a710abd6491a25ea70848fd5f0,0,0.9384508990318119,0.013680387409200969,0.007990314769975786,0.0,0.0,0.0,0.0,0.0,0.0,0.0,0.0,0.0,0.0,0.0,0.0,0.0,0.009443099273607748,0.0,0.0,0.0,0.0
004627a113e620cbf06747ff3a9b6813097508a2,0,0.0,0.05362700502753172,0.0,0.0,0.0,0.0,0.0,0.0,0.0,0.0,0.0,0.0,0.0,0.0,0.0,0.0,0.0,0.0,0.0,0.06224563083552789,0.0
0046f9302ff8bd4ad9ffe133ce15e98aa9758d09,0,0.9467496542185339,0.08866705813270699,0.0,0.0,0.0,0.0,0.0,0.0,0.0,0.0,0.0,0.0,0.0,0.0,0.0,0.0,0.0,0.0,0.0,0.0,0.0
004772560c85924565f27af2ced405b71654abd6,0,0.9481327800829875,0.01325285395617373,0.0,0.0,0.0,0.0,0.0,0.0,0.0,0.0,0.0,0.0,0.0,0.0,0.0,0.0,0.0,0.0,0.0,0.0,0.0
00477e9668d0ea687874c04e219427537169b08f,0,0.9384508990318119,0.0,0.0,0.0,0.0,0.0,0.0,0.0,0.0,0.0,0.0,0.0,0.0,0.020677564069509616,0.0,0.0,0.0,0.0,0.0,0.0063940597122673125,0.006909709689063064
0047900ffc06e284ae3ee73cc224194fe2c18e1f,1,0.9426002766251729,0.0,0.0,0.0,0.0,0.0,0.0,0.0,0.0,0.0,0.0,0.0,0.0,0.0,0.0,0.0,0.0,0.0,0.0,0.0,0.0
00479bcbc615af694dcabbd0f1c39a26ec2b4fcc,0,0.0,0.01737106017191977,0.0,0.0,0.0,0.0,0.0153414517669532,0.0,0.0,0.0,0.0,0.0,0.0,0.0,0.0,0.0,0.0,0.0,0.0,0.0,0.0
0047b1ac482dc5fa35dfe870651a690ad99212fb,1,0.9488243430152143,0.0,0.0,0.0,0.0,0.0,0.0,0.0,0.0,0.0,0.0,0.0,0.02186691747002116,0.0,0.0,0.0,0.025864095932283095,0.0,0.0,0.0,0.0075241006348459915
0047b9a66007bae33d0c92012813673b5a6d25a6,0,0.9412171507607192,0.0,0.0,0.0,0.0,0.0,0.0,0.0,0.04819908316961362,0.0,0.0,0.0,0.0,0.0,0.0,0.0,0.0,0.0,0.0,0.0,0.0
0047f55f1afb53fe486b76cc67957bdef7da9de3,0,0.9412171507607192,0.0,0.0,0.0,0.0,0.0,0.0,0.0,0.0,0.0,0.0,0.0,0.0,0.0,0.0,0.0,0.0,0.0,0.0,0.0,0.0
004887b066248daec9f805912818d1afbe7d8ae2,1,0.0,0.0,0.0,0.0,0.0,0.0,0.0,0.0,0.0,0.0,0.0,0.0,0.0,0.0,0.0,0.0,0.0,0.0,0.0,0.0,0.0
00489b25aafa16486bc0b5521fe001f46cc55b34,0,0.9391424619640387,0.005547985205372786,0.008701576795795212,0.0,0.0,0.0,0.0,0.012186100837064435,0.0,0.0,0.0,0.0,0.0,0.0,0.0,0.0,0.0,0.0,0.0,0.0,0.0
0048e6248eb5102215312fada768a4cddcd6ca54,1,0.9405255878284924,0.0,0.0,0.00579920973480902,0.0,0.0,0.0,0.0,0.0,0.0,0.0,0.0,0.0,0.0,0.0,0.0,0.0,0.0,0.0,0.0,0.0
004925481f89f9987859b335c70b2352935e9ef6,1,0.9391424619640387,0.020461154964686333,0.0,0.0,0.023005816368923973,0.0,0.07057540506855006,0.012671375155795596,0.0,0.0,0.0,0.0,0.0,0.027835479850436228,0.0,0.0,0.0,0.0,0.0,0.0,0.0
00496ca782bbd63ef3fb5ac7db30cc7bef508e22,0,0.9591977869986169,0.019867549668874173,0.033112582781456956,0.0,0.0,0.0,0.0,0.02097130242825607,0.0,0.0,0.0,0.0,0.0,0.0,0.0,0.0,0.0,0.0,0.0,0.0,0.03421633554083885
004981b52911b3f6090b59ef93f5442864f8e1c6,0,0.941908713692946,0.007685916078105526,0.16680515164104695,0.0,0.0,0.0,0.04756958869962609,0.0,0.0,0.0,0.0,0.0,0.0,0.0,0.0,0.0,0.0,0.0,0.0,0.0,0.0
00499b1629d8fcdf6a91c97a19f1c8b39f09a684,1,0.0,0.058004640371229696,0.0,0.0,0.0,0.0,0.0,0.027842227378190254,0.0,0.0,0.0,0.0,0.0,0.0,0.0,0.0,0.0,0.0,0.0,0.0,0.08352668213457076
0049b5ec202f9422487568e6016bcf7cad8feec4,0,0.9550484094052559,0.01543579507651364,0.0,0.0,0.0,0.0,0.0,0.0,0.0,0.0,0.0,0.0,0.047238855622089154,0.0,0.0,0.01709913506320692,0.0,0.09208250166333999,0.0,0.0,0.0
0049fb552b78716e2f130d9d13f72de1b0341260,0,0.9453665283540802,0.0,0.0,0.0,0.0,0.0,0.0,0.0,0.0,0.0,0.0,0.0,0.0162885933833341,0.0,0.0,0.0,0.0,0.005521557079096305,0.0,0.09174987346431694,0.0
004a3a3d91d0890a3b25db93a6d10679701a552c,1,0.9377593360995851,0.0,0.0,0.0,0.0,0.0,0.0,0.0,0.0,0.07162534435261708,0.0,0.0,0.0,0.008953168044077135,0.0,0.0,0.0,0.0,0.0,0.0,0.0
004a6f5cedf5d2cfd8c8e781fb1a91aa02b53533,0,0.9384508990318119,0.012666973744818056,0.007369875633348687,0.0,0.0,0.0,0.0,0.0,0.0,0.0,0.0,0.0,0.0,0.0,0.0,0.0,0.008060801473975126,0.0,0.0,0.0,0.0
004a95df015c11f278c3fb6aab2a08612d97d82b,1,0.9412171507607192,0.0,0.0,0.0,0.0,0.0,0.0,0.0,0.0,0.0,0.0,0.0,0.0,0.0,0.0,0.0,0.013310227859302411,0.0,0.0,0.0,0.0
004ab12d68d165e1c52bfca4e78132f5bd08d7d6,0,0.9377593360995851,0.0,0.0,0.0,0.0,0.0,0.0,0.013765132427948135,0.0,0.0,0.0,0.0,0.0,0.0,0.0,0.006145148405333989,0.0,0.0,0.0,0.0,0.0
004b05cfb04c5f880470838adaf2a8d8b8fe6176,0,0.9453665283540802,0.0,0.0,0.0,0.0,0.0,0.0,0.0,0.0,0.0,0.0,0.0,0.0,0.0,0.0,0.0,0.027047332832456798,0.0,0.0,0.0,0.0
004b1811573fa1f1af58d038f91ed0da79aef6b5,1,0.9426002766251729,0.0,0.0,0.0,0.0,0.0,0.0,0.0,0.0,0.0,0.0,0.0,0.0,0.0,0.023148148148148147,0.0,0.0,0.013888888888888888,0.0,0.0,0.037037037037037035
004b1e3395b055a01e871862c45244394e1866dc,1,0.9398340248962656,0.0,0.010997643362136685,0.0,0.0,0.0,0.0,0.0,0.0,0.0,0.0,0.0,0.007069913589945012,0.01021209740769835,0.0,0.0,0.0,0.0,0.0,0.0,0.0
004b94cea7e472832f963b6a4f373176f121a473,1,0.9391424619640387,0.0,0.0,0.0,0.0,0.0,0.0,0.0,0.0,0.0,0.0,0.0,0.0,0.0,0.0,0.0,0.0,0.0,0.0,0.0,0.0
004b9f8f283fa02c80d65a535e0cef5dffeeab4f,0,0.0,0.0,0.013502619911326078,0.0,0.0,0.0,0.0,0.0,0.04322853688029021,0.014812575574365175,0.0,0.0,0.0,0.02962515114873035,0.0,0.0,0.0,0.0,0.0,0.0,0.0
004c2bdebc925fbe98191f27ac76eec872225fe6,1,0.9432918395573997,0.0,0.0,0.0,0.0,0.0,0.0,0.0,0.0,0.0,0.0,0.0,0.0,0.0,0.0,0.0,0.0,0.0,0.0,0.0,0.0
004d1011555c4e8d6c973a95d1b53ab936b6e65a,0,0.0,0.0,0.0,0.0,0.0,0.0,0.0,0.0,0.0,0.0,0.0,0.0,0.0,0.0,0.0,0.0,0.0,0.0,0.0,0.0,0.0
004d2ba685e2b53fed0429b7892b960175a8233a,0,0.9398340248962656,0.0,0.0,0.0,0.0,0.0,0.0,0.0,0.0,0.0,0.0,0.0,0.0,0.0,0.0,0.0,0.0,0.0,0.04180285566832961,0.0,0.0
004d96811040913ef3dc0c507d0a83ecef0f90a0,0,0.0,0.0,0.012622720897615708,0.0,0.0,0.0,0.0,0.0,0.0,0.0,0.0,0.0,0.0,0.0,0.0,0.0,0.0,0.0,0.0,0.0,0.0
004db065059f186f3a7b3d5a14158921a6ca8d2b,1,0.9363762102351314,0.0,0.0,0.0,0.0,0.0,0.0,0.0,0.0,0.0,0.0,0.0,0.00843817382298511,0.0,0.015365286337628823,0.0,0.0,0.025637107590960797,0.0,0.0,0.0
004e22070c75a06103dd89e60e752ee4ef74fc9e,1,0.9398340248962656,0.0,0.01880803110864217,0.0,0.029204031426077297,0.0,0.0,0.0,0.0,0.0,0.0,0.0,0.0,0.0,0.0,0.0,0.01666534402031585,0.0,0.0,0.0,0.012697404967859694
004e49579e3dcef445ceea084acd3a276100c36a,1,0.0,0.0,0.0,0.0,0.0,0.0,0.0,0.0,0.0,0.022511255627813906,0.0,0.0,0.0,0.0,0.0,0.0,0.0,0.0,0.0,0.0,0.0
004e4e1831d13564c7c9ab3f21a8bcbfe5bb9f94,0,0.9377593360995851,0.0,0.0,0.0,0.0,0.006181645268663814,0.0,0.0,0.0,0.0,0.0,0.0,0.0,0.0,0.008559201141226819,0.0,0.0,0.0,0.011412268188302425,0.0,0.011887779362815026
004ecfe38e4d4a15e49032d0f84fb6ddaf9677e0,0,0.0,0.0,0.0,0.0,0.0,0.0,0.0,0.0,0.0,0.0,0.0,0.0,0.0,0.0,0.0,0.10685302073940486,0.0,0.0,0.0,0.0,0.0
004ed5c9a44cc3471375fa694cd88e01e398c978,0,0.0,0.0,0.0,0.009331778036993834,0.0,0.0,0.0,0.0,0.0,0.0,0.0,0.0,0.0,0.0,0.0,0.0,0.0,0.0,0.0,0.0,0.0
004ed5e216d71f4628870b518dbbc904ed81e7ae,0,0.9432918395573997,0.0,0.012479405475514425,0.0,0.0,0.0366670172117643,0.0,0.0,0.011918533319311529,0.0,0.0,0.0,0.0,0.0,0.0,0.0,0.0,0.0,0.0,0.0,0.0
004edda5a9ff9a9ba14e45b5fc38b9e631b46cb9,1,0.0,0.0,0.0,0.0,0.0,0.0,0.0,0.0,0.0,0.0,0.0,0.0,0.0,0.0,0.0,0.0,0.0,0.0,0.0,0.0,0.0
004f3d09e118f768d8e912366a922e6f6784578c,0,0.9377593360995851,0.0,0.0,0.0,0.0,0.0,0.0,0.0,0.0,0.0,0.0,0.0,0.0,0.0,0.0,0.0,0.0,0.0,0.0,0.0,0.0
004f549cab66c483eaf7899d17f4b1a445276c01,0,0.941908713692946,0.0,0.0,0.0,0.0,0.0,0.0,0.0,0.0,0.0,0.0,0.0,0.0,0.0,0.0,0.0,0.0,0.0,0.0,0.0,0.0
004f773c693ee3b199b784ae0fb59b7386219ac2,0,0.9495159059474412,0.0,0.0,0.0,0.0,0.0,0.0,0.0,0.0,0.0,0.0,0.0,0.0,0.0,0.0,0.0,0.0,0.0,0.0,0.0,0.0
004fb40f4740f4ecedc1b73f4bcbafc960226663,0,0.9412171507607192,0.0,0.0,0.046622461665975966,0.0,0.0,0.0,0.0,0.0,0.0,0.0,0.0,0.022585992540406132,0.0,0.0,0.022793203481143803,0.0,0.0,0.0,0.0,0.0
004ffda945c5b3b34d37709b21cce26c0324c984,0,0.9453665283540802,0.0,0.0,0.0,0.0,0.0,0.0,0.0,0.0,0.0,0.0,0.0,0.0,0.0,0.0,0.0,0.0,0.0,0.0,0.0,0.0
005070c9c89651c5f443e1d49d9d17ff2932b43d,0,0.9426002766251729,0.0,0.0,0.0,0.0,0.03436426116838488,0.0,0.0,0.0,0.0,0.0,0.0,0.0,0.0,0.0,0.0,0.0,0.0,0.0,0.0,0.0
0050b7b65c44bbbbe842037e666f4d8563dafcd2,0,0.9481327800829875,0.0,0.0,0.0,0.0,0.0,0.0,0.0,0.0,0.0,0.0,0.0,0.0,0.0,0.0,0.0,0.0,0.0,0.0,0.0,0.0
0050ce7bf8b260d594cb82e13b767dd236da4760,0,0.0,0.0,0.0,0.0,0.0,0.0,0.0,0.0,0.0,0.0,0.0,0.0,0.0,0.0,0.0,0.0,0.0,0.0,0.0,0.0,0.0
0050d2483a5573b7256f84fa085c6a4682bfe8b4,0,0.941908713692946,0.0,0.0,0.0,0.0,0.0,0.0,0.0,0.0,0.0,0.0,0.0,0.0,0.0,0.0,0.0,0.0,0.0,0.0,0.0,0.0
0050ef8ba74ec57076e9c3e0ef514af30b6caa2a,1,0.941908713692946,0.027874564459930314,0.020209059233449476,0.0,0.0,0.0,0.012543554006968641,0.0,0.0,0.0,0.0,0.0,0.0,0.0,0.0,0.0,0.0,0.0,0.0,0.021602787456445994,0.0
0050f671e168a957476e1f5ea6e489770a6ba16a,0,0.0,0.013308573197152585,0.016094088517486844,0.0,0.0,0.0,0.0,0.0,0.0,0.0,0.0,0.0,0.0,0.0,0.0,0.0,0.0,0.0,0.0,0.0,0.0
0051047c2caa43ca58392f9b33851dccb2722641,0,0.9432918395573997,0.008534850640113799,0.0,0.0,0.0,0.04504504504504504,0.0,0.0,0.0,0.0,0.0,0.0,0.00948316737790422,0.0,0.0,0.0,0.0,0.0,0.0,0.008060692271218587,0.027501185395922237
005189286c86ab75e745c937248e91751b73a3f2,0,0.0,0.0,0.0,0.0,0.0,0.0,0.0,0.0,0.0,0.0,0.0,0.0,0.0,0.0,0.0,0.0,0.0,0.0,0.0,0.0,0.0
0051acdf1244e52044cd03ae05356c59d87b2ce4,0,0.9370677731673582,0.0,0.0,0.013099193165638349,0.0,0.0,0.0,0.03284290460370195,0.0,0.0,0.0,0.0,0.008922638822971049,0.0,0.0,0.009492168960607499,0.0,0.0,0.0,0.0,0.0
0051bbebc5b8d1a7f6dbcdd64d88535334197063,1,0.9439834024896265,0.0,0.0,0.0,0.0,0.0,0.0,0.0,0.0,0.0,0.0,0.0,0.0,0.0,0.0,0.0,0.0,0.0,0.0,0.0,0.0
0051fa1035e7d5612b1f8d64bf25758beac45213,0,0.0,0.0,0.0,0.0,0.0,0.0,0.0,0.0,0.0,0.0,0.0,0.0,0.0,0.0,0.0,0.0,0.0,0.0,0.0,0.0,0.0
00520540065b8eb44bb3eaebb4b301af0d402243,0,0.9391424619640387,0.0,0.0,0.0,0.0,0.0,0.0,0.0,0.0,0.0,0.0,0.0,0.0,0.0,0.0,0.0,0.0,0.0,0.0,0.0,0.0
00522702d216832afe6381d33d8a9042aaf598de,1,0.9426002766251729,0.0,0.162297824874512,0.0,0.010875627440044618,0.0,0.0,0.0,0.0,0.008087005019520357,0.0,0.0,0.0,0.0,0.0,0.0,0.01645287228109314,0.0,0.0,0.0,0.0
00522caeccf7a643df405a91457caa186cd95141,0,0.9370677731673582,0.0,0.0,0.0,0.0,0.0,0.0,0.0,0.0,0.0,0.0,0.0,0.03391566765414325,0.0,0.0,0.008388936570779921,0.0,0.0,0.0,0.0,0.0
005247e5abbceffefb469eb405e331a6e5082255,0,0.0,0.0,0.0,0.0,0.0,0.0,0.0,0.0,0.0,0.0,0.0,0.0,0.0,0.0,0.0,0.0,0.0,0.0,0.0,0.0,0.0
0052558924bffd5317a258167fa5c084aa76bb4e,0,0.9391424619640387,0.0,0.0,0.0,0.0,0.0,0.0,0.0,0.016673614005835766,0.0,0.0,0.0,0.0,0.0,0.0,0.0,0.0,0.0,0.0,0.0,0.0
00525aff2c993e3238215a92f91e1e8971999e84,1,0.9412171507607192,0.0,0.0,0.0,0.0297029702970297,0.0,0.0,0.0,0.0,0.0,0.0,0.0,0.0,0.0,0.0,0.0,0.0,0.0,0.0,0.0,0.0
00529a4760520df57305d20b5c48baeea4718b71,0,0.9439834024896265,0.009679337123323301,0.03188050384572511,0.0,0.0,0.012874818860773603,0.0,0.0,0.0,0.009493553301378516,0.0,0.0,0.009920856091851522,0.019916025712480957,0.0,0.0,0.0,0.005907925537844165,0.0,0.0,0.0
0052a917a033480129094eac9cb94c15826f538f,0,0.9384508990318119,0.029273581496205278,0.011564871702204554,0.0,0.0826406457053367,0.0,0.0,0.0,0.0,0.0,0.0,0.0,0.0,0.0,0.0,0.0,0.0,0.0,0.0,0.029394048909769908,0.02674376581134803
0052cafeafdae5f40eb1d57225ff735df94efdbb,1,0.0,0.0,0.0,0.0,0.0,0.02010438816934081,0.0,0.0,0.0,0.0,0.0,0.0,0.0,0.0,0.0,0.0,0.0,0.0,0.0,0.0,0.0
0052e12c73b77f00c6653dea90bf26fd8332c5f1,0,0.9398340248962656,0.0,0.0,0.0,0.0,0.013593882752761258,0.0,0.020390824129141887,0.025488530161427356,0.0,0.0,0.0,0.015293118096856415,0.011045029736618521,0.02888700084961767,0.0,0.0,0.018691588785046728,0.0,0.0,0.0
0053192bbff20fe3f54747c9aafb603494e268a3,0,0.9377593360995851,0.0,0.0,0.0,0.0,0.0,0.0,0.0,0.0,0.0,0.0,0.0,0.0,0.0,0.0,0.0,0.0,0.0,0.0,0.0,0.0
005339d50bee93589b5b23235e83e38579687450,1,0.0,0.0,0.08444549427187906,0.0,0.004724223455769458,0.08964214007322546,0.0,0.0,0.00862170780677926,0.00826739104759655,0.0,0.0,0.0,0.0,0.0,0.0,0.0,0.0,0.0,0.0,0.0
005401eccb63f3f01b5a3894f2aab6eb616620ba,1,0.9412171507607192,0.0,0.0,0.0,0.0,0.0,0.0,0.0,0.0,0.0,0.0,0.0,0.0,0.0,0.0,0.0,0.027274883389991303,0.0,0.0,0.0,0.0
005402009f922ee8ed4d04c39916445272eafb4a,1,0.9398340248962656,0.0,0.0,0.0,0.0,0.0,0.0,0.0,0.0,0.0,0.019597049433006716,0.0,0.0,0.0,0.0,0.0,0.0,0.0,0.0,0.0,0.0
00549bbc0db1b60c1fed1350196a279524a24ef5,0,0.0,0.006119951040391677,0.0,0.01591187270501836,0.0,0.0,0.0,0.0073439412484700125,0.0036719706242350062,0.0,0.0,0.0,0.0024479804161566705,0.012239902080783354,0.0,0.0,0.0,0.0416156670746634,0.07466340269277846,0.0,0.0
0054cf757ba574e4e37c9cf167a449fe69648762,0,0.941908713692946,0.0,0.0,0.0,0.0,0.0,0.04146868250539957,0.0,0.0,0.0,0.0,0.0,0.0,0.0,0.0,0.0,0.0,0.0,0.0,0.0,0.0
0054e4b66178e14be41652838a523ab55bc6a0aa,0,0.941908713692946,0.0,0.22650321074138938,0.0,0.0,0.06509048453006422,0.0,0.0,0.0,0.0,0.0,0.0,0.0,0.0,0.0,0.0,0.0,0.0,0.0,0.0,0.0
0054e7082b91d7ccbe0e7b1b3b72a7c18a22932f,0,0.0,0.0,0.0,0.0,0.0,0.0,0.010422380691168404,0.0,0.0,0.0,0.0,0.0,0.0,0.0,0.0,0.0,0.0,0.0,0.0,0.04662643993417444,0.0
0054ee8f4b8ffa247fe3461cdd53f5c0b1a11d21,0,0.9405255878284924,0.0,0.0,0.0,0.014742014742014743,0.0,0.0,0.0,0.0,0.0,0.0,0.0,0.0,0.0,0.0,0.0,0.0,0.0,0.0,0.0,0.0
0055032c746496bb9b525ae3a572822478a77c7b,0,0.9412171507607192,0.0,0.0,0.0,0.0,0.0,0.0,0.0,0.0,0.0,0.0,0.0,0.0,0.0,0.0,0.0,0.0,0.0,0.0,0.01874740506531251,0.0
00554b78cbcf17e234ce8ef6abcc364ed2a2c4f4,0,0.9377593360995851,0.0,0.0,0.09489886418905387,0.0,0.0,0.0,0.03189997997310674,0.033244642806053847,0.0,0.0,0.0,0.0,0.03507567304666266,0.01310331015935685,0.0,0.0,0.0,0.008840442880439447,0.0,0.019397476611449662
005567054b532008cd8b9e17cce65fa6eec05610,1,0.0,0.023324227778945158,0.0,0.0,0.0,0.0,0.0,0.0,0.0,0.0,0.0,0.0,0.0,0.0,0.0,0.0,0.0,0.0,0.0,0.0,0.0
00556e4cded073c2537deae3618a53c5bf0f06c4,0,0.9529737206085753,0.0,0.0,0.0,0.0,0.0,0.0,0.0,0.0,0.0,0.0,0.0,0.0,0.0,0.0,0.0,0.0,0.0,0.0,0.03135440760729889,0.0
0055cfe7c0bc8848703e7858ef4e084801ade24f,0,0.946058091286307,0.0,0.0,0.0,0.0,0.0,0.0,0.0,0.0,0.0,0.0,0.0,0.0,0.0,0.0,0.0,0.043771972151375196,0.0,0.0,0.0,0.0
0056071d50398fcc4ccd367904ea5274103b4719,0,0.9391424619640387,0.0,0.051498366709274254,0.0,0.0,0.0,0.017043033659991477,0.0,0.0,0.0,0.0,0.0,0.0,0.0,0.0,0.0,0.0,0.0,0.0,0.0,0.0
00560ad48e0f906da818b3a4ea0491d6c300f9cc,0,0.9439834024896265,0.030055773600495765,0.0,0.0,0.0,0.0,0.03150175583557116,0.0,0.0,0.0,0.0,0.0,0.0,0.0,0.0,0.0,0.0,0.0,0.0,0.44815120842801076,0.0
005613160b9c403fac90a2926c2df562b47ab276,0,0.9446749654218534,0.013087634802638467,0.053816354308449374,0.00785258088158308,0.0,0.0,0.011098314312637421,0.012878232645796251,0.027850486860014657,0.0,0.0,0.0,0.016856873625798345,0.027012878232645796,0.0,0.0,0.0,0.0,0.0,0.0,0.0
00562cdf605a5bfe55bd971cb23bd4d05115d862,0,0.9515905947441217,0.02150295271153586,0.0,0.0,0.0,0.0,0.0,0.0,0.0,0.0,0.0,0.0,0.0,0.0,0.0,0.0,0.0,0.0,0.0,0.015958166163278185,0.0
00565802634fa93f449a6be119f825ac936bc44c,0,0.9453665283540802,0.0,0.0,0.0,0.0,0.0,0.0,0.0,0.0,0.0,0.0,0.0,0.0,0.0,0.0,0.0,0.0,0.0,0.0,0.0,0.0
00566879039fe36546a3a03fde584bdead22fbdc,0,0.9488243430152143,0.0,0.0,0.0,0.0,0.0,0.0,0.0,0.0,0.0,0.0,0.0,0.06170355466130114,0.0,0.0,0.0,0.0,0.0,0.0,0.0,0.0
0056ccd136b6ad6fcf090e2f51afd5cca888e56f,0,0.9412171507607192,0.0,0.0,0.0,0.03335250143760782,0.0,0.0,0.0,0.0,0.0,0.0,0.0,0.0,0.0,0.0,0.0,0.0,0.0,0.0,0.0,0.0
0056e931ee26f1d5ecc9c72ef9400536bddcfa08,0,0.9384508990318119,0.0,0.0,0.0,0.0,0.0,0.0,0.0,0.0,0.0,0.0,0.0,0.0,0.0,0.0,0.0,0.0,0.0,0.0,0.0,0.0
0056f9124c776ff1dd158c2d12440cee874ff3cb,0,0.0,0.0,0.0,0.0,0.0,0.0,0.0,0.0,0.0,0.0,0.0,0.0,0.0,0.0,0.0,0.0,0.0,0.0,0.0,0.0,0.0
005749da9449348f6f3a6adaefd9f4d9c788acd4,0,0.9349930843706777,0.0,0.0,0.06781635982288511,0.019109764623630857,0.0,0.0,0.0,0.0,0.0,0.0,0.0,0.011652295502213935,0.0,0.0,0.0,0.0,0.0,0.00932183640177115,0.0,0.0
00577af01e5e747d118edb0e8807b49de7c36a9c,0,0.0,0.0,0.0,0.0,0.0,0.0,0.0,0.0,0.0,0.0,0.0,0.0,0.06,0.0,0.0,0.0,0.0,0.0,0.0,0.0,0.0
00579236455a0b00c27179d5b7d950d7d04a9620,1,0.0,0.0,0.0,0.040230969543721934,0.0,0.0,0.0,0.0,0.0,0.0,0.0,0.0,0.0,0.0,0.0,0.013284522776163338,0.0,0.0,0.07895233422651621,0.0,0.01068045439106314
0057ebbf0faf0defa5d9c5ae1e4e29ccabfa2575,0,0.9432918395573997,0.0,0.0,0.0,0.0,0.0,0.0,0.0,0.0,0.0,0.0,0.0,0.0,0.0,0.0,0.0,0.0,0.0,0.0,0.0,0.0
0057ec15ebf78f74e84da3f2caebbbbb5bfd5c8b,1,0.941908713692946,0.0,0.0,0.0,0.0,0.0,0.00963855421686747,0.014457831325301205,0.0,0.0,0.0,0.0,0.0,0.0,0.0,0.0,0.0,0.0,0.0,0.0,0.0
00581d3e705cd586ae6b522c14568865c39d2562,0,0.9377593360995851,0.0,0.0,0.0,0.0,0.0,0.0,0.0,0.0,0.0,0.0,0.0,0.0,0.0,0.0,0.0,0.0,0.0,0.0,0.0,0.0
00583925b5e0a32a709b8c5972535e9c10baccdb,0,0.0,0.0,0.0,0.0,0.0,0.0,0.0,0.0,0.0,0.0,0.0,0.0,0.0,0.0,0.0,0.0,0.0,0.0,0.0,0.0,0.0
00583f402d1718547c8ac1307be7087c83a24f12,1,0.9384508990318119,0.0,0.0,0.017229953611663355,0.0,0.0,0.0,0.0,0.0,0.0,0.0,0.0,0.0,0.0,0.0,0.0,0.0,0.0,0.0,0.0,0.0
005866ea52fa3ec8b92f30a547eaf7614daf4246,0,0.9453665283540802,0.0,0.0,0.0,0.0,0.0,0.0,0.0,0.0,0.0,0.0,0.0,0.0,0.0,0.01977687626774848,0.0,0.0,0.0,0.0,0.0,0.0
0058eda03d466e1e6de7512ce290e61c5272f7cc,1,0.9363762102351314,0.015154116939984546,0.01772988752468447,0.0,0.0,0.02399759594745428,0.0968919034944621,0.0,0.0,0.0,0.0,0.0,0.0,0.0,0.0,0.0,0.0,0.0,0.0,0.015411693998454538,0.0
0058f52b75e8fddb7458f01b945be308b1c4e100,0,0.0,0.0,0.0,0.0,0.0,0.0,0.0,0.0,0.0,0.0,0.0,0.0,0.0,0.0,0.0,0.0,0.0,0.0,0.0,0.0,0.0
005920329789d6124a311d7dae5129a1ca512339,1,0.0,0.0,0.0,0.0,0.0,0.0,0.0,0.0,0.0,0.0,0.0,0.0,0.0,0.0,0.0,0.0,0.0,0.0,0.0,0.0,0.0
00596039e1ed6bf30105f8622fe08062b676de88,0,0.0,0.0,0.0,0.0,0.0,0.0,0.0,0.0,0.0,0.0,0.0,0.0,0.0,0.0,0.0,0.0,0.0,0.0,0.0,0.0,0.0
005977d4b794d5640f8c7055e60858e17d4a4d1c,0,0.9439834024896265,0.0,0.0,0.033684682664274504,0.0,0.0,0.0,0.0,0.0,0.0,0.015294909172460193,0.0,0.0,0.0,0.0,0.0,0.0,0.0,0.0,0.0,0.0
005985ef112ba3365d5d7cd4a0e8fc52a19465f0,1,0.0,0.0,0.0,0.004097835830452042,0.005634524266871559,0.004994237418363427,0.0,0.0,0.0,0.0,0.00384172109104879,0.0,0.0,0.0,0.0,0.0,0.0,0.0,0.0,0.0,0.0
0059f13cda56f7a546fb9be1b8b0604add2761f1,0,0.9391424619640387,0.2700063192968346,0.0,0.0,0.0,0.0,0.0,0.009306600792784512,0.0,0.0,0.0,0.0,0.0,0.0,0.0,0.0,0.0,0.0,0.0,0.0,0.0
005a2018d5f10ce4ca61c8093cec57d3b318d22a,0,0.9370677731673582,0.0,0.039812861205394,0.0,0.022566736996605816,0.0,0.0,0.013301531969544079,0.0,0.0,0.0,0.0,0.0,0.0,0.0,0.0,0.014448215760022016,0.0,0.0,0.0,0.013668470782497019
005a4bcd136aeb8bb84cac6a6627d6ae69e01c5b,1,0.0,0.0,0.0,0.0,0.0,0.0,0.0,0.0,0.0,0.0,0.0,0.0,0.0,0.041666666666666664,0.0,0.0,0.0,0.0,0.0,0.0,0.0
005a5423f3d0a583a8da1713b3ace4bde5ff6049,0,0.0,0.0,0.0,0.0,0.0,0.0,0.0,0.0,0.0,0.0,0.0,0.0,0.0,0.0,0.0,0.0,0.0,0.0,0.0,0.0,0.0
005a5746da2730d0b54578d629a2a48f785b4acf,0,0.950207468879668,0.0,0.0,0.0,0.0,0.0,0.0,0.0,0.0,0.0,0.0,0.0,0.0,0.0,0.0,0.0,0.0,0.0,0.0,0.0,0.0
005a823e03565a88f84fa21d82b02d7b13880043,0,0.9474412171507607,0.06744043982895541,0.02712278558338424,0.0,0.016127061698228466,0.0,0.022235797189981674,0.015516188149053147,0.0,0.028100183262064753,0.0,0.0,0.0,0.013927916921197311,0.0,0.0,0.0,0.0,0.0,0.0,0.015271838729383017
005ac5e94a6640a6c6fbbec4cd2f55689ec075a4,1,0.0,0.0,0.0,0.0,0.0,0.0,0.0,0.0,0.0,0.0,0.0,0.0,0.0,0.0,0.0,0.0,0.0,0.0,0.0,0.0,0.0
005b00738e0436aef0101573e57799c507f32095,0,0.9370677731673582,0.0,0.0,0.0,0.0,0.0,0.0,0.0,0.0,0.0,0.0,0.0,0.0,0.0,0.0,0.0,0.0,0.0,0.10468062408321109,0.0,0.0
005b611b75b7f93947864af2510fb47f44aa8077,0,0.9412171507607192,0.01471340112480827,0.04061807646423905,0.01471340112480827,0.027552121797420896,0.0,0.05453615860932796,0.0,0.0,0.0,0.0,0.0,0.010282338237800375,0.0,0.0,0.0,0.0,0.0,0.0,0.0,0.0
005c0e40de5d9376831bcd6d8e3b066459606d6b,0,0.9405255878284924,0.0,0.02164111812443643,0.0,0.020739404869251576,0.0,0.0,0.0,0.0,0.0,0.0,0.0,0.016230838593327322,0.0,0.0,0.0,0.0,0.0,0.017132551848512173,0.0,0.028854824165915238
005c101f28304295a98c1c50e87ff31210b35e9b,1,0.9405255878284924,0.0,0.0,0.0,0.0,0.0,0.0,0.0,0.0,0.0,0.0,0.0,0.0,0.0,0.0,0.0,0.0,0.0,0.0,0.0,0.0
005c1d5e5bce39d9b41d2a16d8a178d4a2b4052f,0,0.9384508990318119,0.0,0.0,0.0,0.0,0.0,0.0,0.0,0.0,0.0,0.0,0.0,0.0,0.0,0.0,0.0,0.0,0.0,0.0,0.0,0.0
005c34dcfb28384f4ab46610091b2b9dc6bcc10a,0,0.9377593360995851,0.0,0.0,0.0,0.0,0.0,0.0,0.0,0.0,0.0,0.0,0.06245710363761153,0.0,0.0,0.0,0.0,0.0,0.0,0.0,0.0,0.0
005c6e193f0b8c173dab0029f2dab79bb906a7d3,0,0.9405255878284924,0.0,0.0,0.0,0.0,0.0,0.0,0.0,0.0,0.0,0.0,0.0,0.0,0.0,0.0,0.0,0.0,0.0,0.0,0.0,0.0
005c8eefb7263ba297d5d590f3355615ee6568bb,0,0.9453665283540802,0.0,0.0,0.0,0.0,0.0,0.0,0.0,0.0,0.0,0.0,0.0,0.0,0.0,0.0,0.0,0.0,0.0,0.0,0.0,0.0
005c922425025b21a6fd15a776ca4461ed3251e0,0,0.946058091286307,0.0,0.0,0.0,0.0,0.0,0.0,0.0,0.0,0.0,0.0,0.0,0.0,0.0,0.0,0.0,0.0,0.0,0.0,0.0,0.0
005ca4ab018b8d2238b1a0427b32822695aed54e,0,0.0,0.0,0.0,0.0,0.0,0.0,0.0,0.0,0.0,0.0,0.0,0.0,0.0,0.0,0.0,0.0,0.0,0.0,0.0,0.0,0.0
005cc86b8b54559a553f415912ad8c8afa4d76e7,0,0.941908713692946,0.0,0.0,0.0,0.0,0.0,0.007891770011273957,0.0,0.0,0.0,0.0,0.0,0.0,0.0,0.0077038707252912435,0.17831642239759488,0.0,0.0,0.0,0.0,0.0
005cd240c7ec22cc4655c976965652fb7bb026bd,1,0.9377593360995851,0.0,0.02527075812274368,0.0,0.022288494741798774,0.005179720609009575,0.0,0.0,0.011144247370899387,0.0,0.0,0.0,0.0,0.0,0.00549364307016167,0.0,0.0,0.0,0.0,0.0,0.013969549521268247
005cd4eb36a548056e9e34c7478196de70ab443a,0,0.941908713692946,0.0,0.008726003490401396,0.02530541012216405,0.0,0.0,0.0,0.0,0.0,0.011343804537521814,0.0,0.011343804537521814,0.0,0.0,0.0,0.0,0.017452006980802792,0.0,0.0,0.0,0.0
005cd96f9451ebff9432319f9c85b1ed6e0536f9,0,0.9453665283540802,0.05714285714285714,0.008234126984126984,0.0,0.0,0.0,0.0,0.0,0.0,0.0,0.0,0.0,0.0,0.0,0.0,0.0,0.0,0.0,0.0,0.0,0.0
005d18fb5f3b1022b306d0c77148a1fd69c52cfa,1,0.9453665283540802,0.0,0.032451323015476784,0.0,0.0,0.0,0.0,0.0,0.0,0.0,0.0,0.0,0.0,0.0,0.0,0.0,0.015676485272091863,0.0,0.0,0.03404892661008487,0.0
005d2be1762553f5b29691c62134fb2564ca661b,0,0.9370677731673582,0.0,0.0,0.0,0.0,0.0,0.0,0.0,0.0,0.0,0.0,0.0,0.0,0.0,0.0,0.0,0.0,0.0,0.0,0.0,0.0
005d2d58484a5b22be53125f6c5725d952a100df,0,0.0,0.0,0.014450138620515836,0.0,0.0,0.0,0.0,0.0,0.0,0.0,0.0,0.0,0.0,0.0,0.0,0.0,0.0,0.0,0.0,0.0,0.0
005d521c9f8b1acfc13b7a4cc4b39085edfc786a,0,0.0,0.01848801025077796,0.0,0.0,0.0,0.0,0.0,0.0,0.0,0.0,0.0,0.0,0.0,0.0853011166025993,0.023064250411861616,0.0,0.0,0.0,0.0,0.0,0.0
005d57327f75147ced07f4d17771c396490b790f,0,0.9439834024896265,0.028692380056444027,0.0,0.016650987770460958,0.0,0.0,0.0,0.05202257761053622,0.024741298212605834,0.0,0.0,0.0,0.0,0.0458137347130762,0.0,0.013734713076199435,0.0,0.0,0.0,0.0,0.0
005d7d969127d8e6bc7786fdadd995b3f1af27cf,0,0.0,0.0,0.0,0.0,0.0,0.0,0.0,0.0,0.0,0.0,0.0,0.0,0.0,0.0,0.0,0.0,0.0,0.0,0.0,0.0,0.0
005d8987be11acc60b0742b48e83eaa4528b5af0,0,0.0,0.0,0.02632554690396737,0.0,0.0,0.0,0.0,0.0,0.027190705722407612,0.0,0.0,0.0,0.0,0.0,0.0,0.0,0.0,0.0,0.0,0.0,0.0
005db1b6dbf4ed4b82d6325a9a6e89205e76354b,0,0.9377593360995851,0.0,0.0,0.0,0.0,0.03123877917414722,0.0,0.0,0.0,0.0,0.0,0.0,0.0,0.0,0.0,0.0,0.0,0.0,0.0,0.0,0.010197486535008977
005ddd39a496b96e7459ee984412ee4c5368256f,1,0.9391424619640387,0.0,0.0,0.0,0.016144678492239467,0.0,0.0,0.0,0.0,0.0,0.0,0.0,0.0,0.02030210643015521,0.0,0.0,0.0,0.014273835920177384,0.0,0.0,0.0
005e0185b8eb5a09b8968850d45d187a294090ac,0,0.941908713692946,0.0,0.0,0.0,0.0,0.0,0.0,0.0,0.0,0.0,0.0,0.0,0.01031273580950784,0.0,0.0,0.0,0.0,0.0,0.014616696011849865,0.0,0.0
005e210bebe430171a0dbef1741a022226e438b9,0,0.9391424619640387,0.0,0.0,0.0,0.01388261387439931,0.0,0.0,0.045755123834558674,0.0,0.0,0.0,0.0,0.009241384975561671,0.012527210744650265,0.026943771306526473,0.0,0.0,0.008502074177516738,0.0,0.0,0.0
005e225fb1dd512e6841cb3eb1f6bbc5b501f176,0,0.0,0.0,0.0,0.0,0.0,0.0,0.0,0.0,0.0,0.0,0.0,0.0,0.0,0.0,0.0,0.0,0.0,0.0,0.0,0.0,0.0
005eb8248718e55422075bb1678699c63ff5cf09,0,0.0,0.01955929685565734,0.016588264421886604,0.0,0.010398613518197574,0.017826194602624412,0.01336964595196831,0.0,0.0,0.0,0.0,0.0,0.0,0.0,0.0,0.0,0.0,0.0,0.0,0.2480812082198564,0.0
005ebd51a4c0d9083ce0fe723d50193dd429635c,1,0.9391424619640387,0.0,0.0466644392471322,0.0,0.0,0.0,0.0,0.0,0.0,0.0,0.0,0.0,0.0,0.0,0.0,0.0,0.0,0.0,0.0,0.0,0.0
005ecf0e36c6ab7fb2101497bd531fcde15084af,0,0.9412171507607192,0.0,0.0,0.0,0.0,0.0,0.0,0.0,0.0,0.0,0.0,0.0,0.0,0.0,0.0,0.0,0.0,0.0,0.0,0.0,0.0
005ed8248bc9205479abbd507cdcd26e94b424fe,0,0.9405255878284924,0.0,0.05828543673601554,0.0,0.027118918481340563,0.0,0.0,0.0,0.0,0.0,0.0,0.0,0.0,0.0,0.0,0.0,0.0,0.0,0.0,0.0,0.0
005ef575bd91014205736fceed03b5e965b07ca0,1,0.0,0.0,0.01411470430587815,0.0,0.0,0.0,0.0,0.0,0.0,0.07807754154011078,0.0,0.0,0.0,0.0,0.0,0.0,0.0,0.0,0.0,0.0,0.0
005f3f74140e8d014a6c9567ba40ccac415921b9,0,0.9536652835408023,0.0,0.0,0.0,0.0,0.0,0.023076923076923078,0.0,0.0,0.0,0.0,0.0,0.0,0.0,0.0,0.0,0.0,0.0,0.0,0.0,0.0
005fbae43b31e63486b6ed0a2669b39f6f16bca4,0,0.0,0.07108854331958109,0.0,0.0,0.0,0.0,0.016502697556331325,0.0,0.0,0.0,0.0,0.0,0.0,0.0,0.0,0.0,0.0,0.0,0.0,0.0,0.0
005fdbcfc15e90008dd49eaf919c0a48e8541aac,1,0.9370677731673582,0.0,0.011152416356877323,0.0,0.0,0.08426270136307311,0.0,0.0,0.0,0.0,0.0,0.0,0.0,0.05885997521685254,0.0,0.0,0.0,0.0,0.0,0.0,0.0
005fe3a0e5b5cfb2dbd9f9d9f38bdb49995f84a0,0,0.0,0.021204819277108433,0.0,0.0,0.0,0.0,0.0,0.0,0.0,0.042409638554216866,0.0,0.0,0.0,0.0,0.0,0.0,0.0,0.0,0.0,0.0,0.0
005ff648511b355238a7a7ca1923f34fba1994fa,1,0.9370677731673582,0.012096774193548387,0.0,0.0,0.0,0.0,0.0,0.0,0.0,0.0,0.0,0.0,0.0,0.0,0.0,0.0,0.0,0.0,0.0,0.0,0.0
0060246fa73cb2933a2eaabb7cfa928794ba1684,0,0.941908713692946,0.0,0.0,0.0,0.0,0.0,0.0,0.0,0.0,0.0,0.0,0.0,0.0,0.0,0.0,0.0,0.0,0.0,0.0,0.0,0.0
00603ee51c3ceb6fd1e479c20dd78f60be10196c,0,0.9426002766251729,0.0,0.0,0.0,0.0,0.0,0.0,0.0,0.0,0.0,0.0,0.0,0.0,0.0,0.0,0.00982842720896935,0.0,0.0,0.018589074671779067,0.0,0.0
006070d4dc9c614c8fba3bd9faf2021cbdd82306,1,0.0,0.0,0.0,0.0,0.0,0.0,0.0,0.0,0.0,0.0,0.0,0.0,0.0,0.0,0.0,0.0,0.0,0.0,0.0,0.0,0.0
006075dd12dc37c20aca6af2537850c10ba63579,0,0.9398340248962656,0.05740618828176432,0.037656352863726136,0.0,0.010138248847926268,0.0,0.0,0.0,0.0,0.0,0.0,0.0,0.0,0.0,0.0,0.0,0.010796576695194206,0.0,0.0,0.015404871626069783,0.0
00609ec8e236b95165bf7f2e6647459f8b0df834,0,0.0,0.0,0.0,0.0,0.0,0.0,0.0,0.0,0.0,0.0,0.0,0.0,0.0,0.0,0.0,0.0,0.0,0.0,0.0,0.0,0.0
0060a50a536692e9a3d0c648c60889d3fd09cc56,0,0.9377593360995851,0.0,0.0,0.0,0.0,0.0,0.0,0.0,0.0,0.0,0.0,0.0,0.0,0.0,0.0,0.0,0.0,0.0,0.023877542318679914,0.0,0.0
0060ed18a5757ba92bf2153791894600fde5678c,1,0.9391424619640387,0.0,0.0,0.0,0.0,0.0,0.0,0.0,0.022614274258219727,0.0,0.0,0.0,0.0,0.0,0.010425020048115477,0.0,0.0,0.0,0.0,0.010024057738572574,0.0
0060fb675e2e1d2f917435d98fc5b443220fea92,0,0.9391424619640387,0.0,0.02111553784860558,0.0,0.008725099601593626,0.0,0.0,0.0,0.0,0.0,0.0,0.0,0.0,0.0,0.0,0.0,0.0,0.0,0.0,0.0,0.0
00612fde3b692fa21c1e905522d6c92637f9ecd0,0,0.9356846473029046,0.0,0.0,0.045013850415512466,0.0,0.0,0.0,0.0,0.0,0.0,0.0,0.0,0.0,0.0,0.0,0.0,0.0,0.0,0.0,0.0,0.035318559556786706
0061ec4d2e8eb939d051c4c4f2c3112a5cec04bf,1,0.9322268326417704,0.01224603395491233,0.0,0.0,0.0,0.0,0.0,0.0,0.0,0.0,0.0,0.0,0.0,0.015585861397161147,0.009184525466184246,0.0,0.0,0.0,0.0,0.0,0.014472585583078207
006202ffaaf64addd6daa827b627b132e07a756b,0,0.9398340248962656,0.0,0.0,0.0,0.0,0.0,0.0,0.0,0.0,0.0,0.0,0.0,0.0,0.0,0.0,0.0,0.0,0.0,0.0,0.0,0.0
006209e0212a1e8653a2055596bc1b38d796bf9a,0,0.0,0.0,0.0,0.0,0.0,0.0,0.0,0.0,0.0,0.0,0.0,0.0,0.0,0.0,0.0,0.0,0.0,0.0,0.0,0.0,0.0
00622a4959ebdf5acca4028e650ca20b3afb602d,0,0.0,0.0,0.0,0.0,0.0,0.0,0.0,0.0,0.0,0.0,0.0,0.0,0.0,0.0,0.0,0.0,0.032279377064653135,0.0,0.0,0.0,0.0
00625721c35f7c63741acd779d3a565660245ce8,0,0.941908713692946,0.0,0.0,0.0,0.0,0.0,0.0,0.0,0.0,0.0,0.0,0.0,0.017586123825584197,0.0,0.0,0.022163334136352686,0.0,0.0,0.0,0.0,0.0
00625a0f0b142474c26d019c8cbbd396d145a943,0,0.9550484094052559,0.03350885591191958,0.0,0.0,0.0,0.0,0.04523695548109143,0.0,0.0,0.0,0.0,0.0,0.0,0.017831498324557205,0.0,0.0,0.0,0.0,0.0,0.024652943992340835,0.0
006261139d787c1e43b4c69d304f2772367c1005,1,0.9363762102351314,0.0,0.0,0.0,0.004414021756804455,0.0,0.0,0.0,0.0,0.04799901646235787,0.0,0.0,0.0,0.0,0.020087169989411107,0.0,0.005976577526958053,0.0,0.0,0.0,0.0
0062d3dbe4b30070d19bf950037093e266463308,1,0.9446749654218534,0.0,0.016194331983805668,0.0,0.0,0.0,0.0,0.0,0.0,0.0,0.0,0.0,0.0,0.0,0.0,0.0,0.0,0.0,0.0,0.0,0.0
00632e41de34f682d8241d226f8bb0ad3240997a,0,0.0,0.035545023696682464,0.030731635071090047,0.0,0.041469194312796206,0.0,0.0,0.0,0.0,0.0,0.0,0.0,0.0,0.0,0.0,0.0,0.0,0.0,0.0,0.0,0.0
00632e89a4d931aa5a16a6db591effdc4dc35fb1,0,0.9377593360995851,0.0,0.0,0.0,0.0,0.0,0.0,0.0,0.0,0.0,0.0,0.0,0.0,0.0,0.0,0.0,0.0,0.0,0.0,0.0,0.0
00637088cbf343d0296cb897aeb9994f9b87fed6,1,0.0,0.0,0.0,0.0,0.0,0.0,0.0,0.0,0.0,0.0,0.0,0.0,0.0,0.0,0.0,0.0,0.0,0.0,0.0,0.0,0.0
00639f98ed226c50734d811e5f1b15c77e275459,0,0.9377593360995851,0.0,0.0,0.0,0.0,0.0,0.09975947772305578,0.0,0.0,0.0,0.0,0.0,0.0,0.0,0.0,0.0,0.0,0.0,0.0,0.0,0.0
0063b1212466594e66048eaddd38016789af04d6,0,0.0,0.0,0.0,0.0,0.0,0.0,0.0,0.0,0.0,0.0,0.0,0.0,0.0,0.0,0.0,0.0,0.0,0.004698920988513749,0.0,0.0,0.0
00643c8f3e0931150a8d37d63ffbfb9620fd9ba3,1,0.0,0.0,0.0,0.0,0.030864197530864196,0.0,0.0,0.0,0.0,0.0,0.0,0.0,0.0,0.0,0.0,0.0,0.0,0.0,0.0,0.0,0.0
006442d00b3c3f0dd2f4e8fb9b78e0bf08850665,0,0.9377593360995851,0.0,0.0,0.02043010752688172,0.0,0.0,0.0,0.0,0.0,0.0,0.0,0.044731182795698925,0.0,0.0,0.0,0.0,0.0,0.0,0.0,0.0,0.0
006469d56cbc2b991f0f6cd610a59ac0beef3699,1,0.9412171507607192,0.0,0.0,0.0,0.0,0.0,0.0,0.0,0.0,0.0,0.0,0.0,0.0,0.0,0.0,0.0,0.0,0.0,0.0,0.0,0.0
0064740deda49b7f7bb575ab7029a6c87b2d5f2c,0,0.9377593360995851,0.0,0.014071294559099437,0.0,0.0,0.0,0.0,0.0,0.03142589118198874,0.0,0.0,0.0,0.0,0.0,0.0,0.0,0.0,0.0,0.0,0.0,0.0
006520a4f3fae59b56427912581b40fac26a6548,1,0.0,0.0,0.06451612903225806,0.0,0.0,0.0,0.0,0.0,0.0,0.0,0.0,0.0,0.0,0.0,0.0,0.0,0.0,0.0,0.0,0.0,0.0
006546c956c49f940173ef4fedae6c70de92c5f8,0,0.9453665283540802,0.0,0.0,0.0,0.0,0.0,0.0,0.0,0.10180995475113122,0.027149321266968326,0.0,0.0,0.03167420814479638,0.0,0.0,0.0,0.0,0.0,0.0,0.0,0.0
0065e1e572e6079e980fa42f05dcca55e107cf7c,0,0.9412171507607192,0.0,0.0,0.0,0.0,0.0,0.0,0.0,0.0,0.0,0.0,0.0,0.0,0.0,0.0,0.0,0.0,0.0,0.0,0.0,0.0
00663d00e4c38a4610cd5acb2752b0b650e713f6,0,0.0,0.0,0.0,0.0,0.0,0.0,0.0,0.0,0.0,0.0,0.0,0.0,0.0,0.0,0.0,0.0,0.0,0.0,0.0,0.0,0.0
0066445c9e21cc0103d38910e248b169910fdc71,0,0.0,0.0,0.0,0.0,0.043654001616814875,0.0,0.0,0.0,0.0,0.0,0.0,0.0,0.0,0.0,0.0,0.0,0.0,0.0,0.0,0.0,0.0
0066536c88e7358a4581e5963cc7ee7b3bbe9efe,1,0.9398340248962656,0.0,0.0,0.0,0.0,0.0,0.0,0.0,0.0,0.0,0.0,0.0,0.0,0.0,0.0,0.0,0.0,0.0,0.0,0.0,0.0
00668bed7d7c4fb5e5e280acd6165bae3b510222,0,0.9391424619640387,0.0,0.0,0.0,0.0,0.05626575167764856,0.0,0.0,0.0,0.0,0.0,0.0,0.007014241034828288,0.008137734187592992,0.016093280296359275,0.0,0.0,0.0,0.0,0.0,0.010506179212340205
0066f6f25108065b7d7b1257c95394af95f94711,0,0.9391424619640387,0.0,0.02815884476534296,0.025992779783393503,0.11263537906137185,0.0,0.5075812274368231,0.0,0.0,0.0,0.0,0.0,0.0,0.0,0.0,0.0,0.0,0.032490974729241874,0.0,0.0,0.047653429602888084
00673f4ea054aae8bf4761d35ce93ae2b24e305c,0,0.9391424619640387,0.0,0.0,0.0,0.0,0.0,0.0,0.0,0.0,0.0,0.0,0.0,0.0,0.0,0.0,0.0,0.0,0.0,0.0,0.0,0.0
0067701c825fc6b6a963cde91042a8be5f479d30,0,0.9426002766251729,0.0,0.0,0.0,0.0,0.0,0.0,0.0,0.0,0.0,0.0,0.0,0.0,0.0,0.0,0.0,0.0,0.0,0.0,0.0,0.0
006777b76d0467a3deb002095947069a48c73501,0,0.9412171507607192,0.0,0.013798111837327523,0.0,0.0,0.0,0.0,0.0,0.0,0.0,0.0,0.0,0.0,0.0,0.0,0.0,0.0,0.0,0.0,0.0,0.0
006799dee1c996d996d99de1a562775fa6a69aa0,0,0.0,0.05268316589071306,0.0263824226088377,0.0,0.0,0.0,0.0,0.0,0.0,0.0,0.0,0.0,0.0,0.0,0.0,0.0,0.0,0.0,0.0,0.016989300008167934,0.0
0067befb4bbb070a89c25b29c61a81b507c89cb8,0,0.0,0.0,0.0,0.0,0.0,0.0,0.02702702702702703,0.0,0.0,0.0,0.0,0.0,0.0,0.0,0.0,0.04354354354354354,0.0,0.0,0.0,0.0,0.0
0068807fcdbd23af8897aa05e7aa0f8a7328041b,1,0.9356846473029046,0.0,0.0,0.021531586431037985,0.008125126955108674,0.0,0.0,0.0,0.0,0.045839257905071436,0.0,0.0,0.0,0.0,0.0,0.04455277947051256,0.0,0.016385672692802493,0.0,0.0,0.024510799647911165
006896be57166dbe8f95e9af71f87cfb6e04b550,0,0.9377593360995851,0.0,0.0,0.0,0.0,0.0,0.03301946812571574,0.011897187937396615,0.0,0.0,0.0,0.0,0.0,0.0,0.0,0.03588242778979514,0.0,0.0,0.0,0.008779742969843492,0.0
006897f18933bf84084f3b38e4de44d3e5ad6d58,1,0.9377593360995851,0.0,0.01601320676846884,0.0,0.0,0.026496079240610815,0.0,0.0,0.009244737928188196,0.0,0.0,0.0,0.03375980189847297,0.009739991745769706,0.0,0.031366075113495664,0.0,0.0,0.03268675196037969,0.0,0.009739991745769706
0068e882a8305da43832e5eaf7f26962cbbd015d,1,0.9384508990318119,0.0,0.0,0.0,0.0,0.0,0.0,0.0,0.0,0.0,0.0,0.0,0.0,0.0,0.0,0.0,0.0,0.0,0.0,0.0,0.0
0068f13b2a1654b6fafcf86b08617bd17b24fb1c,1,0.9349930843706777,0.0,0.0,0.0,0.011868131868131869,0.0,0.0,0.0,0.0,0.0,0.0,0.0,0.0,0.0,0.0,0.0,0.0,0.0,0.0,0.0,0.0
0068fb636eea5339fce042713c5871f5697b84a7,0,0.9405255878284924,0.0,0.0,0.0,0.0,0.0,0.0,0.0,0.0,0.0,0.0,0.0,0.0,0.018464379135251577,0.0,0.0,0.0,0.0,0.0,0.0,0.0
0068ff2107ad5fce5f3eec5e5c84b4dd3c5ed858,0,0.9474412171507607,0.09267059814658804,0.011625947767481045,0.0,0.0,0.0,0.0,0.0,0.0,0.0,0.0,0.0,0.0,0.008593091828138163,0.0,0.0,0.02089300758213985,0.0,0.0,0.0,0.0
00690ab7e1e6d22c9eab42fee0c6adcbccfcbb41,0,0.9391424619640387,0.0,0.0,0.0,0.0,0.06477732793522267,0.0,0.0,0.03744939271255061,0.0,0.0,0.0,0.0,0.0,0.009716599190283401,0.0,0.009412955465587045,0.0,0.0,0.0,0.018421052631578946
0069315bac0830b0662b158ba8e71734e5a2d04e,1,0.9377593360995851,0.0,0.0,0.0,0.0,0.011681222707423581,0.0,0.0,0.0,0.0,0.0,0.0,0.0,0.0,0.0,0.0,0.022707423580786028,0.0,0.0,0.0,0.0
0069593a356492db73e0a3336c8c58352d35723e,0,0.9439834024896265,0.0,0.025972427375677006,0.0,0.0241260462826194,0.0,0.0,0.0,0.0,0.0,0.0,0.0,0.0,0.031142294436238307,0.0,0.0,0.0,0.0,0.0,0.0,0.0
00695f204ae5224f44a78e11e4e236d484d3ed61,1,0.9384508990318119,0.0,0.0,0.0,0.0,0.0,0.0,0.0,0.0,0.0,0.0,0.0,0.0,0.0,0.0,0.0,0.0,0.0,0.0,0.0,0.0
00699c24a6223dea8c676f9431b4065158060b45,0,0.9377593360995851,0.0,0.0,0.0,0.0,0.0,0.0,0.09547738693467336,0.0,0.0,0.0,0.0,0.4045226130653266,0.0,0.0,0.06155778894472362,0.0,0.0,0.0,0.0,0.0
006a087de8f897ee26d3e5de8ed54dc52c1f750a,1,0.9446749654218534,0.0,0.0,0.0,0.0,0.0,0.0,0.0,0.0,0.0,0.0,0.0,0.0,0.0,0.0,0.0,0.0,0.0,0.0,0.0,0.0
006a57ba5b060ba470ec2c3c6281b8bf51dfc171,0,0.9446749654218534,0.0,0.0,0.0,0.0,0.0,0.0,0.0,0.012409071459135643,0.015760947083155043,0.0,0.0,0.0,0.0,0.0,0.0,0.015333048067322778,0.0,0.0,0.0,0.0
006aaaaf386fdbb0aea3f2bf9019e346a7294b6a,0,0.9405255878284924,0.0,0.0,0.0,0.0,0.013471332347626088,0.0,0.0,0.0,0.0,0.0,0.0,0.0,0.02480696566453097,0.0,0.0,0.0,0.0,0.035156891736487596,0.0,0.024971250205355677
006adaf2b795cf26d73a6a0ef835cf69934d561c,0,0.9446749654218534,0.0,0.02639935246871303,0.0,0.0,0.0,0.0,0.0,0.048502583898885496,0.02621256459747214,0.0,0.0,0.01469397920428367,0.013448726729344374,0.0,0.0,0.0,0.0,0.0,0.0,0.0
006b024ea379a1c62ae3a2a1ffa8e290d11898a9,1,0.9412171507607192,0.018213058419243987,0.010996563573883162,0.0,0.0,0.0,0.0,0.0,0.0,0.0,0.0,0.0,0.0,0.0,0.0,0.0,0.0,0.0,0.0,0.0,0.0
006b11fff36b56f9103ed8755e9289f48dc071a3,0,0.9405255878284924,0.07171314741035857,0.035856573705179286,0.0,0.01593625498007968,0.08366533864541832,0.0,0.0,0.0,0.0,0.0,0.0,0.0,0.0,0.0,0.0,0.0,0.0,0.0,0.0,0.0
006b3f04cb9b842f97fa998669ce2b2e6299e989,0,0.9391424619640387,0.0,0.0,0.07955524909498363,0.0,0.0,0.0,0.0,0.0,0.0,0.0,0.0,0.0,0.0,0.0,0.10653335631787623,0.0,0.0,0.0,0.0,0.0
006b64ec78d4462b9997b8f777065f475dab9a0c,1,0.0,0.0,0.0,0.012100259291270527,0.0,0.0,0.0,0.0,0.0,0.0,0.0,0.0,0.0,0.0,0.0,0.0,0.0,0.0,0.0,0.0,0.0
006bd75e8864cdb5ef0f3eefaad0cc480bbe22f9,0,0.9508990318118948,0.06695815115552779,0.0,0.0,0.0,0.0,0.0,0.0,0.0,0.0,0.0,0.0,0.0,0.0,0.0,0.0,0.0,0.0,0.0,0.0,0.0
006c5557de2e384328355171e389f831adad3e79,0,0.9384508990318119,0.0,0.0,0.0,0.0,0.0,0.0,0.0,0.0,0.0,0.0,0.0,0.0,0.0,0.0,0.0,0.0,0.0,0.0,0.0,0.0
006c8ca50e7700a7744b4e18a4c0cad7e2dc5592,0,0.941908713692946,0.0,0.0,0.0,0.0,0.0,0.0,0.0,0.0,0.0,0.0,0.0,0.0,0.0,0.0,0.0,0.0,0.0,0.0,0.0,0.0
006c94e49a7d1bdfaa11c1124b7f0332ed70c254,0,0.9467496542185339,0.0,0.00968054211035818,0.0,0.0,0.0,0.0,0.0,0.0,0.026137463697967087,0.0,0.0,0.0,0.046466602129719266,0.0,0.0,0.0,0.0,0.0,0.0,0.0
006c97b0e6f4fdf9cbaf4a35d1691537ac3b0a85,0,0.9446749654218534,0.0,0.0,0.0,0.0,0.0,0.022845752836553206,0.004829806807727691,0.007436369211898191,0.0,0.0,0.0,0.0,0.0,0.0,0.0,0.0,0.0,0.0,0.0,0.0
006cb577750d93c20f981170eff64cf3d6c53098,0,0.9370677731673582,0.0,0.0,0.0,0.0,0.0,0.0,0.0,0.0,0.0,0.0,0.0,0.0,0.0,0.0,0.03966393122313404,0.0,0.0,0.0,0.0,0.0
006cc2d3a76f75a399098eee512b2f645a049fc1,0,0.9508990318118948,0.0,0.0393934656870408,0.0,0.0,0.0,0.0,0.0,0.0,0.0,0.0,0.0,0.0,0.0,0.0,0.0,0.0,0.0,0.0,0.029232452712208847,0.0
006cf4acb6698ad44a989a9310e2bde5ef931f84,1,0.0,0.0,0.0,0.0,0.0,0.0,0.0,0.0,0.0,0.0,0.0,0.0,0.010560519902518278,0.0,0.0,0.0,0.0,0.0,0.0,0.0,0.0
006d03db6b3c0d3a1269697d89e9528c08bea8c8,0,0.9446749654218534,0.0,0.0,0.0,0.0,0.0,0.0,0.0,0.0,0.0,0.0,0.0,0.0,0.0,0.0,0.0,0.0,0.0,0.0,0.0,0.0
006d54dcd56536debc7d5a3871e5051d7b3001d4,0,0.9453665283540802,0.0,0.022778025904421618,0.0,0.0,0.0,0.0,0.0,0.0,0.0,0.0,0.0,0.0,0.0,0.0,0.0,0.0,0.0,0.0,0.0,0.0
006d7e3489cfa6b3eee520a19893acf7119d2c65,0,0.9370677731673582,0.0,0.0,0.029066093769745987,0.0,0.0,0.0,0.041324402881334515,0.0,0.0,0.0,0.0,0.03601668141033742,0.04473650954126122,0.0,0.0,0.0,0.0,0.0,0.0,0.0
006d83b1078bd7f0d93199f73c1f2c2518fa2e9e,1,0.9453665283540802,0.0,0.0,0.0,0.0,0.0,0.0,0.0,0.0,0.0,0.0,0.0,0.0,0.0,0.0,0.0,0.0,0.0,0.0,0.0,0.0
006e098abb3f7ddce96fa311e7568aa29154effa,1,0.0,0.0,0.0,0.0,0.03636832602527728,0.0,0.0,0.0,0.0,0.0,0.0,0.0,0.0,0.0,0.0,0.0,0.02011864843951509,0.0,0.0,0.0,0.01779726592726335
006e6911683ceef1dfe8c309ec9db71fee095feb,0,0.9384508990318119,0.0,0.0,0.0014818473697209187,0.002840207458631761,0.033218078537910596,0.0,0.0,0.0,0.0,0.0,0.0,0.0,0.018523092121511483,0.0,0.0,0.0,0.0,0.0,0.0,0.0
006e89a14389a8637a7c74c133175001a3a7b952,0,0.9377593360995851,0.0,0.0,0.0,0.0,0.0,0.0,0.013422818791946308,0.0,0.0,0.0,0.0,0.030822769077802636,0.0,0.0,0.0,0.0,0.0,0.0,0.0,0.0
006ea33121c418b1585023fc7bd50f22fcb78f27,0,0.9426002766251729,0.0,0.0,0.0,0.027034120734908136,0.0,0.0,0.009448818897637795,0.0,0.0,0.0,0.0,0.0,0.0,0.0,0.0,0.0,0.0,0.0,0.0,0.0
006eab63f2f34aff346a3d4b72c3b1781eb83214,0,0.9488243430152143,0.07637109174782163,0.0,0.0,0.0,0.0,0.0,0.0,0.0,0.0,0.0,0.0,0.0,0.0,0.0,0.0,0.0,0.0,0.0,0.0,0.0
006ecc779bf14bb2755ce88daf9e19b3fe4d7111,0,0.9405255878284924,0.00835799408142046,0.0,0.01683595936975126,0.0,0.0,0.0,0.0,0.012676957530192753,0.0,0.0,0.0,0.0,0.0,0.00835799408142046,0.0,0.0,0.0,0.0,0.0,0.0
006ee571d46691be0f199458383ba3091f76f0f8,1,0.9391424619640387,0.05037635686554156,0.0,0.0,0.0,0.0,0.0,0.0,0.05183424451311307,0.0,0.0,0.0,0.0,0.0,0.0,0.0,0.0,0.0,0.0,0.0,0.0
006f2e9818204bb4829e30622a00cc537000fe10,0,0.9405255878284924,0.0,0.0,0.0,0.0,0.0,0.0,0.0,0.0,0.0,0.0,0.0,0.0,0.0,0.0,0.0,0.0,0.0,0.0,0.0,0.0
006f85ff19453d8768fdbdb5d676d2dd369ae91b,1,0.9405255878284924,0.0,0.0,0.0,0.0,0.0,0.0,0.026046511627906978,0.0,0.0,0.028372093023255815,0.0,0.0,0.0,0.0,0.0,0.0,0.0,0.0,0.0,0.0
006f93b4213be13020a3819e0d0a86dcf97b58de,0,0.0,0.03791491351098644,0.0,0.0,0.0,0.0,0.0,0.037120149602618044,0.0,0.0,0.0,0.0,0.0,0.0,0.0,0.0,0.0,0.02239364188873305,0.0,0.0,0.0
00706c274db3ea5769492a381bcabcf0c2647670,0,0.9439834024896265,0.0,0.0,0.0,0.035479632063074903,0.0,0.04862023653088042,0.0,0.0,0.0,0.0,0.0,0.0,0.0,0.0,0.0,0.01576872536136662,0.0,0.0,0.0,0.0
0070a7c5a47d63516f298dcc3648f6573bc94ffe,0,0.9384508990318119,0.03597280105286247,0.031037508225488047,0.0,0.0,0.0,0.0,0.0,0.0,0.0,0.0,0.0,0.0,0.0,0.0,0.0,0.021605615266505812,0.0,0.0,0.0,0.0
0070c699f61eaca7f82d17cd0675f3482eab3e92,1,0.0,0.0,0.0,0.0,0.0,0.0,0.0,0.0,0.05845771144278607,0.0,0.0,0.0,0.0,0.0,0.0,0.0,0.0,0.0,0.046730632551528074,0.0,0.0
0071663b88cf8644237512fca88cf9e5446c5726,0,0.9426002766251729,0.0,0.0,0.0,0.0,0.0,0.0,0.0,0.0,0.0,0.0,0.0,0.0,0.0,0.0169971671388102,0.0,0.0,0.0,0.0,0.0,0.0
00717b533f31f67eae87fec9a79da9f799837dc1,0,0.9529737206085753,0.0,0.0,0.024807076980990026,0.0,0.0,0.01844532279314888,0.014153961980048936,0.0,0.0,0.0,0.0,0.011669489930359496,0.011857707509881422,0.06565029173724826,0.0424995294560512,0.0,0.0,0.0,0.0,0.024844720496894408
0071866a204a4878c026f8b88930e127bbad2e86,0,0.941908713692946,0.0,0.290519877675841,0.0,0.1019367991845056,0.0,0.0,0.0,0.0,0.0,0.0,0.0,0.0,0.0,0.0,0.0,0.0,0.0,0.0,0.0,0.0
007190d23a47e9bfffbbd921a7534627acf776ba,1,0.0,0.01717171717171717,0.0,0.0,0.0,0.0,0.016666666666666666,0.0,0.0,0.0,0.0,0.0,0.0,0.0,0.0,0.0,0.0,0.0,0.0,0.05454545454545454,0.0
0071a570d08ab8b87549f3ba760cea893a828603,0,0.9377593360995851,0.0,0.0,0.0,0.0,0.0,0.0,0.0,0.0,0.0,0.0,0.0,0.017693315858453473,0.01310615989515072,0.0,0.0,0.0,0.0,0.0,0.0,0.0
0071b4979f4066252065c3c72e8af237f42b6ed7,1,0.9391424619640387,0.02836383959759676,0.08453262540170463,0.0,0.016906525080340924,0.01667365283405524,0.0,0.0,0.0,0.0,0.0,0.0,0.0,0.00866284756182758,0.009547762097713195,0.0,0.010525825532113084,0.0,0.0,0.0,0.0
0071c5791fa790248800436c29fd8d3627e1694a,0,0.9384508990318119,0.0,0.0023943980121978767,0.0,0.010390783826519088,0.0,0.0,0.0,0.0,0.0,0.0,0.0,0.0,0.002168511407273549,0.0,0.0,0.06293200813191778,0.0,0.0,0.0,0.0
00726e9457ffa3383f9bc63777a56af31d7794bf,0,0.946058091286307,0.0,0.0,0.0,0.0,0.0,0.00779896013864818,0.0,0.0,0.0,0.0,0.0,0.0,0.0,0.0,0.0,0.0,0.0,0.0,0.0,0.0
0072911fa4778c86e3ab8d1b7fdbaca75e922b84,1,0.9356846473029046,0.0,0.0,0.0,0.0,0.0,0.0,0.0,0.0,0.0,0.0,0.0,0.018867924528301886,0.0,0.0,0.0,0.0,0.0,0.0,0.0,0.0
0072ce4ff63cbd6ec04a44bc2ef3a01cdbd14f3d,0,0.9363762102351314,0.0,0.0,0.0,0.0,0.0,0.0,0.0,0.0,0.0,0.0,0.0,0.008463708643241858,0.0,0.0,0.0,0.0,0.0,0.0,0.0,0.006976147730187228
0072ec1a865e8417f38a02b1c9c890f6a2cea220,0,0.9398340248962656,0.0,0.0,0.0,0.0,0.0,0.0,0.0,0.0,0.0,0.0,0.0,0.0,0.0,0.0,0.0,0.0,0.0,0.0,0.0,0.0
0072f9c9fc2910611fcb5cf739bd96c03f950fda,0,0.9391424619640387,0.02502844141069397,0.0,0.026166097838452786,0.0,0.0,0.020477815699658702,0.0,0.0,0.0,0.0,0.0,0.0,0.0,0.0,0.0,0.0,0.0,0.0,0.0,0.0
0073741bfc4143601a48122961ba20a476c7083f,0,0.9654218533886584,0.0976225541763097,0.0,0.0,0.0,0.0,0.0,0.0,0.0,0.0,0.0,0.0,0.0,0.0,0.0,0.0,0.0,0.0,0.0,0.04134231011992426,0.0
00739083000b23c7235dfb5a91c57fbf5c2448ef,0,0.9446749654218534,0.0,0.0,0.037919299951385516,0.0,0.026737967914438502,0.0,0.024793388429752067,0.0,0.0,0.0,0.0,0.006319883325230919,0.0,0.0,0.0,0.0,0.0,0.0,0.0,0.034516285853184246
0073b90140424b95b46737b5a5c950d6ce10731f,0,0.9391424619640387,0.0,0.024988743809095004,0.0,0.0,0.04097253489419181,0.0,0.04434939216569113,0.0,0.0,0.0,0.0,0.10040522287257991,0.012156686177397569,0.0,0.0,0.0,0.0,0.0,0.0,0.0
0073e9df704415e9d72f75380ba88059fca4230a,1,0.9391424619640387,0.0,0.0,0.0,0.0,0.0,0.0,0.0,0.0,0.0,0.0,0.0,0.0,0.0,0.0,0.0,0.0,0.0,0.0,0.0,0.08270676691729323
007452189f5a3e7f24f51e0e2c1c2f24a2c9fd90,1,0.9405255878284924,0.0,0.06788710907704043,0.0,0.0,0.0,0.0,0.0,0.0,0.0,0.0,0.0,0.0,0.02021357742181541,0.0,0.0,0.0,0.0,0.0,0.0,0.0
0074bbbd3ee2507de4df6a2bca3bb1db5972f3e8,0,0.9398340248962656,0.020202020202020204,0.06517809675704413,0.0,0.05497076023391813,0.0,0.0,0.0,0.0,0.0,0.0,0.0,0.0,0.023710792131844762,0.0,0.0,0.0,0.0,0.0,0.0,0.0
0074c0f176a991382ce751ab711b8bf43b1e877f,1,0.9508990318118948,0.01935483870967742,0.0,0.0,0.0,0.0,0.0,0.0,0.0,0.4967741935483871,0.0,0.0,0.0,0.0,0.0,0.0,0.0,0.0,0.0,0.0,0.0
007508fa65887150842e0d05f3fc8c2abfc37fa4,0,0.0,0.0,0.0,0.0,0.02168021680216802,0.0,0.0,0.0,0.0,0.0,0.0,0.0,0.0,0.0,0.0,0.0,0.0,0.0,0.0,0.0,0.0
007528be2c5d01f6f4d2ac2a1dbfa14799465dcc,0,0.9384508990318119,0.0,0.0,0.03159299272586407,0.0,0.0,0.0,0.028321783669780054,0.005982869194679981,0.0,0.0,0.0,0.039943184263762754,0.0,0.008866698230964577,0.0,0.0,0.0,0.0,0.0,0.0
00753f871f1ea009c64e9fa52af5eec4a64e0e43,1,0.0,0.01732366978964115,0.0,0.0,0.0,0.0,0.0,0.0,0.0,0.0,0.0,0.0,0.0,0.0,0.0,0.0,0.0,0.0,0.0,0.0,0.0
0075608d29fbed014d83710d6c1b3b166ce4ada6,0,0.9370677731673582,0.0,0.0,0.0,0.0,0.0,0.0,0.0,0.0,0.0,0.0,0.0,0.0,0.0,0.0,0.0,0.0,0.0,0.0,0.0,0.0
00759937bbc2c3fea564859fba107a3bf4d80475,0,0.9398340248962656,0.03431609473175447,0.025616239729337846,0.0,0.0,0.0,0.0,0.0,0.0,0.0,0.0,0.0,0.0,0.0,0.0,0.0,0.0,0.0,0.0,0.0,0.0
0075ac730542b33829b1e3978012ee2f63f95bb2,1,0.0,0.0,0.0,0.0,0.0,0.0,0.0,0.0,0.0,0.0,0.0,0.0,0.0,0.0,0.0,0.0,0.0,0.0,0.0,0.0,0.0
00760d8fcae3fbd79313bc27df0e62a0c9cbbee8,1,0.9370677731673582,0.0,0.0,0.0,0.0,0.0,0.0,0.0,0.0,0.0,0.013832384052074858,0.0,0.0,0.0,0.0,0.0,0.0,0.0,0.0,0.0,0.0
00766af66f505c722007baf1ec82fd059bba6c0c,1,0.9370677731673582,0.0,0.0,0.0,0.0,0.0,0.0,0.0,0.0,0.0,0.0,0.0,0.0,0.0,0.0,0.0,0.0,0.0,0.0,0.0,0.0
00768d9556b5ba7cd2ad620aa6629d2f709bc0c7,1,0.9481327800829875,0.0,0.0,0.0,0.0,0.0,0.0,0.0,0.0,0.0,0.032450896669513236,0.0,0.0,0.0,0.0,0.0,0.0,0.0,0.0,0.0,0.0
0076bcbd58577876146629d2c5c05917adfcd1ef,0,0.0,0.0,0.0,0.0,0.017147636971978252,0.009880803011292346,0.0,0.0,0.11710581346716854,0.0,0.0,0.0,0.010978670012547051,0.03842534504391468,0.03502718527812631,0.0,0.0,0.015265579255541615,0.0,0.0,0.0
0076bddb70aca52402f45f7ef0c0e88ba053912a,0,0.9377593360995851,0.0,0.0,0.0,0.0,0.0,0.0,0.0,0.0,0.0,0.0,0.0,0.0,0.0,0.0,0.0,0.0,0.0,0.0,0.0,0.0
00770d1cd7e9e01780124679369fd992decd8a1a,0,0.9481327800829875,0.0,0.0,0.0,0.0,0.0,0.0,0.0,0.0,0.0,0.0,0.0,0.0,0.0,0.0,0.0,0.01441457776166085,0.0,0.0,0.0,0.0
00770dec622e405ef158e43cf8ecb6d692af8ec0,0,0.9363762102351314,0.0,0.0,0.0,0.002962085308056872,0.0020734597156398106,0.0,0.0,0.0,0.0,0.0,0.0,0.0,0.0,0.0,0.0,0.0,0.0,0.0,0.0,0.0
007769cdea96de97d2d8d907cccad75b1333c36f,0,0.9661134163208852,0.0,0.0,0.0,0.0,0.0,0.0,0.0,0.0,0.0,0.0,0.0,0.0,0.0,0.0,0.0,0.0,0.0,0.0,0.0,0.0
0077a05b7afffd9b72373a86fa8f9c52e5b8fb4c,0,0.0,0.0,0.0,0.0,0.0,0.0,0.0,0.0,0.0,0.0,0.0,0.0,0.0,0.0,0.0,0.0,0.0,0.0,0.0,0.0,0.0
0077b9d1080300e5a55bce3849006ff3ca44fc71,0,0.9467496542185339,0.0,0.0,0.0,0.0,0.01192707445902198,0.0,0.0,0.033395808485261545,0.0,0.0,0.0,0.0,0.0,0.0,0.0,0.0,0.0,0.0,0.0,0.0
0077c6ddbc36fd19e0cbbfe225fb050ce8a1c739,0,0.9467496542185339,0.0,0.0,0.0,0.0,0.0,0.0,0.0,0.0,0.0,0.0,0.0,0.0,0.0,0.0,0.0,0.0,0.0,0.0,0.0,0.0
00781471cdde251b532fc6bae03761642f35bbec,0,0.0,0.0,0.0,0.0,0.0,0.0,0.0,0.0,0.0,0.0,0.0,0.0,0.0,0.0,0.0,0.0,0.0,0.0,0.0,0.0,0.0
00781e1d01e5fe9763cbc3d9f115ce3c75497e4f,0,0.9432918395573997,0.0,0.0,0.0,0.0389908256880734,0.0,0.0,0.0,0.0,0.0,0.0,0.0,0.0,0.01548165137614679,0.0,0.0,0.0,0.0,0.0,0.0,0.0
007858e2a8c142a06b169c17f41e16a60f4a363b,0,0.9467496542185339,0.0,0.015739769150052464,0.0,0.01049317943336831,0.024134312696747113,0.0,0.0,0.0,0.0,0.0,0.0,0.015739769150052464,0.024134312696747113,0.0,0.0,0.0,0.0,0.0,0.0,0.011542497376705142
00786c7c6dad9f0201b1feeb56fe83a404ae8c38,0,0.9412171507607192,0.025892361753282783,0.04463349978423032,0.0,0.0,0.0,0.0,0.0,0.0,0.0,0.0,0.0,0.0,0.0,0.0,0.0,0.0,0.0,0.0,0.0,0.0
00787ddb96c0d731b4b15929cd48cd42bb78b8b3,0,0.9937759336099585,0.0,0.0,0.0,0.0,0.0,0.0,0.0,0.0,0.0,0.024801788981500306,0.0,0.0,0.0,0.0,0.0,0.0,0.0,0.0,0.0,0.0
0078b31bfda60533b7326e02ee9fcc16ccc47a61,0,0.941908713692946,0.0,0.0,0.0,0.0,0.0,0.0,0.0,0.0,0.0,0.0,0.0,0.0,0.0,0.0,0.0,0.0,0.0,0.0,0.0,0.0
00790c939d8c7239706d4121e4d83d2ecc6f368f,1,0.9370677731673582,0.0,0.0,0.0,0.0,0.0,0.0,0.0,0.0,0.0,0.0,0.0,0.0,0.0,0.0,0.0,0.0,0.0,0.0,0.0,0.0
00794c513777590f599ede9dc3b21e710a433b8d,0,0.0,0.0,0.0,0.0,0.015546218487394958,0.0,0.0,0.0,0.0,0.0,0.0,0.0,0.0,0.0,0.0,0.0,0.015546218487394958,0.0,0.0,0.0,0.030672268907563024
0079692e1d0cce4c486445363c3b544880988ef6,0,0.9405255878284924,0.0,0.04195174648901692,0.0,0.0,0.0,0.0,0.0,0.08696435001800504,0.0,0.0,0.0,0.0,0.0,0.0,0.0,0.0,0.0,0.0,0.0,0.0
007a01d82722a3039197a59b96bb0a23cf4a35ea,0,0.0,0.0,0.0,0.0,0.0,0.0,0.0,0.0,0.0,0.0,0.0,0.0,0.0,0.0,0.0,0.0,0.0,0.0,0.0,0.0,0.0
007a1549a8694e2cbd7149fcf6b864fd3dfeeb28,0,0.9405255878284924,0.0,0.016076070597893007,0.0,0.01648652346422219,0.0,0.0,0.0,0.0,0.0,0.0,0.0,0.0,0.0,0.0,0.0,0.0,0.0,0.0,0.0,0.0
007a1f35fe44b454f82a93114d5764dcbef49765,0,0.0,0.0,0.0,0.0,0.05852601156069364,0.0,0.0,0.0,0.0,0.0,0.0,0.0,0.0,0.0,0.0,0.0,0.0,0.0,0.0,0.0,0.030346820809248554
007a66cb41111ba163951a98f4cfe61234f55a6d,0,0.9384508990318119,0.0,0.0,0.0,0.0,0.0,0.0,0.0,0.0,0.0,0.0,0.0,0.01451231859601755,0.0,0.0,0.0,0.0,0.0,0.08057711778602768,0.0,0.0
007ab8646d9fd9c2f563df4a7ada27adde49f436,0,0.9488243430152143,0.0,0.0,0.0,0.026475694444444444,0.0,0.0,0.0,0.0,0.0,0.01837384259259259,0.0,0.0,0.0,0.0,0.0,0.0,0.0,0.0,0.0,0.0
007aba22307934291990de7c6b72fef9af00ce8b,0,0.9412171507607192,0.019418893269090378,0.0,0.0,0.0,0.0,0.0,0.0,0.0,0.0,0.0,0.0,0.0,0.0,0.0,0.0,0.0,0.0,0.0,0.07071591959896822,0.0
007acb43056c07974bdbc9aedeec821cf96ba5bb,0,0.9370677731673582,0.0,0.0,0.0,0.0,0.0,0.0,0.0,0.0,0.0,0.0,0.0,0.0,0.0,0.0,0.0,0.0,0.0,0.0400607334734875,0.0,0.013197850969399672
007acdd0de6127fa9f5d9b37e665e1db995de455,1,0.0,0.0,0.022596905962106728,0.0,0.0,0.0,0.0,0.0,0.0,0.0,0.0,0.0,0.0,0.0,0.0,0.0,0.0,0.0,0.0,0.0,0.0
007af9b5d0927441aedcdb6bc74312099ebf5a01,0,0.9356846473029046,0.0,0.0,0.0,0.0,0.0,0.0,0.0,0.0,0.0,0.0,0.0,0.0,0.0,0.0,0.03993399339933994,0.0,0.0,0.0,0.0,0.0
007b4f9a35d9b6f1358da344aad4c9cdc0b8115d,1,0.9398340248962656,0.0,0.0028039254956939716,0.0,0.005808131383937512,0.0,0.0,0.0,0.0,0.0,0.0,0.0,0.0,0.0,0.0,0.0,0.005407570598838373,0.0,0.0,0.0,0.04225916282795914
007b709455784b7988217d731c3aa66704a9be7b,0,0.9377593360995851,0.0,0.0,0.0,0.0,0.0,0.0,0.0,0.0,0.0,0.0,0.0,0.0,0.0,0.0,0.0,0.0,0.0,0.0,0.014734144778987828,0.0
007bb84025eca9c52810af8a87a0c8857c7b2e21,1,0.9439834024896265,0.0,0.0,0.0,0.0,0.0,0.0,0.0,0.0,0.0,0.04643962848297214,0.0,0.0,0.0,0.0,0.0,0.0,0.0,0.0,0.0,0.0
007bc1593dc966671de398ca5fbca8d5b204e3ac,0,0.9363762102351314,0.03413834227787716,0.01050983899821109,0.0,0.008050089445438283,0.009168157423971377,0.06395348837209303,0.0,0.0,0.0,0.0,0.0,0.0,0.0,0.0,0.0,0.014236732259988075,0.0,0.013938580799045915,0.0,0.0
007c144cf017d1a6be4172393d5b0d78710cbc99,0,0.9439834024896265,0.030888642483763662,0.0,0.0,0.0,0.0,0.0,0.0,0.0,0.0,0.0,0.0,0.0,0.0,0.0,0.0,0.0,0.0,0.0,0.0,0.0
007c2858b384324490ba5d9565d55de9609b7bec,0,0.9488243430152143,0.0,0.0,0.0,0.0,0.0,0.0,0.0,0.0,0.0,0.0,0.01231008603331503,0.0,0.0,0.0,0.0,0.0,0.0,0.0,0.05633351638293978,0.0
007cb0cf99b39c41d7b2cc7611577bf616a05cfc,0,0.9432918395573997,0.0,0.0,0.0,0.0,0.0,0.0,0.031780398221534896,0.0,0.013995747148656486,0.0,0.0,0.0,0.0,0.0,0.0,0.0,0.016006185965590565,0.0,0.0,0.0
007cbd2af9e90ba0314ea57b6784d014f1eff4dc,1,0.9370677731673582,0.00839311670652225,0.0,0.0,0.0,0.0,0.0,0.0,0.004313780653631547,0.0,0.0,0.0,0.004220002813335209,0.0,0.0,0.0,0.0,0.0,0.0,0.0,0.0
007ce53694237e1062a6c9ecb8ca55007fbc8f21,0,0.0,0.0,0.0,0.0,0.0,0.0,0.06583629893238434,0.0,0.0,0.0,0.0,0.0,0.0,0.0,0.0,0.0,0.0,0.0,0.0,0.0,0.0
007ded1750cd2797d0af2ba22296c6f170843e40,0,0.9391424619640387,0.04628983484531286,0.0,0.0,0.028068543072032257,0.0,0.0,0.0,0.0,0.0,0.0,0.033883848957121813,0.0,0.0,0.0,0.0,0.0,0.0,0.0,0.0,0.0
007e105095a72e107a4cb761bd3a6630d6075c60,0,0.9481327800829875,0.0,0.024312896405919663,0.0,0.0,0.0,0.0,0.0,0.021141649048625793,0.04334038054968287,0.0,0.0,0.0,0.0,0.019027484143763214,0.0,0.0,0.0,0.0,0.0,0.0
007e9ded3294280553c25e4e21965e3cf70424a0,0,0.9391424619640387,0.0,0.05676207947770254,0.0,0.0,0.0,0.0,0.0,0.0,0.0,0.0,0.0,0.0,0.0,0.0,0.0,0.0,0.0,0.0,0.0,0.0
007ec9665941352ee74c0998377ec8d5db3afb83,0,0.0,0.0,0.0,0.0,0.0,0.0,0.0,0.0,0.0,0.0,0.0,0.0,0.0,0.0,0.0,0.0,0.0,0.0,0.0,0.0,0.0
007eec166879a3c93d21ba34d50c1e43151d6479,1,0.0,0.0,0.0,0.0,0.0,0.0,0.0,0.0,0.0,0.0,0.0,0.0,0.0,0.031578947368421054,0.0,0.0,0.0,0.0,0.0,0.0,0.0
007f1afadc6bd569379796500b808b149fec14a1,0,0.9377593360995851,0.0,0.0,0.0,0.0,0.0,0.0,0.0,0.0,0.0,0.0,0.0,0.009178321678321678,0.0,0.027534965034965036,0.0,0.024694055944055944,0.0,0.0,0.0,0.0
007f3288df97f045ff057ade479197d6efaadc32,0,0.9363762102351314,0.0,0.0,0.0,0.0,0.0,0.0,0.0,0.0,0.0,0.0,0.0,0.0,0.0,0.0,0.0,0.0,0.0,0.03493862134088763,0.0,0.0
007f38a6f16fcdd28df693dfc549fde895b06c29,0,0.9363762102351314,0.0,0.0,0.0016277177072433438,0.0,0.0,0.0,0.011975351703290315,0.38786187652598536,0.0,0.0,0.0,0.07603767003836763,0.0,0.0,0.0,0.0,0.03487966515521451,0.10894082083478665,0.0,0.0
007f56a4517e2c480a12a0d0edf852bcfc14dc18,1,0.0,0.0809555408095554,0.0,0.0,0.021566025215660253,0.0,0.008626410086264101,0.0,0.0,0.0,0.0,0.0,0.0,0.0,0.0,0.0,0.0,0.0,0.0,0.0,0.0
007fada4c821eaa0fe6638d5175645a73f99c3c7,0,0.9446749654218534,0.0,0.0,0.0,0.0,0.0,0.0,0.0,0.0,0.0,0.0,0.0,0.0,0.0,0.0,0.0,0.0,0.0,0.0,0.0,0.0
007fcb24cab2dcbaa6dbf5ae4c7084c6538251b1,0,0.9377593360995851,0.0,0.0,0.0,0.0,0.0,0.0,0.0,0.0,0.0,0.0,0.0,0.0,0.0,0.0,0.0,0.0,0.0,0.0,0.0,0.0
007ff4de54fd69f220e0a148267233a77f4e8757,1,0.9363762102351314,0.045510964004964835,0.0,0.0,0.07529995862639637,0.015721969383533305,0.0,0.0,0.0,0.0,0.0,0.0,0.0,0.0,0.0,0.0,0.03558129913115432,0.0,0.0,0.0,0.03992552751344642
0080070a54625782cde3a0149bf9f5b285488de7,0,0.9439834024896265,0.0,0.0,0.0,0.01995427146123467,0.0,0.0,0.0,0.0,0.0,0.0,0.0,0.0,0.0,0.0,0.0,0.0,0.0,0.0,0.0,0.0
0080189786688dad0a9f29dfdbbfb74af1274c5c,1,0.9391424619640387,0.0,0.0,0.0,0.0,0.0,0.0,0.0,0.0,0.0666552138807765,0.0,0.0,0.0,0.0,0.027343526312775583,0.014545038080513085,0.0,0.0,0.0,0.0,0.0
0080441d1de72a7f9fec9ba621bb9ebbad981559,1,0.9391424619640387,0.0,0.0,0.0,0.0,0.0,0.0,0.0,0.0,0.0,0.0,0.0,0.0,0.0,0.0,0.0,0.0,0.0,0.0,0.0,0.0
00808342626ea3c905b81d3ebad0a7eeac294ec0,0,0.9453665283540802,0.026110971629425057,0.01518955561134823,0.0,0.0,0.0,0.0,0.01267888526236505,0.03866432337434095,0.014812955059000753,0.0,0.0,0.0,0.0,0.0,0.0,0.0,0.0,0.0,0.0,0.0
0080a6b930ef753f30d2d01a700dd5d5eda6c8ca,0,0.946058091286307,0.05582678836765018,0.0,0.0,0.0,0.0,0.0137444279346211,0.0,0.0,0.0,0.0,0.0,0.0,0.0,0.0,0.0,0.0,0.0,0.0,0.10756739545744004,0.0
0080b6350f05ad4e3971f78c691241d8005a44b1,0,0.0,0.0,0.0,0.0,0.0,0.0,0.0,0.0,0.0,0.0,0.0,0.0,0.0,0.0,0.0,0.0,0.0,0.0,0.0,0.0,0.0
0080ce56b6f6e98ee169120ba257bb95d11f3c80,1,0.9453665283540802,0.0,0.033820606526896196,0.0,0.0,0.0,0.0,0.0,0.0,0.024203372443418605,0.0,0.0,0.0,0.0,0.0,0.0,0.0,0.0,0.0,0.0,0.0
0080dc12e6a25919f60ea5c2ac1cde8c7df4f6e7,1,0.0,0.016129032258064516,0.0,0.0,0.0,0.0,0.022332506203473945,0.0,0.0,0.0,0.0,0.0,0.0,0.0,0.0,0.0,0.0,0.0,0.0,0.01902398676592225,0.0
0080dcdb7d58d1b5eff1271ec36c2dd967ef49bc,0,0.0,0.0,0.0,0.0,0.0,0.0,0.0,0.0,0.0,0.0,0.0,0.0,0.0,0.0,0.0,0.0,0.0,0.0,0.0,0.0,0.0
008116dcf3b7555f0b6ab088b8ae802855b76ee9,0,0.9370677731673582,0.0,0.009217758985200846,0.0,0.0,0.010063424947145877,0.0,0.0,0.0,0.0,0.0,0.0,0.0,0.0,0.017420718816067653,0.0,0.0,0.0,0.0,0.0,0.07484143763213531
008145ec22e03624ef3857ddeba725960a0b68f7,0,0.9405255878284924,0.018289473684210526,0.021710526315789475,0.0,0.0,0.007894736842105263,0.0,0.0,0.07092105263157895,0.0,0.0,0.0,0.0,0.0,0.0,0.0,0.007236842105263158,0.0,0.0,0.0,0.0
00819b14047240732f8daef7a79da578a6ba96f9,0,0.9301521438450899,0.0,0.0,0.0,0.0,0.0,0.0,0.0,0.0,0.0,0.0,0.0,0.0,0.0,0.0,0.0,0.0,0.0,0.0,0.0,0.0
0081beb0ecaf2dbcd829eaaccac8783a0fbe60f1,1,0.0,0.0,0.0,0.0,0.0,0.02034494626945581,0.0,0.0,0.0,0.0,0.0,0.0,0.0,0.0,0.022065853378714292,0.0,0.0,0.0,0.0,0.0,0.0
0081c4fb1e98a0444c634100f29ce0d78c61821a,0,0.9467496542185339,0.0,0.05386796273795059,0.0,0.02389631429728635,0.0,0.0,0.0,0.0,0.0,0.0,0.0,0.0,0.0,0.04293236127987039,0.0,0.0,0.0,0.0,0.0,0.0
0081c53036b91574b494ae96e1d6fb5a91f6e6b0,1,0.9377593360995851,0.0,0.0,0.018534390400685666,0.0,0.028712234840368545,0.0,0.018212984786800942,0.0,0.0,0.0,0.0,0.02024855367473752,0.0,0.0,0.0,0.0,0.0,0.04071137775873152,0.0,0.0
0081dfee250b3309702e0bc75d82bfb89574a22b,0,0.0,0.0,0.0,0.0,0.0,0.0,0.027763377685617187,0.0,0.0,0.0,0.0,0.0,0.0,0.0,0.0,0.0,0.0,0.0,0.0,0.0,0.0
0081fa5e0dd45f408b0246902a7f5f87ca76f7a5,0,0.941908713692946,0.0,0.0,0.0,0.017962962962962962,0.0,0.0,0.0,0.0,0.0,0.0,0.0,0.0,0.0,0.0,0.0,0.0,0.0,0.0,0.0,0.0
008211685b18de21c37a1cbac33f610bb4c31290,1,0.9377593360995851,0.0,0.0,0.0,0.0,0.0,0.010035249262642975,0.017948349039637435,0.0,0.0,0.0,0.0,0.0,0.0,0.0,0.0,0.0,0.0,0.0,0.0,0.0
0082156051992eff1ef5d8b4eb87e7e9d7c852bb,1,0.0,0.0,0.0,0.0,0.0,0.0,0.0,0.0,0.0,0.0,0.0,0.0,0.0,0.0,0.0,0.0,0.0,0.0,0.0,0.0,0.0
008259baf056df41077d7f8d746e025757734073,0,0.9391424619640387,0.0,0.01745021556148635,0.0,0.0,0.0,0.0,0.0,0.0,0.01703962225415726,0.0,0.0,0.0,0.0,0.0,0.0,0.0,0.0,0.0,0.0,0.0
00828880d5887fd7813f399afde03c96155ffbb2,1,0.9481327800829875,0.08495909376966645,0.0,0.0,0.00881057268722467,0.2171176840780365,0.0,0.009439899307740718,0.0,0.0,0.0,0.0,0.0,0.010069225928256766,0.007551919446192574,0.0,0.0,0.0,0.0,0.0,0.04216488357457521
0082b3c7e4dc7460dade20a09abf22c3e45273f6,1,0.9391424619640387,0.0,0.0,0.01508485229415462,0.0,0.0,0.0,0.0,0.0,0.01833228577414624,0.0,0.0,0.0,0.0,0.016551435156086317,0.0,0.0,0.0,0.0,0.0,0.0
0082ddbcc6cffa626224e27c444b1aa68854c062,0,0.941908713692946,0.0,0.0,0.0,0.0,0.0,0.0,0.0,0.0,0.0,0.0,0.0,0.0,0.0,0.0,0.0,0.0,0.0,0.0,0.0,0.0
0083d7dffb9e8e1915d782dced15041824768e68,0,0.9564315352697096,0.050188679245283016,0.0,0.0,0.0,0.0,0.040377358490566034,0.0,0.0,0.024528301886792454,0.0,0.0,0.0,0.0,0.0,0.0,0.0,0.0,0.0,0.021132075471698115,0.0
0083e2b155f1295d01cca7491f6ff7be7eaacf79,0,0.9453665283540802,0.03401114407699544,0.0,0.0,0.0,0.0,0.0,0.0,0.0,0.0,0.0,0.0,0.0,0.0,0.0,0.0,0.0,0.0,0.0,0.0,0.0
00843f40ee4df27cc7aaabdf43833ca7e3856889,0,0.9439834024896265,0.0,0.0,0.0,0.0,0.0,0.0,0.0,0.0,0.0,0.0,0.0,0.0,0.0,0.0,0.0,0.0,0.0,0.0,0.0,0.0
0084504c8747867115a8f25131e0d8bc392b026f,0,0.0,0.0,0.0,0.0,0.0,0.0,0.0,0.0,0.0,0.0,0.0,0.0,0.0,0.0,0.0,0.0,0.0,0.0,0.0,0.0,0.0
0084803ae72f021aafe1377b47301ec18280c699,0,0.9467496542185339,0.0,0.0,0.0,0.0,0.01326470005939418,0.0,0.0,0.0,0.011680855276182935,0.0,0.0,0.0,0.0,0.0,0.0,0.03207285686002772,0.0,0.01781825381112651,0.0,0.0
00848c7942c5e4340ac8bee12e1573b7044588f4,0,0.9356846473029046,0.042737354611847446,0.01866378144441439,0.0,0.0,0.013794968893697593,0.03299972951041385,0.030835812821206385,0.0,0.0,0.0,0.0,0.0,0.03732756288882878,0.0,0.0,0.0,0.0,0.0,0.022991614822829323,0.0
008535deef5ed78adaf2703c0e8bf1b96092936b,0,0.9529737206085753,0.0,0.0,0.0,0.0,0.0,0.0,0.010196154593124878,0.0,0.0,0.0,0.0,0.0,0.0,0.0,0.01845018450184502,0.0,0.2590794328995922,0.0,0.0,0.0
00857141f325e9dde1e813c3514b92d3ae6b1530,0,0.9405255878284924,0.0,0.0,0.018213580434452377,0.0,0.0,0.0,0.0,0.0,0.0,0.0,0.0,0.0,0.0,0.0,0.0,0.0,0.0,0.05290900805104056,0.0,0.02319611119550357
00858520dd36edd1e551ea51fc7f6c6b4204b6a3,0,0.9398340248962656,0.0,0.0,0.0,0.0,0.0,0.0,0.0,0.0,0.0,0.0,0.0,0.0,0.0,0.0,0.0,0.0,0.0,0.0,0.023228803716608595,0.0
0085a0446bea25923b3115be0095963065a9338c,0,0.941908713692946,0.0,0.0,0.0,0.0,0.0,0.011852502194907815,0.11940298507462686,0.0,0.0,0.0,0.0,0.0,0.0,0.0,0.038191395961369626,0.0,0.0,0.0,0.0,0.0
0085b81ebf685d626c781cd108750d51ec33ab01,0,0.9508990318118948,0.018184135616263756,0.0,0.0,0.0,0.0,0.0,0.0,0.0,0.0,0.0,0.0,0.014997663253600713,0.0,0.0,0.0,0.0,0.0,0.0,0.0,0.0
00861fc2384efc220d53c7bc0da61b28bcb337e8,0,0.9398340248962656,0.0,0.0,0.0,0.0,0.0,0.0,0.0,0.0,0.0,0.0,0.0,0.0,0.0,0.0,0.0,0.0,0.0,0.0,0.0,0.0
008651e0ff015a565e5ca1b44187f1387217048e,1,0.9370677731673582,0.0,0.010269576379974325,0.0,0.0,0.01797175866495507,0.0,0.0,0.0,0.0,0.0,0.0,0.0,0.0,0.0,0.0,0.0,0.0,0.0,0.0,0.0
008687c07718221268fc4763b17d72b76c3f1f3c,1,0.9391424619640387,0.0,0.0,0.016313901975951058,0.0,0.0,0.019618873496941143,0.0,0.05221151817734337,0.0,0.0,0.0,0.011250966879966247,0.0,0.0,0.0,0.0,0.0,0.0,0.0,0.0
00868f9ff7a2cc55ced3e0f5bbed5803ce54d100,0,0.9412171507607192,0.0,0.0,0.0,0.0,0.0,0.0,0.0,0.0,0.0,0.0,0.0,0.0,0.0,0.0,0.0,0.0,0.0,0.0,0.0,0.0
0087182c5fbeaaa49206d3486d30530410a15f85,0,0.9405255878284924,0.0,0.0,0.0,0.0,0.0,0.0,0.0,0.0,0.0,0.0,0.0,0.0,0.0,0.0,0.0,0.0,0.0,0.0,0.0,0.0
0087b2f9e433aa2f68f4ee40abcb745a80e5ae39,0,0.9391424619640387,0.0,0.0,0.016025097507207056,0.0,0.0,0.0,0.0,0.0,0.0,0.0,0.0,0.0,0.018229608275394268,0.0,0.13918093946074275,0.0,0.0,0.0,0.0,0.0
008807fd6a3cc46b3e002101368b9617688dbb43,0,0.0,0.0,0.0,0.0,0.0,0.0,0.0,0.0,0.0,0.0,0.0,0.0,0.0,0.0,0.0,0.0,0.03247232472324723,0.0,0.0,0.0,0.0
0088080d16d8856718db1be3d0e796b52ffef109,0,0.9377593360995851,0.0,0.0,0.0,0.0,0.0,0.0,0.0,0.0,0.0,0.0,0.0,0.0,0.0,0.0,0.06452226874762086,0.0,0.0,0.0,0.0,0.0
0088242c2ddcf8f995be4c8ae1a58ee252cb6332,0,0.9481327800829875,0.0,0.0,0.0,0.0,0.0,0.0,0.0,0.0,0.0,0.0,0.0,0.0,0.0,0.0,0.0,0.0,0.0,0.0,0.0,0.0
008871ae5062b4fa1989c949ee80e7c4028e8b9b,0,0.9377593360995851,0.0,0.0,0.0,0.0,0.0,0.0,0.0,0.0,0.0,0.0,0.0,0.0,0.02430309473186865,0.0,0.0,0.0,0.009124734231041815,0.0,0.0,0.0
00887a426800455d0693e396ddef4ef3d4eb6bb6,0,0.9391424619640387,0.0,0.0,0.0,0.0,0.02222789984670414,0.0,0.0,0.015074092999489013,0.0,0.0,0.0,0.012774655084312723,0.0,0.0,0.0,0.0,0.018395503321410323,0.0,0.0,0.0
0088bb840035a5767f2556e180d2ff2b97f235c2,1,0.0,0.0,0.0,0.0,0.0,0.0,0.0,0.0,0.0,0.0,0.0,0.0,0.0,0.0,0.0,0.0,0.0,0.0,0.0,0.0,0.0
0088cc547a3877d043fe12721a7eae745c45b5f7,0,0.9508990318118948,0.0,0.0,0.0,0.0,0.0,0.0,0.0,0.0,0.0,0.0,0.0,0.0,0.0,0.0,0.0,0.0,0.0,0.0,0.0,0.0
0088e8075a0136af7ac31e44e480bbf7937f624a,0,0.9412171507607192,0.0,0.01830810984865909,0.0,0.0,0.0,0.0,0.0,0.0,0.0,0.0,0.0,0.0,0.0,0.0,0.0,0.0,0.0,0.0,0.0,0.0
008924867b28695c1c258efbf37676fab66b3b50,0,0.0,0.0,0.0,0.0,0.0,0.0,0.0,0.0,0.0,0.0,0.0,0.0,0.0,0.0,0.0,0.0,0.0,0.0,0.0,0.0,0.0
008a2022638547612667ea1bf6e9ccbf49a4dac4,0,0.9363762102351314,0.0,0.0,0.0,0.0,0.0,0.0,0.0,0.0,0.0,0.0,0.0,0.0,0.0,0.0,0.0,0.0,0.0,0.0,0.0,0.0
008a218af5a27d7017810e35a3df12311f08d5c3,0,0.9384508990318119,0.0,0.0,0.12882308440505782,0.0,0.0,0.0,0.0,0.0,0.0,0.0,0.0,0.0,0.0,0.0,0.0,0.0,0.0,0.0,0.0,0.0
008a336e7bf7c0dd12b4191273ac92df787c36d3,0,0.9370677731673582,0.0,0.0,0.0,0.0,0.0,0.0,0.0,0.0,0.013939877627028465,0.0,0.0,0.0,0.0,0.015323224261771748,0.0,0.0,0.03426443202979516,0.0,0.0,0.0
008a54ca792d90dae28bf06a4419c804701039d4,1,0.926002766251729,0.0,0.0,0.0,0.0,0.0,0.0,0.0,0.025819265143992055,0.01659809902113775,0.0,0.0,0.0,0.015463186267555681,0.0,0.0,0.0,0.0,0.0,0.0,0.0
008aa8eed9cb1bd8f04b3cd325702a0236762f5a,0,0.9578146611341632,0.0,0.0,0.0,0.0,0.0,0.0,0.0,0.0,0.0,0.0,0.0,0.0,0.0,0.0,0.0,0.0,0.0,0.0,0.0,0.0
008ac985db5b498e91c286ba539e0395451ae930,0,0.0,0.0,0.0,0.0,0.0,0.0,0.0,0.0,0.0,0.0,0.0,0.0,0.0,0.0,0.0,0.0,0.0,0.0,0.0,0.0,0.0
008ae9e1643d5567761d29b14b2342c381f1b703,0,0.0,0.0,0.0,0.0,0.0,0.0,0.03821656050955414,0.0,0.0,0.0,0.0,0.0,0.0,0.0,0.0,0.0,0.0,0.0,0.0,0.0,0.0
008b485cb4360f471f178bf48a8e6b0d9e112a9f,0,0.950207468879668,0.0,0.0,0.0,0.0,0.0,0.0,0.0,0.0,0.07733228253374051,0.0,0.0,0.0,0.0,0.0,0.0,0.0,0.0,0.0,0.0,0.0
008b64c99a0d7e76463e937cdc18165b5a6e782b,0,0.9356846473029046,0.0,0.0,0.0,0.0,0.0,0.0,0.0,0.0,0.0,0.0,0.0,0.0,0.0,0.0,0.0,0.0,0.0,0.0,0.0,0.0
008b85a27e147037219cbfd62b06f6a2504cdba7,0,0.0,0.0,0.0,0.0343213728549142,0.078003120124805,0.0,0.0,0.0,0.0,0.0,0.0,0.0249609984399376,0.0,0.0,0.0,0.0,0.0,0.0,0.0,0.0,0.0
008b9398f42a5cea4ee60499a422de8cd1b6c0ed,0,0.9398340248962656,0.0,0.0,0.0,0.0,0.0,0.0,0.0,0.0,0.0,0.0,0.0,0.0,0.0,0.0,0.0,0.0,0.0,0.0,0.0,0.0
008bb9dc34fd4d9d8d162e22ab4bdfd736583ac2,0,0.9515905947441217,0.0,0.0,0.0,0.0,0.0,0.066006600660066,0.0,0.0,0.0,0.0231023102310231,0.0,0.0,0.0,0.0,0.0,0.0,0.0,0.0,0.0,0.0
008bd6c1beffe84af9111da859d6cd5a4dce8716,0,0.9453665283540802,0.0,0.029248426508700482,0.0,0.017586079229914845,0.0,0.0,0.0,0.0,0.013143280266567938,0.0,0.0,0.0,0.0,0.028878193261754906,0.0,0.0,0.0,0.0,0.0,0.0
008c24202529908f6ce384688a735d2d0998cdab,0,0.0,0.0,0.0,0.0,0.0,0.0,0.0,0.0,0.0,0.0,0.0,0.0,0.0,0.0,0.0,0.0,0.0,0.0,0.0,0.0,0.0
008c2f32af6dd0dd5d8caa3880347c54d9f64daf,1,0.9336099585062241,0.0,0.0,0.0045444217223358325,0.0,0.0,0.0,0.0,0.0,0.0,0.002953874119518291,0.0,0.0,0.00840718018632129,0.009316064530788457,0.0,0.0,0.0,0.0,0.0,0.0
008c354e33658fb3b68de133ec99e7d57f191bb0,0,0.9426002766251729,0.0,0.08701545134182706,0.0,0.01002981837896449,0.0,0.006505828137706696,0.017891027378693414,0.0,0.0,0.0,0.0,0.0,0.0,0.0,0.0,0.0,0.0,0.0,0.0,0.0
008c57f99fb712017cb577d60d2e45e031c98dbc,1,0.0,0.0,0.0,0.0,0.0,0.0,0.0,0.0,0.0,0.0,0.0,0.0,0.0,0.0,0.0,0.0,0.0,0.0,0.0,0.0,0.0
008c5b0283bda3bdacdebf1085f247c8ca62b30f,0,0.9426002766251729,0.0,0.0,0.017543859649122806,0.0,0.0,0.0,0.0,0.0,0.0,0.0,0.0,0.0805921052631579,0.0,0.0,0.0,0.0,0.0,0.0,0.0,0.0
008cb1b12749462e089f79c98432e958b713e83d,0,0.9515905947441217,0.036037635363039236,0.0,0.0,0.0,0.0,0.0,0.0,0.0,0.0,0.0,0.0,0.0,0.0138469731936801,0.0,0.0,0.0,0.0,0.0,0.0,0.0
008cc3f3075e913d4c3a289c5ee42ccd49097ea9,0,0.9377593360995851,0.0,0.0508767715589719,0.0,0.0,0.0,0.0,0.0,0.0,0.0,0.0,0.0,0.0,0.0,0.0,0.0,0.0,0.0,0.0,0.0,0.01633437424933942
008cfe192c6b0a40e7658105b678e0f493bf705b,0,0.9377593360995851,0.0,0.0,0.0,0.0,0.0,0.0,0.0,0.0,0.0,0.0,0.0,0.0,0.0,0.0,0.0,0.08820023837902265,0.0,0.0,0.0,0.0
008d6d7fbe27079e038cc23340682f305bf01608,0,0.9398340248962656,0.0,0.0,0.0,0.11168768960562031,0.051333226888072805,0.0,0.0,0.0,0.0,0.0,0.0,0.0,0.0,0.0,0.0,0.0,0.0,0.0,0.0,0.03847996167970621
008d6e4acb054ccf0540ddbbcec7ef7277888e75,1,0.9432918395573997,0.0,0.0,0.0,0.0,0.0,0.0,0.0,0.0,0.0,0.0,0.0,0.0,0.0,0.0,0.0,0.0,0.0,0.0,0.0,0.013605442176870748
008d7b402cbe25d12cf69ef0900cb800451a6dab,0,0.9432918395573997,0.0,0.02924693520140105,0.0,0.0138353765323993,0.033800350262697024,0.0,0.013660245183887917,0.0,0.0,0.0,0.0,0.0,0.03660245183887916,0.0,0.0,0.0,0.012434325744308231,0.0,0.0,0.0
008db7d5cec3a14f73382caeb4c62bc90efbb770,1,0.0,0.0,0.0,0.0,0.0,0.0,0.0,0.0,0.0,0.0,0.0,0.0,0.0,0.0,0.0,0.0,0.0,0.0,0.0,0.0,0.0
008dee6d951e664684e274b3cbe93a3a1df1abbf,1,0.9439834024896265,0.0,0.0,0.0,0.0,0.0,0.0,0.0,0.0,0.0,0.0,0.0,0.0,0.0,0.0,0.0,0.0,0.0,0.0,0.0,0.0
008e703ac6953d8d4dba76da5dcdf406c0a180fa,0,0.0,0.0,0.0,0.0,0.0,0.0,0.0,0.0,0.0,0.0,0.0,0.0,0.0,0.0,0.0,0.08287858117326058,0.0,0.0,0.0,0.0,0.0
008eba7fbe597f0754b617e7ff53f157003086a5,1,0.0,0.020234450832524453,0.018927798103486895,0.0,0.0,0.0,0.0,0.0,0.0,0.0,0.0,0.012581199133875905,0.0,0.019917120884043904,0.0,0.0,0.09727096244306728,0.0,0.0,0.0,0.0
008f562417eedb581324f5235d63184f34af5478,1,0.0,0.0,0.0,0.0,0.0,0.0,0.0,0.0,0.0,0.0,0.0,0.0,0.0,0.0,0.0,0.0,0.0,0.0,0.0,0.0,0.0
008f7a869d7e53e315d0c010348512b4161aed34,0,0.9405255878284924,0.0,0.0,0.0,0.0,0.0,0.02280130293159609,0.0,0.0,0.05863192182410423,0.0,0.0,0.0,0.0,0.0,0.0,0.0,0.0,0.0,0.0,0.0
008f9488275cd2f1c8c7e1e5208ffeec0e5c1bf4,0,0.941908713692946,0.11698450536352802,0.015852205005959477,0.0,0.031406436233611446,0.0,0.0,0.0,0.0,0.0,0.0,0.0,0.0,0.024135876042908223,0.0,0.0,0.0,0.0,0.0,0.04910607866507747,0.0
008fbc608fa9443622ccdbdac7d75911904f63c7,0,0.0,0.0,0.0297723292469352,0.0,0.0,0.0,0.0,0.0,0.0,0.0,0.0,0.0,0.0,0.0,0.0,0.0,0.0,0.0,0.0,0.0,0.0
008fd83ba26eb426e3771c7ac61390cd21d27c58,0,0.9446749654218534,0.0,0.0,0.0,0.0,0.0,0.0,0.0,0.0,0.0,0.0,0.0,0.0,0.042778057372924005,0.0,0.0,0.0,0.0,0.0,0.0,0.0
008fe7af3aea819c479730ff6b89d5cd183fb142,1,0.0,0.0,0.010158013544018058,0.0,0.025395033860045147,0.0,0.013261851015801355,0.0,0.0,0.0,0.0,0.0,0.0,0.0,0.033860045146726865,0.0,0.0,0.0,0.0,0.0,0.0
008ffff051609f817a7770fd371fd246d891b7f0,0,0.9426002766251729,0.0,0.0,0.0,0.0,0.0,0.0,0.0,0.0,0.0,0.0,0.0,0.0,0.0,0.0,0.0,0.0,0.0,0.0,0.0,0.0
0090c0443d29bf607ced964262a581587060d55d,1,0.9405255878284924,0.0,0.02165605095541401,0.0,0.0,0.0,0.0,0.0,0.0,0.3592356687898089,0.0,0.0,0.0,0.0,0.0,0.0,0.0,0.0,0.0,0.0,0.0
009107d7285985c2cd9632186f6ea93b7631b9a0,0,0.9398340248962656,0.0,0.0,0.0,0.0,0.0,0.0,0.0,0.0,0.0,0.0,0.0,0.0,0.0,0.0,0.0,0.0,0.0,0.0,0.0,0.0
0091d7e9513602912fbbe62aea084041ea167550,1,0.0,0.0,0.0,0.0,0.0,0.0,0.0,0.0,0.0,0.0,0.0,0.0,0.0,0.0,0.0,0.0,0.0,0.0,0.0,0.0,0.0
009201274a0d23a3f8dbdab503e78e15822406e2,0,0.9398340248962656,0.0,0.0,0.03120411160058737,0.0,0.0,0.0,0.0,0.0,0.0,0.0,0.0,0.0,0.0,0.0,0.0,0.0,0.0,0.0,0.0,0.0
009234bf70c3b7a59c3f721f5c351eb255c58512,1,0.9356846473029046,0.0,0.0,0.0,0.0,0.0,0.0,0.0,0.0,0.0,0.0,0.008896797153024912,0.0,0.0,0.0,0.0,0.0,0.0,0.0,0.0,0.0
00924eef9c4f03910db826ed8f314f69c1820471,0,0.9384508990318119,0.0,0.0,0.0,0.0,0.01100585121203678,0.0,0.0,0.0,0.004667038172192811,0.0,0.0,0.0,0.0,0.0066174421844524935,0.0,0.0,0.0,0.0,0.0,0.0
00925544b7367d60900443321fed600bd3e71eb5,0,0.9432918395573997,0.0,0.0,0.0,0.0,0.0,0.0,0.0,0.0,0.027522935779816515,0.0,0.0,0.0,0.0,0.0,0.0,0.0,0.0,0.0,0.0,0.0
00925b16851af7806431f96472a5cd8943beaf89,0,0.9370677731673582,0.0,0.0,0.0,0.0,0.0,0.0,0.0,0.0,0.0,0.0,0.0,0.0,0.0,0.0,0.0,0.0,0.0,0.0,0.0,0.0
0092e47d3d23a76b69c271f718a7b22b2fad8e13,1,0.9384508990318119,0.0,0.0,0.0,0.0,0.0,0.0,0.0,0.0,0.0,0.0,0.0,0.0,0.0,0.0,0.0,0.03186042101270624,0.0,0.0,0.0,0.0
009306289ffdb7d9738d5789a8fdfa84a29b8d9a,1,0.9370677731673582,0.0,0.0,0.0,0.0,0.10303388494877856,0.0,0.0,0.06094037299711059,0.07591279222484897,0.0,0.0,0.0097846073023378,0.008274231678486997,0.0,0.0,0.0,0.0,0.0,0.0,0.0
009309572fc47c5fd39975ec80ae47b5732af072,1,0.941908713692946,0.017809376319864845,0.0,0.0,0.0,0.0,0.0,0.0,0.0,0.0,0.006124172884696607,0.0,0.0,0.0,0.0,0.0,0.0,0.0,0.0,0.0,0.0
00934f408ebc94d75b0b6fe468a386f8c8afaced,0,0.9405255878284924,0.0,0.0,0.0,0.0,0.0,0.021561537431364672,0.061604392661041917,0.0,0.0,0.0,0.0,0.0,0.0,0.0,0.031203964108745146,0.0,0.0,0.0,0.0,0.0
00935f1273c4578d94485b4b4372e0e89d84ee0f,0,0.9508990318118948,0.0,0.04696895823175687,0.0,0.0,0.0,0.0,0.0,0.0,0.0,0.0,0.0,0.0,0.0,0.0,0.0,0.0,0.0,0.0,0.0,0.0
00939913a3a500af1c0a9c27dc6b3b58f09198b9,0,0.9474412171507607,0.0,0.0,0.0,0.0,0.0,0.0,0.0,0.0,0.0,0.0,0.0,0.0,0.0,0.0,0.0,0.0,0.0,0.0,0.0,0.0
0093a82573bc14f2e94187d8b208706223c977b8,0,0.9432918395573997,0.0,0.0,0.0,0.0,0.012427184466019418,0.0,0.0,0.0,0.040388349514563104,0.0,0.0,0.0,0.0,0.0458252427184466,0.0,0.0,0.0,0.0,0.0,0.0
0093e72c75f5a0c36dd47073e104a3ae4ba96cef,0,0.0,0.0,0.0,0.0,0.008789253239002582,0.0,0.02556479090258035,0.0,0.0,0.046810911695132275,0.0,0.0,0.0,0.0,0.0,0.0,0.0,0.0,0.0,0.0,0.0
0094006294f346bb828285c5bde71865e71fcf35,0,0.0,0.0,0.0,0.0,0.0,0.0,0.0,0.0,0.0,0.0,0.0,0.0,0.0,0.0,0.0,0.0,0.0,0.0,0.0,0.0,0.0
0094019af434080ee4462153f8fbea225760c5e8,1,0.9481327800829875,0.06133755441234666,0.052829442026117925,0.0,0.0,0.0,0.0,0.01958844479620103,0.0,0.023149980213692124,0.0,0.0,0.0,0.0,0.0,0.0,0.0,0.0,0.0,0.0,0.0
009401d4ca4313b9f30deec0358aa9a8cd025035,0,0.9405255878284924,0.0,0.015628213037219823,0.0,0.0,0.0,0.0,0.0,0.0,0.0,0.0,0.0,0.0,0.0,0.0,0.0,0.02755500719720337,0.0,0.0,0.0,0.0
009478c1784414fa681ee9d15865ae64ce4845f2,1,0.9384508990318119,0.0,0.0,0.0,0.04662545079855744,0.0,0.0,0.04533745492014426,0.02215352910870685,0.0,0.0,0.0,0.0,0.014940752189592994,0.03194229778464709,0.0,0.04714064914992272,0.0,0.0,0.0,0.0
00947b9fea8718883a1a8b92c317533e3ef5c1d6,1,0.9391424619640387,0.0,0.0,0.0,0.0,0.0,0.0,0.0,0.0,0.0,0.0,0.0,0.0,0.0,0.0,0.0,0.0,0.0,0.0,0.0,0.0
00947f11dd3795d33fe5aafb8afc274792dc5abc,0,0.0,0.0,0.0,0.0,0.0,0.0,0.0,0.0,0.0,0.0,0.0,0.0,0.0,0.0,0.0,0.0,0.0,0.0,0.0,0.0,0.0
0094896552c775754b1ab2c53e337524ea5c5c5a,0,0.9467496542185339,0.0,0.0,0.0,0.0,0.0,0.013395457192778102,0.0,0.0,0.0,0.0,0.0,0.0,0.0,0.03197437390797903,0.0,0.0,0.0,0.0,0.0,0.0
00948cd2dcd947b417b4314183194614be332769,0,0.9405255878284924,0.12821925354634348,0.0,0.0,0.0,0.0,0.03277785429004269,0.0,0.0,0.0,0.0,0.0,0.0,0.0,0.0,0.0,0.0,0.0,0.0,0.015287150530229996,0.0
0094b5860613c398752a5c147d74275bb66effcf,1,0.0,0.0,0.0,0.0,0.0,0.0,0.0,0.0,0.0,0.012024048096192385,0.0,0.0,0.0,0.0,0.0,0.0,0.0,0.0,0.0,0.0,0.0
009520cefe4d31a860642fcbd5f799c6d28e55ab,0,0.9377593360995851,0.0,0.0,0.0,0.0,0.0,0.0,0.0,0.0,0.0,0.0,0.0,0.04852061306450291,0.0,0.0,0.0,0.0,0.0,0.0,0.0,0.0
00954340e0152d5f1e1c838b5de717ad30934822,1,0.9398340248962656,0.040204508482454104,0.0,0.0,0.0,0.0,0.0,0.0,0.0,0.0,0.0,0.0,0.0,0.0,0.0,0.0,0.05228910062746921,0.0,0.0,0.01603532419242389,0.0
009546d2c4700b0e3ea9f38982eabc45eb78156f,0,0.9363762102351314,0.0,0.0,0.0,0.0,0.0,0.0,0.0,0.0,0.0,0.0,0.0,0.0,0.0,0.0,0.0,0.0,0.0,0.0,0.0,0.0
009554b3624b6c065e2bef9c0982077917b347f5,0,0.0,0.0,0.0,0.1260294962650833,0.014365064163953266,0.0,0.0,0.0,0.004405286343612335,0.0,0.0,0.0,0.0,0.0,0.005362957287875886,0.0,0.0,0.0,0.04730894464661942,0.0,0.0
0095a5b9b2b363bdf19a5c4de44fc2edbe76c5b9,0,0.9412171507607192,0.0,0.0,0.0,0.0,0.0,0.0,0.0,0.0,0.016716997411561692,0.0,0.0,0.0,0.0,0.0,0.0,0.0,0.0,0.0,0.021246764452113893,0.0
0095e0b6d76e97631e2bf1403ef426367bd5a187,0,0.0,0.0,0.0,0.0,0.0,0.0,0.0,0.0,0.0,0.0,0.0,0.0,0.0,0.0,0.0,0.0,0.0,0.0,0.0,0.0,0.0
009600f3a9e74af40740e8fa886558003c4d830f,1,0.9391424619640387,0.0,0.0,0.0,0.0,0.016485623003194887,0.0,0.0,0.0,0.0,0.0,0.0,0.0,0.012779552715654952,0.0,0.0,0.0,0.0,0.0,0.0,0.0
0096296d261e21819ed7feaa54b38aec8f17a42b,0,0.941908713692946,0.0,0.0,0.0,0.0,0.0,0.03502626970227671,0.0,0.0,0.0,0.0,0.0,0.0,0.0,0.0,0.0,0.0,0.0,0.0,0.0,0.0
0096458ad541f5d541ae777ff1769940f605d0da,0,0.9391424619640387,0.024200032159511175,0.020823283486091013,0.01656214825534652,0.0,0.01117543013346197,0.0,0.06102267245537868,0.0,0.0,0.0,0.0,0.015195369030390739,0.03014954172696575,0.005708313233638848,0.0,0.0,0.0074770863482875064,0.010371442354076218,0.0,0.0
0096539909070eea3e2c9018eccc1ba80ac00a1a,1,0.9398340248962656,0.0,0.0,0.0,0.0,0.0,0.0,0.0,0.0109460516028147,0.0,0.0,0.0,0.0,0.0109460516028147,0.0,0.0,0.0,0.0,0.0,0.0,0.0
0096668ebbddaf7ba53c28175e4d23f71f05f9ea,1,0.9370677731673582,0.0,0.04917087238644557,0.0,0.0,0.0,0.0,0.0,0.08536409516943043,0.0,0.0,0.0,0.0,0.0,0.04369142033165105,0.0,0.0,0.03446286950252343,0.0,0.0,0.0
009690d1df4fcf4b927306379e724f2faaa853d7,1,0.9398340248962656,0.0460646041856233,0.0,0.0,0.026046405823475886,0.0,0.01967697907188353,0.0,0.0,0.0,0.0,0.0,0.0,0.0,0.0,0.0,0.0,0.0,0.0,0.0,0.0
009694f82b4c1a1e3b236a66f68e28acdef40e2a,0,0.9405255878284924,0.0,0.0,0.0,0.0,0.0,0.0,0.012574690091857665,0.0,0.0,0.0,0.0,0.025595291179880495,0.0,0.0,0.0,0.0,0.029073396949968786,0.0,0.0,0.0
00971bcdb2a9b2b10561974f90a7689cb2287942,0,0.9426002766251729,0.0,0.0,0.0,0.0,0.0,0.016666666666666666,0.004371584699453552,0.0,0.004371584699453552,0.0,0.0,0.0,0.0,0.0,0.0,0.0,0.0,0.0,0.008743169398907104,0.0
00972f535df99f144176ad74938a9470aac7a1ee,0,0.0,0.0,0.05874125874125874,0.0,0.0,0.0,0.0,0.0,0.028846153846153848,0.0,0.0,0.0,0.0,0.0,0.0,0.0,0.0,0.0,0.0,0.013986013986013986,0.0
00974a74aba3b63cce21392c49d90e565ecad089,0,0.9598893499308437,0.0,0.024583905939838144,0.0,0.035425255764238814,0.0,0.03344021988089785,0.0,0.0,0.0,0.0,0.0,0.0,0.026110856619331196,0.0,0.0,0.0,0.0,0.0,0.0,0.0
009754363b7dfe528e420a1f0728cd7ff4b71f74,0,0.0,0.0,0.0,0.0,0.0,0.0,0.05821579372922469,0.0,0.0,0.0,0.0,0.0,0.0,0.007276974216153086,0.02389722396909532,0.0,0.0,0.0,0.0,0.0,0.0
0097629a4060f2a0057261feeecf8c413ea6c2ee,1,0.9384508990318119,0.00892700857692981,0.0,0.0,0.0,0.0,0.0,0.0,0.0,0.0,0.0,0.0,0.0,0.0,0.0,0.0,0.0,0.0,0.011552599334850342,0.0,0.0
0097a0348796d9a6fc338f6633ce733422dd34a7,0,0.9398340248962656,0.0,0.0,0.0,0.0,0.0,0.0,0.0,0.0,0.0,0.0,0.0,0.0,0.0,0.0,0.0,0.0,0.0,0.0,0.0,0.0
0097a6dc93084beea202c14c89acfa930db5f137,1,0.9370677731673582,0.0,0.0,0.0,0.0,0.0,0.0,0.0,0.0,0.0,0.0,0.0,0.0,0.0,0.0,0.0,0.0,0.0,0.0,0.0,0.0
0097c3fed7c33d4a1ca320c00f16952cce9d3f0c,1,0.9426002766251729,0.0,0.0,0.0,0.014612648832534405,0.022034946652234422,0.0,0.0,0.0,0.0,0.0,0.0,0.0,0.017550641719498994,0.00804082263800835,0.0,0.0,0.0,0.0,0.0,0.0
00982f47c7b752ad3a6b806a2f895d47721cba25,1,0.9495159059474412,0.0,0.0,0.0,0.0,0.0,0.0,0.0,0.0,0.0,0.0,0.0,0.0,0.0,0.0,0.0,0.0,0.0,0.0,0.0,0.0
00985b83d4776fe8a85c2b5b5bb40593be70f81d,0,0.950207468879668,0.020768136557610242,0.0,0.0,0.0,0.0,0.0,0.0,0.0,0.0,0.0,0.0,0.0,0.0,0.0,0.0,0.01906116642958748,0.0,0.01251778093883357,0.0,0.01934566145092461
0098b5a554b2e66a79efa2fad70872fbaeadbaf9,1,0.9377593360995851,0.0,0.010004318410824817,0.0,0.013099179501943285,0.0,0.0,0.0,0.0,0.0,0.0,0.0,0.01806535195048222,0.0,0.0,0.020008636821649634,0.0,0.0,0.0,0.0,0.0
0098c39506e23ee535fd5eb84a7bdebc39cf447e,0,0.9384508990318119,0.015354269801980198,0.0,0.013111076732673267,0.029393564356435642,0.03353186881188119,0.019144492574257425,0.026028774752475246,0.028078589108910892,0.0,0.0,0.0,0.013149752475247524,0.0,0.016939975247524754,0.0,0.01682394801980198,0.0,0.0,0.0,0.034769492574257425
0099d76cbd28e114c0a3881ce641be9893bbe810,0,0.0,0.0,0.0,0.0,0.0,0.0,0.0,0.0,0.0,0.0,0.0,0.0,0.0,0.0,0.0,0.0,0.0,0.0,0.0,0.0,0.0
0099e5505321283d2de8628de8235079ccef27f8,0,0.9439834024896265,0.0,0.0,0.0,0.0,0.0,0.0,0.0,0.0,0.0,0.0,0.0,0.0,0.0,0.0,0.0,0.0,0.0,0.0,0.0,0.0
009a810f5170006785c269eab0295c17ec0e784e,0,0.0,0.031346578366445915,0.0,0.0,0.0,0.0,0.0,0.0,0.0,0.0,0.0,0.0,0.0,0.0,0.0,0.0,0.0,0.0,0.0,0.0,0.0
009a89e9fec9cd4745b242d9766b432ad66e4ea8,1,0.9384508990318119,0.0,0.0,0.0,0.0,0.0,0.0,0.0,0.0,0.044485070079219986,0.0,0.0,0.014015843997562462,0.0,0.02681291895185862,0.0,0.0,0.009140767824497258,0.0,0.0,0.014625228519195612
009aba5f4908807cbe3e0f5262dc54b9665d6b8c,0,0.0,0.0,0.0,0.0,0.0,0.0,0.0,0.0,0.0,0.0,0.0,0.0,0.0,0.0,0.0,0.0,0.0,0.0,0.0,0.0,0.0
009abc803b12b31198a2404ce9a3b813d0c05ea0,0,0.9522821576763485,0.0,0.0,0.0,0.0,0.0,0.0,0.0,0.0,0.0,0.0,0.0,0.0,0.0,0.0,0.0,0.0,0.0,0.0,0.0,0.0
009ae8f36c087cf3ee47dd381ec563a407305625,0,0.9453665283540802,0.0,0.0,0.0,0.0,0.0,0.0,0.0,0.0,0.0,0.0,0.0,0.0,0.0,0.0,0.0,0.0,0.0,0.0,0.0,0.0
009aefabf95b22887986e8af308fcc1815533660,0,0.0,0.06043388429752066,0.0,0.0,0.0,0.0,0.0,0.017045454545454544,0.07231404958677685,0.0,0.0,0.0,0.0,0.0,0.0,0.0,0.0,0.0,0.0,0.0,0.0
009b6a779a293b6e03cf2ff27485512d04a4658a,0,0.9412171507607192,0.0,0.0,0.01412989588497769,0.0,0.03222607833415964,0.0,0.03371343579573624,0.0,0.0,0.0,0.0,0.0,0.020079325731284084,0.0,0.0,0.0,0.0,0.0,0.0,0.0
009b7685edc5e6f3d3ad4ed059b0a13ea38a251d,1,0.9377593360995851,0.0,0.0,0.0,0.0,0.0,0.0,0.0,0.0,0.0,0.01545095220984549,0.0,0.0,0.0,0.0,0.0,0.0,0.0,0.0,0.0,0.0
009b9bfaa9c8e382b77ede26f347071572438986,0,0.9474412171507607,0.0,0.0,0.0,0.0,0.0,0.0,0.0,0.0,0.0,0.0,0.0,0.0,0.0,0.0,0.0,0.0,0.019153225806451613,0.0,0.0,0.0
009bbbfb915da19c754b7e5d8f4ca255939c5fb5,1,0.9356846473029046,0.0,0.0,0.0,0.0,0.0,0.0,0.0,0.0,0.0,0.0,0.0,0.0,0.0,0.0,0.0,0.0,0.0,0.0,0.0945945945945946,0.0
009bbd0a3a09cae14cd49205142227ed50f79662,1,0.0,0.0,0.022135416666666668,0.0,0.0,0.0,0.0,0.0,0.0,0.0,0.0,0.0,0.0,0.0,0.0,0.0,0.0,0.0,0.0,0.0,0.0
009be60d1ec25eadf75bc50d0258adb87a327885,0,0.9384508990318119,0.0,0.0,0.0,0.0,0.0,0.0,0.0,0.0,0.0,0.0,0.0,0.0,0.0,0.0,0.0,0.0,0.0,0.0,0.0,0.0
009be698921c7871eb32c730a9fb27899265fad8,0,0.9398340248962656,0.0,0.0,0.0,0.0,0.0,0.0,0.0,0.0,0.0,0.0,0.0,0.0,0.0,0.0,0.0,0.0,0.0,0.0,0.0,0.0
009c88baea2695d1a5c4c80b1245f3e4ccbe5039,0,0.9453665283540802,0.0,0.0,0.0,0.0,0.0,0.0,0.0,0.0,0.0,0.0,0.0,0.0,0.0,0.0,0.0,0.0,0.0,0.0,0.0,0.0
009c9a332235084e458dbe33768b5f45f347e395,0,0.9426002766251729,0.0,0.0,0.0,0.0,0.0,0.0,0.0,0.075,0.0,0.0,0.0,0.0,0.0,0.0,0.0,0.0,0.0,0.0,0.0,0.0
009ca0ef99e579020ff0b3ff72a2e733ab4a1b18,0,0.9384508990318119,0.0,0.0,0.0,0.0,0.0,0.0,0.0,0.0,0.0,0.0,0.0,0.0,0.0,0.0,0.0,0.0,0.0,0.0,0.0,0.0
009cf12dd18046dd0eb32f6035092817389843b3,0,0.9495159059474412,0.015157220862361138,0.0,0.0,0.033986066654114105,0.0,0.0,0.0,0.0,0.019440783279984938,0.0,0.0,0.0,0.0,0.0,0.0,0.0,0.0,0.0,0.0,0.0
009d8f69729c638615b0ecc58538d2385c40f012,0,0.9412171507607192,0.0,0.0,0.0,0.0,0.0,0.0,0.0,0.0,0.0,0.0,0.0,0.0,0.0,0.0,0.0,0.0,0.0,0.0,0.09535884213225448,0.016553178153223738
009e2a8c0a3ccbcf3e8101ed9c4e228b14d3dea4,1,0.9412171507607192,0.0,0.038546603475513426,0.0,0.0,0.0,0.0,0.0,0.0,0.0,0.0,0.0,0.0,0.0,0.0,0.0,0.0,0.0,0.0,0.0,0.0
009e420e12cb44fa4e6b58d31009334618061454,1,0.9266943291839558,0.0,0.0,0.0,0.0,0.0,0.0,0.020743301642178046,0.0,0.0,0.0,0.0,0.0,0.0,0.0,0.0,0.0,0.0,0.0,0.0,0.0
009e702d0c5e004cec53ce954d5f05bc3b09d03f,0,0.9453665283540802,0.0,0.0,0.0,0.0,0.0,0.030791788856304986,0.0,0.0,0.0,0.0,0.0,0.0,0.0,0.025659824046920823,0.0,0.0,0.0,0.0,0.0,0.0
009e8a7e65e405ed6d86108594b447d5fa6cc754,0,0.9391424619640387,0.0,0.0,0.006083874778499704,0.0,0.0,0.0,0.0,0.0,0.0,0.0,0.0,0.0,0.0,0.0,0.0,0.0,0.0,0.00791494388659185,0.0,0.0
009f2f2e43623e3474aebbc6498c9fa97d7db4b5,1,0.9370677731673582,0.0,0.019740259740259742,0.0,0.0,0.0,0.0,0.0,0.016103896103896103,0.0,0.0,0.0,0.0,0.0,0.0,0.0,0.0,0.0,0.0,0.0,0.0
009f5653741ef67aa2e1a6144a1fed2a68852d10,1,0.9349930843706777,0.0,0.0,0.0,0.0,0.0,0.0,0.0,0.0,0.0,0.0,0.0,0.0,0.0,0.0,0.0,0.0,0.0,0.0,0.0,0.0
009f670c1722354cdd172981fb9143d189af4593,0,0.9363762102351314,0.0,0.0,0.007762832095295456,0.0,0.0,0.0,0.0,0.0,0.0,0.0,0.0,0.0297798300207455,0.004952151509067791,0.0,0.0,0.0,0.0,0.007963594994311717,0.0,0.0
00a0562da26e6151acc59ff17432ac08b8e7584b,0,0.9384508990318119,0.0,0.0,0.0,0.0,0.0,0.0,0.027888050813815006,0.0,0.0,0.0,0.0,0.0,0.0,0.012256847955537912,0.0,0.0,0.0,0.0,0.0,0.0
00a08fcaea5156ecb65ab04483e8702ae7434715,1,0.9253112033195021,0.0,0.008226185538504079,0.0,0.0,0.0,0.0,0.0,0.0,0.0,0.0,0.0,0.0,0.0,0.0,0.0,0.011613438407299876,0.0,0.03325038020185262,0.0,0.0
00a0c334661d125bff05c4bc9f77ee4e3dc321b7,1,0.0,0.0,0.0,0.0,0.0,0.0,0.0,0.011389521640091117,0.0,0.0,0.0,0.0,0.0,0.0,0.0,0.0,0.0,0.0,0.0,0.0,0.0
00a0ec73d5e7459233276ae9fa045a468b437fe8,0,0.0,0.0465068528309635,0.0,0.0,0.0,0.0,0.021405471998357375,0.023972075355474565,0.0,0.0,0.0,0.0,0.0,0.019968174118371748,0.0,0.0,0.0,0.0,0.0,0.0,0.0
00a13505ecdc3b2f42346db7a80f8f1d673341b7,1,0.9412171507607192,0.026538201487491548,0.0,0.0,0.0,0.017917511832319134,0.0,0.0,0.0,0.0,0.0,0.0,0.0,0.0,0.0,0.0,0.0,0.0,0.0,0.023495605138607167,0.0
00a13766f47b6411543945a65efd069ed030fa11,0,0.9391424619640387,0.0,0.0,0.0,0.0,0.0,0.0,0.0,0.0,0.0,0.0,0.0,0.0,0.0,0.0,0.0,0.0,0.0,0.0,0.0,0.03290676416819013
00a150f872f6f20d4302e64fbee8c2e6e9d2b86d,0,0.9398340248962656,0.0,0.014327950875596998,0.0,0.0,0.0,0.0,0.0,0.0,0.0,0.0,0.0,0.0,0.0,0.0,0.0,0.0,0.0,0.0,0.0,0.0
00a162b15e06eb5dfa1d1c6da87e6a35aed9cc66,1,0.9370677731673582,0.0,0.01761252446183953,0.0,0.0,0.010437051532941943,0.0,0.02071102413568167,0.0,0.0,0.0,0.0,0.0,0.0228310502283105,0.02837573385518591,0.0,0.0,0.0,0.01989562948467058,0.0,0.013861709067188518
00a1b2cc5145f07366a1c56221ae31e34501e46d,0,0.9377593360995851,0.012659154105078297,0.0,0.0,0.0,0.0,0.0,0.0,0.0,0.0,0.0,0.0,0.0,0.0,0.0,0.0,0.0,0.0,0.0,0.0,0.0
00a1dd1758adfddb795aa9510f9f3eddcc49e670,1,0.941908713692946,0.0,0.0,0.0,0.0,0.0,0.0,0.0,0.0,0.0,0.0,0.0,0.0,0.0,0.0,0.0,0.0,0.0,0.0,0.0,0.0
00a1f40591d2d2f0b23560ecd55c140a512cdac4,1,0.9391424619640387,0.02159319758335198,0.024502125755202508,0.0,0.019914969791899755,0.0,0.0,0.0,0.0,0.0,0.0,0.0,0.0,0.010293130454240322,0.0,0.0,0.0,0.0,0.0,0.0,0.0
00a1f80c65c66c5d50d8c354df86760d89c03645,0,0.9391424619640387,0.0,0.0,0.0,0.0,0.0,0.0,0.0,0.0,0.01764705882352941,0.0,0.0,0.03823529411764706,0.029411764705882353,0.0,0.026470588235294117,0.0,0.0,0.0,0.0,0.0
00a1fed22db2c89f7ea25938dcefa02447a1402b,0,0.9398340248962656,0.0,0.04923479661699557,0.0409786548530004,0.11085380587998389,0.0,0.0274869109947644,0.0,0.0,0.0,0.0,0.0,0.0,0.034635521546516314,0.0,0.0,0.0,0.0,0.0,0.0,0.0
00a20307d775c4429229c20d094cecabcaee5f0c,0,0.9391424619640387,0.0,0.0,0.0,0.01095360824742268,0.0,0.0,0.0,0.0,0.0,0.0,0.0,0.0,0.013772551546391752,0.0,0.0,0.0,0.0,0.0,0.0,0.0
00a209427a742aff74acd197de2143bff166a16d,0,0.9426002766251729,0.0,0.01944792973651192,0.0,0.0,0.022136583617135688,0.016490410467825775,0.0,0.08648503316006453,0.0,0.0,0.0,0.06372109697078329,0.0,0.012547051442910916,0.0,0.0,0.0,0.0,0.0,0.0
00a20b9791abd8b29903a8a43e343ae93a98d9fd,1,0.9398340248962656,0.0,0.000486028606255111,0.0,0.0029238863773124934,0.0,0.0,0.0,0.0,0.0,0.0,0.831324929410131,0.0,0.0,0.0,0.0,0.0,0.0,0.0,0.0,0.0
00a20db976e8831fa0e069339b42d181771a7319,0,0.0,0.0,0.0,0.0,0.008923591745677636,0.0,0.0,0.051310652537646405,0.0,0.0,0.0,0.0,0.0,0.0,0.0,0.025655326268823202,0.0,0.17791411042944785,0.0,0.0,0.0
00a234b6ef00479de0eeb11c07682c426da65dcb,0,0.9432918395573997,0.0,0.0,0.0,0.0,0.0,0.0,0.0,0.0,0.0,0.0,0.0,0.0,0.0,0.0,0.0,0.0,0.0,0.0,0.0,0.0
00a29f324b17156f3a1acc1485321054d7a3c823,1,0.9412171507607192,0.0,0.0,0.0,0.0,0.0,0.01438618925831202,0.0,0.0,0.0,0.0,0.0,0.0,0.0,0.0,0.0,0.0,0.0,0.0,0.0,0.0
00a2a6f400ab7adb505775ccc2bd01f1f3a5b019,0,0.0,0.0,0.0,0.01643214656719237,0.0,0.0,0.0,0.04939087732552649,0.0,0.0,0.0,0.0,0.17206535083577298,0.006327320804608556,0.0,0.0,0.0,0.031069978279346492,0.00462744357351969,0.0,0.0
00a2d3a466ff4ff0282c466fde3f12f829ffecbe,0,0.9391424619640387,0.0,0.0,0.05260000631452657,0.0,0.0,0.0,0.0,0.0,0.0,0.0,0.0,0.00953493511823951,0.0,0.0,0.02045906608152054,0.0,0.031130615982066744,0.0,0.0,0.0
00a38385d1b364408d82f1072ac6f2bfacbbae08,0,0.9412171507607192,0.0,0.09843346737890883,0.0,0.0,0.04207430526378969,0.0,0.0,0.0,0.0,0.0,0.0,0.0,0.025928815797371108,0.04153412160134446,0.0,0.0,0.0,0.0,0.0,0.0
00a38f4073cfb4613bfe3717027e29dd5ce5fdc6,1,0.9474412171507607,0.0,0.0,0.0,0.0,0.0,0.0,0.0,0.0,0.0,0.0,0.0,0.0,0.0,0.0,0.0,0.0,0.0,0.0,0.0,0.0
00a398dfd2c84d11c08a96ec6c1be25abf6facd1,0,0.9370677731673582,0.032761578044596916,0.0,0.02281303602058319,0.0,0.016123499142367066,0.0,0.0,0.0274442538593482,0.0,0.0,0.011320754716981131,0.0,0.02607204116638079,0.0,0.0,0.0,0.03018867924528302,0.023670668953687822,0.0,0.05574614065180103
00a3ff9106a09959186e4cbf7fa448ac687ca3f1,0,0.9384508990318119,0.03190761334473909,0.0,0.0,0.0,0.0,0.02018819503849444,0.020701454234388367,0.0,0.049016253207869974,0.0,0.0,0.0,0.02429426860564585,0.0,0.02155688622754491,0.0,0.0,0.0,0.0,0.0
00a414833e5e24078e258ad27080de7dc689df16,0,0.0,0.0,0.0,0.0,0.0,0.0,0.0,0.0,0.0,0.0,0.0,0.011214953271028037,0.0,0.0,0.0,0.0,0.0,0.0,0.0,0.011214953271028037,0.0
00a41bc4ce19c07116b93430e8ccd41984fb2e2d,0,0.9384508990318119,0.0,0.00181329082395138,0.0,0.0,0.0,0.0,0.0,0.0,0.0,0.0,0.0,0.0,0.0,0.0,0.023174255255554447,0.0006974195476736076,0.0,0.0,0.0,0.0
00a4b764e34ca2dff771ec64a7d56d0bbead9885,0,0.9439834024896265,0.010757036557748302,0.013830475574247816,0.0,0.0,0.0,0.0,0.0,0.0,0.0,0.0,0.0,0.0,0.01124231640245875,0.0898576512455516,0.0,0.013992235522484632,0.0,0.0,0.0,0.0
00a4ba621d47a9ed8f53081e6d73e7ba75886af3,0,0.9432918395573997,0.0,0.0,0.0,0.0,0.0,0.0,0.0,0.0,0.0,0.0,0.0,0.0310855692801433,0.031197522110684033,0.0,0.0,0.0,0.0,0.0,0.0,0.0
00a5120f2ee979fe060ea3d0b56713a6dea8ce00,0,0.0,0.0,0.0,0.0,0.0,0.0,0.0,0.0,0.0,0.0,0.0,0.0,0.0,0.0,0.0,0.0,0.0,0.0,0.0,0.0,0.0
00a51b44c1f6b7c70ba4ba0726572491b0ce8331,0,0.9370677731673582,0.0,0.0,0.0,0.0,0.0,0.0,0.0,0.1174884437596302,0.0,0.0,0.0,0.0,0.0,0.026065742167437084,0.0,0.0,0.01091422701592193,0.0,0.0,0.0
00a534f3406bd91daf9e18f59675df8e17268a4d,1,0.9384508990318119,0.0,0.0,0.021874184286087183,0.010649960845732186,0.036752806055860086,0.0,0.0,0.0,0.0,0.0,0.0,0.0,0.0,0.03309840772644218,0.0,0.015609501435656486,0.0,0.0,0.0,0.008770555990602976
00a54e856c4bd735dd6f562bd1ac7b633b928cfd,1,0.9377593360995851,0.06789355881621487,0.0,0.0,0.024372046754538673,0.0,0.0,0.0,0.0,0.0,0.017905993533946778,0.0,0.0,0.0,0.0,0.0,0.0,0.0,0.0,0.0,0.024123352399900523
00a5e4d941f923eda73e20d81f9d5a08881712af,0,0.946058091286307,0.0,0.0,0.0,0.0,0.0,0.0,0.0,0.0,0.0,0.0,0.0,0.0,0.0,0.0,0.0,0.0,0.0,0.0,0.0,0.0
00a5ec33317e4976531420b4034d63f7af4923b8,1,0.946058091286307,0.0,0.0,0.0,0.0,0.0,0.0,0.0,0.0,0.0,0.0,0.0,0.0,0.0,0.0,0.0,0.0,0.0,0.0,0.0,0.0
00a5facd8dfbe34b6e8c6bc607d7d9015ac8581e,0,0.9398340248962656,0.0,0.0,0.0,0.0,0.0,0.0,0.0,0.0,0.0,0.0,0.0,0.0,0.0,0.0,0.016631735514840106,0.0,0.0,0.0,0.0,0.0
00a5fd94b0dab657b3f43d1d5004d4b9d3ca5225,1,0.0,0.0,0.0,0.0,0.0,0.0,0.0,0.0,0.0,0.0,0.0,0.0,0.0,0.0,0.0,0.0,0.0,0.4820880245649949,0.0,0.0,0.0
00a600dfdb53c483c273505b301d213fdf926267,1,0.9398340248962656,0.0,0.0,0.0,0.0,0.0,0.02857142857142857,0.009523809523809525,0.0,0.0,0.0,0.0,0.0,0.0,0.0,0.009523809523809525,0.0,0.0,0.0,0.0,0.0
00a61c372c055b43822e5303a0e6190b3bef5999,0,0.9391424619640387,0.0,0.0,0.010222310440651052,0.0,0.00813815005954744,0.0,0.0,0.0,0.0,0.0,0.0,0.018062723302897977,0.0,0.0,0.019601032155617308,0.0,0.06431123461691148,0.0,0.0,0.0
00a6cd26bb314eeff733dca87d730fe0fbd05d7f,1,0.9405255878284924,0.0,0.009064128710627692,0.0,0.0,0.022660321776569226,0.0,0.0,0.03648311806027646,0.0,0.0,0.0,0.007931112621799229,0.0,0.0,0.0,0.0,0.0,0.0,0.0,0.0
00a6fae47fab90d6ba428b51c76f5921268fee89,0,0.0,0.0,0.0,0.0,0.0,0.0,0.0,0.0,0.0,0.0,0.0,0.0,0.0,0.0,0.0,0.0,0.0,0.0,0.0,0.0,0.0
00a710d32c2d4334842bbb83a1a20f8da6e22af7,0,0.9405255878284924,0.0,0.021558361564521098,0.0,0.019402525408068985,0.017400677548506313,0.0,0.0,0.0486603018170619,0.0,0.0,0.0,0.0,0.0,0.0,0.0,0.0,0.02910378811210348,0.0,0.0,0.016938712657838004
00a73e251573ba6576fcbdaf1d4c20aa1c7776c0,0,0.9578146611341632,0.0,0.0,0.0,0.0,0.0,0.0,0.0,0.0,0.0,0.0,0.0,0.0,0.0,0.0,0.0,0.0,0.0,0.0,0.02929427430093209,0.0
00a73eb5dc1dad04bf7bac324d5c8ca762c101e7,0,0.9391424619640387,0.0,0.0,0.0,0.0,0.0,0.0,0.0,0.0,0.0,0.0,0.0,0.0,0.0,0.0,0.0,0.0,0.0,0.0,0.0,0.0
00a74ef9e8e3fc4010014086dc25fb7fe2e77916,0,0.9495159059474412,0.0,0.0,0.0,0.0,0.0,0.0,0.0,0.0,0.017350389648581092,0.0,0.0,0.0,0.0,0.0,0.0,0.0,0.0,0.0,0.0,0.0
00a761043a6413df3fe898f4e9f3f90e9399d088,0,0.0,0.0,0.0,0.4513920584208124,0.0,0.0,0.0,0.0,0.0,0.0,0.0,0.0,0.00045641259698767686,0.0009128251939753537,0.0,0.0,0.0,0.0,0.0,0.0,0.0
00a827d059ec20498d0ad7f803ce8025224b6ac9,0,0.9446749654218534,0.0,0.0,0.0,0.0,0.0326485693323551,0.0,0.016874541452677916,0.08877476155539252,0.0,0.0,0.0,0.0,0.0,0.0,0.0,0.0,0.0,0.0,0.0,0.0
00a82a32e24972a8222f0965a7d36d5f590693ee,0,0.0,0.0,0.021227768215720023,0.0,0.007458405048766495,0.0,0.0,0.0,0.0,0.0,0.0,0.0,0.0,0.0,0.0,0.0,0.012048192771084338,0.0,0.0,0.0,0.0
00a83e6a04af41c25a7640ae88e193c3a4155630,1,0.9349930843706777,0.0,0.0,0.024261603375527425,0.0,0.0,0.0,0.0,0.0,0.0,0.0,0.0,0.0,0.0,0.0,0.0,0.0,0.0,0.0,0.0,0.0
00a859da58d45840cf5059c6dc582a8a095ac9c0,0,0.9356846473029046,0.0,0.0,0.0,0.0,0.0,0.0,0.0,0.0,0.0,0.0,0.0,0.03225806451612903,0.0,0.0,0.0,0.0,0.06451612903225806,0.0,0.0,0.0
00a8a27a64664138963251df2050bb281b654130,1,0.9384508990318119,0.0,0.0,0.0,0.0,0.0,0.0,0.0,0.0,0.0,0.0,0.0,0.0,0.0,0.0,0.0,0.0,0.0,0.0,0.0,0.022174416680456728
00a8a468b7d574184b87d7a277674865fe1727a3,1,0.0,0.0,0.008767827916764087,0.0,0.03320084171148001,0.0,0.0,0.0,0.0,0.0,0.0,0.0,0.0,0.0,0.0,0.0,0.0,0.0,0.0,0.015080664016834229,0.0
00a8cd545d6ed7842d141bb59210ceb28b8b4e32,0,0.9363762102351314,0.0,0.0,0.008478357875948238,0.0,0.11691209281570727,0.02970612609166826,0.012048192771084338,0.0,0.0,0.0,0.0,0.011474469305794608,0.006438452221584751,0.007522152100465354,0.0,0.0,0.0,0.0,0.0,0.0
00a9202028ec7d12c676f727f9a1740c20d4251f,0,0.9384508990318119,0.08749178532311062,0.0,0.0,0.0,0.0,0.0,0.0,0.0,0.0,0.0,0.0,0.0,0.0,0.0,0.0,0.0,0.0,0.0,0.08271631982475355,0.0
00a93cd50c0ff6ce0a69df50221e4621acdfd40b,0,0.9432918395573997,0.0,0.011683788192760461,0.0,0.0182531634407654,0.015475508134561968,0.0,0.0,0.0,0.0,0.0,0.0,0.0,0.0,0.0,0.0,0.0,0.0,0.0,0.0,0.015740046735152773
00a94c9107d387ba8b6c9fd1ed2b1e2d76fc775e,1,0.9356846473029046,0.0,0.0,0.0,0.0,0.0,0.0,0.0,0.0,0.0,0.0,0.0,0.0,0.0,0.0,0.0,0.0,0.0,0.0,0.0,0.02732882750514252
00a960d4f972cafca961f60d6f8018e4ad03c330,0,0.9363762102351314,0.0,0.0,0.0,0.0,0.0,0.0,0.0,0.0,0.0,0.0,0.0,0.0,0.0,0.0,0.0,0.0,0.0,0.0,0.0,0.0
00a989d75bfb349bf41566d2b268fd8d247911d1,0,0.9495159059474412,0.0,0.0,0.0,0.0,0.0,0.0,0.0,0.0,0.0,0.0,0.0,0.0,0.0,0.0,0.0,0.0,0.0,0.0,0.0,0.0
00a98f77a14ca4f74cbdfe896db5d8b2f1f21976,0,0.9412171507607192,0.0,0.10048266783677051,0.0,0.0,0.0,0.0,0.0,0.0,0.0,0.0,0.0,0.0,0.0,0.0,0.0,0.0,0.0,0.0,0.0,0.0
00a996baa9064cc4e372d316e28ab845b2ba3506,1,0.0,0.019882179675994108,0.011782032400589101,0.0,0.025957290132547866,0.0,0.0,0.0,0.0,0.0,0.0,0.0,0.0,0.0,0.0,0.0,0.03792341678939617,0.0,0.0,0.0,0.04896907216494845
00a9a73c52f8c190dc3443f903318b29f02ffa1a,0,0.0,0.0,0.0,0.0,0.0,0.0,0.0,0.0,0.0,0.0,0.0,0.002265616571366922,0.0,0.0,0.0,0.0,0.0,0.0,0.0,0.0,0.0
00a9ef59268bad2bd764cacfc39780009a1f7796,0,0.9356846473029046,0.008907159986296678,0.0,0.0,0.023295649194929772,0.0,0.0,0.0,0.0,0.0,0.0,0.0,0.011510791366906475,0.014251455978074683,0.0,0.0,0.0,0.017677286742034944,0.0,0.0,0.0
00aae2a79cdae987572e07b708c7f5f193e96ab9,0,0.9391424619640387,0.0,0.0,0.0,0.0,0.0,0.0,0.0,0.0,0.0,0.0,0.0,0.0,0.0,0.0,0.0,0.0,0.0,0.0,0.0,0.0
00ab5436939e3c6f8b26c197893093436c6dac1a,0,0.9391424619640387,0.0,0.0,0.008687730899644057,0.0,0.0,0.0,0.01307376980043523,0.0,0.0,0.0,0.0,0.02862733851785624,0.014895662882302332,0.0,0.0,0.0,0.023127920511479612,0.0,0.0,0.0075912211744462625
00ab5d69df2b054dde1bc5f40f839628349c6bb0,0,0.0,0.0,0.0,0.0,0.0,0.0,0.0,0.0,0.0,0.0,0.0,0.0,0.0,0.0,0.0,0.0,0.0,0.0,0.0,0.0,0.0
00ab722910920ca9901c973ae29ebc4f1293f779,0,0.9370677731673582,0.0,0.0,0.013184743368388008,0.0,0.0,0.0,0.0,0.0,0.0,0.0,0.0,0.0207188824360383,0.0,0.018992308899701774,0.07722492544341547,0.0,0.0,0.025741641814471826,0.0,0.11002982263380945
00ab72edac8ffa3cba5536a89cc4b976d86d091c,1,0.9356846473029046,0.0,0.0,0.0,0.0,0.0,0.0,0.019804183355585224,0.0,0.0,0.0,0.0,0.032487761459724075,0.0,0.0,0.014018691588785047,0.0,0.014908767245215844,0.0,0.0,0.0
00ac47a7cee128a0c82aa5291bb9eb777a7754cd,0,0.9474412171507607,0.03572921019640619,0.0,0.012675860147652877,0.017620838556902076,0.0,0.04185819752054604,0.0,0.015810001392951665,0.0,0.0,0.0,0.0,0.022635464549380136,0.0,0.0,0.0,0.0,0.0,0.0,0.0
00ac9cd578720d3db64fc2450d3fe29113bb1203,0,0.9363762102351314,0.0,0.0,0.0,0.0,0.0,0.0,0.0,0.0,0.0,0.06514773940904237,0.0,0.0,0.0,0.0,0.0,0.0,0.0,0.0,0.0,0.0
00acadf25c1573326c118e01d22a6ee24021e197,1,0.9398340248962656,0.0,0.0,0.0,0.0,0.0,0.0,0.0,0.0,0.0,0.0,0.0,0.0,0.0,0.0,0.0,0.0,0.0,0.0,0.0,0.0
00acaf1340bf60811e539bfa8b969571b0af4e57,0,0.0,0.0,0.0,0.0,0.0,0.0,0.0,0.0,0.0,0.0,0.0,0.0,0.0,0.044237012987012984,0.0,0.0,0.0,0.0,0.0,0.0569534632034632,0.0
00ad462f8346cf961a24a2898b018769725a836b,0,0.9446749654218534,0.0,0.011864406779661017,0.0,0.018220338983050848,0.0,0.0,0.0,0.0,0.0,0.0,0.0,0.0,0.0,0.0,0.0,0.0,0.0,0.0,0.0,0.0
00ad55ece88dd7a8e2e2804365735e62a1a2a00b,0,0.9412171507607192,0.0,0.0,0.0,0.014508683227082875,0.0602330182457683,0.0,0.0,0.0,0.0,0.0,0.0,0.0,0.0,0.0,0.010771598153440316,0.0,0.0,0.018355682567597273,0.0,0.0
00ad72ba05a3a03a27e10e2f918c853fc5b690ab,0,0.9412171507607192,0.0,0.013331624150749904,0.0,0.0,0.0,0.01826688886040251,0.02608639917959236,0.0,0.0,0.0,0.0,0.027816946545314702,0.014293039353928984,0.0,0.0,0.0,0.0,0.0,0.0,0.0
00ad7e173f9ed914d22098afee8517fce445044b,0,0.9370677731673582,0.0,0.0,0.0,0.0,0.0,0.0,0.0,0.0,0.0,0.0,0.0,0.0,0.0,0.0,0.0,0.0,0.0,0.0,0.0,0.0
00adafaa5893964136b1f8643a00d49e9b08ce9f,0,0.9432918395573997,0.06688498561079687,0.012999900764116305,0.0,0.0,0.0,0.0,0.0,0.041381363501041976,0.0,0.0,0.0,0.0,0.0,0.0,0.0,0.0,0.0,0.0,0.0,0.0
00adb3c6677ef54c50ad4a44835ee5376ef04727,1,0.9405255878284924,0.0,0.0,0.0,0.0,0.0,0.0,0.027385892116182572,0.0,0.0,0.0,0.0,0.024481327800829875,0.0,0.0,0.0,0.0,0.21410788381742737,0.0,0.0,0.0
00adc067dea2a23565f7c177352085fa510c5e9b,0,0.9557399723374828,0.0,0.0,0.0,0.0,0.0,0.0,0.0,0.0,0.0,0.0,0.0,0.0,0.0,0.0,0.0,0.0,0.0,0.0,0.0,0.0
00adc945657710b7ce32948147f96ca860e79443,0,0.9370677731673582,0.0,0.0,0.0,0.0,0.0,0.0,0.0,0.0,0.0,0.0,0.0,0.023942944472745798,0.02598064187468161,0.0,0.0,0.0,0.0,0.0,0.0,0.0
00ae1f1baafe129cfe849887bc835950f57b01c2,1,0.9391424619640387,0.008072909341509381,0.0,0.0,0.014036173384714917,0.0,0.0,0.0,0.0,0.0,0.0,0.0,0.0,0.0,0.0,0.0,0.0,0.0,0.0,0.014429973840398302,0.0
00ae5c3280c23b4cc781d1db4810d7d910b64f76,0,0.9398340248962656,0.016701461377870562,0.0,0.04697286012526096,0.0,0.0,0.0,0.0,0.0,0.0,0.0,0.0,0.0,0.0,0.0,0.0,0.0,0.0,0.0,0.0,0.03653444676409186
00ae92f53ed9f3fb40a4416ca01489b246628799,1,0.9398340248962656,0.0,0.0,0.0,0.0,0.0,0.0,0.0,0.0,0.0,0.0,0.0,0.0,0.0,0.0,0.0,0.03286384976525822,0.0,0.0,0.0,0.0
00aeacdc7a606bb1b0fa5dbaae0100cfa95f888e,0,0.0,0.0,0.0,0.04103479036574487,0.0,0.0,0.0,0.0,0.0,0.0,0.0,0.03687184061849539,0.0,0.0,0.0,0.0,0.0,0.0,0.0,0.0,0.0
00aed0b544d9ef6d684a32ccee5b60ab7390739d,1,0.9405255878284924,0.0,0.0,0.0,0.0,0.0,0.0,0.0,0.0,0.0,0.0,0.0,0.0,0.0,0.0,0.0,0.0,0.0,0.014382022471910113,0.0,0.0
00af3415e4ddfbc89c9dd83c5d6dec74cee58298,0,0.9426002766251729,0.0,0.0,0.0,0.0,0.0,0.0,0.0,0.0,0.0,0.0,0.0,0.039171374764595104,0.0,0.0,0.0,0.0,0.0,0.0,0.0,0.0
00af782068a9f5f144356c6d94c41121ad64558f,0,0.9398340248962656,0.0,0.0,0.0,0.0,0.0,0.0,0.0,0.0874107952529275,0.0,0.0,0.0,0.0,0.0,0.016441272720104087,0.0,0.0,0.0,0.0,0.0,0.0
00afb968144cf332773ec8a78e24f68b99838930,0,0.0,0.0,0.0,0.0,0.0,0.0,0.015211267605633802,0.025690140845070424,0.0,0.0,0.0,0.0,0.0,0.048,0.0,0.0,0.0,0.0,0.0,0.0,0.0
00aff800a05d75357e0f7ffa669fe350d7bad447,1,0.9384508990318119,0.014450197048141565,0.0,0.0,0.0,0.0,0.0,0.0,0.0,0.0,0.0,0.0,0.0,0.0,0.0,0.0,0.0,0.0,0.0,0.0,0.0
00aff926fa4864ddee9b220ce0d6c4c1f53cded8,1,0.9405255878284924,0.0,0.0,0.02369291859695566,0.0,0.0,0.0,0.0,0.0,0.026340172071475845,0.0,0.0,0.0,0.0,0.0,0.0,0.0,0.025678358702845797,0.0,0.0,0.02925215089344805
00afff753703dbcb66fcf593427727ec2c2e6bc5,1,0.0,0.0,0.0,0.0,0.02134927412467976,0.0,0.0,0.0,0.0,0.0,0.0,0.0,0.0,0.0,0.0,0.0,0.0,0.0,0.0,0.0444064901793339,0.0
00b0142b666a35da660865321f9ae14f1c8db68b,1,0.9384508990318119,0.0,0.0,0.0,0.0,0.0,0.0,0.0,0.0,0.0,0.03078739442375806,0.0,0.0,0.0,0.0,0.0,0.0,0.0,0.0,0.0,0.0
00b02407d544e5681cd08b04e1985df90f90354a,0,0.0,0.0,0.0,0.0,0.0,0.0,0.0,0.0,0.0,0.0,0.0,0.0,0.0,0.0,0.0,0.0,0.0,0.0,0.0,0.0,0.0
00b0467e76f791d0795a54e08a8ceb13a5917ba0,0,0.9343015214384509,0.0,0.0,0.0,0.0,0.0,0.0,0.0,0.0,0.0,0.0,0.0,0.0,0.0,0.0,0.0,0.0,0.0,0.0,0.0,0.0009765625
00b05a9e89e00fec0da592458f509538c11dc079,0,0.9446749654218534,0.01108098550041259,0.0,0.0,0.0,0.0,0.0,0.0,0.0,0.0,0.0,0.0,0.0,0.0,0.0,0.0,0.0,0.0,0.0,0.0,0.0
00b061dfdea591a7895649488dbf4a0193caaa68,0,0.9453665283540802,0.0,0.0,0.0,0.0,0.0,0.0,0.0,0.0,0.0,0.0,0.0,0.0,0.0,0.0,0.0,0.0,0.0,0.0,0.0,0.0
00b075da6aa4210b83086f3df53eee2668b32c39,0,0.0,0.0,0.0,0.0,0.0,0.0,0.0,0.0,0.0,0.0,0.0,0.0,0.0,0.0,0.0,0.0,0.0,0.0,0.0,0.0,0.0
00b07f23da603bc265da4eee289d42440db57425,0,0.9432918395573997,0.0,0.0,0.0,0.02654867256637168,0.0,0.0,0.0,0.0,0.0,0.0,0.0,0.0,0.0,0.0,0.0,0.0,0.0,0.0,0.0,0.022123893805309734
00b0990f59ce1d6b0046ce6d406debcddccc9a0f,0,0.9453665283540802,0.0,0.0,0.0,0.0,0.0,0.0,0.010499719258843347,0.08545760808534532,0.014823133071308253,0.0,0.0,0.0,0.0,0.0,0.0,0.0,0.010387422796181921,0.0,0.0,0.0
00b0d639634769dbc802d322deb5d0cc6ca9038e,0,0.9377593360995851,0.0,0.0,0.0,0.011299435028248588,0.0,0.0,0.0,0.0,0.0,0.025020177562550445,0.0,0.0,0.0258272800645682,0.0,0.0,0.0,0.0,0.0,0.0,0.0
00b0e25f5760cadc9e014e70c5817ee9caf7e285,0,0.9467496542185339,0.0,0.0,0.0,0.0,0.0,0.0,0.0,0.0,0.0,0.0,0.0,0.0,0.0,0.0,0.0,0.04213298222514812,0.0,0.0,0.0,0.013166556945358789
00b104f739126c8dd22d3b14aeb6be3ac34ad148,0,0.0,0.0,0.0,0.009198423127463863,0.0,0.0,0.0,0.0,0.0,0.0,0.0,0.0,0.0,0.0,0.0,0.0,0.01445466491458607,0.0,0.0,0.0,0.0
00b1084c80a1b0c82eb1904af0ca97fb504de870,1,0.0,0.0,0.0,0.0,0.0,0.020949288806431664,0.0,0.0,0.0,0.0,0.0,0.0,0.0,0.0,0.0,0.0,0.0,0.0,0.0,0.0,0.0
00b11f68e73c73351fe154d54b3f75b78b5cc8b2,0,0.9363762102351314,0.0,0.0,0.036855036855036855,0.006142506142506142,0.0,0.0,0.0,0.0,0.0,0.0,0.0,0.0,0.0,0.0,0.0,0.0,0.018427518427518427,0.1160933660933661,0.0,0.0
00b16cc4a080c87964fd875415c1850aceec5a2d,1,0.9405255878284924,0.0,0.022457067371202115,0.01535667107001321,0.013210039630118891,0.0500330250990753,0.0,0.0,0.059610303830911496,0.0,0.0,0.0,0.0,0.0,0.02130118890356671,0.0,0.0,0.02608982826948481,0.0,0.0,0.0
00b18113f5b06f36dfb587f86b8ef4141dff3118,0,0.9377593360995851,0.0,0.0,0.0,0.0,0.0,0.0,0.0,0.0,0.0,0.0,0.15658276863504356,0.0,0.0,0.0,0.0,0.0,0.0,0.0,0.0,0.0
00b1955adf74806dcc7bd3f62f9b5ff6ed678f06,0,0.0,0.15006553079947577,0.0,0.0,0.0,0.0,0.010484927916120577,0.0,0.0,0.0,0.0,0.0,0.0,0.0,0.0,0.0,0.0,0.0,0.0,0.009829619921363041,0.0
00b1d3b7d745403039c3da39af5157d51f4a7286,0,0.9426002766251729,0.07124681933842239,0.0,0.0,0.017327032594208168,0.0,0.0,0.02059857021689083,0.0,0.0,0.0,0.0,0.0,0.0,0.0,0.0,0.0,0.0,0.0,0.0,0.0
00b1f3510d6b19893fb4ac79d009cb69cc53eabf,1,0.9439834024896265,0.0,0.0,0.0,0.0,0.0,0.0,0.0,0.052941176470588235,0.029411764705882353,0.0,0.0,0.0,0.0,0.0,0.0,0.0,0.0,0.0,0.0,0.0
00b1f805d8578c713b4891bd5510c7db1b3f5852,0,0.0,0.0,0.0,0.0,0.0,0.0,0.0,0.0,0.0,0.0,0.0,0.0,0.0,0.01566736968966556,0.0,0.0,0.0,0.0,0.08285628201265441,0.0,0.0
00b1f89f31573d3cc0234aa8256ccff9a58460ea,1,0.9398340248962656,0.008633633633633633,0.0,0.0,0.0,0.0,0.0,0.0,0.0,0.0,0.0,0.0,0.0,0.0,0.0,0.0,0.025525525525525526,0.0,0.0,0.0,0.0
00b2881cf561aecb1a0717f2744fd7ba5b633788,1,0.0,0.0,0.0,0.0,0.0,0.0,0.0,0.015164813731226839,0.0,0.0,0.0,0.0,0.0,0.0,0.0,0.0,0.0,0.0,0.0,0.0,0.0
00b295cdc63a658e76410eb9077f24cb17ab841e,1,0.0,0.0,0.0,0.0,0.046520874751491054,0.01868787276341948,0.0,0.0,0.0,0.0,0.0,0.0,0.0,0.0,0.019085487077534793,0.0,0.0,0.0,0.0,0.0,0.029423459244532803
00b2edafa53703d0f1657433599e345b3643af95,0,0.9377593360995851,0.0,0.0,0.0,0.0,0.0,0.0,0.0,0.0,0.0,0.0,0.0,0.016659817279423388,0.0,0.0,0.0,0.0,0.0,0.0,0.0,0.0
00b2f3d7916543f2a02c10001c49a40e7ada584b,0,0.0,0.09164588528678304,0.03789867436671479,0.0,0.0,0.0,0.0,0.0,0.0,0.0,0.0,0.0,0.0,0.0,0.0,0.0,0.0,0.0,0.0,0.0,0.0
00b315a206e2317919684a892bfd34b6053c821c,0,0.9405255878284924,0.0,0.09547571523619428,0.0,0.0,0.010645375914836993,0.0,0.0,0.0,0.0,0.0,0.0,0.0,0.0,0.01081170991350632,0.0,0.0,0.0,0.0,0.0,0.0
00b34ec7a274a554458d7cce49548af655c3da10,1,0.0,0.0,0.0030257186081694403,0.0,0.0030257186081694403,0.0,0.0,0.0,0.0,0.0,0.0,0.0,0.0,0.0,0.0,0.0,0.0,0.0,0.0,0.0,0.0
00b37c1b35f57f3534daf5ebf6f103de4b9ac2d3,1,0.9391424619640387,0.0,0.0,0.0,0.0,0.0,0.0,0.060842941827893945,0.016220441665038107,0.0,0.0,0.0,0.0,0.0,0.0,0.0,0.0,0.0,0.0,0.0,0.0
00b37db6bd988ff16ef5971ef352ef617e90b222,0,0.9426002766251729,0.02276667051889518,0.07280711891829424,0.0,0.03721252744712816,0.0,0.0,0.0,0.0,0.0,0.0,0.0,0.0,0.01675719403675026,0.0,0.0,0.024962440771986595,0.03374552178435225,0.0,0.0,0.029700681844447012
00b38784b41369796616c952cc8105d1ea953b4f,0,0.0,0.0,0.0,0.0,0.0,0.0,0.034859876965140126,0.0,0.0,0.0,0.0,0.0,0.0,0.0,0.0,0.0,0.0,0.0,0.0,0.0,0.0
00b399ef45838493e898124fb2c594ca3381151a,1,0.9370677731673582,0.0,0.0,0.0,0.0,0.0,0.0,0.04856333468231485,0.026406313233508703,0.0,0.0,0.0,0.049524484014569,0.0,0.0,0.0,0.0,0.0,0.0,0.0,0.0
00b3bcd6da345eccf47c8ab94af29379135d8dbb,1,0.9391424619640387,0.0,0.033616961919375084,0.0,0.0,0.0,0.0,0.0,0.0,0.0,0.0,0.0,0.0,0.0,0.0,0.0,0.0,0.0,0.0,0.007671920769981866,0.0
00b3f3957fef227809e0016a8724c8254a352a31,0,0.9398340248962656,0.008038353399178142,0.0,0.0,0.0,0.0,0.0,0.0,0.0,0.0,0.0,0.0,0.0,0.0,0.0,0.0,0.0,0.0,0.0,0.0077499819767861,0.0
00b42ea9ee9bb3c01af7df59a3a45bf03816bdc2,1,0.0,0.23597359735973597,0.0,0.0,0.0,0.0,0.0,0.0,0.0,0.0,0.0,0.0,0.0,0.0,0.0,0.0,0.0,0.0,0.0,0.0,0.0
00b447ab4016c6702dcf889534db363135c754d8,0,0.0,0.0,0.0,0.0,0.0,0.0,0.0,0.0,0.0,0.0,0.0,0.0,0.0,0.0,0.0,0.0,0.0,0.0,0.0,0.0,0.0
00b4583fa06bff15364404065b2408ed0757ae2f,1,0.9426002766251729,0.041605325481661654,0.009537220764257824,0.0,0.0,0.0,0.0,0.0,0.0,0.0,0.0,0.0,0.0,0.0,0.0,0.0,0.0,0.0,0.0,0.0,0.0
00b4a075c99ba33a196ddc941ee6f96b17e5c8e4,1,0.0,0.0,0.19144013880855987,0.0,0.0,0.0,0.0058663141369908285,0.0,0.0,0.0077666694208047594,0.0,0.0,0.004709576138147566,0.0,0.017681566553747006,0.0,0.0,0.0,0.0,0.0,0.0
00b4b2645f09bf071023d4f10135a91c6554ef99,0,0.0,0.019664268585131893,0.03717026378896882,0.0,0.0,0.0,0.0,0.0,0.0,0.008992805755395683,0.0,0.0,0.0,0.0,0.0,0.0,0.0,0.0,0.0,0.11642685851318944,0.0
00b4ef2701cde996e2c4f2f2a840f335d9bc27bc,1,0.9377593360995851,0.0,0.0,0.04476683937823834,0.0,0.0,0.0,0.0,0.0,0.0,0.0,0.0,0.0,0.0,0.02383419689119171,0.0,0.0,0.0,0.0,0.0,0.0
00b500b8301cb32c91835e6f889cfb3f43fc2e80,0,0.9474412171507607,0.0,0.0,0.0,0.0,0.0,0.0,0.0,0.0,0.0,0.0,0.0,0.0,0.0,0.0,0.0,0.0,0.0,0.0,0.019494364910143162,0.0
00b5066cacdebe242a200fb4df30203eaac57ce7,0,0.941908713692946,0.0,0.0,0.030427892234548337,0.0,0.0,0.0,0.0,0.0,0.0,0.0,0.0,0.0,0.0,0.0,0.0,0.0,0.0,0.0,0.0,0.0
00b5158e17837252749e20809c015405a78673e3,0,0.9377593360995851,0.0,0.0,0.0,0.0,0.0,0.0,0.0,0.0,0.0,0.0,0.0,0.0,0.0,0.0,0.0,0.0,0.0,0.0,0.0,0.0
00b537f8d3de8726229bb1441ae9e2e4a56b50f6,0,0.9377593360995851,0.0,0.0,0.017375975824729287,0.0,0.0,0.0,0.0,0.0,0.0,0.0,0.0,0.0,0.011835809619743138,0.013220851170989674,0.0,0.058045832284059434,0.0,0.0,0.0,0.018886930244270964
00b551bfba7840bc88af30f684b7de4aa0e54352,1,0.9426002766251729,0.0,0.011350544058032857,0.0,0.03625631178436811,0.011805703719507859,0.0,0.0,0.0,0.0,0.0,0.0,0.0,0.0,0.0,0.0,0.08992248062015504,0.0,0.0,0.0,0.0
00b55ba1cb89e9c74eeec47de3d967ca29585be6,0,0.0,0.0,0.015195530726256984,0.014972067039106146,0.042458100558659215,0.012290502793296089,0.0,0.0,0.0,0.0,0.0,0.0,0.0,0.0,0.009608938547486033,0.0,0.008491620111731844,0.0,0.0,0.0,0.01675977653631285
00b57bbad997de99a1cb5722a7937b4ca179f83f,1,0.9370677731673582,0.041355683347607974,0.0,0.0,0.0,0.0,0.009176556955830173,0.0,0.0,0.07108772788449774,0.0,0.0,0.0,0.007341245564664138,0.1120763489538725,0.0,0.0,0.0,0.0,0.0,0.0
00b588fb26c0e6980f3001062022c02bad8d2696,0,0.9384508990318119,0.019143998968673456,0.0261699110480856,0.0,0.022785870826350394,0.010248807528683769,0.0352907051695243,0.0,0.0,0.0,0.0,0.0,0.0,0.02633105582054918,0.0,0.0,0.0,0.0,0.0,0.0,0.04170426711357483
00b58ae509ec906d7288541d68d97a14a0ebf0e4,0,0.9405255878284924,0.0,0.0,0.0,0.0,0.04682141915061989,0.0,0.0,0.0,0.0,0.0,0.0,0.06291216037984701,0.0,0.0506462674756001,0.0,0.0,0.0,0.013980480084410446,0.0,0.0
00b5afec6b0e77630e189e3d7634c914e93eecf1,1,0.9363762102351314,0.0,0.0,0.01466275659824047,0.0,0.0,0.0,0.0,0.0,0.0,0.0,0.0,0.0,0.0,0.0,0.0,0.0,0.0,0.019876181166503748,0.014336917562724014,0.0
00b5b9721d0dbaf84bcfef68fbcb3d029193d741,0,0.9515905947441217,0.0,0.0,0.0,0.0,0.0,0.0,0.015120555782590927,0.0,0.0,0.0,0.0,0.0,0.0,0.0,0.0,0.0,0.0343277482631794,0.0,0.0,0.0
00b5c063374ca2de9111b4bc95ea349db3c551b7,1,0.9391424619640387,0.0,0.0,0.0,0.0,0.0,0.0,0.0,0.0,0.0,0.0,0.0,0.0,0.0,0.0,0.0,0.0,0.0,0.0,0.0,0.0
00b5fbebe964cd40ba1e39999cb88882db087d58,1,0.941908713692946,0.0,0.0,0.0,0.0,0.0,0.0,0.0,0.0,0.0,0.0,0.0,0.0,0.0,0.0,0.0,0.0,0.0,0.0,0.0,0.0
00b626e21f146fac6325baf4def5f83ec942094b,0,0.9384508990318119,0.0,0.0,0.0,0.009033423667570008,0.0,0.0,0.0,0.0,0.0,0.0,0.0,0.0,0.016260162601626018,0.0,0.0,0.0,0.0,0.0,0.0,0.0
00b647282eee5f49a1f811f45c55f8878dae8383,0,0.9253112033195021,0.0,0.0,0.0,0.0,0.0,0.0,0.0,0.0,0.0,0.0,0.0,0.0,0.0,0.0,0.006229889778873143,0.0,0.0,0.0,0.0,0.0
00b64a59251b7a699a5465c90480c034d8e75f2e,0,0.9426002766251729,0.0,0.0,0.0,0.0,0.0,0.0,0.0,0.0,0.0,0.0,0.0,0.0,0.0,0.0,0.0,0.0,0.0,0.0,0.0,0.032397408207343416
00b64f1bc42e3f7acae43048867deef5c045f825,0,0.9508990318118948,0.0,0.0,0.0,0.031335398068865004,0.0,0.0,0.0,0.0,0.0405356166879213,0.0,0.0,0.0,0.0,0.0,0.0,0.0,0.0,0.0,0.0,0.0
00b68d4f15792e4737b21742688e1bf923bbbb81,1,0.0,0.0,0.0,0.0,0.0,0.0,0.0,0.0,0.0,0.0,0.0,0.0,0.0,0.0,0.0,0.0,0.0,0.0,0.0,0.0,0.0
00b6b1de8a0e8937cba6ca2919f1fc9e5d07dad0,1,0.9426002766251729,0.0,0.0,0.0,0.0,0.0,0.0,0.0,0.0,0.0,0.0,0.0,0.0,0.0,0.0,0.0,0.0,0.0,0.0,0.0,0.0
00b6c923f90c0065a36ca73a845427268375bbc8,0,0.9432918395573997,0.0,0.0,0.0,0.0,0.0,0.0,0.0,0.0,0.0,0.0,0.0,0.0,0.0,0.0,0.0,0.0,0.0,0.0,0.0,0.0
00b6d6c87345a38718aaa028647a3ad08e78cf91,0,0.946058091286307,0.0,0.0,0.0,0.0,0.0,0.0,0.0,0.0,0.0,0.0,0.0,0.0,0.0,0.0,0.05845888936719759,0.0,0.0,0.0,0.0,0.0
00b70d9ac84134f200518242a3aa17cd083f6f3a,1,0.0,0.0,0.0,0.017460659624919165,0.0,0.0,0.0,0.0,0.0,0.0,0.0,0.0,0.0,0.0,0.0,0.0,0.0,0.0,0.0,0.0,0.0
00b720e5bc9d623827957a6912e5214c784a29cb,0,0.941908713692946,0.008353299229424335,0.0,0.0,0.1344298387618986,0.05640095836301237,0.011331995078676422,0.0,0.0,0.0,0.0,0.0,0.010425435472382309,0.03147056918992424,0.0,0.0,0.0,0.0,0.0,0.0,0.020268082626432687
00b731b693b0b5ba12dff9bdd54dbbf4bd21b1db,0,0.0,0.019827147941026944,0.0,0.0,0.043721403152008134,0.0,0.0,0.0,0.0,0.019318759532282664,0.0,0.0,0.0,0.0,0.0,0.0,0.0,0.0,0.0,0.0,0.0
00b7341c75825821781991228b255146c42ad821,1,0.9391424619640387,0.0,0.07154742096505824,0.0,0.0,0.0,0.04159733777038269,0.0,0.016638935108153077,0.0,0.0,0.0,0.0,0.0,0.06655574043261231,0.0,0.0,0.0,0.0,0.0,0.026622296173044926
00b747d10ab747ee67269bb8ee574f5ae4e0be7a,1,0.0,0.0,0.0,0.0,0.10256410256410256,0.0,0.0,0.0,0.0,0.018315018315018316,0.0,0.0,0.0,0.0,0.0,0.0,0.0,0.0,0.0,0.0,0.02197802197802198
00b75729db97415244c7e341fe13a3c79830ce51,1,0.0,0.0,0.0,0.010391169814806263,0.018057543989285548,0.0,0.0,0.0,0.0,0.0,0.010622084699579735,0.0,0.0,0.0,0.0,0.0,0.0,0.0,0.0,0.0,0.0
00b7aa2ce6a6571d87884e6d40cbc508896b97f8,0,0.9488243430152143,0.0,0.017857142857142856,0.0,0.0,0.0,0.0,0.012605042016806723,0.0,0.0,0.0,0.0,0.0,0.0,0.0,0.0,0.0,0.0,0.0,0.0,0.02100840336134454
00b7defba4c054dc775c0a2d14a7a9bd258f74a7,1,0.9405255878284924,0.0,0.0,0.0,0.0,0.0,0.0,0.0,0.0,0.0,0.0,0.0,0.12491780614051357,0.0,0.0,0.0,0.0,0.01911955623746017,0.0,0.0,0.0
00b853397a79019699fba7ceb1dbb8e47ec94a67,1,0.9426002766251729,0.1133428981348637,0.0,0.0,0.0,0.0,0.011477761836441894,0.0,0.0,0.005738880918220947,0.0,0.0,0.0,0.0,0.0,0.0,0.0,0.0,0.0,0.0,0.01721664275466284
00b87d0f486cc614780b80deb85548a2a7f37122,1,0.9349930843706777,0.0,0.0,0.04569055036344756,0.012461059190031152,0.0,0.0,0.0,0.0,0.0,0.0,0.0,0.0,0.0,0.0,0.0,0.0,0.0,0.040498442367601244,0.0,0.0
00b89fe5d7eb4ad55f4ad50cf6a8e619c488b74c,0,0.9550484094052559,0.0,0.0,0.033359739459554616,0.0,0.0,0.0,0.04286594489921662,0.0,0.0,0.0,0.0,0.022973329812516503,0.0,0.0,0.014347328580230613,0.0,0.0,0.0,0.0,0.0
00b8c174f5110695d3e4e1610cb5379f561084e5,1,0.941908713692946,0.0,0.0,0.0,0.0,0.0,0.0,0.0,0.033854166666666664,0.0,0.0,0.0,0.03697916666666667,0.0,0.0,0.0,0.0,0.0171875,0.0,0.0,0.015104166666666667
00b8c95b00311320e2606ac310c7f8a571fc952b,0,0.9391424619640387,0.0,0.0,0.0,0.0,0.0,0.010122831923955312,0.0,0.0,0.0,0.0,0.0,0.0,0.02740571569656194,0.0,0.0,0.0,0.0,0.0,0.0,0.0
00b8d9bda3c21b788f0536c96065574e83076d8d,0,0.9426002766251729,0.0,0.0,0.01586186125890975,0.0,0.0,0.0,0.0,0.0,0.012448549342435498,0.0,0.0,0.0,0.0,0.0,0.02981628350567212,0.0,0.0,0.0,0.0,0.0
00b914c1602883ef046c7a4448c4fbab9583a1d0,1,0.9446749654218534,0.0,0.0,0.0,0.0,0.0,0.0,0.0,0.0,0.0,0.0,0.0,0.0,0.0,0.0,0.0,0.0,0.0,0.0,0.0,0.0
00b926412a97fad1d65d966cd026f93aa53bbb9f,0,0.9377593360995851,0.0,0.0,0.0,0.0,0.0,0.0,0.0,0.0,0.0,0.0,0.0,0.0,0.0,0.0,0.0,0.0,0.0,0.022358859698155393,0.0,0.014533258803801007
00b92e7061193578e59b21c05968ec273d7bf84b,0,0.9398340248962656,0.015442116651913052,0.032359594767384675,0.0,0.0,0.0,0.0,0.0,0.0,0.0,0.0,0.0,0.0,0.0,0.0,0.0,0.0,0.0,0.0,0.010032457952198289,0.0
00b93e5374de07468665f8c8f5a695a69aa114fc,0,0.9405255878284924,0.0,0.009244280101687081,0.0,0.0,0.0,0.0,0.0,0.0,0.0,0.0,0.0,0.0,0.0,0.0,0.0,0.0,0.0,0.0,0.0,0.0
00b93f8f21a9cc8cd93865b1fd9d83bf12564bc1,0,0.9412171507607192,0.0,0.07448091091761554,0.0,0.0,0.0,0.010716677829872739,0.0,0.0,0.0,0.0,0.0,0.0,0.0,0.0,0.0,0.0,0.0,0.0,0.0,0.0
00b94f8ea73de4eaa9b4a527ba2beb9ef7ffddf8,1,0.9453665283540802,0.0,0.0,0.0,0.021216407355021217,0.01874115983026874,0.0,0.0,0.0,0.0,0.0,0.0,0.0,0.0,0.0,0.0,0.0,0.0,0.0,0.0,0.0
00b95cf16eeff249a4fef8b26d947620958543f0,0,0.9495159059474412,0.02041086812458582,0.02407775568809366,0.0,0.014535012149326265,0.0,0.020145791915175612,0.0,0.0,0.0,0.0,0.0,0.0,0.02385685884691849,0.0,0.0,0.0,0.0,0.0,0.019836536337530374,0.0
00b9d56936bb919b9355297f302f0b1df5537b3f,0,0.9488243430152143,0.0,0.0,0.0,0.0,0.0,0.0,0.0,0.04460093896713615,0.03755868544600939,0.0,0.0,0.0,0.0,0.0,0.0,0.0,0.02112676056338028,0.0,0.0,0.0
00b9e5dc5bf01f3c99eed59639a20369367521ed,0,0.9674965421853389,0.030107526881720432,0.0,0.0,0.024301075268817203,0.014408602150537634,0.012473118279569893,0.0,0.0,0.0,0.0,0.0,0.0,0.00989247311827957,0.0,0.0,0.0,0.0,0.0,0.0,0.0
00ba5d84a3c96c1e16a14523c3db8998c9e1853e,0,0.9446749654218534,0.0,0.0,0.0,0.0,0.0,0.0,0.0,0.0,0.0,0.0,0.0,0.0,0.0,0.0,0.0,0.0,0.0,0.0,0.0,0.0
00ba5f762e95710ef198d25d5419e7be7d9b9d7e,0,0.9391424619640387,0.0,0.0,0.0,0.0,0.0,0.0,0.0,0.0,0.0,0.0,0.0,0.0,0.0,0.0,0.0,0.0,0.0,0.0,0.0,0.0
00ba83ad7dac524f9ff59f464eb7ff6fb8ec4463,0,0.9384508990318119,0.053081611920081276,0.014646122587199458,0.0,0.03885878767355232,0.0,0.015069420927869963,0.0,0.0,0.0,0.0,0.0,0.0,0.0093125634947511,0.0,0.0,0.0,0.0,0.0,0.016339315949881476,0.0
00babd6a4d8a7163ac0552070a4a2f359d8bb975,1,0.9384508990318119,0.0,0.024854249769868057,0.01564897207732433,0.018103712795335992,0.0,0.0,0.0,0.0,0.0,0.0,0.0,0.0,0.01718318502608162,0.0,0.0,0.0,0.0,0.0,0.0,0.0
00baf356b8cffbd338e7e30ea97d85aabedf55bd,0,0.941908713692946,0.0,0.0,0.0,0.0,0.0,0.0,0.0,0.0,0.021712907117008445,0.0,0.0,0.0,0.0,0.0,0.0,0.0,0.0,0.0,0.0,0.0
00baf72a854b03f886bbaa43e1b3270ae1f6603f,0,0.0,0.0,0.0,0.0,0.0,0.0,0.0,0.0,0.0,0.0,0.0,0.0,0.0,0.0,0.0,0.0,0.0,0.0,0.0,0.0,0.0
00bb014372be7acf779d9db89ac85867bae2a0c3,1,0.9405255878284924,0.02124766275709672,0.0,0.0,0.0,0.0,0.012408635050144484,0.04130545639979602,0.0,0.0,0.0,0.0,0.0,0.0,0.0,0.011218765935747067,0.0,0.0,0.0,0.0,0.0
00bb3ec3c220c5bb451ee489ae1081ef19d33828,0,0.0,0.0,0.0,0.0,0.0,0.0,0.0,0.0,0.0,0.0,0.0,0.0,0.0,0.0,0.0,0.0,0.0,0.0,0.0,0.0,0.0
00bb5ca1497164d46a8b1ef9601825d03348851e,0,0.9488243430152143,0.0,0.0,0.0,0.0,0.0,0.0,0.0,0.0,0.0,0.0,0.0,0.0,0.0,0.0,0.0,0.0,0.0,0.0,0.01932872793245412,0.0
00bbb052b8f47b7a9a5055535e750646c36ff9a7,0,0.9384508990318119,0.0,0.0,0.0,0.0,0.0,0.0,0.0,0.0,0.0,0.0,0.0,0.0,0.0,0.0,0.0,0.0,0.0,0.0,0.0,0.0
00bc63222366cf663d328a274e01694f188a8040,0,0.9515905947441217,0.0,0.0,0.0,0.0,0.0,0.0,0.0,0.0,0.0,0.0,0.0,0.0,0.0,0.0,0.0,0.0,0.0,0.0,0.0,0.0
00bc9c24e21dafd2c9d75a3d041fd8874a500456,0,0.9515905947441217,0.0,0.16101694915254236,0.0,0.0,0.0,0.0,0.0,0.02784503631961259,0.0,0.0,0.0,0.0,0.0,0.0,0.0,0.0,0.0,0.0,0.0,0.0
00bcabd0dc1bd39feee9abf6aa487f53e068e846,0,0.0,0.029461482733639216,0.031634870804153586,0.0,0.0,0.0,0.0,0.0,0.0,0.0,0.0,0.0,0.0,0.0,0.0,0.0,0.0,0.0,0.0,0.0,0.0
00bcc62ffef3d5cf263d9c16461a39c18996afce,0,0.9370677731673582,0.02539898793304788,0.0,0.0,0.0,0.0,0.0,0.0,0.0,0.011872323861424679,0.0,0.0,0.0,0.0379525107045543,0.0,0.0,0.0,0.02238224990268587,0.0,0.0,0.0
00bccce04f85ce000cbdf2185f978e9d36523d12,1,0.9598893499308437,0.0,0.0,0.0,0.0,0.0,0.0,0.0,0.0,0.0,0.0,0.0,0.0,0.0,0.0,0.0,0.0,0.0,0.0,0.0,0.0
00bccd2c6fea26d513cfae4d2f6774da2aaedfe8,0,0.0,0.0,0.0,0.0,0.0,0.0,0.009041980624327234,0.014208826695371367,0.0,0.0,0.0,0.0,0.0,0.0,0.0,0.01054897739504844,0.0,0.0,0.0,0.0,0.0
00bccd4f0d904ed1d89c89018e20365261905fcd,0,0.0,0.01446295639844027,0.0,0.04991137894363701,0.0,0.0,0.0,0.0,0.0,0.0,0.0,0.0,0.0065225097483162,0.0,0.0,0.04707550514002127,0.0,0.03239985820630982,0.0,0.0,0.0
00bd337d5d5be04ee216bc7fcb6d394df1766618,1,0.9384508990318119,0.0,0.0,0.0,0.0,0.0,0.0,0.0,0.0,0.0,0.0,0.0,0.0,0.0,0.0,0.0,0.0,0.0,0.0,0.0,0.0
00bd3d3edb43d58bce525c66a533522ddba4ce03,0,0.9432918395573997,0.0,0.013562492692622472,0.0,0.0,0.0,0.022506722787326086,0.01467321407693207,0.0,0.0,0.0,0.0,0.006839705366538057,0.0,0.0,0.0,0.0,0.0,0.0,0.0,0.0
00bd63961e46c418882f783f38edad2eae7a75d7,1,0.9591977869986169,0.014670223084384093,0.0,0.0,0.0,0.0,0.0,0.0818380213385063,0.0,0.0212172647914646,0.0,0.0,0.0,0.011639185257032008,0.0,0.0,0.0,0.08147429679922405,0.0,0.032129000969932105,0.0
00bdbd48371befd6cb637724644a0d5ffa4405b0,1,0.9384508990318119,0.0,0.0,0.019520851818988466,0.21694764862466726,0.041259982253771074,0.0,0.0,0.0,0.0,0.0,0.0,0.0,0.0,0.0,0.0,0.02839396628216504,0.0,0.0,0.0,0.0
00bde2c08e2d6400d30e69adb730e50e9ddddc26,0,0.9453665283540802,0.0,0.021083063037653362,0.009801156395430827,0.0,0.0,0.031025243266111974,0.0,0.057819771541390494,0.0,0.0,0.0,0.0,0.010788323226625299,0.0,0.0,0.0,0.0,0.0,0.0,0.0
00bdf26c8c9f79d09038c9bc4a8fdf650efc9df8,1,0.941908713692946,0.0,0.0,0.0,0.0,0.0,0.0,0.0,0.0,0.0,0.0,0.0,0.0,0.0,0.013420130195292939,0.0,0.0,0.0,0.0,0.0,0.0
00be06d09a7890fb2cbe7665647da234ba5106fd,0,0.9426002766251729,0.0,0.0,0.022877736252002137,0.013187399893219435,0.0,0.0,0.0,0.01636412172984517,0.0,0.0,0.0,0.0,0.0,0.0,0.0,0.0,0.0,0.0,0.0,0.0
00be576492b635da51b46615337ac2b6cb8db9c6,0,0.9384508990318119,0.029728250957505014,0.034652562465803394,0.0,0.0,0.0,0.0,0.0,0.0,0.0,0.0,0.0,0.0,0.0,0.0,0.0,0.0,0.0,0.0,0.04304213022068211,0.0
00be68bfc99fc6e5052219e697c7c653a7863d83,0,0.9384508990318119,0.012855136653343415,0.030355406719239496,0.019336718159230853,0.01976882359295668,0.020092902668251054,0.015879874689424218,0.05595765366749487,0.0,0.020416981743545424,0.0,0.0,0.018904612725505022,0.0,0.0,0.0,0.0,0.014475532029815275,0.0,0.0,0.0
00be76b21272a93d70a7109fbcd187e9b76a3cd7,1,0.9398340248962656,0.0,0.05681507784758263,0.0,0.03305107894018028,0.08139852499317127,0.0,0.0,0.0,0.0,0.0,0.0,0.0,0.0,0.013657470636438131,0.0,0.011199125921879268,0.0,0.0,0.0,0.028134389511062553
00bf01bf0f028057c50d38e910e8b0d728fc6af4,0,0.9944674965421854,0.0,0.0,0.0,0.0,0.016152167134393516,0.0,0.0,0.0,0.0,0.0,0.0,0.0,0.024197068911755534,0.0,0.0,0.0,0.0,0.0,0.0,0.0
00bf397ef3ed7d16cd3d5f61232e58e57cdf1972,1,0.9398340248962656,0.01596627921829097,0.0,0.0,0.0,0.0,0.0,0.0,0.0,0.0,0.0,0.0,0.0,0.0,0.0,0.0,0.0,0.0,0.023757823476816962,0.0,0.0
00bf8b4098b1ad7d969df68d08450edcab66b0ec,0,0.9453665283540802,0.0,0.0,0.0,0.0,0.0,0.0,0.0,0.0,0.0,0.0,0.0,0.0,0.0,0.0,0.0,0.0,0.0,0.0,0.0,0.0
00bf98c63ae4c9f67f517ef0d7903684f4f173d7,0,0.9446749654218534,0.0,0.03787878787878788,0.03787878787878788,0.030303030303030304,0.0,0.0,0.0,0.022727272727272728,0.0,0.0,0.0,0.0,0.0,0.0,0.0,0.0,0.0,0.0,0.0,0.015151515151515152
00bfa45b86fb0c27e3a70c3d96ac320c4bcd0434,0,0.9349930843706777,0.007648953301127214,0.0,0.0,0.0,0.0,0.07076400071569154,0.008454106280193236,0.0,0.0,0.0,0.0,0.0,0.0,0.0,0.0,0.0,0.0,0.0,0.0,0.0
00bfd167f1fb59f8beb4d15c9c8e46b391717b21,0,0.0,0.03373787312274077,0.0,0.06587332149112456,0.01792479783362111,0.0,0.0,0.0,0.0,0.0,0.0,0.0,0.0,0.0,0.06080518738432108,0.0,0.0,0.041613356023999105,0.0,0.0,0.0
00bfdbed9b3d494b5b2db1399ffe83213e85b667,1,0.9405255878284924,0.0,0.02637528259231349,0.0,0.007535795026375283,0.0,0.03014318010550113,0.0,0.0,0.0,0.0,0.0,0.0,0.0,0.02185380557648832,0.0,0.0,0.0,0.0,0.0,0.0
00bfdf10caa192afe20cb8744d27db90b48919c6,0,0.9467496542185339,0.0,0.0,0.0,0.0,0.0,0.0,0.0,0.0,0.0,0.0,0.0,0.0,0.0,0.0,0.0,0.0,0.0,0.0,0.0,0.0
00c052019640799d151a9b629d743d799152f60b,0,0.0,0.0,0.02438241899262111,0.0,0.02791145332050048,0.016361886429258902,0.0,0.0,0.0,0.0,0.0,0.0,0.0,0.0,0.013795316008982997,0.0,0.0,0.0,0.0,0.0,0.0
00c07563ed98291aa8d5a2ed4aa679148211b155,0,0.9398340248962656,0.0,0.0,0.0,0.0,0.0,0.0,0.0,0.0,0.0,0.0,0.0,0.0,0.0,0.0,0.0,0.0,0.0,0.0,0.0,0.0
00c09237083c031da151a95c8640600dddef8db1,0,0.9356846473029046,0.0,0.02039451688398529,0.0,0.016382480775660315,0.026078234704112337,0.0,0.0,0.0,0.0344366432631227,0.0,0.0,0.0,0.0,0.010698762955533266,0.0,0.0,0.0,0.027415580073553995,0.0,0.010698762955533266
00c0c1a0265a582f6085fe02de4b67ed7bc73f2f,1,0.9405255878284924,0.0,0.0,0.0,0.0,0.0,0.0,0.0,0.0,0.0,0.0,0.0,0.0,0.0,0.0,0.0,0.0,0.0,0.0,0.0,0.0
00c0ef1bf2872d124141c0bfe67a4ec4db8327e2,0,0.0,0.0,0.0,0.0,0.0,0.0,0.0,0.0,0.0,0.0,0.0,0.0,0.0,0.0,0.0,0.0,0.0,0.0,0.0,0.0,0.0
00c11a2400d22693259eb58ce02556d196c14cc5,0,0.0,0.006382978723404255,0.0,0.0,0.0,0.0,0.0,0.0,0.0,0.0,0.0,0.0,0.0,0.0,0.0,0.0,0.0,0.0,0.0,0.0,0.0
00c12b4a01b203c3b01665cddd1b2fc0b86ab748,0,0.9536652835408023,0.0,0.0,0.0,0.0,0.0,0.0,0.0,0.0,0.0,0.0,0.0,0.0,0.0,0.0,0.0,0.0,0.0,0.0,0.0,0.0
00c174068fbbc313c707ce81238067da8e20254f,1,0.9508990318118948,0.0,0.0,0.0,0.0,0.0,0.0,0.0,0.0,0.0,0.0,0.0,0.0,0.0,0.0,0.0,0.0,0.0,0.0,0.0,0.0
00c1af7bf646dcd04e251300288b4a7576bdd892,1,0.9391424619640387,0.0,0.0,0.0,0.0,0.0,0.0,0.01569821930646673,0.02155576382380506,0.0,0.07989690721649484,0.0,0.04920337394564199,0.0,0.009840674789128397,0.0,0.0,0.024133083411433928,0.0,0.0,0.0
00c1bf27fa34ce3fa888e0cfcb32fad388fba76f,0,0.0,0.0,0.0,0.06239388794567063,0.012521222410865875,0.012945670628183362,0.16574702886247877,0.010186757215619695,0.03544142614601019,0.05666383701188455,0.0,0.0,0.0,0.0,0.0,0.0,0.0,0.006791171477079796,0.0,0.038837011884550084,0.0
00c1d6922c2102e57e894b1de584d2543b717cc2,0,0.946058091286307,0.0,0.0,0.0,0.0,0.0,0.0,0.0,0.0,0.0,0.0,0.0,0.0,0.0,0.0,0.0,0.0,0.0,0.0,0.039473684210526314,0.0
00c1dbf573693679bf6ceaf897c5f62619c676ea,0,0.9391424619640387,0.0,0.021049022968803566,0.0,0.010947320306250714,0.0,0.044909153239629754,0.0,0.0,0.0,0.0,0.0,0.0,0.0,0.0,0.0,0.0,0.0,0.0,0.0,0.0
00c1e7ec203090969e979a89313f5ae8b969b29d,0,0.9398340248962656,0.0,0.0,0.012018027040560842,0.02754131196795193,0.013019529293940912,0.0,0.03254882323485228,0.0,0.0,0.0,0.0,0.02754131196795193,0.005508262393590386,0.0,0.0,0.0,0.0,0.0,0.0,0.0
00c2016faadc2dca5fe5eee46f832cec60e5b148,0,0.9405255878284924,0.0473433242506812,0.0,0.0,0.0,0.011580381471389645,0.0,0.0,0.0,0.0,0.0,0.0,0.0,0.0,0.0,0.0,0.0,0.0,0.0,0.010331516802906449,0.03496821071752952
00c24f53c72aa8177b181a98c11a2266de82d921,0,0.9384508990318119,0.0,0.0,0.0,0.0,0.0,0.0,0.0,0.0,0.0,0.0,0.0,0.0,0.0,0.0,0.0,0.0,0.0,0.0,0.0,0.0
00c256519bf928d4403998fcf3428a398bbd01b6,1,0.9398340248962656,0.0,0.0,0.017082785808147174,0.024441524310118267,0.012089356110381078,0.0,0.0,0.0,0.0,0.0,0.0,0.0,0.0,0.0,0.0,0.012877792378449408,0.0,0.0,0.0,0.0
00c276f1455bfc7c37fb6cbe33e30d451575c819,0,0.9377593360995851,0.0,0.0,0.0,0.0075716275970682655,0.0,0.0,0.0,0.0,0.0,0.01580955842267854,0.0,0.0,0.0,0.0,0.0,0.0,0.0,0.0,0.0,0.0
00c28181c8ab892539cf45fe3e58a127b3561950,0,0.9398340248962656,0.0,0.0,0.09515033436891158,0.05407824759096414,0.1286398820493918,0.0,0.0,0.0,0.0,0.0,0.0,0.0,0.03375283028803117,0.0,0.0,0.0,0.0,0.0,0.0,0.006371439102732874
00c288fefcf02935c767dc3cd55148777bd0d2ad,1,0.9391424619640387,0.0,0.0,0.0,0.0,0.027450980392156862,0.0,0.0,0.0,0.0,0.0,0.0,0.0,0.0,0.0,0.040522875816993466,0.0,0.0,0.0,0.0,0.0
00c2b6e002762b580b37a013fc0a54b973e23a81,0,0.9446749654218534,0.0,0.0,0.0,0.0,0.0,0.0,0.0,0.0,0.0,0.0,0.0,0.0,0.0,0.0,0.0,0.0,0.013908450704225353,0.0,0.0,0.0
00c2e3be77d7a8997229c6e0dc0933427c3ecbcd,0,0.9446749654218534,0.0,0.0,0.0,0.0,0.0,0.0,0.0,0.0,0.0,0.0,0.0,0.0,0.010257831993346272,0.0,0.0,0.0,0.0,0.0,0.0,0.0
00c2f6d939cd56bf5b72dcd5e02e30ad032fd2af,0,0.0,0.0,0.0,0.0,0.0,0.0,0.0,0.03342947037231253,0.0,0.0,0.0,0.0,0.0,0.0,0.0,0.0,0.0,0.0,0.0,0.0,0.0
00c3588f41e3a208112224b4f4d89ea4adfc5cde,0,0.9398340248962656,0.06403940886699508,0.0,0.0,0.0,0.0,0.01896551724137931,0.0,0.0,0.0,0.0,0.0,0.0,0.0,0.0,0.0,0.0,0.0,0.0,0.0229064039408867,0.0
00c38ffc86afb54f74cbf5115e8749cbc3e55141,1,0.9405255878284924,0.0,0.0,0.0,0.0,0.0,0.0,0.0,0.0,0.0,0.0,0.0,0.0,0.0,0.0,0.0,0.0,0.0,0.0,0.0,0.0
00c3d23844c9deec9da5aa02549035c65df4bf38,0,0.9619640387275242,0.0,0.0,0.0,0.0,0.0,0.0,0.0,0.0,0.0,0.0,0.0,0.0,0.0,0.0,0.0,0.0,0.0,0.0,0.04883468834688347,0.0
00c465e5b33365ab91cc5cf161590a38044954af,0,0.9384508990318119,0.0,0.0,0.003757489590738296,0.0,0.0,0.0,0.0,0.0,0.0,0.0,0.0,0.05925662638367015,0.0,0.0,0.0,0.0,0.0,0.039555194475474766,0.0,0.0
00c47c41904b054cdf52ee91d531185ea2955f3d,1,0.9266943291839558,0.0,0.016821602478972998,0.0,0.0,0.0,0.0,0.0,0.0,0.0,0.0,0.0,0.0,0.0,0.0,0.0,0.0,0.0,0.0,0.0,0.0
00c488fb55458cc4e135559a44f7f856dde2842b,0,0.9439834024896265,0.0,0.0,0.0,0.0,0.0,0.0,0.0,0.0,0.0,0.0,0.0,0.0,0.0,0.0,0.0,0.0,0.0,0.0,0.0,0.0
00c4a5af2cf0e3ae8814e9010b4ad74dafc51c08,0,0.9405255878284924,0.0,0.0,0.0,0.0,0.0,0.0,0.0,0.0,0.0,0.0,0.0,0.0,0.0,0.0,0.0,0.0,0.0,0.0,0.0,0.0
00c4bdbf54128b33e4342444573a644dd2f137c3,0,0.9481327800829875,0.0,0.0,0.0,0.0,0.009298500853943957,0.0,0.0,0.0,0.0,0.0,0.0,0.0,0.0,0.0,0.0,0.0,0.0,0.0,0.0,0.0
00c4ea31f1e42ab875bddef7486078a936cb54de,0,0.9412171507607192,0.0,0.0,0.0,0.0,0.0,0.0,0.0,0.0,0.0,0.0,0.0,0.0,0.0,0.0,0.0,0.02290941132043805,0.0,0.045692946754500065,0.0,0.0
00c514d4e8280087373fb87fc95fdf615d02be9e,1,0.0,0.013559322033898305,0.0,0.0,0.0,0.0,0.0,0.0,0.0,0.0,0.0,0.0,0.0,0.0,0.0,0.0,0.0,0.0,0.0,0.0,0.0
00c5176b01b54b5349bbca6660f7c90ca9ac175f,0,0.9377593360995851,0.0,0.0,0.0,0.0036231884057971015,0.0,0.0,0.0,0.004528985507246377,0.0,0.0,0.0,0.008152173913043478,0.010869565217391304,0.0,0.0,0.0,0.0,0.005434782608695652,0.0,0.008152173913043478
00c570cd311a8e07306d3c871685f33c36aeba21,1,0.9439834024896265,0.0,0.08442194644023514,0.0,0.0,0.011267145656433704,0.0,0.0,0.009960809928151534,0.0,0.0,0.0,0.0,0.0,0.0,0.0,0.0,0.0,0.0,0.0,0.004408883082952318
00c5cc8063c6844faf3aab00223a81d7af72444b,0,0.9571230982019364,0.0,0.03758358312197371,0.0,0.0,0.0,0.0,0.0,0.0,0.0,0.0,0.0,0.0,0.0,0.0,0.0,0.0,0.0,0.0,0.0,0.0
00c5d2ece244b6e030249ed643be36c8a6c7d554,1,0.9356846473029046,0.0,0.0,0.019629466254962504,0.06793118659020732,0.0,0.0,0.0,0.011248345831495369,0.0,0.0,0.0,0.0,0.0,0.0,0.0,0.0,0.0,0.0,0.0,0.01168945743273048
00c5fdddedca3f2f36cef86f9c364086dd2dfe35,0,0.9370677731673582,0.009514747859181731,0.0,0.0,0.013320647002854425,0.0,0.0,0.0,0.0,0.0,0.0,0.02093244529019981,0.0,0.0,0.010466222645099905,0.0,0.0,0.0,0.0,0.017126546146527116,0.012369172216936251
00c616e27a2a7ed0bdb1fd0b706bc36adbbcd84f,1,0.9446749654218534,0.0,0.0,0.0,0.0,0.0,0.0,0.0,0.0,0.04654612888270746,0.0,0.0,0.0,0.0,0.0,0.0,0.0,0.0,0.0,0.0,0.0
00c63c16f7d31a4ff60c5a0f26ad781730d26f0e,1,0.9370677731673582,0.0,0.0,0.0,0.01575610068532633,0.0,0.017997822327547555,0.01774162556843656,0.0,0.0,0.0,0.0,0.0463716133990905,0.0,0.0,0.0,0.0,0.0,0.01697303529110357,0.0,0.0
00c64ddc82e71b3051d4021327680769e169ec9d,1,0.9398340248962656,0.0,0.19464971918415608,0.0,0.009459060005911913,0.015518770322199232,0.04995566065622229,0.022908660951817914,0.0,0.0,0.0,0.0,0.0,0.0,0.0,0.0,0.0,0.0,0.0,0.0,0.0
00c661b84566b03bb7c241f93a089a9cc81f28b9,0,0.9384508990318119,0.18765519687832566,0.0,0.0,0.0,0.0,0.0,0.0,0.0,0.0,0.0,0.0,0.0,0.0,0.0,0.0,0.0,0.0,0.0,0.010642071656615822,0.0
00c671bc6c498055d815fc5133f1a1c176452837,0,0.9384508990318119,0.0,0.0,0.0,0.0,0.0,0.0,0.0,0.0,0.0,0.0,0.0,0.0,0.0,0.0,0.0,0.0,0.0,0.0,0.0,0.0
00c6ac556080b3d12aa254b42dee7c81921c9dfe,0,0.9508990318118948,0.013225991949396205,0.0,0.0,0.0,0.0,0.0,0.0,0.0,0.0,0.0,0.0,0.0,0.0,0.0,0.0,0.0,0.0,0.0,0.0,0.0
00c6f24c89ccf5c215909b66c1dc5909ddcebf4b,0,0.9536652835408023,0.0,0.0,0.0,0.0,0.0,0.0,0.0,0.0,0.0,0.0,0.0,0.0,0.0,0.0,0.0,0.0,0.0,0.0,0.0,0.0
00c703321c1f2c600f070ec52bf3d9d3fee99146,0,0.9481327800829875,0.0,0.0,0.0,0.0,0.0,0.0,0.0,0.0,0.0,0.011019283746556474,0.0,0.0,0.0,0.0,0.0,0.0,0.0,0.0,0.0,0.0
00c704fdfcb8770c77641d0269deebc04b7b1d70,0,0.9363762102351314,0.011450381679389313,0.0,0.01441899915182358,0.012298558100084818,0.02883799830364716,0.0,0.0,0.0,0.0,0.0,0.0,0.0,0.05004240882103478,0.0,0.0,0.010178117048346057,0.0,0.0,0.0,0.0
00c70a1dccab7600e5054e4112278b7c7b030a5b,1,0.9391424619640387,0.0,0.0,0.0,0.0,0.054844606946983544,0.01340645947592931,0.0,0.0,0.0,0.0,0.0,0.0,0.0,0.0,0.0,0.0,0.0,0.0,0.0,0.0
00c732b8733426628c8f60c9ff8e337c93bb9e0d,1,0.9405255878284924,0.0,0.0,0.0,0.0,0.0,0.0,0.0,0.0,0.0,0.0,0.034043025060989135,0.0,0.0,0.0,0.0,0.0,0.0,0.0,0.0,0.0
00c7a7e7abbd60eeb97dd9ca18948fc82edafb74,1,0.9391424619640387,0.01593970097615223,0.0,0.15494872111701471,0.011244285184727542,0.016804645990362042,0.0,0.0,0.0,0.0,0.0,0.0,0.0,0.014704065241566786,0.05226739157296429,0.0,0.0,0.0,0.0,0.0,0.0
00c7c9fd80830c00b6ada95f552b6a94a4797995,0,0.946058091286307,0.04278649752741346,0.0,0.0,0.0,0.0,0.0,0.0,0.0,0.0,0.0,0.0,0.0,0.0,0.0,0.0,0.0,0.0,0.0,0.02028237654984591,0.0
00c8a72abb18e18732b7c9bf992d409fb54514f3,0,0.0,0.05972542338911715,0.0,0.0,0.0,0.0,0.0,0.0,0.0,0.0,0.0,0.0,0.0,0.0,0.0,0.0,0.0,0.0,0.0,0.0,0.0
00c8c12d3a98c6de5e90d00321b39ffb704d3556,0,0.9412171507607192,0.0,0.0,0.016400336417157275,0.10344827586206896,0.0,0.0,0.0,0.0,0.0,0.0,0.04878048780487805,0.0,0.0,0.0,0.0,0.029857022708158116,0.0,0.0,0.0,0.0
00c8d31d0bb7dfed3db15ebf0ccfd1abe2edc736,1,0.9426002766251729,0.0,0.0,0.0,0.0,0.0,0.0,0.0,0.0,0.0,0.0,0.0,0.0,0.0,0.0,0.0,0.0,0.0,0.0,0.0,0.0
00c90b9a077992ed5baffdca2ebbb54d69d3f230,1,0.9446749654218534,0.0,0.0,0.0,0.0,0.0,0.0,0.0,0.0,0.0,0.0,0.0,0.0,0.01732861118138123,0.0,0.0,0.0,0.0,0.0,0.0,0.0
00c92d2dfe04a8c5877bd5f52ac0644be98c3e70,0,0.9446749654218534,0.0,0.0,0.0,0.0,0.0,0.0,0.0,0.0,0.0,0.0,0.0,0.0,0.0,0.0,0.0,0.025298006350528344,0.0,0.0,0.0,0.01030659517984488
00c97f419f8edccb1a72acfef6c7fc1610cd409e,1,0.9405255878284924,0.0,0.0,0.0270661718113515,0.0,0.0,0.0,0.02344527926133792,0.0,0.0,0.0,0.0,0.0,0.0,0.0,0.0,0.0,0.014347786729428803,0.0,0.0,0.0
00c9984b19eaddcc4ef2207f280f9665c850d536,0,0.9384508990318119,0.0,0.0,0.0,0.0,0.0,0.0,0.009702457956015523,0.0,0.0,0.0,0.0,0.00517464424320828,0.0,0.0,0.0,0.0,0.0,0.0,0.0,0.0
00c9a104d247d4ad4791e466e27007bfd75d5fc4,0,0.9405255878284924,0.0,0.0,0.0,0.0,0.0,0.0,0.0,0.0,0.0,0.0,0.0,0.0,0.0,0.02239213544511196,0.0,0.0,0.0,0.0,0.0,0.0
00c9cca7867fcba4a51aff4c468f837bcbccf17d,1,0.0,0.0,0.0,0.0,0.0,0.0,0.0,0.0,0.0,0.0,0.0,0.0,0.0,0.0,0.0,0.0,0.0,0.0,0.0,0.05217391304347826,0.0
00c9e9b49196667f8190c6a0cc5e82fbdc5f3560,0,0.941908713692946,0.0,0.0,0.014116969173148948,0.0,0.0,0.0,0.0,0.0,0.0,0.0,0.0,0.0,0.0,0.0,0.0,0.0,0.027849803130702008,0.0,0.0,0.0
00c9f928eddd8bc61564b10b1e0a65f1bb25a41b,1,0.0,0.0,0.0,0.014627508787844426,0.01094228370563556,0.012189590656537023,0.0,0.0,0.0,0.0,0.0,0.0,0.0,0.0,0.0,0.0,0.0,0.007824016328381903,0.0,0.0,0.0
00ca019027a76622dfe91ebc1ec226ca9cca80c2,0,0.9405255878284924,0.0,0.026644915715062535,0.0,0.0,0.06525285481239804,0.0,0.0,0.0,0.0,0.0,0.0,0.0,0.0,0.0,0.0,0.0,0.0,0.0,0.0,0.0
00ca1043c345e8681f2191a6501470353ceb4335,1,0.9495159059474412,0.037257824143070044,0.0,0.0,0.046199701937406856,0.0,0.0,0.0,0.0,0.0,0.0,0.0,0.0,0.0,0.0,0.0,0.0,0.0,0.0,0.0,0.0
00ca2c74138555821c4c2fd6e875b650b58113b9,0,0.9453665283540802,0.11738148984198646,0.0,0.0,0.0,0.0,0.0,0.0,0.0,0.0,0.0,0.0,0.0,0.0,0.0,0.03216704288939052,0.0,0.0,0.0,0.0,0.0
00ca5a39d02d34effefcaae80d9ebb9e76f8118f,0,0.0,0.0,0.0,0.0,0.0,0.0,0.0,0.0,0.0,0.014084507042253521,0.0,0.0,0.0,0.0,0.0,0.0,0.0,0.0,0.0,0.0,0.0
00ca710ef7984031b15496d21291b5340fe0aff7,0,0.9508990318118948,0.04382638010956595,0.027391487568478718,0.0,0.0,0.0,0.0,0.0,0.0,0.0,0.0,0.0,0.0,0.0,0.0,0.0,0.0,0.0,0.0,0.0,0.0
00cb0a011b2a626372f3bfd8eeeec2bd022ab829,0,0.9398340248962656,0.0,0.0,0.01824520022893217,0.0,0.0,0.0,0.0,0.0,0.0,0.0,0.0,0.03286564109679321,0.0,0.0,0.0,0.0,0.028859328118767236,0.0,0.0,0.0
00cb0ca44967c2291c3e875d19732969876e53e9,1,0.9446749654218534,0.0,0.0,0.0,0.010978043912175649,0.0,0.0,0.0,0.0,0.0,0.0,0.0,0.0,0.0,0.0,0.0,0.0,0.0,0.0,0.0,0.0
00cb2efeaa80437d9fd708b633b650d7c877f7b5,1,0.9287690179806363,0.0,0.0,0.0,0.0,0.0,0.0,0.0,0.0,0.01678546792366061,0.029845941595769143,0.0,0.0,0.0,0.0,0.0,0.0,0.0,0.0,0.0,0.0
00cb2feae07aebab5556dfbb07de66d6eaca58c3,0,0.0,0.0,0.02985553772070626,0.0,0.0,0.07479935794542536,0.0,0.0,0.0,0.0,0.0,0.0,0.0,0.0,0.0,0.0,0.01637239165329053,0.0,0.0,0.0,0.0
00cbb46ab026caf558cf3f8fcfae9cf46ba680bc,0,0.9474412171507607,0.0,0.0,0.0,0.0,0.0,0.01657720708164052,0.021529610628391805,0.0,0.0,0.0,0.0,0.0,0.0,0.0,0.0,0.0,0.015124106639779367,0.0,0.0,0.0
00cbd97a0b16116e637e32eae22ef3447756cc5d,1,0.9370677731673582,0.0710836745920176,0.01650265876168938,0.0,0.0,0.0,0.0,0.0,0.0,0.0,0.0,0.0,0.0,0.0,0.0,0.0,0.0476132265753927,0.0,0.0,0.1318990281767618,0.0
00cbe3f60c7a2bc68ebafbea8802670aacb926ff,0,0.9405255878284924,0.0,0.0,0.0,0.0,0.0,0.0,0.0,0.0,0.0,0.0,0.0,0.0,0.0,0.0,0.0,0.0,0.0,0.0,0.0,0.0
00cc4a1c765a027d9afe3fb392184d29c547f289,0,0.0,0.0,0.0,0.03142857142857143,0.0,0.0,0.0,0.0,0.0,0.0,0.0,0.0,0.0,0.05657142857142857,0.0,0.0,0.0,0.05085714285714286,0.0,0.0,0.0
00cc631bca20c2b2a8cba86d32dfc8c71d183870,0,0.9481327800829875,0.01666125716758628,0.00833062858379314,0.0,0.06199285946121389,0.0,0.0,0.0,0.0,0.0,0.0,0.0,0.0,0.0,0.0,0.0,0.0,0.0,0.0,0.010061668289516391,0.0
00cc6999a2333d6298d85a25f54c40b27c578c20,0,0.9405255878284924,0.0,0.0,0.0,0.0,0.0,0.0,0.0,0.0,0.0,0.0,0.0,0.0,0.0,0.0,0.0,0.0,0.0,0.0908445706174592,0.0,0.0
00cc6c779916d49a3ad6d26f7fd98060750d585a,1,0.9543568464730291,0.0,0.0,0.0,0.0,0.0,0.0,0.0,0.0,0.019975031210986267,0.0,0.0,0.0,0.0,0.0,0.0,0.0,0.0,0.0,0.0,0.0
00cc7554ed044f5c5f68ed26b43571a60ff15583,0,0.0,0.0,0.0,0.0,0.0,0.0,0.0,0.06430338004946413,0.0,0.0,0.0,0.0,0.0,0.0,0.0,0.0,0.0,0.0,0.0,0.0,0.0
00ccaf009fa4036f730d02636f6b2d47b1951e6d,1,0.0,0.03999643684304294,0.0,0.0,0.0,0.0,0.0,0.0,0.0,0.0,0.0,0.0,0.0,0.0,0.0,0.0,0.0067699982184215215,0.0,0.0,0.0,0.0
00ccb469c03056eaf2bbdcbe2463690d2f793511,0,0.0,0.0,0.01783384080034798,0.0,0.024684645498042626,0.0,0.0,0.0,0.0,0.0,0.0,0.0,0.0,0.04077859939103958,0.0,0.0,0.0,0.0,0.0,0.0,0.0
00ccc74d2dffac9a93607b6e4405c32ebd5bc92d,0,0.9453665283540802,0.0,0.0,0.0,0.0,0.0,0.0,0.0,0.0,0.0,0.0,0.0,0.0,0.0,0.0,0.0,0.0,0.0,0.0,0.0,0.0
00ccd2bf843e0a4f6e2ab6669aafae89cbff4cd5,1,0.9363762102351314,0.01969679345508123,0.0,0.01504400759955023,0.0,0.035826451087588695,0.0,0.008375014539955799,0.0,0.08975999379628552,0.0,0.0,0.0952657903919972,0.0,0.013531852196502657,0.0,0.0,0.00763832344616339,0.0,0.0,0.009615757434764066
00cd3a28e64094d72aa87817dd993bd6507f1d6d,1,0.9384508990318119,0.0,0.0,0.0,0.0,0.0,0.0,0.0,0.0,0.0,0.0,0.0,0.0,0.0,0.0,0.0,0.0,0.0,0.0,0.0,0.0
00cd42a1d94188b213f10ef4f720d0fdf5e089bb,0,0.9384508990318119,0.0899968886123211,0.16358120721841943,0.0,0.008478531425015557,0.0,0.0,0.0,0.0,0.0,0.0,0.0,0.0,0.0,0.0,0.0,0.009334163036714374,0.0,0.0,0.031969508400746735,0.0
00cd455338c5ad0c0d2efecff14106354c07005b,0,0.9384508990318119,0.0,0.0,0.0,0.0,0.0,0.0,0.0,0.0,0.0,0.0,0.0,0.0,0.0,0.0,0.026499155405405407,0.0,0.0,0.0,0.0,0.0
00cd678365725be7c70e6982a93e1628f21e8089,0,0.9405255878284924,0.02258507553792156,0.018973498143344016,0.015565389897756753,0.015361920748766468,0.023042881123149703,0.0,0.0,0.0,0.0,0.0,0.0,0.0,0.0,0.0,0.0,0.021109924207742003,0.0,0.023602421282872984,0.0,0.02156772979297014
00cd75c7c7bfc503b1323982d7be71ebacaa4f84,0,0.9453665283540802,0.0,0.0,0.0,0.0,0.0,0.021827889447236182,0.0,0.0,0.0,0.0,0.0,0.0,0.0,0.0,0.0,0.0,0.0,0.0,0.0,0.0
00cdcf75f648633f51d330fed43acde99ecfca79,0,0.9467496542185339,0.0,0.02041472432084874,0.0,0.0,0.06949579381664256,0.0,0.0,0.0,0.0,0.0,0.0,0.0,0.0,0.014359963564271553,0.0,0.0,0.0,0.0,0.0,0.0
00ce236542614fbe1997928bc16d04085149aeca,1,0.0,0.0,0.0,0.0,0.0,0.0,0.0,0.0,0.0,0.0,0.0,0.0,0.0,0.0,0.0,0.0,0.0014534883720930232,0.0,0.0,0.0,0.00872093023255814
00ce7b5f791b89935c3cf0018d721a3fe7a9c4eb,0,0.9377593360995851,0.0,0.0,0.012762152495529182,0.009185498292960495,0.03893675825069094,0.0,0.05454397658917249,0.015200780360916924,0.0,0.0,0.0,0.12298813201105512,0.010973825394244838,0.011542838562835311,0.019183872541050237,0.0,0.02341082750772232,0.0,0.0,0.0
00cea3f9ae84d466dc8cda584e27652c0b359b97,1,0.9585062240663901,0.0,0.0,0.0,0.0,0.0,0.006818181818181818,0.0,0.0,0.0,0.0,0.0,0.0,0.0,0.0,0.0,0.0,0.0,0.0,0.0,0.0
00ceb1a5be6c2ff318cea714679c1cb725551e96,0,0.941908713692946,0.0,0.0,0.0,0.0,0.0,0.012504282288454951,0.019013360739979446,0.0,0.0,0.0,0.0,0.0,0.0,0.0,0.0,0.0,0.0,0.0,0.0,0.0
00ceb36bdbcb5d57f704fa12d2a961e284f34025,0,0.9377593360995851,0.0,0.0,0.0,0.020202020202020204,0.0,0.0,0.0,0.0,0.0,0.0,0.0,0.0,0.0,0.0,0.0,0.0,0.0,0.0,0.0,0.005555555555555556
00ceb431517fe93dbb701752ddc51ae9d6a7123f,0,0.0,0.05980988999252376,0.011961977998504753,0.0,0.04966356936879206,0.0,0.0,0.0,0.008010253123998718,0.0,0.0,0.0,0.0,0.0,0.0,0.0,0.01804977037274378,0.0,0.0,0.0,0.0
00cec4a0e1829ff266ea5c7a199696bfbcbed004,0,0.9405255878284924,0.0,0.0,0.07936507936507936,0.0,0.0,0.0,0.0,0.0,0.0,0.0,0.0,0.0,0.0,0.0,0.0,0.0,0.0,0.0,0.0,0.0
00cf934c9829e8c824255d203811694cf0ea6803,0,0.9370677731673582,0.0,0.0,0.01515985710810361,0.0,0.0,0.0,0.08172750669005518,0.0,0.0,0.0,0.0,0.00970538149319471,0.0,0.0,0.0,0.0,0.018002330315873036,0.23286513616983137,0.0,0.0
00cfafa7fa22ca561d48b31298ae0f55a907f126,0,0.0,0.0,0.0,0.0,0.0,0.0,0.0,0.0,0.0,0.0,0.0,0.0,0.0,0.0,0.0,0.0,0.0,0.0,0.0,0.0,0.0
00cff079b30a55531cb56e51433a5b7363eadb90,0,0.9481327800829875,0.0,0.0,0.0,0.017986855759252855,0.0,0.0,0.0,0.0,0.0,0.0,0.0,0.0,0.0,0.0,0.0,0.015046696644759598,0.0,0.0,0.0,0.0323417502594258
00d022b27bfb3cdfd3bfc22f2944429a9e729a60,0,0.0,0.01348396501457726,0.135932944606414,0.0,0.0,0.02696793002915452,0.0,0.0,0.0,0.0,0.0,0.0,0.0,0.0,0.0,0.0,0.0,0.0,0.0,0.0,0.0
00d0487343684f5a6b2a72f6b2e8f0b0d977f138,0,0.9426002766251729,0.010079193664506839,0.01565874730021598,0.0,0.0,0.0,0.0,0.0,0.012059035277177825,0.0,0.0,0.0,0.0,0.0,0.0,0.0,0.0,0.0,0.0,0.0,0.0
00d0640a4925ddba2d368bcba14ba7e02309f52b,0,0.9356846473029046,0.0,0.0,0.015755053507728895,0.0,0.03260007927070947,0.0,0.0,0.0,0.0,0.0,0.0,0.0,0.0,0.0,0.0,0.0,0.014169639318271898,0.013872374157748711,0.012881490289338089,0.0
00d0a55fdf18b03abd0c7892f394c84e0d36760c,1,0.9467496542185339,0.0,0.0,0.0,0.0,0.0,0.0,0.0,0.0,0.0,0.0,0.0,0.0,0.0,0.0,0.0,0.0,0.0,0.0,0.0,0.0
00d16d500004a79ade76cad5e8bbbf1fae920321,0,0.9391424619640387,0.0,0.0,0.0,0.0,0.0,0.0,0.029094546403409586,0.0,0.0,0.0,0.0,0.0,0.0,0.0,0.019657301904844743,0.0,0.0,0.0,0.0,0.0
00d1ad63c7303ae107238575d57ecb6e8cce013c,0,0.9370677731673582,0.0,0.0,0.0,0.0,0.02729044834307992,0.0,0.0,0.0,0.0,0.0,0.0,0.0,0.04239766081871345,0.0,0.0,0.0,0.0,0.0,0.0,0.0
00d1b42eacef56e113cb9a9ce7befc84c8677e14,0,0.9363762102351314,0.0,0.0,0.0,0.0,0.0,0.0,0.0,0.0,0.0,0.0,0.0,0.0,0.0,0.0,0.0,0.0,0.0,0.0,0.0,0.0
00d1d7b426c84ef264ab4431f330175189ab77b9,0,0.9412171507607192,0.019417475728155338,0.04234088457389428,0.0,0.0,0.0,0.0,0.0,0.03398058252427184,0.0,0.0,0.0,0.0,0.0,0.0,0.0,0.0,0.0,0.0,0.0,0.0
00d1ddc76d20955fe34d7cfe91fac338fd7912cb,0,0.9426002766251729,0.0,0.0,0.0,0.0,0.0,0.0,0.0,0.0,0.0,0.0,0.0,0.0,0.0,0.0,0.0,0.0,0.0,0.0,0.0,0.0
00d2642b373b044441edf11a29e5611403c30597,1,0.0,0.0,0.0,0.0,0.0,0.0,0.0,0.0,0.0,0.0,0.0,0.0,0.0,0.0,0.0,0.0,0.0,0.0,0.0,0.0,0.0
00d26ba2f7b16ae1a59d8a0adf0802f8bbf2b459,0,0.9508990318118948,0.0,0.010214504596527068,0.0,0.0,0.009193054136874362,0.0,0.0,0.0,0.0,0.0,0.0,0.0,0.0,0.017364657814096015,0.0,0.011235955056179775,0.0,0.0,0.0,0.03575076608784474
00d2bc64c638acadcf4743b98fe70a18c290a586,0,0.0,0.0,0.0,0.0,0.009982841990329122,0.0,0.0,0.0,0.0,0.0,0.0,0.0,0.0,0.0,0.007955077211043519,0.0,0.021369521135548276,0.0,0.0,0.0,0.0
00d2da37e03e89fb9e6c843b77a7cc2535213dea,1,0.0,0.0,0.0,0.0,0.0,0.0,0.0,0.0,0.0,0.0,0.0,0.0,0.0,0.0,0.0,0.0,0.0,0.0,0.0,0.0,0.0
00d2f3370840b10644579ad88443ae6a5d97d49a,1,0.0,0.0,0.0,0.0,0.04220681338558939,0.0,0.0,0.0,0.0,0.0,0.0,0.0,0.023213747362074162,0.0,0.01236056677720832,0.0,0.0,0.030449201085318057,0.0,0.0,0.0
00d307bf05da1a93764018edb3eb430366f4f5db,0,0.9384508990318119,0.0,0.0,0.0,0.0,0.0,0.013223457263319279,0.0,0.0,0.03392104254503641,0.0,0.0,0.0,0.0,0.0,0.0,0.0,0.0,0.0,0.0,0.0
00d3512212e9f2bc5abbfdd5bce9c66bf6d489fb,0,0.9391424619640387,0.022865183361181953,0.0,0.0,0.0,0.0,0.0,0.0,0.0,0.0,0.0,0.013719110016709172,0.0,0.0,0.0,0.0,0.0,0.0,0.0,0.0,0.0
00d3651074afb747fa486ef938b44fa7fbb91714,1,0.9426002766251729,0.01675257731958763,0.0,0.0,0.0,0.01675257731958763,0.0,0.0,0.0,0.0,0.0,0.0,0.0,0.0,0.0,0.0,0.0,0.0,0.0,0.007916053019145802,0.0
00d3ad252a0f8afb79faf0e9c343a0469ed19d72,0,0.9508990318118948,0.06289497442070419,0.0,0.0,0.0,0.0,0.0,0.0,0.0,0.0,0.0,0.0,0.0,0.0,0.0,0.0,0.0,0.0,0.0,0.02828769184471863,0.0
00d3be61de8cad99b2632a76509a738c4287ab75,1,0.9377593360995851,0.0,0.0,0.0,0.0,0.0,0.0,0.0,0.0,0.0,0.0,0.012415595730777608,0.0,0.0,0.0,0.0,0.0,0.0,0.0,0.0,0.0
00d4560e4c43dfb5948c9358635c2496f5f87de6,1,0.9432918395573997,0.020985401459854013,0.0,0.0,0.06478102189781022,0.0,0.010036496350364963,0.0,0.06204379562043796,0.0,0.0,0.0,0.0,0.0,0.0,0.0,0.0,0.0,0.0,0.0,0.0
00d46e4b7f6f2ea9b89ef0180d366969d674a910,0,0.9481327800829875,0.0,0.0,0.0,0.0,0.0,0.1314046706169397,0.0,0.0,0.0073196235622168,0.0,0.0,0.0,0.0,0.0,0.0,0.0,0.0,0.0,0.0,0.0
00d4955ea4a15be4607cebb0579414b1f39b62c0,1,0.9426002766251729,0.025713834989746016,0.01482883735604985,0.0,0.0,0.0,0.036914339801230475,0.0,0.0,0.034074775201135825,0.0,0.0,0.0,0.0,0.0,0.0,0.0,0.0,0.0,0.0,0.016879634011673767
00d4cbe2ac3c3a395038e97f63b1af42167fea95,1,0.9370677731673582,0.0,0.011766803351756106,0.0,0.029951863077197362,0.0,0.0,0.0,0.0,0.0,0.0,0.0,0.0,0.0,0.0,0.0,0.028793011231948655,0.0,0.0,0.0,0.0
00d4e4aa79095faf620701123d63778a2b0568b5,0,0.9363762102351314,0.0,0.0,0.006350440642820114,0.0,0.06389320891653706,0.0,0.0,0.0,0.0,0.0,0.0,0.01762571280456195,0.0,0.0,0.0,0.0,0.030974598237428718,0.0,0.005443234836702955,0.0
00d51fbdcfead40155ebff9639636d776dd09132,0,0.9384508990318119,0.03125,0.0,0.0,0.0,0.075,0.0,0.0,0.0,0.0,0.0,0.0,0.0,0.03125,0.0,0.0,0.0,0.0,0.0,0.0,0.0
00d5445aca0454840af7232903a3dd5cd5cbde4f,0,0.941908713692946,0.0,0.0,0.0,0.0,0.0,0.0,0.0,0.0,0.0,0.0,0.0,0.0,0.0,0.0,0.0,0.0,0.0,0.0,0.009447509636459829,0.0
00d56a125a04426daec7cf81d61d6bd7e7364a86,1,0.9633471645919779,0.0,0.0,0.0,0.0,0.0,0.0,0.0,0.0,0.0,0.0,0.0,0.0,0.0,0.0,0.0,0.01609368825663685,0.0,0.0,0.0,0.0
00d56cce92ba6bdb0bb0f18956b425971e1d581d,1,0.9391424619640387,0.0430935855388605,0.0,0.0,0.0,0.0,0.0,0.0,0.0,0.0,0.0,0.0,0.0,0.0,0.0,0.0,0.0,0.0,0.0,0.0,0.0
00d5769df523ec0922c02aab13710e43f674b93a,0,0.950207468879668,0.025289017341040464,0.0,0.0,0.0,0.0,0.0,0.0,0.0,0.03106936416184971,0.0,0.0,0.0,0.0,0.0,0.0,0.0,0.0,0.0,0.0,0.0
00d591fd9392d8afe3687ddc547892b9dec91981,0,0.9398340248962656,0.0,0.0,0.04790419161676647,0.0,0.0,0.0,0.0,0.0,0.0,0.0,0.0,0.0,0.0,0.0,0.0,0.0,0.0,0.0,0.0,0.0
00d5c23929d67e2506d4c6cfda05181e14dc2e7f,0,0.0,0.0,0.0,0.0,0.015873015873015872,0.0,0.0,0.0,0.0,0.02958152958152958,0.0,0.0,0.0,0.0,0.0,0.0,0.0,0.022366522366522368,0.0,0.0,0.0
00d5d4858256de6b01f3728ae5bf063c3a7f21fb,1,0.9391424619640387,0.0,0.0,0.0,0.0,0.0,0.0,0.0,0.0,0.0,0.0,0.0,0.0,0.0,0.0,0.0,0.0,0.0,0.0,0.0,0.0
00d5d98f948a922571c3036e34c36a25aa32a298,0,0.0,0.0,0.009946290033817386,0.013526954445991645,0.0346130893176845,0.0,0.0,0.0,0.0,0.0,0.0,0.0,0.0,0.020489357469663814,0.0,0.0,0.0,0.0,0.0,0.0,0.0
00d5f4b5e4dba0908fa9529dcc378a5537958a5a,0,0.0,0.0,0.0,0.0,0.0,0.0,0.0,0.0,0.0,0.0,0.0,0.0,0.0,0.0,0.0,0.0,0.0,0.0,0.0,0.0,0.0
00d5f8f73489d72d8a2240ad20c831a0c165844d,0,0.9363762102351314,0.0,0.0,0.0,0.0164638511095204,0.0,0.0,0.0,0.0,0.0,0.0,0.0,0.016105941302791697,0.0,0.018611309949892626,0.0,0.0,0.0,0.0,0.0,0.0
00d65418b1e1a8abe92f8091dedaeb1bfb5313cb,0,0.941908713692946,0.0,0.0,0.0,0.0,0.0,0.0,0.0,0.0,0.0,0.0,0.0,0.0,0.0,0.0,0.0,0.0,0.0,0.0,0.0,0.0
00d683b891cf30a345f179dc7693e09c60768534,1,0.9384508990318119,0.0,0.0,0.0,0.0,0.0,0.0,0.0,0.0,0.0,0.0,0.0,0.0,0.0,0.0,0.0,0.0,0.0,0.0,0.0,0.0
00d68cf9875f2b0714a38764c1b9ba9864caefe4,1,0.9405255878284924,0.016414141414141416,0.0,0.02251683501683502,0.0,0.0,0.0,0.0,0.0,0.0,0.0,0.0,0.0,0.0,0.0,0.0,0.0,0.0,0.0,0.0,0.0
00d6aed12bf70ce8215707792ff194c8ff90bef4,0,0.0,0.01783542764491285,0.028779894608836645,0.0,0.06749087961086339,0.0,0.02107823267126064,0.0,0.0,0.0,0.0,0.0,0.0,0.0,0.0,0.0,0.014592622618565058,0.0,0.0,0.0,0.030401297122010538
00d6eac206087862497c0b6d612984fb78423210,0,0.9398340248962656,0.0,0.0,0.0,0.0,0.0,0.0,0.006795835743204164,0.0,0.0,0.0,0.0,0.0,0.0,0.0,0.0,0.0,0.0,0.0,0.0,0.0
00d6ed435dcb2c18cb8b169360cc808fc4690658,0,0.941908713692946,0.0,0.03104575163398693,0.0,0.0,0.0,0.0,0.05065359477124183,0.0,0.0,0.0,0.0,0.0,0.04084967320261438,0.0,0.0,0.0,0.05228758169934641,0.0,0.0,0.0
00d71fdfbd9f1ce60924b69ae2704e10e073ccb8,0,0.0,0.0,0.0,0.04077849860982391,0.0,0.0,0.032205746061167745,0.0,0.02201112140871177,0.050278035217794254,0.0,0.0,0.0,0.01784059314179796,0.0,0.0,0.0,0.0,0.0,0.0,0.0
00d7b1976253cb70a3d29cac4162bb5024cc836e,0,0.941908713692946,0.0207663782447466,0.008817470127729708,0.0,0.0,0.0,0.0,0.0,0.0,0.0,0.0,0.0,0.0,0.010300782859497322,0.0,0.0,0.019118252987227028,0.0,0.0,0.011866501854140914,0.0
00d7d05faa2686280a41d38e5481fb208b0bdcac,1,0.0,0.0,0.0,0.0,0.0,0.0,0.0,0.0,0.0,0.0,0.0,0.0,0.0,0.0,0.0,0.0,0.0,0.0,0.0,0.0,0.0
00d7d83afd5487c8d1a6c6f94471b6c145fecafc,0,0.0,0.0,0.0,0.0,0.0,0.0,0.0,0.0,0.0,0.0,0.0,0.0,0.0,0.0,0.0,0.0,0.0,0.0,0.0,0.0,0.0
00d7fcc7937957ccb138559c5ee612d1e358147f,0,0.0,0.0,0.0,0.0,0.0,0.0,0.0,0.0,0.0,0.0,0.0,0.0,0.0,0.0,0.0,0.0,0.0,0.0,0.0,0.0,0.0
00d875417a84a8c76bffddfc2d5a847bf49eff93,0,0.9370677731673582,0.0,0.0,0.0,0.0,0.0,0.0,0.0,0.0,0.0,0.0,0.0,0.0,0.0,0.0,0.0,0.0,0.0,0.0,0.0,0.0
00d8dccefed51e0b03efa624d5b21351fbf1f772,1,0.0,0.0,0.0,0.0,0.0,0.0,0.0,0.0,0.0,0.0,0.0,0.0,0.0,0.0,0.0,0.0,0.0,0.0,0.0,0.0,0.0
00d90f64d55aa00785819c1d28a41632e8dddcb2,1,0.9370677731673582,0.0,0.0,0.0,0.0,0.0,0.0,0.0,0.0,0.0,0.0,0.0,0.0,0.0,0.0,0.0,0.0,0.0,0.0,0.0,0.0
00d92ae1888d410eaa56584d110500b955431b31,1,0.9356846473029046,0.0,0.0,0.0,0.0,0.0,0.0,0.0,0.0,0.0,0.0,0.0,0.0,0.0,0.0,0.0,0.0,0.0,0.0,0.014204545454545454,0.0
00d9385e9478ed4803bad087a77f43d4501f9f43,0,0.9432918395573997,0.0,0.023816418126538296,0.0,0.0,0.0,0.0,0.0,0.0,0.0,0.0,0.0,0.0,0.0,0.0,0.0,0.0,0.0,0.0,0.0,0.0
00d944ee4341c1d1f4ac206aeadb85a75f7646ea,0,0.9398340248962656,0.0,0.0,0.0,0.0,0.0,0.0,0.023529411764705882,0.0,0.0,0.0,0.0,0.0,0.0,0.0,0.0,0.0,0.0,0.0,0.0,0.0
00d95899d300f32867fe78ba69937d762e751d14,0,0.9453665283540802,0.0,0.0,0.0,0.0,0.0,0.0,0.0,0.0,0.0,0.0,0.0,0.0,0.0,0.0,0.0,0.0,0.0,0.0,0.0,0.0
00d966da5f923989364901e25c4a8949ed3ff059,1,0.0,0.0,0.0,0.0,0.0,0.0,0.0,0.0,0.0,0.0,0.0,0.0,0.0,0.0,0.0,0.0,0.0,0.0,0.0,0.0,0.0
00d9ccab24d5bf5a33f34f669a22d66030fb4e98,0,0.9481327800829875,0.012262563116133687,0.0,0.00949747535465256,0.0,0.0,0.0,0.0,0.0,0.04087521038711229,0.0,0.0,0.0,0.0,0.0,0.0,0.0,0.0,0.0,0.0,0.0
00d9ff8aa26470cdbf255a996bda9ef22b9d3501,1,0.9363762102351314,0.0,0.0,0.012779552715654952,0.0,0.0,0.0,0.0,0.0,0.0,0.0,0.0,0.020447284345047924,0.0,0.010223642172523962,0.0,0.0,0.02587859424920128,0.0,0.0,0.0
00da4228cd05196f7b94479398379f292a518604,0,0.9398340248962656,0.0,0.0,0.0,0.0,0.0,0.0,0.0,0.0,0.0,0.0,0.0,0.0,0.0,0.0,0.0,0.0,0.0,0.0,0.0,0.0
00da64b25b4038bda3ef5fd611006aaad715210d,1,0.0,0.0,0.012081877184223664,0.020269595606590116,0.03055416874687968,0.0,0.0,0.0,0.0,0.0,0.0,0.0,0.0,0.0,0.0,0.0,0.012980529206190713,0.0,0.0,0.0,0.0
00da814c93b6e5a563478252ce98711a2d250585,0,0.0,0.0,0.04302325581395349,0.0,0.0,0.0,0.0,0.0,0.0,0.0,0.0,0.0,0.0,0.0,0.0,0.0,0.0,0.0,0.0,0.0,0.0
00da9fa481437c65a2163b2028065d279f56f514,0,0.9377593360995851,0.0,0.0,0.0,0.0,0.0,0.0,0.0,0.0,0.0,0.0,0.0,0.0,0.0,0.024427008850925674,0.0,0.0,0.0,0.0,0.0,0.020098171839369225
00dac0af6e460f30d86dd2f5714656a77b8a32b0,0,0.9391424619640387,0.0,0.0,0.0,0.0,0.0,0.0,0.02391837275558206,0.0,0.0,0.0,0.013317431922083085,0.015702643609620353,0.12734380176240642,0.0,0.0,0.0,0.0,0.0,0.0,0.0
00dac15e669150fb794cf652035af5b18a59cda6,0,0.9370677731673582,0.04414507772020725,0.0,0.0,0.0,0.0,0.014507772020725389,0.016891191709844558,0.0,0.0,0.0,0.0,0.035025906735751296,0.0538860103626943,0.0,0.0,0.0,0.021243523316062177,0.014922279792746114,0.0,0.0
00db093fa8d2b50ffb2fa2f4f0b2e5050db1ba12,0,0.9391424619640387,0.026334026334026334,0.0,0.0,0.0,0.0,0.0,0.0,0.0,0.0,0.0,0.0,0.0,0.0,0.0,0.0,0.017094017094017096,0.0,0.0,0.010626010626010625,0.0
00dbf4ff66549a485e2030ccc092221172d315e6,0,0.0,0.0,0.0,0.013501412137493972,0.0,0.013914720672315216,0.0,0.012674795067851484,0.0,0.0225253151477578,0.0,0.0,0.0,0.042433009574981057,0.0,0.0,0.0,0.0,0.0,0.0,0.0
00dc0df886765126c2c5f1441b908f16221a0c36,1,0.0,0.0,0.0,0.0,0.0,0.0,0.0,0.0,0.0,0.0,0.0,0.0,0.0,0.0,0.0,0.0,0.0,0.04234527687296417,0.0,0.0,0.0
00dc340b64b2f5532d6276f7103cde9cdf84caf0,0,0.9356846473029046,0.0,0.0,0.0,0.0,0.0,0.0,0.0,0.08049421661409042,0.0,0.0,0.0,0.0,0.0,0.0,0.0,0.0,0.0,0.0,0.0,0.02917981072555205
00dc7636b5fe41f309b3a10a6e395408184f9487,1,0.9391424619640387,0.0,0.013743524685484723,0.0,0.0,0.07580082461148113,0.0,0.0,0.0,0.0,0.0,0.0,0.0,0.0,0.0,0.0,0.040279099270535995,0.0,0.0,0.0,0.0
00dc91d188011a489cfbc2bae9a689bae05ee943,1,0.9398340248962656,0.01622554660529344,0.0952819332566168,0.0,0.0,0.0,0.010817031070195627,0.0,0.0,0.0,0.0,0.0,0.0,0.0,0.01806674338319908,0.0,0.0,0.0,0.0,0.0,0.0
00dcb0dcafe081d487451b0445b3b21ee3c33c79,0,0.9391424619640387,0.22777254162739555,0.0,0.0,0.0,0.0,0.0,0.0,0.0,0.0,0.0,0.0,0.0,0.0,0.0,0.0,0.0,0.0,0.0,0.0,0.0
00dd822d45fdb095495a320b2d35b9ce63ac73a3,0,0.9432918395573997,0.0,0.016087643110935648,0.0,0.0,0.0,0.015939597315436243,0.0,0.0,0.0,0.0,0.0,0.0,0.0,0.0,0.0,0.0,0.0,0.0,0.0,0.0
00dd935b1ae1a9a8eeac80110591cc337e0f2ae4,1,0.9398340248962656,0.0,0.0,0.0,0.0,0.0,0.0,0.0,0.03885400313971742,0.0,0.0,0.0,0.0,0.008634222919937205,0.0,0.0,0.0,0.0,0.0,0.0,0.0
00ddb82bc3ca3b0d6869e993ffac808b8fba830d,0,0.941908713692946,0.0,0.02609949531362653,0.0,0.0,0.01384282624369142,0.0,0.0,0.0,0.0,0.0,0.0,0.0,0.0,0.020620043258832012,0.0,0.0,0.022927180966113916,0.0,0.0,0.0
00dddf49aaa4f60a5442fa22a7bf24bee46bddc0,1,0.0,0.0,0.0,0.0,0.0,0.0,0.0,0.0,0.0,0.0,0.0,0.0,0.0,0.0,0.0,0.0,0.0,0.0,0.0,0.0,0.0
00de2f9fcc26a7113360d174411325503d62d43f,0,0.941908713692946,0.014358499305233904,0.018063918480778138,0.0,0.03219082908754053,0.0,0.15840666975451598,0.022464103751736915,0.0,0.01157943492357573,0.0,0.0,0.0,0.0,0.0,0.0,0.0,0.0,0.0,0.0,0.021074571560907827
00de67f81bb7f5134ba46af982d59c0845f6cff1,0,0.946058091286307,0.0,0.0,0.0,0.0,0.0,0.0,0.0,0.0,0.0,0.0,0.0,0.0,0.0,0.0,0.0,0.0,0.0,0.0,0.0,0.0
00de9105fed8fb66536038b4bb16978897f1c219,0,0.0,0.013445821249670446,0.019773266543633008,0.0,0.0,0.0,0.037569206432902714,0.0,0.09016609543896652,0.0,0.0,0.0,0.0,0.0,0.0,0.0,0.0,0.0,0.0,0.012918534141840231,0.0
00deac19ab0da8c044dea987972f0e7224c86604,0,0.9412171507607192,0.048536006330783435,0.0,0.0,0.026773938274861513,0.0,0.0,0.0,0.0,0.0,0.0,0.0,0.0,0.02374043787918755,0.0,0.0,0.0,0.0,0.0,0.0,0.0
00df039c07d3b174803d5ee0d5d0b2b42255a2cf,0,0.9467496542185339,0.0,0.0,0.0,0.0,0.0,0.0,0.0,0.0,0.0,0.0,0.0,0.0,0.0,0.0,0.0,0.03374498544796665,0.0,0.0,0.0,0.0
00df0ce0bf1c2eecf846662a567a114b9af72c1f,1,0.9384508990318119,0.019245953414923016,0.0,0.0,0.030768851164626923,0.0,0.0,0.0,0.010486577181208054,0.0,0.0,0.0,0.0,0.08029016975917884,0.0,0.0,0.0,0.0,0.0,0.05364192656928543,0.0
00df5749c11916d5f7e3fd35ec0183cbf333f17b,0,0.9481327800829875,0.0,0.0,0.0,0.0,0.0,0.0,0.0,0.0,0.0,0.0,0.0,0.0,0.0,0.0,0.0,0.0,0.0,0.0,0.0,0.0
00df7af825251e9202949f26b66a36d248fb32b8,1,0.9391424619640387,0.0,0.027231211591588204,0.0,0.0,0.0,0.0,0.0,0.0,0.0,0.0,0.0,0.0,0.0,0.0,0.0,0.0,0.0,0.0,0.0,0.0
00dfbdaac5edc3a2bf37eaede04d8728e7977250,1,0.0,0.09936493184634448,0.015954151177199505,0.0,0.0,0.0,0.0,0.0,0.0,0.0,0.0,0.0,0.0,0.0,0.0,0.0,0.0,0.0,0.0,0.0,0.0
00e002c1fe6125c14b0dc15f4d9d23a5fe10d513,0,0.9356846473029046,0.0,0.0,0.0,0.0,0.0,0.0,0.22331265623553376,0.0,0.0,0.0,0.0,0.0,0.0,0.0,0.0,0.0,0.0,0.0,0.0,0.0
00e013a237e2e83382fc68e59e89e08b16954c0c,0,0.9522821576763485,0.0,0.0,0.0,0.02040505558093498,0.019339119841632404,0.1507537688442211,0.0,0.0,0.007156997106745851,0.0,0.0,0.0,0.0,0.0,0.0,0.0,0.0,0.0,0.0,0.016141312623724684
00e032baa22494dd1c0536ecdb57030479d59328,0,0.9446749654218534,0.0,0.06317889603192196,0.0,0.0,0.0,0.0,0.0,0.0,0.0,0.0,0.0,0.0,0.0,0.0,0.0,0.0,0.0,0.0,0.0,0.0
00e04d51e0af852d63a8787dd82b2505dbbbfec0,1,0.9405255878284924,0.0,0.0,0.0,0.0,0.0,0.0,0.0,0.00673758865248227,0.009219858156028368,0.0,0.0,0.0,0.0,0.0,0.0,0.0,0.0,0.0,0.0,0.0
00e050bcdde1ae7a686bfcf04000cadd0ac15ce6,0,0.9474412171507607,0.0,0.0,0.0,0.0,0.014226590791515779,0.0,0.055638903259182616,0.061239006725297467,0.047012415933781686,0.0,0.0,0.0,0.013696326952922918,0.023848939472322816,0.0,0.0,0.018041903776513192,0.0,0.0,0.0
00e064f2c36211424f2900dfcf87a637289471aa,0,0.9412171507607192,0.0,0.05540673903848865,0.0,0.0,0.0,0.0,0.0,0.0,0.0,0.0,0.0,0.0,0.0,0.0,0.0,0.0,0.0,0.0,0.0,0.0
00e06a31820cfb074952721f6eaa565b2429cf9b,0,0.9412171507607192,0.0,0.0,0.0,0.0,0.0,0.0,0.0,0.0,0.0,0.0,0.0,0.0,0.0,0.0,0.0,0.0,0.0,0.0,0.0,0.0
00e0aabfea06f2dc4f09a22754377d1c7cf96957,1,0.0,0.0,0.015665796344647518,0.0,0.0,0.03080939947780679,0.0,0.0,0.0,0.0,0.0,0.0,0.0,0.0,0.17754569190600522,0.0,0.0,0.0,0.0,0.0,0.0
00e0bfbfc9ebc37c854ba7aada59d9b73004712b,1,0.9467496542185339,0.0,0.0,0.0,0.0,0.0,0.0,0.0,0.01618705035971223,0.0,0.0,0.0,0.022482014388489208,0.0,0.0,0.0,0.0,0.0,0.0,0.0,0.0
00e1393b04735514a7912408faee5e43e9b2370f,1,0.9363762102351314,0.030329289428076257,0.0,0.0,0.0,0.0,0.0,0.0,0.0,0.0,0.0,0.0,0.0,0.0,0.0,0.0,0.0,0.0,0.0,0.0,0.0
00e14047445732f9a1127e43ebaf6135cbd73625,0,0.9453665283540802,0.0,0.0,0.0,0.0,0.0,0.0,0.0,0.0,0.0,0.0,0.0,0.0,0.0,0.0,0.0,0.0,0.0,0.0,0.0,0.0
00e17a8514f327e5be5e898951e8cf5f0f07c8eb,0,0.9370677731673582,0.0,0.0,0.0,0.0,0.0,0.0,0.0,0.0,0.0,0.0,0.0,0.0,0.0,0.0,0.06695464362850972,0.0,0.0,0.0,0.0,0.0
00e183e2bfa77803b4492fd74d058960aa90d3d6,0,0.0,0.0,0.0,0.0,0.0,0.0,0.0,0.0,0.0,0.0,0.0,0.0,0.0,0.0,0.0,0.0,0.0,0.0,0.0,0.0,0.0
00e21199a9e9fd43fd7f35a3f6cece175b911bc9,0,0.9412171507607192,0.0,0.0,0.0,0.0,0.0,0.0,0.0,0.0,0.0,0.0,0.0,0.0,0.0,0.0,0.0,0.0,0.0,0.0,0.0,0.0
00e250d0f3195ed5215f2f82fcb3cc17617e247e,0,0.9405255878284924,0.0,0.0,0.0,0.0,0.0,0.0,0.0,0.0,0.0,0.0,0.0,0.0,0.0,0.0,0.0,0.0,0.0,0.015075769411029527,0.0,0.0
00e262760f081c9b9e396166733a48ccbcd56b73,0,0.9391424619640387,0.0,0.0,0.0,0.0,0.0,0.0,0.0,0.0,0.0,0.0,0.0,0.0,0.0,0.0,0.0,0.0,0.0,0.0,0.0,0.0
00e2b22624fc5593adbabe2fef3dfa32070e4dc6,1,0.0,0.0,0.0,0.0,0.0,0.0,0.0,0.0,0.0,0.0,0.07442277516251962,0.0,0.0,0.0,0.0,0.0,0.0,0.0,0.0,0.0,0.0076216095045953825
00e2b26e6f109e5dd3c44677ee80345f97bee5c0,1,0.9508990318118948,0.0,0.0,0.0,0.0,0.0,0.0,0.0,0.0,0.0,0.0,0.0,0.0,0.0,0.0,0.0,0.0,0.0,0.0,0.0,0.0
00e2ec33f08c9de6b9e2d2d1818982ba2f2e2197,1,0.9370677731673582,0.0,0.0,0.0,0.032896586627678116,0.0,0.0,0.0,0.0,0.0,0.006804251251194961,0.0,0.03284035314626328,0.052803239048529495,0.0,0.0,0.0,0.0,0.0,0.0,0.0
00e382e40593a8bc399cf2600f5f7de34487886e,0,0.0,0.0,0.0,0.0,0.0,0.0,0.0,0.0,0.0,0.0,0.010159651669085631,0.0,0.0,0.0,0.0,0.0,0.0,0.0,0.0,0.013062409288824383,0.0
00e384599a94f049639297688f656a50ed31d621,0,0.0,0.0,0.0,0.0,0.0,0.0,0.0,0.05886676183342049,0.0,0.0,0.0,0.0,0.0,0.0041977018642319055,0.0,0.062159908413777505,0.0,0.04683900329314658,0.0,0.0,0.0
00e389705eee2e4e221a612dfef157752f4c129a,1,0.9384508990318119,0.0,0.0,0.0027397260273972603,0.0,0.0,0.0,0.0,0.0,0.0,0.0,0.021917808219178082,0.0,0.0,0.0,0.0,0.0,0.0,0.0,0.0,0.0
00e43584ada77909ab855c7976988994aff75478,1,0.0,0.0,0.0,0.0,0.03686635944700461,0.0,0.0,0.0,0.0,0.0,0.0,0.0,0.0,0.0,0.0,0.0,0.0,0.0,0.0,0.0,0.0
00e4510ad233c6ff3927b7e116468a66c6e2996e,0,0.9426002766251729,0.0,0.0,0.020628344553771792,0.0,0.0,0.0,0.0,0.0,0.0,0.0,0.0,0.0,0.0,0.0,0.0,0.0,0.0,0.1084066977386501,0.0,0.0
00e49f1b7b5e652ceccdb7b19de72d69c862b53a,1,0.0,0.15429635541367384,0.0,0.0,0.0,0.0,0.0,0.0,0.0,0.0,0.0,0.0,0.0,0.047885075818036714,0.0,0.0,0.0,0.0,0.0,0.0111731843575419,0.0
00e4b1ffb35838c117f21330d41c4f34fa51b2ad,0,0.0,0.0,0.027777777777777776,0.0,0.0,0.0,0.0,0.0,0.0,0.0,0.0,0.0,0.0,0.0,0.0,0.0,0.0,0.0,0.0,0.0,0.0
00e4d88d12c048c4dae9a52f2e0cb903e4346968,0,0.9515905947441217,0.057973219720024345,0.0,0.0,0.0,0.0,0.0,0.02282410225197809,0.0,0.0,0.0,0.0,0.0,0.017498478393183203,0.0,0.0,0.0,0.0,0.0,0.0,0.0
00e4f7b89c1f653c5e1d6a8ce0e0253210630080,0,0.9522821576763485,0.0,0.06983805668016195,0.0,0.0,0.0,0.0,0.0,0.0,0.0,0.0,0.0,0.0,0.0,0.0,0.0,0.0,0.0,0.0,0.01492914979757085,0.0
00e566b7d608ed8c0b8a649a0d50c0da5c2267b6,0,0.0,0.0,0.0,0.0,0.0,0.0,0.0,0.0,0.0,0.0,0.0,0.0,0.0,0.0,0.0,0.0,0.0,0.0,0.0,0.0,0.0
00e588fc022a83d5e2b564e52f453ba6de8606b8,0,0.9550484094052559,0.0,0.0,0.0,0.02097902097902098,0.0,0.0,0.0,0.0,0.031857031857031856,0.0,0.0,0.0,0.0,0.014374514374514374,0.0,0.0,0.0,0.0,0.0,0.0
00e5b401127175480fb51dfcf5671cc323e78fcf,1,0.9432918395573997,0.0,0.0,0.0,0.021739130434782608,0.0,0.0,0.0,0.0,0.0,0.0,0.0,0.0,0.0,0.0,0.0,0.0,0.0,0.0,0.0,0.0
00e5dbdfecf149fd631bd2b1ba44d0ff0a038de0,0,0.9349930843706777,0.0,0.0,0.0,0.0,0.0,0.0,0.0,0.0,0.38465100127329555,0.0,0.0,0.0,0.0,0.0,0.0,0.0,0.0,0.0,0.0,0.0
00e5e0ccecd83b993560cc540f70b097bcb21205,0,0.9426002766251729,0.05231813041839427,0.02728986053524312,0.0,0.04297022238974746,0.015454202789295138,0.008066339992461365,0.0,0.0,0.0,0.0,0.0,0.0,0.009121748963437619,0.0,0.0,0.0,0.0,0.0,0.009724839803995477,0.0
00e5e5497732e04bb18c44576a440304f3d4e19c,0,0.9426002766251729,0.0,0.040945504895658194,0.0,0.0,0.0,0.0,0.0,0.0,0.0,0.0,0.0,0.0,0.0,0.0,0.0,0.0,0.0,0.0,0.0,0.014637523489269113
00e61685f8c6f43b3490df4b6ae67356523709f4,0,0.941908713692946,0.0,0.0,0.0,0.0,0.0,0.0,0.0,0.0,0.0,0.0225140712945591,0.0,0.0,0.0,0.0,0.0,0.0,0.0,0.0,0.0,0.0
00e69b618d4f7d37978cc4ebd6e7e91b3c148a06,0,0.9377593360995851,0.0,0.0,0.0,0.0,0.0,0.0,0.018357646287493853,0.0,0.0,0.0,0.0,0.0,0.0,0.0,0.1781675135223734,0.0,0.0,0.0,0.0,0.0
00e6ed82f6c5c159ca72d3ade6f0051d8b5d1604,0,0.9405255878284924,0.0,0.0,0.0,0.0,0.0,0.0,0.0,0.0,0.0,0.0,0.0,0.0,0.01815338591242861,0.0,0.0,0.0,0.0,0.0,0.0,0.0
00e72581db4a94200a6a048770e5206c4f41fcf3,0,0.9363762102351314,0.3285302593659942,0.0,0.0,0.0,0.0,0.0,0.0,0.0,0.0,0.0,0.0,0.0,0.0,0.0,0.0,0.0,0.0,0.0,0.0,0.0
00e727ec73d8bfa83a5a813e8f833298850d3b52,0,0.9412171507607192,0.0,0.0,0.0,0.026348808030112924,0.0,0.0,0.0,0.0,0.0,0.0,0.0,0.0,0.0,0.0,0.0,0.04965047499551891,0.0,0.0,0.0,0.0
00e74ae21ecad7b6a422bffb50763e6a3872505a,1,0.9356846473029046,0.0,0.0,0.0,0.005271481286241434,0.03353473095170512,0.0,0.0,0.0,0.0,0.029317545922711973,0.0,0.010461862860386846,0.0,0.0,0.0,0.0,0.0,0.0,0.0,0.0
00e755b7137973c0cf0622e64b11539d601c2fe7,1,0.9384508990318119,0.0,0.0,0.0,0.012821608684502949,0.0,0.0,0.0,0.0,0.0,0.0,0.0,0.0,0.0,0.0,0.0,0.0,0.0,0.0,0.024361056500555603,0.0147875886827934
00e785f39677c81d43687f6ba7326acc959bb67d,1,0.9384508990318119,0.0,0.0,0.0,0.0,0.0,0.0,0.0,0.0,0.0,0.0,0.0,0.0,0.008576329331046312,0.0,0.0,0.0,0.0,0.0,0.0,0.0
00e7eeb3db51eba9c79d71416b3644730e58440f,0,0.0,0.0,0.0,0.0,0.0,0.0,0.0,0.0,0.0,0.0,0.0,0.0,0.0,0.0,0.0,0.0,0.0,0.0,0.017822333611807295,0.0,0.0
00e83a68fc3e3ed34c859c6e5be465990f6c7beb,1,0.0,0.0159015901590159,0.0,0.0,0.0,0.0,0.0,0.0,0.0,0.0,0.0,0.0,0.0,0.0,0.0,0.0,0.0,0.0,0.045304530453045305,0.0,0.0
00e84086e56a8ba80ee973bdda02d44379c9ffcc,0,0.9377593360995851,0.0,0.017103620474406993,0.0,0.0,0.0,0.0,0.0,0.0,0.0,0.0,0.0,0.0,0.0,0.0,0.0,0.0,0.0,0.0,0.0,0.0
00e8714e124b70f72bd2e1b82c5ef50b13da60f5,0,0.946058091286307,0.0,0.0,0.0,0.0,0.0,0.0,0.0,0.0,0.0,0.0,0.0,0.0,0.0,0.0,0.0,0.0,0.0,0.0,0.0,0.0
00e89a8265ec6292d1325775d69d06b5612c57dc,0,0.9384508990318119,0.0,0.0,0.0,0.0,0.0,0.0,0.015531212484993997,0.0,0.0,0.0,0.0,0.0,0.0,0.0,0.010729291716686675,0.0,0.0,0.0,0.0,0.0
00e8b28689bcf97caa7bee9d4ebd035e41299574,0,0.9391424619640387,0.0,0.0,0.0,0.0,0.0,0.0,0.029632443726849655,0.0,0.0,0.0,0.0,0.0,0.0,0.0,0.06068952417133631,0.0,0.0,0.0,0.0,0.0
00e8f27bd10c81b6e9f8ebb66d292544e0da0668,0,0.9550484094052559,0.02,0.029381818181818183,0.0,0.018545454545454546,0.0,0.021672727272727274,0.0,0.0,0.0,0.0,0.0,0.0,0.022545454545454546,0.0,0.0,0.0,0.0,0.0,0.016654545454545453,0.0
00e905ff46ce2cd844b6a5e06b53cb87e9d91f48,1,0.9398340248962656,0.0,0.0,0.0,0.0,0.0,0.0,0.0,0.0,0.0,0.0,0.0,0.0,0.0,0.0,0.0,0.0,0.0,0.0,0.0,0.0
00e907be3a556ea271f4235d5f1bbf6803128c70,1,0.9322268326417704,0.0,0.012033694344163659,0.0,0.019253910950661854,0.010830324909747292,0.0,0.0,0.0,0.0,0.0,0.0,0.0,0.0,0.027677496991576414,0.0,0.0,0.0,0.0,0.0,0.0
00e90807acd4c76c1b16c0b6e989e942fda4cfe2,0,0.0,0.0,0.0,0.07113331036858422,0.0,0.0,0.0,0.0,0.0,0.0,0.0,0.0,0.0,0.0,0.0,0.013477437133999312,0.0,0.0,0.0,0.0,0.0
00e91fb9e3c9e054ef185521d8cc975e05ad2567,0,0.9426002766251729,0.016311813186813188,0.0,0.0,0.0,0.0,0.01407967032967033,0.058980082417582416,0.0,0.0,0.0,0.0,0.02549793956043956,0.013907967032967032,0.0,0.0,0.0,0.02506868131868132,0.0,0.0,0.0
00e92890f8bf45bd4f1439715431c42ac53a8cc4,1,1.0,0.0,0.0,0.0,0.0,0.0,0.0,0.0,0.0,0.0,0.0,0.0,0.0,0.0,0.0,0.0,0.0,0.0,0.0,0.0,0.0
00e97a05e3e06a7bd99cf1a343fb1b43d12fe2c7,1,0.9391424619640387,0.0,0.0,0.0,0.0,0.0,0.0,0.0,0.0,0.0,0.0,0.0,0.0,0.0,0.0,0.0,0.0,0.0,0.0,0.0,0.0
00e97ffd7763b025a63f30db31c1b604c1e1abb7,1,0.941908713692946,0.0,0.0,0.0,0.0,0.0,0.0,0.0,0.0,0.0,0.0,0.0,0.0,0.0,0.0,0.0,0.0,0.0,0.0,0.0,0.0
00e9e5c43f38b563a0db33f7a0279fdcde495b2d,0,0.9412171507607192,0.0,0.0,0.0,0.0,0.0,0.0,0.0,0.0,0.0,0.0,0.0,0.0,0.0,0.0,0.0,0.0,0.02278303540133193,0.0,0.0,0.0
00e9fb71f0f17925accc06396882ab196ccfbecd,1,0.9391424619640387,0.06489675516224189,0.0,0.0,0.008849557522123894,0.0,0.0,0.0,0.0,0.0,0.0,0.0,0.0,0.0,0.0,0.0,0.02490986561783022,0.0,0.0,0.0,0.0
00ea455b4b0ecbc222948e7f109129fffb97fe70,1,0.0,0.0,0.0,0.0,0.014792899408284023,0.0,0.0,0.0,0.0,0.0,0.0,0.0,0.0,0.0,0.0,0.0,0.0,0.0,0.0,0.038461538461538464,0.0
00ea7b4776502a9939ad04957a53495b107998de,1,0.9384508990318119,0.0,0.0,0.0,0.0,0.0,0.0,0.0,0.0,0.0,0.0,0.0,0.0,0.0,0.0,0.0,0.0,0.0,0.0,0.0,0.0
00ea86ae5520d8a3feba00545431f27b5828f50a,1,0.9446749654218534,0.0,0.027640875409271067,0.0,0.0,0.0,0.08519731173530933,0.0,0.0,0.02932965707392728,0.0,0.0,0.02257453041530243,0.0,0.02181630191280372,0.0,0.0,0.0,0.0,0.0,0.0
00eaae8a32131933cb3ed5fc2507fc3c5c6bebd2,1,0.0,0.0,0.0,0.0,0.0,0.0,0.0,0.0,0.0,0.0,0.0,0.0,0.0,0.0,0.0,0.0,0.0,0.0,0.0,0.07639012257949902,0.0
00eac9317d0a1ecd43214b2075221f858425b7b7,0,0.9405255878284924,0.0,0.0,0.0,0.0,0.0,0.0,0.0,0.0,0.0,0.0,0.0,0.0,0.0,0.0,0.0,0.0,0.0,0.0,0.0,0.0
00ead59d260c48d50883322e1e739eb6b933b2bf,1,0.9398340248962656,0.015187649052340907,0.03646290950169449,0.0,0.0,0.0,0.0,0.0,0.0,0.019894565080958954,0.0,0.0,0.0,0.0,0.0,0.0,0.0,0.0,0.0,0.0,0.0
00eae8a73a8a028beaf864b5c20e23c85d4432d4,0,0.0,0.0,0.017368421052631578,0.0,0.0,0.01631578947368421,0.0,0.0,0.0,0.0,0.0,0.0,0.0,0.011052631578947368,0.0,0.0,0.0,0.0,0.0,0.03315789473684211,0.011052631578947368
00eaf1e508d9078dbd99f9a93f26ccdf41ed78ce,1,0.0,0.0,0.0035268733921606597,0.0,0.0,0.0,0.0,0.0,0.0,0.0,0.0,0.0,0.0,0.0,0.014591574230311748,0.0,0.0,0.0,0.0,0.0,0.007081408536416697
00eb064e7613a1319e598533a29af65ecb770a22,0,0.9495159059474412,0.0,0.0,0.0,0.0,0.017301288547850006,0.0,0.0,0.01911104676415231,0.0,0.0,0.0,0.0,0.0,0.0,0.0,0.0,0.0,0.0,0.0,0.0
00eb3f02a0b9cd1cade145e28814c1fdb2012e5d,1,0.9439834024896265,0.0,0.0,0.0,0.0,0.0,0.0,0.0,0.0,0.0,0.0,0.0,0.0,0.0,0.0,0.0,0.0,0.0,0.0,0.0,0.0
00eb5553942783d6a7e9f157f1759cbd8208a8d2,0,0.9363762102351314,0.0,0.0,0.0,0.0,0.0,0.0,0.0,0.0,0.0,0.0,0.0,0.0,0.0,0.0,0.0,0.0,0.0,0.0,0.0,0.0
00eba8920528344a8a645a5785ea7daf6b330e7e,0,0.946058091286307,0.0,0.010809708341831531,0.0,0.0,0.0,0.0,0.0,0.0,0.016724454415663878,0.0,0.0,0.0,0.0,0.0,0.0,0.045686314501325716,0.0,0.0,0.0,0.019069957169080155
00ebbeb7aeb6a169281b687cadabadfe2c61199f,1,0.0,0.0,0.0,0.0,0.0,0.0,0.0,0.0,0.0,0.0,0.0,0.0,0.0,0.0,0.0,0.007341576506955177,0.0,0.0,0.0,0.0,0.0
00ec17de01f406b3e617587f136ba641a01dc412,1,0.9377593360995851,0.09034456645210148,0.008557364634608104,0.0,0.0,0.0,0.0,0.0,0.0,0.0,0.0,0.0,0.0,0.0,0.0,0.0,0.0,0.0,0.0,0.0,0.0
00ec3c845d360f7998fe0846de81de40399fced6,1,0.941908713692946,0.01943502824858757,0.0,0.0,0.11389830508474576,0.0,0.0,0.0,0.0,0.0,0.0,0.0,0.0,0.0,0.0,0.0,0.0,0.0,0.0,0.0,0.013333333333333334
00ec5fa841a608ce9c1280771cd95b48466dd6d0,0,0.9370677731673582,0.0,0.0,0.0,0.0,0.0,0.0,0.0,0.0,0.0,0.0,0.0,0.0,0.0,0.0,0.0,0.0,0.0,0.0,0.0,0.0
00ecc260429f2e491e34c17eadd16ed0af292fac,0,0.9426002766251729,0.0,0.0,0.0,0.033256880733944956,0.0,0.0,0.0,0.0,0.034403669724770644,0.0,0.0,0.0,0.0,0.0,0.0,0.0,0.0,0.0,0.0,0.0
00ecfa62d9bada14194f5a629faff3b944998a21,0,0.9488243430152143,0.0,0.0,0.020360219263899765,0.0,0.0,0.0,0.05272774732445837,0.0,0.0,0.0,0.0,0.0,0.0,0.0,0.039415296267293135,0.0,0.0,0.0,0.0,0.0
00ed6bd77b61708fe10ad4c0b79c88b62473c6df,0,0.9370677731673582,0.021568627450980392,0.0,0.0,0.028540305010893247,0.0,0.0,0.0,0.0,0.0,0.0,0.0,0.0,0.0,0.0,0.0,0.0159041394335512,0.0,0.0,0.0,0.0
00ed70ebc2f940f02456cc43bcda024ece6e5723,0,0.941908713692946,0.0,0.01166407465007776,0.0,0.0,0.008942457231726283,0.0,0.0,0.0,0.0,0.0,0.0,0.0,0.01166407465007776,0.0,0.0,0.10808709175738725,0.0,0.0,0.0,0.027993779160186624
00edb2e13793c7b6c767ef7eb141887eff1d792f,0,0.9426002766251729,0.0,0.0,0.0,0.0,0.0,0.0,0.0,0.0,0.0,0.0,0.0,0.0,0.0,0.0,0.0,0.0,0.0,0.0,0.0,0.0
00edc8f0488320c0fd69d0c18ff9c6d768662b3f,0,0.9384508990318119,0.007898894154818325,0.0,0.0,0.0,0.014218009478672985,0.0,0.0,0.0,0.0,0.0,0.0,0.0,0.0,0.0,0.0,0.0,0.0,0.0,0.0,0.02448657187993681
00edd2e0ee0e8f5cdb5917f70ddabfca92bf0503,0,0.9391424619640387,0.0,0.0,0.0,0.0,0.0,0.0,0.0,0.0,0.0,0.0,0.0,0.0,0.012678141773089024,0.0,0.0,0.0,0.0,0.016102165463631316,0.0,0.0
00edfe29ceeb14d61d995b734d1ec91abd8c83a4,1,0.9508990318118948,0.05790190735694823,0.027247956403269755,0.0,0.0,0.0,0.0,0.0,0.0,0.0,0.0,0.0,0.0,0.055177111716621256,0.0,0.0,0.0,0.0,0.0,0.0,0.0
00ee00a7ee85b4e297c82f606c7ebaa54ceecbb7,0,0.9508990318118948,0.0,0.0,0.0,0.0,0.0,0.0,0.0,0.0,0.0,0.01554605518849592,0.0,0.0,0.0,0.0,0.0,0.0,0.0,0.0,0.0,0.0
00ee11dcc7739323fcee07513edea7d5590e68b8,1,0.9432918395573997,0.0,0.0,0.0,0.0,0.0,0.0,0.040310077519379844,0.0,0.027131782945736434,0.0,0.0,0.0,0.02945736434108527,0.0,0.0,0.0,0.0,0.0,0.0,0.0
00ee176e91fd78db20657b0444bc4443ef4ed332,1,0.9398340248962656,0.020695652173913042,0.0,0.0,0.04344347826086956,0.0,0.0,0.0,0.0,0.0,0.0,0.0,0.0,0.0,0.0,0.0,0.022191304347826086,0.0,0.0,0.0,0.0
00ee2070b14f5000a3cd989c3a9cd3346bc6122e,1,0.9384508990318119,0.0,0.0,0.0,0.0,0.0,0.0,0.0,0.0,0.0,0.0,0.0,0.0,0.0,0.0,0.0,0.020458553791887126,0.0,0.0,0.0,0.014462081128747795
00ee781db670e864265629795186c9951af8d105,0,0.941908713692946,0.0,0.0,0.0,0.0,0.0,0.0,0.0,0.0,0.0,0.0,0.0,0.0,0.0,0.0,0.042060910703725606,0.0,0.08552631578947369,0.0,0.0,0.0
00ee83f05fabe66a7b986be22855884c1d1f46a2,1,0.9439834024896265,0.0,0.0,0.0,0.013798701298701298,0.0,0.0,0.0,0.0,0.0,0.0,0.0,0.0,0.0,0.005681818181818182,0.0,0.0,0.0,0.0,0.0,0.010551948051948052
00eec9951a02753adc9d8517548ae99f51ef3fa0,0,0.9405255878284924,0.0,0.0,0.0,0.028507126781695424,0.0,0.0,0.0,0.0,0.0,0.0,0.0,0.0,0.0049512378094523635,0.0,0.0,0.0,0.0,0.0,0.0,0.040360090022505624
00eef3a3c1572d8380275d0bbc3d4cedf17eef4b,0,0.0,0.0,0.0,0.0,0.0,0.0,0.030613535736875395,0.009361163820366857,0.0,0.0,0.0,0.0,0.021884882985452245,0.017330803289057558,0.0,0.0,0.0,0.09601518026565464,0.0,0.0,0.0
00ef0e85a9e299c5a82480cbe399f92d4a1d441f,0,0.9370677731673582,0.0,0.0,0.0,0.0,0.0,0.0,0.0,0.0,0.0,0.0,0.0,0.0,0.0,0.02631578947368421,0.0,0.0,0.0,0.013157894736842105,0.0,0.013157894736842105
00ef1cd5aba35e53bbd1b719acc0e3d8342e07c3,1,0.9398340248962656,0.0,0.03900554097404491,0.0,0.0,0.012758821813939924,0.0,0.0,0.0,0.0,0.0,0.0,0.0,0.010425780110819481,0.0,0.0,0.0,0.0,0.0,0.0,0.0
00ef455bc1e2d2e948a68ec7d04ad629319c863d,0,0.941908713692946,0.0,0.0,0.0,0.0,0.0,0.0,0.0,0.0,0.0,0.0,0.0,0.0,0.0,0.0,0.0,0.0,0.0,0.0,0.0,0.0
00ef7947566197f79a14387c63a8aee8a7e8add7,1,0.9384508990318119,0.0,0.0,0.0,0.0,0.0,0.0,0.0,0.0,0.0,0.0,0.0,0.0,0.0,0.0,0.0,0.0,0.018694362017804153,0.0,0.0,0.0
00ef835d88946c63bf1ee32084597d30a9bc2358,1,0.9412171507607192,0.0,0.0,0.0,0.0,0.0,0.0,0.0,0.0,0.0,0.0,0.0,0.010025780578630765,0.0,0.0,0.0,0.0,0.0,0.0,0.0,0.0
00ef927ae0eb283da5eb754cbef62f87bfc6ed29,0,0.0,0.0,0.0,0.0,0.0,0.0,0.0,0.01226000462641684,0.0,0.018505667360629193,0.0,0.0,0.0,0.0,0.0,0.0,0.0,0.0,0.0,0.0,0.0
00ef9abb994663c00ee25a24564b43a226e2253d,0,0.9363762102351314,0.0,0.0,0.0,0.0,0.0,0.0,0.0,0.0,0.0,0.058823529411764705,0.0,0.0,0.0,0.0,0.0,0.0,0.0,0.0,0.0,0.0
00efc5085af5b6b5662f0199f85e1e28e064e31a,0,0.9384508990318119,0.025786967127424787,0.0,0.0,0.0,0.0,0.0,0.02718085724242072,0.01510047624578929,0.0,0.0,0.0,0.01533279126495528,0.0,0.0,0.024393077012428852,0.0,0.0,0.0,0.0,0.0
00eff56ab5037a786b17e2a2246a1adbf7ae4a70,0,0.9598893499308437,0.0371501272264631,0.0,0.0,0.0,0.0,0.0,0.0,0.0,0.0,0.0,0.0,0.0,0.0,0.0,0.0,0.0,0.0,0.0,0.0,0.0
00f031dd8f83dff3a6dc2cbda1023979746e64c6,0,0.9384508990318119,0.01604164130037745,0.02203823207110678,0.0,0.014032631194447826,0.0,0.0,0.0,0.0,0.0,0.0,0.0,0.0,0.0,0.0,0.0,0.0,0.0,0.0,0.0,0.017928893218068915
00f035bc87ca3f637c0fdc5b93121a4b180a3d02,0,0.0,0.0,0.0,0.0,0.0,0.0,0.0,0.0,0.0,0.0,0.0,0.0,0.0,0.0,0.0,0.0,0.0,0.0,0.0,0.0,0.0
00f04e3339d187902224e11472d403d7a84fa980,1,0.0,0.0,0.0,0.0,0.0,0.0,0.0,0.0714670497396301,0.0,0.0,0.0,0.0,0.0,0.0,0.0,0.0,0.0,0.028730472257137728,0.0,0.0,0.0
00f0664e45551dc83b6a7c004780edc2bbe95f33,1,0.0,0.0,0.0,0.0,0.0,0.0,0.0,0.0,0.0,0.0,0.0,0.0,0.0,0.0,0.0,0.0,0.0,0.0,0.0,0.0,0.0
00f088371fe22a4bba2b07867d21628362039198,1,0.0,0.0,0.032910388580491674,0.0,0.0,0.0,0.0,0.0,0.0,0.019825535289452814,0.0,0.0,0.0,0.0,0.0,0.0,0.0,0.0,0.0,0.0,0.0
00f0e3fe3b56274d1803b03a6b2983ae27075501,0,0.9363762102351314,0.042685243825205825,0.0,0.0,0.0,0.0,0.0,0.0,0.0,0.0,0.0,0.0,0.0,0.0,0.0,0.0,0.014756174794173528,0.0,0.0,0.0,0.0
00f1480ffa3d372e71fb156126b2e58419b57c0c,1,0.0,0.0,0.0,0.0,0.0,0.0,0.0,0.0,0.0,0.0,0.0,0.0,0.0,0.0,0.0,0.0,0.0,0.0,0.0,0.0,0.0
00f1c6a2299594261fdf87956cb575381468d334,0,0.0,0.0,0.02675967025998732,0.0,0.0,0.0,0.0,0.017247939124920737,0.0,0.014965123652504755,0.0,0.0,0.0,0.017882054533925173,0.0,0.0,0.0,0.0,0.0,0.0,0.0
00f207ad249812eb7861246e6c956a1b72ab17e6,1,0.946058091286307,0.0,0.0,0.0,0.0,0.0,0.0,0.0,0.0,0.0,0.0,0.0,0.0,0.0,0.0,0.0,0.0,0.0,0.0,0.0,0.014722536806342015
00f251370e500f9a3a93f38d8610fe38f6bbb3f5,0,0.9598893499308437,0.0,0.0,0.0,0.0,0.0,0.0,0.0,0.0,0.0,0.0,0.0,0.0,0.0,0.0,0.0,0.0,0.0,0.0,0.0,0.0
00f2597e67dafb1bffd9a33d2450810886e2721b,0,0.9370677731673582,0.0,0.0,0.0,0.0,0.0,0.0,0.0,0.0,0.0,0.0,0.05763411279229711,0.0,0.0,0.0,0.0,0.0,0.0,0.0,0.0,0.0
00f25c79cb3af6ee2fc95ae2a86f339755e4d0bb,0,0.0,0.01593901593901594,0.0,0.0,0.02356202356202356,0.0,0.022407022407022407,0.0,0.0,0.0,0.0,0.0,0.0,0.0,0.0,0.0,0.0,0.0,0.0,0.0,0.020097020097020097
00f278fe5d8dd6cc22e29560f7124cb17e12aeab,0,0.0,0.0,0.0,0.02678062678062678,0.0,0.010826210826210826,0.0,0.0,0.02564102564102564,0.0,0.0,0.0,0.0,0.0,0.0,0.0,0.021652421652421653,0.0,0.0,0.0,0.0
00f29da0ebc18cf156109a9e8b2c7f67dcd9ff54,1,0.9398340248962656,0.0,0.0,0.0,0.0,0.0,0.11835205992509364,0.0,0.0,0.0,0.0,0.0,0.0,0.0,0.0,0.0,0.0,0.0,0.0,0.0,0.0
00f2aa9a7ddef863c8355081331d5610858507ec,1,0.0,0.02059908643710471,0.0,0.0,0.02323436401967674,0.0,0.0,0.0,0.0,0.0,0.0,0.0,0.0,0.0,0.0,0.0,0.0,0.0,0.0,0.0,0.016777933942375263
00f2b98ff75e8013717c6567988769654cb3410e,0,0.9391424619640387,0.0,0.0,0.037602706621556306,0.0,0.0,0.0,0.0,0.0,0.0,0.0,0.0,0.0,0.010923151280811987,0.0,0.0,0.0,0.0,0.0,0.0,0.0
00f2bdb9b2924dc1f9b2dd32f16220ddb02d2c8e,0,0.0,0.0,0.028348927110762506,0.0,0.0,0.0,0.0,0.0,0.01529497450837582,0.0,0.0,0.0,0.0,0.0,0.0,0.0,0.0,0.014006386912432068,0.0,0.0,0.0
00f2d32fe05a692d8834b237c34193fb727b03b9,0,0.9391424619640387,0.07031023485068136,0.0,0.0,0.0,0.0,0.0,0.0,0.0,0.0,0.0,0.0,0.0,0.0,0.0,0.0,0.020730646564221515,0.0,0.0,0.0,0.0
00f2dc66d114aa6c8cebbed04fd7e9204a674691,1,0.941908713692946,0.0,0.0,0.0,0.0,0.0,0.0,0.0,0.0,0.0,0.0,0.0,0.0,0.0,0.0,0.0,0.0,0.0,0.0,0.0,0.0
00f34616a995ce7a4442957ba237f4809113212a,1,0.0,0.0,0.0,0.0,0.0,0.0,0.0,0.0,0.0,0.0,0.0,0.0,0.0,0.0,0.0,0.0,0.0,0.0,0.0,0.0,0.0
00f35a1ccbf89b44d2e1ed3a206e1a81f62561b0,0,0.9446749654218534,0.0,0.0,0.0,0.0,0.0,0.0,0.0,0.0,0.0,0.0,0.0,0.0,0.0,0.0,0.0,0.0,0.0,0.0,0.0,0.0
00f36859925cec57e855f8d2a81da758ae4a33a9,0,0.941908713692946,0.0,0.0,0.04134103522482727,0.0,0.0,0.0,0.0,0.0,0.0,0.0,0.0,0.0,0.0,0.0,0.0,0.0,0.0,0.0,0.0,0.0
00f3a846ddc82eedb4afc6fe7a78264b2c785d26,1,0.9439834024896265,0.0,0.0,0.0,0.0,0.0,0.0,0.0,0.0,0.0,0.0,0.0,0.0,0.0,0.0,0.0,0.0,0.0,0.0,0.0,0.0
00f3c5d22d8cf520a3b736184f4d5a34b5914e8f,1,0.0,0.0,0.0,0.025398700531600708,0.0,0.01594802126402835,0.0,0.0,0.0,0.0,0.0,0.0,0.0504036227603859,0.015751132112620594,0.0,0.0,0.0,0.0,0.0,0.0,0.0
00f3d685749b624f0ad799623ebff87e94251c00,0,0.9384508990318119,0.0,0.0,0.0,0.05591384384196356,0.0,0.0,0.0,0.0,0.0,0.0,0.0,0.0,0.0,0.14538851668649427,0.02961617932502661,0.0,0.019754555131175255,0.0,0.0,0.0
00f41bf1d1377975056c536245dc61b277718d0c,0,0.9370677731673582,0.0,0.0,0.0,0.0,0.0,0.0,0.0,0.0,0.0,0.0,0.0,0.0,0.0,0.0,0.0,0.0,0.0,0.0,0.11538461538461539,0.0
00f45790c5250d00f57678e37a54f216500a0f34,0,0.0,0.0,0.01584749655489205,0.0,0.0,0.0,0.0,0.0,0.0,0.0,0.0,0.0,0.0,0.0,0.0,0.0,0.0,0.0,0.0,0.0,0.0
00f47faf418dfaade4bb0abb4fc86e2a827cd76b,1,0.9377593360995851,0.017491166077738516,0.0,0.0,0.0,0.0,0.0,0.02491166077738516,0.0,0.0,0.0,0.0,0.047526501766784454,0.019787985865724382,0.0,0.0,0.024381625441696114,0.0,0.014487632508833921,0.0,0.0
00f4bee63453cee101396b8295d2e34548985a33,1,0.9412171507607192,0.0,0.0,0.0,0.0,0.0,0.0,0.0,0.01850709438618137,0.0,0.0,0.0,0.0,0.0,0.0,0.0,0.0,0.01850709438618137,0.0,0.0,0.0
00f4cb88d238d38a5b6e72254a06ae3eb5bf84f7,0,0.0,0.0,0.0,0.0,0.021739130434782608,0.0,0.0,0.0,0.0,0.0,0.0,0.0,0.0,0.0,0.0,0.0,0.0,0.0,0.0,0.05555555555555555,0.021739130434782608
00f4d5392aeb38aa8e23f2dd8fa682516b36aca6,1,0.9370677731673582,0.0,0.0,0.0,0.0,0.014796762120288971,0.0,0.0,0.0,0.0,0.0,0.0,0.0,0.0,0.0,0.0,0.0,0.0,0.057794412046305164,0.0,0.0
00f55fa50c7d7e00cf6e0930a4f4f5d1738b72d1,1,0.9384508990318119,0.0,0.0,0.0,0.0,0.0,0.0,0.0,0.0,0.0,0.0,0.0,0.0,0.0,0.0,0.0,0.0,0.0,0.0,0.0,0.0
00f57a7fe44eb4d0851d62c5f0ddd003ea43c7ae,0,0.9426002766251729,0.0,0.0,0.0,0.0,0.0,0.0,0.004553339115351257,0.0,0.0,0.0,0.0,0.0,0.0,0.0,0.0,0.0,0.0,0.0,0.0,0.0
00f5d38e01e815f08370dc95a5bf4a3cc05f86e9,1,0.0,0.0,0.0,0.0,0.0,0.0,0.0,0.0,0.0,0.0,0.0,0.0,0.0,0.0,0.0,0.0,0.0,0.0,0.0,0.0,0.0
00f5f1c0dd546afe91f887622ff1c1853d79a70c,1,0.9515905947441217,0.0,0.0,0.009437652811735942,0.012518337408312959,0.0,0.0,0.0,0.04254278728606357,0.0,0.0,0.0,0.0,0.0,0.0,0.0,0.0,0.0,0.0,0.0,0.0
00f6005e9c2ba5fd682a27dc27804e3a0da17501,0,0.0,0.0,0.0,0.0,0.0,0.0,0.0,0.0,0.0,0.0,0.0,0.0,0.0,0.0,0.0,0.0,0.0,0.0,0.0,0.0,0.0
00f65b5f17a2e322a181b80c496501c1d10a5c08,1,0.0,0.0,0.0,0.0,0.0,0.0,0.0,0.0,0.0,0.0,0.0,0.0,0.0,0.0,0.0,0.0,0.0,0.0,0.0,0.0,0.0
00f67bc6499837cc9b1c2c7b0aefd251c9a706fc,0,0.9391424619640387,0.0,0.0,0.0,0.0,0.0,0.0,0.0,0.0,0.0,0.0,0.0,0.0,0.0,0.0,0.0,0.0,0.0,0.0,0.0,0.0
00f68b35fef3b93e0ba68a27356a557905b2982f,0,0.0,0.0,0.0,0.0,0.0,0.0,0.0,0.0,0.0,0.0,0.0,0.0,0.0,0.0,0.0,0.0,0.0,0.0,0.0,0.0,0.0
00f6e6bc791caa7d8e5733259438aa8e298201c1,0,0.0,0.022524752475247524,0.0,0.0,0.0,0.0,0.0,0.0,0.0,0.0,0.0,0.0,0.0,0.04405940594059406,0.0,0.0,0.0,0.0,0.0,0.0,0.03440594059405941
00f72cfbd1742e98204ddfb3513f94db03d059ef,0,0.9398340248962656,0.0,0.0,0.0,0.0,0.0,0.0,0.0,0.0,0.0,0.0,0.0,0.015192354814996324,0.04827248223474639,0.0,0.0,0.0,0.0,0.0,0.0,0.0
00f743ae57297815a79eed1483eb87b48747860a,0,0.0,0.01062992125984252,0.05196850393700787,0.0,0.030708661417322834,0.0,0.0,0.0,0.0,0.0,0.0,0.0,0.0,0.01889763779527559,0.0,0.0,0.0,0.0,0.0,0.0,0.01653543307086614
00f77395d10e127b9444b896ea9d358b66abad58,0,0.0,0.0,0.0,0.0,0.0,0.0,0.0,0.0,0.0,0.0,0.0,0.0,0.0,0.0,0.0,0.0,0.0,0.0,0.0,0.0,0.0
00f7a99aa6ae48f07c7b0acc06bb0ef74c1b6f9e,0,0.9398340248962656,0.0,0.0,0.0,0.0,0.00626367821296506,0.0,0.0,0.0,0.0,0.0,0.0,0.0,0.0,0.0,0.0,0.0,0.0,0.0,0.0,0.0
00f7c81237f38f4d663bfa2ae58cd721caa52a51,0,0.0,0.0,0.0,0.0,0.0,0.0,0.0,0.006566946369937978,0.0,0.0,0.0,0.0,0.0,0.0,0.0,0.0,0.0,0.0,0.0,0.0,0.0
00f7d1d59a05d94ac9ec889c0e4bbdb04f5d00dc,1,0.9730290456431535,0.0,0.0,0.0,0.0,0.0,0.0,0.0,0.0,0.0,0.0,0.03140102543973702,0.0,0.0,0.0,0.0,0.0,0.0,0.0,0.0,0.0
00f7dcab9c0d7645572eec27c308006d28841165,0,0.9363762102351314,0.0,0.0,0.0,0.0,0.0,0.0,0.0,0.0,0.0,0.0,0.0,0.0,0.0,0.0,0.0,0.07281823235130629,0.0,0.0,0.0,0.0
00f8135da7556b069b214dc399b2f5144fc6a8f1,1,0.9446749654218534,0.0,0.0,0.0,0.0,0.0,0.0,0.0,0.20602069614299154,0.0,0.0,0.0,0.03160865475070555,0.0,0.0,0.0,0.0,0.0,0.0,0.0,0.0
00f875fd083a5746f6d669f2538aa3a59de23ad8,1,0.9384508990318119,0.07922874671340929,0.0,0.0,0.008238387379491674,0.0,0.0,0.0,0.0,0.0,0.0,0.0,0.0,0.012620508326029798,0.0,0.0,0.0,0.0,0.0,0.12602979842243645,0.0
00f87cdce3995709c60659074f97eea51203d07e,0,0.9495159059474412,0.0,0.0,0.0,0.0,0.0,0.0,0.0,0.0,0.0,0.0,0.0,0.0,0.0,0.0,0.0,0.0,0.08199121522693997,0.0,0.0,0.0
00f8a48ac528f6d00a2040be01f76da29546d70a,1,0.9384508990318119,0.0,0.0,0.0,0.005083694978301302,0.008431494110353379,0.0,0.0,0.0,0.0,0.0,0.0,0.0,0.010911345319280842,0.0,0.0,0.0,0.0,0.0,0.0,0.11233725976441414
00f8fed24787ff959d271429fcb6f08676f01458,0,0.941908713692946,0.0,0.01941039112667834,0.0,0.0,0.0,0.0,0.0,0.0,0.023058960887332166,0.0,0.0,0.0,0.0,0.018680677174547577,0.0,0.0,0.0,0.0,0.0,0.0
00f91248718f1f5556ae4ffc1e58120c244ceb36,0,0.9370677731673582,0.0,0.0,0.0,0.0,0.0,0.0,0.04487603305785124,0.0,0.0,0.0,0.0,0.0,0.0,0.0,0.0,0.0,0.0,0.0,0.0,0.0
00f94c4f7718d86a7bbc7b18107233b9009b70c0,0,0.9405255878284924,0.01499330655957162,0.0,0.0,0.10174029451137885,0.0,0.0,0.0,0.0,0.0,0.0,0.0,0.0,0.0,0.0,0.0,0.0,0.0,0.0,0.0,0.0
00f960063f9f0477f539eb3502808fc0d60955d5,0,0.9412171507607192,0.0,0.0,0.0,0.0038705137227304713,0.3051673871519051,0.0,0.0,0.00769076103347743,0.0,0.0,0.0,0.0,0.0,0.0,0.0,0.0,0.0,0.0,0.0,0.0
00f964cf31b9ef239b1f1b76baccd0d62d151c68,1,0.9343015214384509,0.0,0.0,0.009349988780013464,0.0,0.0,0.0,0.18034258358889968,0.0,0.0,0.0,0.0,0.024309970828035005,0.0,0.0,0.06455232253721295,0.0,0.012865584561298526,0.0,0.0,0.0
00f9e7b0462685f293dc09c28a5efdc971095409,0,0.9488243430152143,0.0,0.0,0.0,0.170499778858912,0.04201680672268908,0.0,0.0,0.0,0.0,0.0,0.0,0.0,0.0,0.0,0.0,0.0,0.0,0.0,0.0,0.0
00fa0c4c0f2ff54ac5e6167661c5fc4387210eb4,0,0.9432918395573997,0.0,0.0,0.0,0.0,0.0,0.0,0.0,0.0,0.0,0.0,0.0,0.0,0.0,0.01575919943266882,0.0,0.0,0.0,0.0,0.0,0.0
00fa0eb3edd752da1b409f520bc21c001d5c10d8,0,0.9391424619640387,0.0,0.0,0.0,0.0,0.0,0.0,0.0,0.0,0.0,0.0,0.0,0.0,0.0,0.0,0.0,0.0,0.0,0.0,0.0,0.0
00fa527ef428aec4f6512ac0626829ace3d2375c,0,0.9467496542185339,0.0,0.0,0.0,0.0,0.0,0.0,0.0,0.0,0.0,0.0,0.0,0.0,0.0,0.0,0.0,0.0,0.0,0.0,0.0,0.0
00fa62556fd86bc22fad3477d37454d38d992c29,0,0.9564315352697096,0.0,0.0,0.0,0.0,0.0,0.0,0.0,0.0,0.0,0.0,0.0,0.0,0.0,0.0,0.0,0.0,0.0,0.0,0.0,0.0
00fa7aa886c7a3b75fcdea5b3c93b772ad9ffac1,0,0.9405255878284924,0.0,0.0,0.0,0.0,0.0,0.010623763566611653,0.0,0.05021149158952051,0.0,0.0,0.0,0.0,0.0,0.0,0.0,0.0,0.0,0.0,0.0,0.0
00fa91cb833aeb346962fd52fe8f82aca6ba2045,0,0.9377593360995851,0.0,0.0,0.0,0.0,0.0,0.0,0.04691411777511701,0.0,0.0,0.01458582780015239,0.0,0.0,0.013170784804615218,0.0,0.04636987046914118,0.0,0.0,0.0,0.0,0.0
00fab9d1a0b5b2aa8df9b7f387395787ac9d8f92,0,0.9398340248962656,0.10429998877287526,0.07466037947681599,0.0,0.0,0.0,0.011451667228022903,0.0,0.0,0.0,0.0,0.0,0.0,0.01583024587403166,0.0,0.0,0.0,0.0,0.0,0.03536544291007073,0.0
00fb53c4c8eb6d2d4868d1fccc908297b2c38f7a,1,0.0,0.0,0.021551724137931036,0.0,0.0,0.0,0.0,0.0,0.0,0.0,0.0,0.0,0.0,0.0,0.0,0.0,0.0,0.0,0.0,0.0,0.0
00fb5b156dc5f2327f1aca1df1028a4ef5d63600,1,0.9384508990318119,0.0,0.012387387387387387,0.0,0.017642642642642644,0.0,0.030405405405405407,0.0063813813813813815,0.0,0.0,0.0,0.0,0.0,0.0,0.0,0.0,0.00975975975975976,0.0,0.0,0.0,0.0
00fb750bb88fcaa249523d951efe25cc7fdfb33a,0,0.9363762102351314,0.0,0.0,0.0,0.0,0.03752632586636033,0.0,0.014359563469270534,0.0,0.0,0.0,0.0,0.011870572467930308,0.0,0.0,0.015125406854298296,0.0,0.0,0.0,0.0,0.0
00fba8ee34f10398cd3d99ebdb06c07936bba1ad,0,0.946058091286307,0.0,0.010887772194304857,0.014955731036133046,0.028954295285953578,0.030509691313711413,0.0,0.012802105766929887,0.024886336444125388,0.014118210098109596,0.0,0.0,0.0,0.0,0.029791816223977027,0.0,0.01830581478822685,0.0,0.0,0.0,0.016271835367312755
00fbd87d6b9f9c9cca78a790e81e0a2e34cdf628,0,0.9370677731673582,0.0,0.0,0.0,0.0,0.0,0.0,0.0,0.0,0.0,0.0,0.0,0.0,0.0,0.0,0.0,0.0,0.004876160990712074,0.0,0.0,0.0
00fc076f031c3d301478e52f265301f1393db28f,0,0.946058091286307,0.0,0.0,0.0,0.0,0.0,0.0,0.0,0.04832904884318766,0.0,0.0,0.0,0.0,0.0,0.014395886889460155,0.0,0.0,0.0,0.0,0.0,0.0
00fc15fe7aace110a613c57f53eb74cecc3a656f,0,0.9412171507607192,0.0,0.0,0.0,0.0,0.01118995633187773,0.0,0.0,0.0,0.0,0.0,0.0,0.0,0.0,0.0,0.0,0.0,0.0,0.0,0.0,0.0425764192139738
00fc945e6c05a308564530ab14ef9e46c9be2860,0,0.9432918395573997,0.0,0.0,0.0,0.0,0.0,0.0,0.0,0.0,0.0,0.0,0.0,0.0,0.0,0.0,0.0,0.019756200084068937,0.0,0.0,0.0,0.0
00fca38f722b35c3ea7d4f6ceb7573e7c792d22a,1,0.0,0.0,0.0,0.0,0.0,0.0,0.0,0.0,0.0,0.0,0.0,0.0,0.0,0.0,0.0,0.0,0.0,0.0,0.0,0.0,0.0
00fd25dac6c6e17b636d0add9b8d4d211e07a11d,0,0.9543568464730291,0.0,0.0,0.0,0.0,0.0,0.0,0.0,0.0,0.0,0.0,0.0,0.0,0.0,0.0,0.0,0.0,0.0,0.0,0.0,0.0
00fd622a01d1299ce8d7f58b85eeeff1203d9d30,0,0.9515905947441217,0.0,0.0,0.0,0.02330293819655522,0.0,0.0,0.0,0.0,0.0,0.0,0.0,0.0,0.0,0.0,0.0,0.0,0.0,0.0,0.0,0.0
00fd79b946fd063fa00182e662ca27dab28ef3de,0,0.941908713692946,0.0,0.0,0.0,0.0,0.0,0.0,0.0,0.0,0.0,0.0,0.0,0.0,0.0,0.0,0.0,0.0,0.0,0.0,0.0,0.0
00fdab0c144d9056bf3e5367a0409304ebdadc7d,1,0.9453665283540802,0.0,0.0,0.0,0.0,0.0,0.0,0.0,0.0,0.0043064369900271985,0.0,0.0,0.0,0.0,0.07502266545784225,0.0,0.0,0.0,0.0,0.0,0.0
00fdc0c76f6c6da10effba5e7151b023a73736c2,0,0.9398340248962656,0.019505421846072468,0.0,0.0,0.028233271621264214,0.0,0.0,0.0,0.0,0.0,0.0,0.0,0.0,0.0,0.0,0.0,0.0,0.0,0.0,0.0,0.0
00fddd8eceb01665e9b2cf5f707aad0f156d258e,0,0.9488243430152143,0.013744930148715638,0.014871563767462822,0.0,0.0,0.015772870662460567,0.0,0.0,0.0,0.0,0.0,0.0,0.0,0.0,0.0,0.0,0.0,0.0,0.0,0.0,0.0
00fe0339d80a1c895b63bc341321a39ca9584cba,0,0.9412171507607192,0.0,0.0,0.0,0.0,0.0,0.0,0.0,0.0,0.0,0.0,0.0,0.0,0.0,0.0,0.0,0.0,0.01911220715166461,0.0,0.0,0.0
00fe3a65e9629aa01fe430b149554c0691976cfe,1,0.9370677731673582,0.0,0.0,0.0,0.0,0.0,0.0,0.0,0.0,0.0,0.0,0.0,0.0,0.0,0.0,0.0,0.0,0.0,0.0,0.0,0.0
00fe519cdf7e89319f512821b7e5d06f4f6e68f5,0,0.9481327800829875,0.025260498894853173,0.0,0.0,0.0,0.0,0.03725923586990843,0.0,0.0,0.0,0.0,0.0,0.0,0.0,0.0,0.0,0.0,0.0,0.0,0.025892011367224504,0.0
00feae70ed3463208a510371bd019b9a93105d2f,0,0.9266943291839558,0.0,0.0,0.0,0.0,0.0,0.0,0.01816633550950894,0.0,0.0,0.0,0.0,0.0,0.0,0.0,0.0,0.0,0.0,0.0,0.0,0.0
00ff6ec5858e664372743c6ba5475c60e57300e8,0,0.0,0.0,0.0,0.0,0.0,0.0,0.0,0.0,0.0,0.0,0.0,0.0,0.0,0.0,0.0,0.0,0.0,0.0,0.0,0.0,0.0
00ffbbbdbf398ff7434132cd6a67159d639035b8,0,0.9495159059474412,0.0,0.0,0.0,0.0,0.0,0.0,0.0,0.0,0.0,0.0,0.0,0.0,0.0,0.0,0.0,0.0297304806890803,0.0,0.0,0.0,0.0
00fffaf7ccd47da124c0d5efd70b74f1781740d9,0,0.9398340248962656,0.014625914119632478,0.008438027376711045,0.0,0.0,0.0,0.010688168010500656,0.03262703918994937,0.0,0.0,0.0,0.0,0.018001125070316894,0.0,0.0,0.0,0.0,0.011063191449465591,0.0,0.0,0.0
010099df2afe6ae0e6ac17be90ea332717a05682,1,0.9349930843706777,0.0,0.0,0.0,0.0,0.0,0.0,0.0,0.0,0.0,0.006045105789351314,0.0,0.0,0.0,0.0,0.0,0.0,0.0,0.0,0.0,0.0
0100aa7e55be0212c2412aa552af9bb8ea4cd5b2,0,0.9405255878284924,0.0,0.0,0.01570635196112461,0.0,0.0,0.0,0.0,0.0,0.0,0.0,0.0,0.0,0.0,0.0,0.0,0.0,0.0,0.0,0.0,0.0
0100de2847ac6faabde86567eb1c78f550b0da62,0,0.9515905947441217,0.0,0.026528440222318577,0.0,0.0,0.0,0.09010997674326934,0.0,0.0,0.0,0.0,0.0,0.0,0.0,0.0,0.0,0.0,0.0,0.0,0.0,0.0
0100e172887572df10c4ad0c31ed91df0f7e9e8c,1,0.9432918395573997,0.0,0.0,0.0,0.024342745861733205,0.0,0.01801363193768257,0.0,0.0,0.022395326192794548,0.0,0.0,0.0,0.0,0.0,0.0,0.0,0.0,0.019961051606621226,0.0,0.0
01010eb9c65c73e29cdbdf14530817c85812c3f7,0,0.0,0.0,0.0,0.0,0.0,0.0,0.0,0.0,0.0,0.0,0.0,0.0,0.0,0.0,0.0,0.0,0.0,0.0,0.0,0.0,0.0
01014eaf18679edb71eef51696d60478803bb9f3,0,0.9384508990318119,0.0,0.0,0.0,0.0,0.0,0.0,0.0,0.0,0.0,0.0,0.0,0.013888888888888888,0.0,0.0,0.0,0.0,0.0,0.0,0.0,0.03184133915574964
01015272305e122b2d6588f7f42cfa016800e680,0,0.9384508990318119,0.0,0.0,0.034951087472694466,0.0,0.0,0.0,0.0,0.0,0.0,0.0,0.0,0.0,0.0,0.0,0.0,0.0,0.0,0.0,0.0,0.01614588279988603
01015eb6802574b4dcbcd5e8802d7fb99888a4c2,1,0.0,0.0,0.0,0.0,0.0,0.0,0.0,0.0,0.0,0.026362038664323375,0.0,0.0,0.0,0.0,0.0,0.0,0.0,0.0,0.0,0.0,0.0
01018a16c261a9b672d48d19271a162286d83c78,0,0.9605809128630706,0.06256684491978609,0.0,0.0,0.0,0.0,0.014973262032085561,0.0,0.0,0.0,0.0,0.0,0.0,0.0,0.0,0.0,0.0,0.0,0.0,0.03208556149732621,0.0
0101a720cfd24c55b57fb9cea2ac0172f33cdd47,0,0.9398340248962656,0.0,0.0,0.0,0.0,0.0,0.0,0.0,0.0,0.0,0.0,0.0,0.0,0.0,0.0,0.0,0.0,0.0,0.0,0.0,0.0
0101b6a61d157fd283f398041355777cf9347f59,0,0.9508990318118948,0.0,0.0,0.0,0.0,0.0,0.0,0.0,0.0,0.0,0.0,0.0,0.0,0.0,0.0,0.0,0.0,0.0,0.0,0.0,0.0
0101e153f9ed868171a4372803dafd0bde4132a6,0,0.9426002766251729,0.0,0.020873427091043673,0.0,0.0,0.0,0.0,0.0,0.0,0.0,0.0,0.0,0.0,0.0,0.0,0.0,0.0,0.0,0.0,0.0,0.0
0101f210c3dd4112d86e6e0988fffd6186bf0b84,1,0.9356846473029046,0.0,0.035,0.0,0.0375,0.0,0.0,0.0,0.0,0.0,0.0,0.0,0.0,0.0,0.0,0.0,0.0,0.0,0.0,0.0,0.0075
0102161007b3a2934d9f8530f4c7db3e981d3157,0,0.9405255878284924,0.0,0.0,0.0,0.0,0.0,0.0,0.0,0.0,0.0,0.0,0.0,0.0,0.0,0.0,0.011632230307537048,0.0,0.0,0.0,0.0,0.0
010244c035e473dd221afa54d1711c5393bb49c5,0,0.9432918395573997,0.018219461697722567,0.0,0.0,0.0,0.0,0.0,0.012698412698412698,0.0,0.0,0.0,0.0,0.0,0.0,0.0,0.0,0.0,0.0,0.0,0.0,0.0
01027b5f8a0669bd6e0f1d5666672cd0fa73fdb1,1,0.9384508990318119,0.03006756756756757,0.0,0.0,0.01756756756756757,0.0,0.0,0.0,0.0,0.0,0.0,0.0,0.0,0.0,0.013344594594594595,0.0,0.0,0.0,0.0,0.0,0.0
0102925e90d1512ab268fe89313b41458e3a0abc,0,0.941908713692946,0.0,0.0,0.0,0.0,0.0,0.024397163120567375,0.0,0.0,0.0,0.0,0.0,0.0,0.0,0.0,0.0,0.0,0.0,0.0,0.0,0.0
010305cd863dc5bff86f8ba88c595b25ada9376c,0,0.9446749654218534,0.014943215780035863,0.0,0.0,0.0,0.0,0.0,0.0,0.0,0.0,0.0,0.0,0.0,0.03825463239689181,0.0,0.0,0.0,0.0,0.0,0.0,0.0
0103aef7cad300605c304e410420584d3adebe6d,0,0.9377593360995851,0.0,0.010699001426533523,0.0,0.0,0.0,0.0,0.0,0.05420827389443652,0.01806942463147884,0.0,0.0,0.009747979077508321,0.0,0.017356157869709937,0.0,0.0,0.0,0.0,0.0,0.0
0103b80722ac5df1dfe213cd86a93a205fc2dec2,0,0.941908713692946,0.0,0.0,0.0,0.0,0.0,0.0,0.0,0.0,0.0,0.0,0.0,0.0,0.0,0.0,0.0,0.0,0.0,0.0,0.0,0.0
0103e40c1ce269b290c062d6d26b6e5f2a2ec31e,1,0.9384508990318119,0.0,0.0,0.0,0.0,0.04023825958023366,0.0,0.0,0.0,0.0,0.0,0.0,0.013600224966127259,0.0,0.00945880307794565,0.0,0.0,0.0,0.0,0.0,0.0
010409a38b0af2186de2ed5d727c6f1c6afe66b8,0,0.0,0.12398557258791704,0.0,0.0,0.0,0.0,0.0,0.0,0.0,0.0,0.0,0.0,0.0,0.0,0.0,0.0,0.0,0.0,0.0,0.0,0.0
01046b138562c452289247b69d1876c4b82ba41e,0,0.9377593360995851,0.0,0.0,0.0,0.0,0.0,0.0,0.0,0.0,0.0,0.0,0.0,0.0,0.0,0.0,0.0,0.0,0.0,0.0,0.0,0.0
0104a80a31d821a13e08e24f80dc30c62cd65191,0,0.9391424619640387,0.0,0.0034154959199125096,0.44674013628333475,0.046992512829141075,0.07609994111213932,0.0,0.0,0.0,0.014301337595692774,0.0,0.0,0.003045343652729873,0.007991923950534196,0.033179103222007233,0.0,0.0,0.0,0.0,0.0,0.0
0104df751bb526760b10a916c3ec2a75788ee962,0,0.9363762102351314,0.0,0.0,0.0,0.0,0.0,0.0,0.05942857142857143,0.0,0.0,0.0,0.0,0.019657142857142856,0.0038857142857142857,0.0,0.0,0.0,0.009371428571428572,0.0,0.0,0.0
01050d36fde7b91227d5f6d97c6129dd5e8285f4,1,0.0,0.0,0.0,0.0,0.0,0.0,0.015189873417721518,0.0,0.0,0.0,0.0,0.0,0.0,0.0,0.0,0.0,0.0,0.0,0.0,0.0,0.0
01051bcd9f1172c8e0c7148b8d82c2f0420712ee,0,0.0,0.08442656207736002,0.01129294022180146,0.0,0.0,0.0,0.0,0.0,0.01281444414390046,0.0,0.0,0.0,0.0,0.0,0.0,0.0,0.0,0.0,0.0,0.0,0.0
0105991ea4efdec084b6507894f752a8a05758c6,1,0.0,0.1954273271638541,0.0,0.0,0.0,0.0,0.0,0.0,0.0,0.0,0.001633097441480675,0.0,0.0,0.0,0.0,0.0,0.0,0.0,0.0,0.0,0.0
0105b87b15f984dfc27bda213e37b4a8f1bd95ed,0,0.9405255878284924,0.0,0.0,0.0,0.0,0.0,0.03225806451612903,0.06122768556216724,0.0,0.0,0.0,0.0,0.035703100532414656,0.0,0.0,0.02474162229877858,0.0,0.0,0.0,0.0,0.0
0105f3ef8cf3037602fbc3149f25450b1eed05e5,0,0.9474412171507607,0.0,0.0,0.0,0.0,0.0,0.0,0.0,0.0,0.0,0.0,0.0,0.0,0.0,0.0,0.0,0.0,0.0,0.0,0.0,0.0
010609c2c5ccaf172659b176c6405e2df8ba3071,0,0.941908713692946,0.010459299681673489,0.0,0.0,0.0,0.0,0.0,0.02364711232378354,0.0,0.0,0.0,0.0,0.0,0.0,0.0,0.0,0.0,0.010004547521600727,0.0,0.0,0.0
010619d06b9514243302b80e787c05c88747954a,1,0.0,0.0,0.0,0.0,0.0,0.0,0.0,0.0,0.01858736059479554,0.0,0.0,0.0,0.0,0.0,0.0,0.0,0.0,0.01486988847583643,0.0,0.0,0.0
01066ebc4da93a357c23dcbbcf240f58107f679e,1,0.0,0.0,0.0,0.0,0.0,0.0,0.0,0.0,0.0,0.0,0.0,0.0,0.0,0.0,0.0,0.0,0.0,0.0,0.0,0.0,0.0
0106855063f6581fdca94ff963750750691c8428,0,0.9474412171507607,0.0,0.0,0.0,0.0,0.0,0.0,0.0,0.0,0.0,0.0,0.0,0.0,0.0,0.0,0.0,0.0,0.0,0.0,0.0,0.0
0106fb8695bb48183886f9dd9c50ec2fb64710c4,0,0.9439834024896265,0.0,0.0,0.0,0.0,0.0,0.0,0.0,0.0,0.0,0.0,0.0,0.0,0.0,0.0,0.0,0.0,0.0,0.0,0.0,0.0
0107129d70f08a9d4b9138dec0e8375a96e676d0,1,0.9398340248962656,0.0,0.0,0.0,0.0,0.0,0.0,0.0,0.0,0.0,0.0,0.0,0.0,0.0,0.0,0.0,0.0,0.0,0.0,0.0,0.0
010714b259a94dc581966a7be88684aa95076b37,0,0.9405255878284924,0.01938180896883709,0.024955662528502662,0.0,0.0,0.013427919939194325,0.017101596148973903,0.0,0.0353432987078794,0.0,0.0,0.0,0.0,0.0,0.0,0.0,0.0,0.0,0.0,0.0,0.0
01075e26b05ff42c48c5584eb1729910ce48a025,1,0.9384508990318119,0.039568345323741004,0.0,0.0,0.0,0.0,0.0,0.0,0.0,0.0,0.0,0.0,0.0,0.0,0.0,0.0,0.0,0.0,0.0,0.0,0.0
01079adc312654a123604fa5c865b4150d7c66bb,1,0.9363762102351314,0.0,0.0,0.0,0.0,0.0,0.0,0.0,0.0,0.0,0.0,0.0,0.007906432748538013,0.0,0.0,0.0,0.0,0.0,0.0,0.0,0.0
0107b792c23b04e08263bcf7d8eb5898a78867a7,0,0.0,0.0,0.0,0.011498733190411226,0.012473202104852855,0.0,0.0,0.0,0.0,0.0,0.0,0.0,0.0,0.0,0.0,0.0,0.017735334242837655,0.0,0.0,0.02026895342038589,0.0
0107f8bfa358c71e14f200c1097f42f25112729a,0,0.9349930843706777,0.04356558748983788,0.0,0.0,0.0,0.0,0.0,0.0,0.0,0.0,0.0,0.0,0.0,0.028166993448424275,0.0,0.0,0.0,0.0,0.0,0.007460188417579264,0.0
010814a40de24a1dab0debd11eb0f3a415c9b6d4,0,0.9391424619640387,0.0,0.0,0.0,0.0,0.0,0.0,0.0,0.0,0.0,0.0,0.042728247382940024,0.0,0.0,0.0,0.0,0.0,0.0,0.0,0.0,0.0
01081a561157237e83f64192bd72627dafa512ea,0,0.9481327800829875,0.014854162028054327,0.01221412894812176,0.0,0.0,0.0,0.013645472184229778,0.0,0.0,0.0,0.0,0.0,0.0,0.0,0.0,0.0,0.0,0.0,0.0,0.01851203918699704,0.0
01087948a19445553628bbb54c2ea906677acaf6,0,0.941908713692946,0.0,0.0,0.0,0.0,0.0,0.0,0.0,0.0,0.0,0.0,0.0,0.0,0.0,0.0,0.0,0.0,0.0,0.0,0.0,0.0
0108aaf1a211987343da59242267fc511a34425a,0,0.0,0.0,0.0,0.0,0.0,0.0,0.0,0.0,0.0,0.0,0.0,0.0,0.0,0.0,0.0,0.0,0.0,0.0,0.0,0.0,0.0
0108ac2b85ec603614c624c61a63133b28463bd1,0,0.9391424619640387,0.0,0.0,0.008330177962892843,0.0,0.0,0.0,0.0,0.0,0.0,0.0,0.0,0.0,0.027262400605831124,0.0,0.0,0.0,0.0,0.0,0.0,0.0
0108ad4fbe2fe098138eaa831efd367788f81811,0,0.941908713692946,0.0,0.0,0.0,0.0,0.0,0.0,0.0,0.0,0.0,0.0,0.0,0.0,0.0,0.0,0.0,0.0,0.0,0.0,0.0,0.0
0108c1c1f04d5f34b20cc74a0baf4d6f8117b58a,0,0.9474412171507607,0.0,0.0,0.0,0.0,0.0,0.0,0.0,0.0,0.0,0.0,0.0,0.0,0.0,0.0,0.0,0.0,0.0,0.0,0.0,0.0
0108c5b14d5f256b8f20f5edbff062f71fc562e3,0,0.9398340248962656,0.0,0.01958955223880597,0.0,0.0,0.014792110874200426,0.0,0.0,0.0,0.0,0.0,0.0,0.0,0.0,0.0,0.0,0.0,0.0,0.0,0.0,0.048640724946695094
0108c5fab7dee4f2192058c27d2fb3d1fe9f83e2,1,0.9377593360995851,0.0,0.0,0.0,0.0,0.0,0.0,0.0,0.0,0.0,0.0,0.0,0.0,0.0,0.0,0.0,0.03867403314917127,0.0,0.0,0.0,0.0
0108d1b4f8dbf36a65789195846ae581ca9360e8,0,0.9398340248962656,0.0,0.0,0.0,0.0,0.0,0.0,0.0,0.0,0.0,0.0,0.0,0.0,0.01830776843146957,0.0,0.0,0.0,0.0,0.01632855022266205,0.0,0.0
0108fe1f8777790d6281b31ab253dae70d4aba01,0,0.9398340248962656,0.0,0.0,0.0,0.0,0.0,0.0,0.0,0.0,0.0,0.0,0.0,0.0,0.0,0.0,0.0,0.017212069698257542,0.0,0.0,0.0,0.013316333758322708
0109324e1b239ee9d23fc0fc11c67e46a433fa07,0,0.9432918395573997,0.0,0.0,0.0,0.0,0.0,0.0,0.0,0.035483291412145165,0.0,0.0,0.0,0.0,0.0,0.0,0.08875314408911247,0.0,0.0,0.0,0.0,0.0
01093c1ca12f9f4beb5d69befb2022147e2a69b9,0,0.9384508990318119,0.0,0.0,0.008756174225415357,0.0,0.0,0.007970363718006286,0.0,0.0,0.0,0.0,0.0,0.02784014369106421,0.0,0.0,0.0,0.0,0.059609339919173776,0.0,0.0,0.019757521329142345
01097729e327b0bdee9571b39918eb261074fb83,0,0.9564315352697096,0.0,0.0,0.0,0.0,0.0,0.0,0.0,0.0,0.0,0.0,0.0,0.0,0.0,0.0,0.0,0.0,0.0,0.0,0.0,0.0
0109af9c41de3d35b4b618a4eb4b2eab562f583d,0,0.9432918395573997,0.0,0.0,0.0,0.0,0.0,0.0,0.0,0.01795472287275566,0.0,0.0,0.0,0.0,0.0,0.0,0.0,0.0,0.04879000780640125,0.0,0.0,0.0
0109c75eab891c15234f90511c56771e109844e7,0,0.9543568464730291,0.0,0.0,0.0,0.0,0.0,0.0,0.0,0.0,0.05311467384653041,0.0,0.0,0.0,0.0,0.0,0.0,0.0,0.0,0.0,0.0,0.0
010a43cea6a5d9c84c76d8eb05908077dc12738c,0,0.9384508990318119,0.0,0.01057989819343248,0.0,0.010979139634694081,0.01906377882024154,0.0,0.0,0.0,0.0,0.0,0.0,0.0,0.0,0.0,0.0,0.028745383770835412,0.0,0.0,0.0,0.011777622517217288
010a481c852ae2997e1254298330757b9a81ad87,1,0.9391424619640387,0.029528016740292956,0.04212973727040223,0.0,0.012020460358056265,0.1039758195768426,0.0,0.0,0.0,0.026761218321320623,0.0,0.0,0.01006742617995815,0.022413392234364102,0.05738200418507324,0.0,0.010950941641478727,0.0,0.0,0.0,0.0
010a6354555519879a15206e732da4a969e3335c,0,0.9384508990318119,0.0,0.0,0.0,0.0,0.0,0.0,0.0,0.0,0.0,0.0,0.0,0.0,0.0,0.011040499784575613,0.0,0.016372253339077984,0.0,0.009317104696251615,0.0,0.0
010ad6c7eb1d21e318773e2ba18bc338ca2d9604,0,0.9426002766251729,0.0,0.013503560029462312,0.0,0.0,0.0,0.0,0.0,0.027989197151976432,0.0,0.0,0.0,0.0,0.0,0.0,0.0,0.0,0.0,0.0,0.0,0.0
010af83133f6eec144c55e57b52169e280ef0ec8,1,0.941908713692946,0.0,0.0,0.0,0.0,0.0,0.0,0.0,0.0,0.0,0.0,0.0,0.0,0.0,0.0,0.0,0.0,0.0,0.0,0.0,0.0
010b019baa246bfe07414dcf922809f8e696e6d3,1,0.0,0.0,0.0,0.0,0.0,0.0,0.0,0.0,0.0,0.0,0.0,0.0,0.0,0.0,0.0,0.0,0.0,0.0,0.0,0.0,0.0
010b11a1069d8e51cd7bd22eeb9e9013a5615284,0,0.9384508990318119,0.0,0.0,0.0,0.0,0.0,0.0,0.0,0.0,0.0,0.0,0.0,0.0,0.0,0.0,0.0,0.0,0.03827601607860652,0.0,0.0,0.0
010b129ce2b7f95e4b0d87ffccb33faf315fb268,0,0.9522821576763485,0.3819054592791473,0.0,0.0,0.0,0.0,0.034578146611341634,0.003417134488650232,0.0128549345049223,0.0,0.0,0.0,0.0,0.053860548368725086,0.0,0.0,0.0,0.0,0.0,0.00398665690342527,0.0
010b1ac8880e13d011af0eafad60ace35f5e003c,1,0.0,0.0,0.0,0.0,0.0,0.0,0.0,0.0,0.0,0.0,0.0,0.0,0.0,0.0,0.0,0.0,0.0,0.0,0.0,0.01883158570511449,0.0
010b507cf4f0d2e12f318eb2ae753557048075af,0,0.9384508990318119,0.01709852004406341,0.023420661909095263,0.0,0.0,0.0,0.0,0.0,0.0,0.0,0.0,0.0,0.0,0.0,0.0,0.0,0.0,0.0,0.0,0.0,0.0
010b94faf7d79d561c3236ae67b9c683d64c6c2b,1,0.9398340248962656,0.0,0.020123839009287926,0.0,0.0,0.0,0.0,0.0,0.0,0.0,0.0,0.0,0.0,0.0,0.0,0.0,0.0,0.0,0.0,0.0,0.0
010c28178aaa081a37a4b72ec94e2c4e2d1404ce,0,0.9391424619640387,0.029237550108693486,0.008815141301529687,0.0,0.01176681757444008,0.0,0.08081210985022237,0.015436469156977325,0.0,0.0,0.0,0.0,0.0,0.003151113858917852,0.0,0.020921002772182444,0.0,0.0,0.0,0.0,0.0
010c3fa003e99e4d87f91baf24f74960114d24e4,1,0.9398340248962656,0.02263926124515937,0.0,0.0,0.0,0.010723860589812333,0.0,0.0,0.0,0.0,0.0,0.0,0.0,0.0,0.0,0.0,0.0,0.0,0.0,0.0,0.0
010c50a6fee16d91f03e81266205299b272018e3,0,0.9391424619640387,0.0,0.0,0.0,0.0,0.0,0.0,0.0,0.0,0.06481802426343154,0.009358752166377816,0.0,0.0,0.0,0.107105719237435,0.0,0.0,0.02772963604852686,0.0,0.0,0.0
010c6a930d48a8ac0c8262cac413b545e9e4e4e4,1,0.9370677731673582,0.05460088691796009,0.0,0.0,0.0,0.0,0.0,0.0,0.0,0.0,0.0,0.0,0.0,0.0,0.0,0.0,0.0,0.0,0.0,0.0,0.025776053215077605
010c7faea9931c154f0b5e18f6f9ccc607e8cee0,0,0.9426002766251729,0.0,0.0,0.0,0.0,0.0,0.0,0.0,0.0,0.0,0.0,0.0,0.0,0.0,0.0,0.0,0.036855036855036855,0.0,0.0,0.0,0.0
010cfd9c675c9560602bb7ac03c02429bb893e84,0,0.9398340248962656,0.0,0.06448811203995224,0.0,0.0,0.0,0.0,0.0,0.0,0.0,0.0,0.0,0.0,0.0,0.0,0.0,0.0,0.0,0.0,0.018021930300727393,0.0
010e1aaf1636822cef8dff044f32573a48a95e02,0,0.9426002766251729,0.0,0.0,0.0,0.0,0.0,0.0,0.13892005924861978,0.010682705686969792,0.0,0.0,0.0,0.04591768032676512,0.033888415099420977,0.0,0.0,0.0,0.0,0.010548049732932357,0.0,0.0
010e4804aeba8e0684cff1d6a3def2d62fb725f5,0,0.9398340248962656,0.0,0.018288700195950358,0.0,0.0,0.0,0.0,0.0,0.0,0.0,0.0,0.0,0.0,0.0,0.0,0.0,0.0,0.0,0.0,0.0,0.0
010ea099700d8439d5f7bdd4c7dc53359f2d56ee,1,0.9370677731673582,0.0,0.0,0.0,0.0,0.0,0.0,0.0,0.0,0.0,0.0,0.0,0.0,0.0,0.026133872871353905,0.0,0.0,0.0,0.0,0.0,0.0180408025628056
010f7ebe730d871c370e72d1aaf8ffee781a388e,0,0.966804979253112,0.0,0.0,0.0,0.0,0.0,0.0,0.0,0.0,0.0,0.0,0.0,0.0,0.0,0.0,0.0,0.0,0.0,0.0,0.0,0.0
010fa100e2c1a81d89c8d4d63d78c083708db2c2,0,0.0,0.01274477628268242,0.0,0.0,0.0,0.0,0.0,0.03631987747511213,0.0,0.0,0.0,0.0,0.0,0.018050541516245487,0.0,0.0,0.0,0.0,0.0,0.0,0.0
01105eccbe0c77013430ea141b8143a9f2eadbf6,1,0.9993084370677732,0.04294478527607362,0.006134969325153374,0.0,0.1411042944785276,0.0,0.0,0.0,0.0,0.012269938650306749,0.0,0.0,0.0,0.0,0.0,0.0,0.0,0.0,0.0,0.0,0.0
01106ae37e94020853cca46230d4dc80219584c2,1,0.9398340248962656,0.0,0.0,0.0,0.0,0.019815059445178335,0.010568031704095112,0.013210039630118891,0.0,0.0,0.0,0.0,0.0,0.0,0.0,0.0,0.01453104359313078,0.0,0.0,0.0,0.0
011074f639fe9dab64c851e95f73ddbc4f97ae3c,0,0.0,0.018731988472622477,0.0,0.0,0.0,0.0,0.0,0.0,0.0,0.0,0.0,0.0,0.0,0.0,0.0,0.0,0.0,0.0,0.0,0.0,0.0
011104c55cba9184af5a30a0bff054931476423b,0,0.9412171507607192,0.02516175413371675,0.0,0.0,0.0,0.0,0.0,0.0,0.0,0.0,0.0,0.0,0.0,0.0,0.0,0.0,0.0,0.0,0.0,0.0,0.0
011118d43d8ed8118370d9b064db1c425ecd4a13,0,0.9426002766251729,0.0,0.0,0.0,0.0,0.0,0.0,0.0,0.040992448759439054,0.0,0.0,0.0,0.0,0.0,0.0,0.0,0.0,0.0,0.0,0.0,0.020496224379719527
0111712161d2089dbff9e7a713ada23bee9de17c,0,0.9356846473029046,0.0,0.0,0.0,0.0,0.0,0.0,0.015453316881132852,0.01715729478817792,0.0,0.0,0.0,0.0,0.0,0.0,0.07426993360361948,0.0,0.026793583641812092,0.0,0.0,0.0
01117f08d3fbad4746cd4d5c1ecb42a835b36a35,0,0.9439834024896265,0.018070734016005507,0.0,0.0,0.0,0.0,0.0,0.0,0.0,0.0,0.0,0.0,0.0,0.0,0.0,0.0,0.0,0.0,0.0,0.031580758970828675,0.0
0111aef22a6c6af8fef11bee7bac7d6018429bef,0,0.0,0.0,0.0,0.0,0.0,0.03680981595092025,0.0,0.013803680981595092,0.0,0.0,0.0,0.0,0.0,0.0,0.0,0.023773006134969327,0.0,0.009969325153374233,0.0,0.0,0.0
0111fbc5d4d2e686a2394c55607fac7228377625,0,0.0,0.06343476018566271,0.11552346570397112,0.0,0.0,0.0,0.0,0.0,0.0,0.0,0.0,0.0,0.0,0.0,0.0,0.0,0.0,0.0,0.0,0.0,0.0
0111fc9955d504c06ccfa0d1ce1720fa0dddc8c0,1,0.9426002766251729,0.0,0.0,0.0,0.0,0.0,0.0,0.0,0.0,0.0,0.0,0.0,0.0,0.0,0.0,0.0,0.0,0.0,0.0,0.0,0.0
01122903f25a9f30335c1b7d536e7d5ec2cf45e4,0,0.9495159059474412,0.0,0.0,0.0,0.0,0.0,0.0,0.0,0.0,0.0,0.0,0.0,0.0120617110799439,0.0,0.0,0.01093969144460028,0.0,0.0,0.0,0.0,0.0
01123f213fbffc1c1598bf8e558594e37be00e70,0,0.941908713692946,0.0,0.0,0.0,0.0,0.0,0.0,0.0,0.017847859989603188,0.0,0.0,0.0,0.0,0.0,0.0,0.0,0.0,0.0,0.0,0.0,0.0
0112937c1bb051f5a5628aeec95b75b8dcc53393,1,0.9391424619640387,0.0,0.0,0.0,0.0,0.0,0.0,0.09632319366832641,0.0,0.0,0.0,0.0,0.0,0.0077841316779369875,0.0,0.0,0.0,0.016242308277706508,0.0,0.0,0.0
0112a7007ea4f2f64eb32c0068c3e3ba83bfdf78,1,0.0,0.010215548064153642,0.0,0.0,0.0,0.0,0.0,0.0,0.0,0.0,0.0,0.0,0.0,0.0,0.0,0.0,0.0,0.0,0.0,0.0,0.0
0112d86309670f6ff6493c8d767fe79f1efd12bb,1,0.941908713692946,0.0,0.03142275240034914,0.0,0.0,0.03287750945592086,0.0,0.0,0.0,0.0,0.0,0.0,0.0,0.0,0.0,0.0,0.0,0.0,0.0,0.0,0.0
011304bc676acae71ca7cbf31b50cc8a9582520a,1,0.0,0.0,0.0,0.0,0.0,0.0,0.0,0.0,0.0,0.0,0.0,0.0,0.0,0.0,0.0,0.0,0.0,0.0,0.0,0.0,0.0
01131b5304a95d48bb710d5d91df805580d87cf1,0,0.926002766251729,0.0,0.0,0.0,0.0,0.0,0.0,0.0,0.0,0.0,0.0,0.0,0.0,0.0,0.0,0.0,0.011803075011647771,0.0,0.0,0.0,0.0
01131e2a90247c88574f487416d663095bb6e84a,0,0.9488243430152143,0.0,0.0,0.0,0.0,0.0,0.0,0.0,0.0,0.0,0.0,0.0,0.0,0.0,0.0,0.0,0.0,0.0,0.0,0.019003044998308335,0.0
01132bd4f2b7335ca7db397709c7858f4af49bd8,1,0.9426002766251729,0.0,0.0,0.09304989816700611,0.0,0.0,0.0,0.0,0.0,0.008146639511201629,0.0,0.0,0.0,0.0,0.0,0.0,0.0,0.0,0.0,0.0,0.0
011339d235a64bad6628cea522810e2ff4646913,1,0.9529737206085753,0.0,0.0,0.0,0.0,0.0,0.0,0.0,0.0,0.0,0.0,0.0,0.0,0.0,0.0,0.0,0.0,0.0,0.0,0.0,0.0
01134aeeb794ea7162e3793d68028ba05f4c92a0,1,0.9370677731673582,0.0,0.01976367248771306,0.011920945310049148,0.05939558715884137,0.010875248353027292,0.0,0.0,0.0,0.0,0.0,0.0,0.0,0.0,0.0,0.0,0.015267175572519083,0.0,0.0,0.0,0.0
01136bb0481301813a01813c795f561fe91b1ffd,1,0.9391424619640387,0.10393846453434594,0.0010223455527968454,0.0,0.006523538289275108,0.0,0.0,0.0,0.0,0.0,0.0,0.0,0.0,0.0011197117959203544,0.0,0.0,0.0,0.0,0.0,0.0,0.0019473248624701815
01148a857b6e79b19dacc0d08c76c424ac99c9eb,0,0.9398340248962656,0.0,0.0,0.07692307692307693,0.0,0.0,0.0,0.0,0.0,0.0,0.0,0.0,0.0,0.0,0.0,0.0,0.0,0.0,0.0,0.0,0.0
011493ffc00c96bf775870258d30954e0715b3c6,1,0.9585062240663901,0.0,0.0,0.0,0.0,0.0,0.0,0.0,0.0,0.0,0.0,0.0,0.0,0.0,0.0,0.0,0.0,0.0,0.0,0.0,0.0
0114a7a495f59a8f0a69a953bfb13aa7c0ef38b8,0,0.9398340248962656,0.0,0.0,0.0,0.0,0.0,0.0,0.0,0.0,0.0,0.0,0.0,0.0,0.0,0.0,0.0,0.0,0.0,0.0,0.0,0.0
0114e12dddb4b8a47c142ac40b318b044c80d59a,0,0.9453665283540802,0.0611183355006502,0.03446033810143043,0.0,0.0,0.0,0.014694408322496749,0.0,0.0,0.0,0.0,0.0,0.0,0.0,0.0,0.0,0.0,0.0,0.0,0.026657997399219768,0.0
011512b5853fdc825c4446aac4743e608f856884,1,0.9495159059474412,0.02517834662190516,0.02755630158064065,0.0,0.0,0.01916351937333893,0.0213083414929827,0.0,0.058749475451112046,0.02788268755536905,0.0,0.0,0.0,0.0,0.03375763510048025,0.0,0.0,0.0,0.0,0.0,0.0
01153b03a3c911651d7cae8456af2f0699dbe68f,1,0.9405255878284924,0.0,0.0,0.03209876543209877,0.0,0.0,0.0,0.0,0.02419753086419753,0.0,0.014320987654320988,0.0,0.022222222222222223,0.0,0.011851851851851851,0.0,0.0,0.0,0.0,0.0,0.0
011559a0d2b68009ea1bd2ec59e81211808e71fe,0,0.9356846473029046,0.011850501367365542,0.0,0.08113035551504102,0.0,0.0,0.02582801580066849,0.0176238225463385,0.0,0.0,0.0,0.0,0.013471082750936898,0.0,0.0,0.01701610452749924,0.0,0.0,0.0,0.0,0.0
01158125abd0ec4ebdcb582a7d6f45f010916a5d,0,0.9391424619640387,0.0,0.0,0.0,0.0,0.0,0.0,0.0041956737941322726,0.0,0.0,0.0,0.0,0.0,0.0,0.0,0.0,0.0,0.0,0.0,0.0,0.0
0115951a67e6faf2272a08783d190406dba4454d,0,0.9426002766251729,0.0,0.0,0.0,0.0,0.0,0.0,0.0,0.0,0.0,0.0,0.0,0.0,0.0,0.0,0.0,0.0,0.0,0.0,0.0,0.0
01159b78cb880199a60605f39035a29c90cbd34c,0,0.0,0.0,0.0,0.0,0.0,0.0,0.0,0.0,0.0,0.10706932052161977,0.0,0.0,0.0,0.0,0.0,0.0,0.0,0.0,0.0,0.0,0.0
0115a326eb02149c375628d56198755410b97cd8,1,0.0,0.0,0.0,0.0,0.0,0.0,0.0,0.0,0.0,0.03333333333333333,0.0,0.0,0.0,0.0,0.0,0.0,0.0,0.0,0.0,0.0,0.0
0115c1526d1384d5f1eba3a455c92a27ac11f884,1,0.9384508990318119,0.0,0.0,0.014160891834890027,0.029225670382645376,0.06809279903585418,0.0,0.0,0.0,0.0,0.0,0.0,0.0,0.0,0.0,0.0,0.0,0.0,0.0,0.0,0.0
01161be5b4f4637f86fb558052b86dfada31208e,1,0.9426002766251729,0.0,0.0,0.0,0.0,0.0,0.0,0.0,0.0,0.0,0.0,0.0,0.0,0.0,0.0,0.0,0.0,0.0,0.0,0.03489391548307908,0.0
01161e697a8307ccfb555b8da56be31e9e2e2ea9,0,0.0,0.009358593928326865,0.0,0.0,0.014494407669481853,0.0,0.0,0.0,0.0,0.0,0.0,0.0,0.0,0.013809632503994522,0.0,0.0,0.01746176671992696,0.0,0.0,0.0,0.015863958000456518
0116205a8a4ef031c703c3f6db29efae18cc38b8,0,0.9405255878284924,0.0,0.008606186100685906,0.0,0.0,0.020361502955006255,0.0,0.0,0.008304214658556576,0.0,0.0,0.016435874207324966,0.010159182088779604,0.0,0.0,0.0,0.0,0.038522928260213106,0.10702730684612398,0.0,0.008778741210474094
0116b1271655b16adbd342d5ee87ebcee38b10d4,0,0.9377593360995851,0.033343918704350585,0.0,0.0,0.07303906001905366,0.0,0.0,0.0,0.0,0.0,0.0,0.0,0.0,0.0,0.0,0.0,0.0,0.0,0.0,0.0,0.18513813909177518
0116c54b1834790f34050881e6c43e6c29a5a191,0,0.0,0.0,0.0,0.0,0.0,0.0,0.0,0.0,0.0,0.0,0.024582104228121928,0.0,0.0,0.0,0.0,0.0,0.0,0.0,0.0,0.0,0.0
0116e19b8bfdbe8fd0293447d78ec161fb2a6144,1,0.0,0.0,0.012427506213753107,0.0,0.0,0.0,0.0,0.0,0.0,0.0,0.0,0.0,0.0,0.0,0.0,0.0,0.012634631317315658,0.0,0.0,0.0,0.0
0116fa2aeb801a1f57cad3cd927e517cf5fd539b,0,0.9377593360995851,0.0,0.03292288883066981,0.0,0.0,0.0,0.0,0.0,0.03921054929700463,0.0,0.0,0.0,0.0,0.0,0.0,0.0,0.0,0.015806479783425028,0.0,0.0,0.0
011711b10a7b430cccb3fd96785c8c96724b82e1,1,0.9377593360995851,0.0,0.0,0.0,0.0,0.0,0.0,0.031826861871419476,0.0,0.0,0.0,0.0,0.0,0.0,0.0,0.0,0.0,0.0,0.0,0.0,0.0
01177dc48a9b9535e66e76529a0cb0c7f83d6eaf,0,0.9412171507607192,0.0,0.0,0.0,0.0,0.0,0.0,0.0,0.0,0.0,0.0,0.0,0.0,0.0,0.0,0.0,0.0,0.0,0.0,0.0,0.0
0117a10da22d2fb6cb3c49f588035b24c7f1e994,0,0.9377593360995851,0.0,0.0,0.0,0.0,0.0,0.0,0.0,0.0,0.0,0.0,0.0,0.0,0.0,0.0,0.0,0.0,0.0,0.0,0.0,0.0
0117b5889463e8c7c695ba558ad057e7efaccc2e,0,0.9453665283540802,0.011732605729877216,0.008731241473397,0.0,0.0,0.0,0.0,0.0,0.0,0.0,0.0,0.0,0.0,0.0,0.0,0.0,0.0,0.0,0.0,0.02646657571623465,0.016643929058663028
0117c55160e12404347a847744237ad056b22a49,0,0.9426002766251729,0.026325686348251224,0.0,0.0,0.0,0.0,0.0,0.05616146420960261,0.0,0.0,0.0,0.0,0.011282437006393382,0.0,0.0,0.024319919769336843,0.0,0.0,0.0,0.0,0.0
0117d21011d0d3ed5d275165911b6f40f5404268,1,0.0,0.0,0.0,0.0,0.0,0.0,0.0,0.0,0.0,0.0,0.0,0.0,0.0,0.0,0.0,0.0,0.0,0.0,0.0,0.0,0.0
0117f0412c9d4c4ac9bf8f611a6fd328c80d1839,0,0.9349930843706777,0.0,0.0,0.0,0.0,0.0,0.006937561942517344,0.048810703666997024,0.0,0.0,0.0,0.0,0.0,0.0,0.0777998017839445,0.0,0.0,0.0,0.0,0.0,0.0
0118411ff0e004f151a5d1fcc63b0ab9997ab6c0,0,0.9370677731673582,0.014455343314403717,0.0,0.0,0.03820340733092411,0.025554981930820855,0.023748064016520392,0.012648425400103252,0.06401652039235932,0.0,0.0,0.0,0.019359834796076406,0.0,0.0,0.0,0.0,0.0,0.0,0.0,0.0
01185fda8a29b52cff7341bac01563c06535a9dd,0,0.9370677731673582,0.0,0.0,0.0,0.0,0.0,0.0,0.0,0.0,0.0,0.0,0.0,0.0,0.0,0.0,0.0,0.0,0.0,0.0,0.0,0.0
0118c48fc8c4c6be794d22e239c162fc9030dbea,1,0.0,0.0,0.0,0.0,0.0,0.0,0.0,0.0,0.0,0.0,0.0,0.0,0.0,0.0,0.0,0.0,0.0,0.0,0.0,0.0,0.0
0118c86fc7f2159a06c7d290cc83e4ce381feb90,1,0.0,0.0,0.0,0.0,0.0,0.0,0.0,0.0,0.0,0.0,0.0,0.0,0.0,0.0,0.0,0.0,0.0,0.0,0.0,0.0,0.0
0118eeda7a118cb604aac234f3af10c62a650a8a,0,0.9439834024896265,0.0177633224918689,0.0120090067550663,0.0,0.022266700025018765,0.0,0.0,0.04244850304394963,0.0,0.0,0.0,0.0,0.024101409390376114,0.01592861312651155,0.0,0.0,0.0,0.025936118755733466,0.0,0.0,0.0
01191e7c9d5f4ab483d7a09a93aa4b0976de5e8c,0,0.9363762102351314,0.014693254460452247,0.013071271825207518,0.0,0.1383455777120504,0.0,0.0,0.0,0.0,0.0,0.0,0.0,0.0,0.0,0.0,0.0,0.0,0.0,0.0,0.0,0.12756416372483542
011927c7582520bf7d839b0d575c5ec404f67879,0,0.9377593360995851,0.0,0.0,0.02015724032833443,0.0,0.0,0.0,0.0,0.0,0.0,0.0,0.0,0.03040903266027084,0.0,0.0,0.041492051397499397,0.0,0.0,0.0,0.0,0.0
01194234210f9d1f5c3374623338e219d9ac13f0,0,0.0,0.0,0.0,0.0,0.0,0.0,0.0,0.0,0.0,0.0,0.0,0.0,0.0,0.0,0.0,0.0,0.0,0.0,0.0,0.0,0.0
01196e786dccb46adf32de43019c52819fff68e5,0,0.9363762102351314,0.0,0.0,0.0,0.015930902111324377,0.009788867562380038,0.0,0.0,0.0,0.0,0.0,0.0,0.0,0.018809980806142036,0.0,0.0,0.006813819577735125,0.0,0.0,0.0,0.011324376199616123
011972bda4f5741c130bc665dfd0acfc24ea4a14,0,0.9446749654218534,0.014606125335565627,0.0,0.0,0.0,0.0,0.0,0.0,0.0,0.0,0.0,0.0,0.011199953814623445,0.02508443264151488,0.0,0.0,0.0,0.0,0.0,0.0,0.0
01197b8c116014b7d92c54c98b7a5cbfe3753615,1,0.9356846473029046,0.0,0.0,0.010517090271691499,0.0,0.0,0.0,0.0,0.0,0.0,0.0,0.0,0.0,0.0,0.0,0.0,0.0,0.0,0.02848378615249781,0.0,0.009640666082383873
0119d17a6fed9a662bea8f0f38a279729fc0a5b3,0,0.9377593360995851,0.009057639524245197,0.0,0.0,0.0,0.0,0.0,0.010338517840805124,0.0,0.0,0.0,0.0,0.032387923147301004,0.18774016468435498,0.0,0.0,0.0,0.0,0.0,0.0,0.0
0119efa253dd461b2613bcd7cd8bf8fbc4650a2a,1,0.9391424619640387,0.0,0.0,0.0,0.0,0.0,0.0,0.0,0.0,0.0,0.0,0.0,0.0,0.0,0.0,0.0,0.0,0.0,0.0,0.0,0.0
0119f62df63362bcd23c0052cba2bce3d2f509d5,1,0.9391424619640387,0.0,0.026363636363636363,0.0,0.0,0.0,0.0,0.0,0.0,0.0,0.0,0.0,0.0,0.060909090909090906,0.0,0.0,0.0,0.0,0.0,0.0,0.0
0119febd8ae01fa6d78a777f78e319ec9eddbf6e,0,0.9405255878284924,0.0,0.0,0.0,0.0,0.0,0.0,0.0,0.0,0.0,0.0,0.0,0.0,0.0,0.05633373934226553,0.0,0.0,0.0,0.0,0.0,0.0
011a305bd29e52671f3c967eb88fa17dc1393703,0,0.9467496542185339,0.0,0.0,0.0,0.0,0.0,0.0,0.0,0.03070175438596491,0.019736842105263157,0.0,0.0,0.0,0.0,0.0,0.0,0.0,0.0,0.0,0.0,0.0
011a776386b8b360517e4995797cd039532f579a,0,0.9377593360995851,0.0,0.029556650246305417,0.0,0.027093596059113302,0.007389162561576354,0.0,0.0,0.0,0.0,0.0,0.0,0.0,0.019704433497536946,0.0,0.0,0.007389162561576354,0.0,0.0,0.0,0.0
011a87840655592d8160d3c53b3948b7747abb82,0,0.9426002766251729,0.0,0.0,0.0,0.0,0.0,0.0,0.0,0.0,0.0,0.0,0.0,0.0,0.0,0.0,0.0,0.0,0.0,0.0,0.0,0.0
011a98996e9d888b617597036f15001a77951d53,0,0.0,0.0,0.0,0.0,0.03663146916959979,0.0,0.0,0.0,0.0,0.0,0.012253943423282492,0.0,0.0,0.0,0.0,0.0,0.0,0.0,0.0,0.0,0.0
011b28cb03edc0004230b272f2d8ee2883258961,1,0.9384508990318119,0.02895570975756018,0.016790884948170992,0.0,0.0,0.0,0.0,0.0,0.0,0.0,0.0,0.0,0.0,0.0,0.0,0.0,0.025614666323995547,0.0,0.0,0.0,0.0
011b35f35a76cace320d7f3aa4fd1158a2d44673,0,0.9481327800829875,0.0,0.0,0.0,0.0,0.0,0.0,0.0,0.0,0.05647255601038778,0.0,0.0,0.0,0.0,0.0,0.0,0.0,0.0,0.0,0.0,0.0
011b43d7c559d10668602c3e08dc88251d3c18f2,0,0.9384508990318119,0.011061629076282144,0.0,0.0,0.0,0.0,0.0,0.0,0.0,0.0,0.0,0.0,0.0,0.0,0.00603361585979026,0.0,0.0,0.0,0.0,0.02542738112340181,0.0
011b871882eddd9009a1e1479f3627e583625fc0,0,0.9370677731673582,0.0,0.0,0.0,0.0,0.0,0.0,0.0,0.0,0.0,0.0,0.0,0.0,0.0,0.0,0.0,0.0,0.0,0.0,0.0,0.0
011bf63a5ee28b4a974fad43132d02edc7130a80,0,0.0,0.0,0.032393669634025714,0.0,0.0,0.0,0.0,0.0,0.0,0.021760633036597428,0.0,0.0,0.0,0.0,0.0,0.0,0.0,0.0,0.0,0.0,0.0
011c28b5fab1068b2d2ddeb183bff741c9b0ab1b,1,0.9405255878284924,0.0,0.016803619241067307,0.0,0.010248361185486105,0.0,0.0,0.0,0.0,0.0,0.0,0.0,0.0,0.0,0.0,0.0,0.012002585172190933,0.0,0.0,0.008955775090019389,0.03508447973409658
011c3f3698ea51efac97c7bf7d437f38440dd8e4,1,0.0,0.023396044380125422,0.0,0.021466473709599615,0.0,0.0,0.0,0.0,0.0,0.0,0.0,0.0,0.017366136034732273,0.01567776169802219,0.03256150506512301,0.0,0.0,0.0,0.0,0.0,0.0
011ca6f11c8b609087b9a44242ff931c2bc989a4,0,0.9405255878284924,0.0,0.0,0.014230844987197164,0.02107543825093559,0.0,0.0,0.0,0.0,0.0,0.028609415008863503,0.0,0.0,0.0,0.0,0.0,0.0,0.0,0.0,0.0,0.0
011cd282a47e637be846f1ea250ae9c32c57a8d3,0,0.9398340248962656,0.0,0.0,0.0,0.0,0.0,0.0,0.0,0.0,0.014637002341920375,0.0,0.0,0.0,0.0,0.0,0.0,0.0,0.0,0.0,0.0,0.0
011cd3f2242e8df1caeca8fc806c940ddf22fe39,1,0.0,0.0033444816053511705,0.011148272017837236,0.0,0.0379041248606466,0.3277591973244147,0.0,0.002229654403567447,0.002229654403567447,0.0,0.0,0.0,0.007803790412486065,0.007803790412486065,0.14604236343366778,0.0,0.0,0.0,0.012263099219620958,0.0,0.0189520624303233
011ce1b7a00baae32e81267d012b09334a85450f,0,0.9508990318118948,0.0,0.0,0.0,0.0,0.0,0.0,0.0,0.0,0.02441077441077441,0.0,0.0,0.0,0.0,0.0,0.0,0.0,0.0,0.0,0.0,0.0
011ce2e740e8f242a71c80bfb3654a1c9cd20bd6,0,0.9467496542185339,0.0,0.0,0.0,0.0,0.0,0.0,0.0,0.0,0.050454086781029264,0.0,0.0,0.0,0.0,0.0,0.0,0.0,0.0,0.0,0.0,0.0
011d7e96f16ccab26b9ce0aae83cd59e0518dee8,1,0.0,0.0,0.21828103683492497,0.0,0.0,0.0,0.0,0.0,0.0,0.0,0.0,0.0,0.0,0.0,0.0,0.0,0.0,0.0,0.0,0.0,0.0
011d857e7c0d5bc73cd14d2a1a99c7ba53c4d541,0,0.941908713692946,0.0,0.0,0.0,0.012849162011173185,0.0,0.0,0.0,0.0,0.0,0.0,0.0,0.0,0.0,0.04748603351955307,0.0,0.0,0.0,0.0,0.0,0.0
011e5854107d86d36d11144a031c25c432764cff,0,0.9398340248962656,0.0,0.012552301255230125,0.0,0.013110181311018132,0.0,0.0,0.0,0.0,0.0,0.0,0.0,0.0,0.0,0.0,0.0,0.06582984658298466,0.0,0.009762900976290097,0.0,0.0
011ee037a885307754974843c9eff5f06e95c37f,1,0.9370677731673582,0.0,0.0,0.0,0.0,0.0,0.0,0.0,0.0,0.0,0.0,0.0,0.022243256034074774,0.0,0.0,0.0,0.0,0.0,0.0,0.0,0.0
011f26e1bd85793d4fb2aaef6e51b0068e6ccce8,0,0.9384508990318119,0.11732670336825904,0.0462913632865684,0.0,0.0,0.0,0.0,0.0,0.0,0.0,0.0,0.0,0.0,0.00887941751021133,0.0,0.0,0.0,0.0,0.0,0.019712306872669155,0.0
011f47c5ed379290addc0f6d7bb492480826b638,0,0.9384508990318119,0.0,0.0,0.0,0.0,0.0,0.0,0.0,0.0,0.0,0.0,0.0,0.0,0.0,0.0,0.0,0.0,0.0,0.0,0.0,0.0
011f4b31fc8d35365674d1a4e46d2b616a319762,0,0.9439834024896265,0.0,0.0,0.0,0.026487281900357366,0.05689860556373064,0.0,0.028939808002242308,0.0,0.01926984794338168,0.0,0.0,0.0,0.03503608716978488,0.016957466190175883,0.0,0.0,0.0,0.0,0.0,0.023474178403755867
011f6b9709d182f258430086a0cf3f227c639025,0,0.9453665283540802,0.0,0.0,0.0,0.020771513353115726,0.0,0.0,0.0,0.0,0.0,0.0,0.0,0.0,0.03916913946587537,0.0,0.0,0.0,0.0,0.0,0.0,0.0
011f94b88b2dcb3fb654f077a6f46acb9369db2e,1,0.9356846473029046,0.0,0.0,0.0,0.0,0.002607400049664763,0.0,0.0,0.0,0.0,0.0,0.0,0.0,0.0,0.013657809783958282,0.0,0.0,0.0,0.0,0.0,0.0
011fa804c055f04dda731b5f987f140229beba15,1,0.9536652835408023,0.02833268050659355,0.0,0.0,0.0,0.0,0.0,0.0,0.0,0.0,0.0,0.0,0.0,0.0,0.0,0.0,0.0,0.0,0.0,0.0282021151586369,0.0
011fe46b135f03ae5cb4b40b7e524e1f2a9db0e0,1,0.9356846473029046,0.017949763972259454,0.0,0.0,0.0,0.0,0.0,0.0,0.0,0.0,0.0,0.0,0.0,0.0,0.0,0.0,0.0,0.0,0.0,0.0,0.0
01207e2ea26dd07c77f0b25f7b5bd3ef635210db,0,0.9377593360995851,0.0,0.0,0.015665796344647518,0.0,0.0,0.0,0.0,0.0,0.0,0.0,0.0,0.0,0.0,0.0,0.0,0.0,0.0,0.0,0.0,0.0
01208be1ea273b2e1dd7dff87d137f443ca9edca,1,0.9405255878284924,0.0,0.11814345991561181,0.0,0.0,0.040787623066104076,0.0,0.0,0.012658227848101266,0.0,0.0,0.0,0.0,0.0,0.0,0.0,0.0,0.0,0.0,0.0,0.0
01209a9d131078532e4bf704774297533b3fdf0e,1,0.9391424619640387,0.008761682242990653,0.036214953271028034,0.0,0.0,0.0,0.0,0.0,0.1896417445482866,0.0,0.0,0.0,0.0,0.0,0.0,0.0,0.0,0.0,0.0,0.0,0.0
0120b0b541429b04c70d75beb78e927f38388b87,0,0.9426002766251729,0.0202373571871402,0.17177397927552918,0.0,0.0,0.0,0.0,0.0,0.0,0.0,0.0,0.0,0.0,0.0,0.0,0.0,0.0,0.0,0.0,0.0,0.0
0120c1aec17c699d231556d8d91009a1ce7671a5,0,0.9363762102351314,0.0,0.0,0.0,0.019431675720852488,0.0,0.0,0.02381947346427079,0.0,0.0,0.0,0.0,0.020476389469285417,0.0,0.0,0.012536564981195153,0.0,0.0,0.021938988717091518,0.0,0.0
0120c8045f3b6dd371d1d614f24ce47d8e589940,0,0.9384508990318119,0.0,0.026717557251908396,0.0,0.013358778625954198,0.0,0.18893129770992367,0.0,0.0,0.0,0.0,0.0,0.0,0.0,0.0,0.0,0.0,0.0,0.0,0.0,0.0
0120decc67f643a9727e60be888db3264ffd97e7,0,0.9384508990318119,0.0,0.0,0.3090671316477768,0.0,0.0,0.0,0.0,0.0,0.0,0.0,0.0,0.0,0.0,0.0,0.0,0.0,0.0,0.0,0.0,0.0
01212087ff1ca515450e1a186533cdf0087e3fac,0,0.0,0.0,0.0,0.0,0.0,0.0,0.0,0.0,0.0,0.0,0.0,0.0,0.0,0.0,0.0,0.0,0.0,0.0,0.0,0.0,0.0
012147277a3572aa07ee56c8cafbe5483846fac4,0,0.9405255878284924,0.0,0.015396030421072158,0.02003338898163606,0.0,0.0,0.0,0.0,0.0,0.0,0.02207382674828418,0.0,0.0,0.0,0.0,0.0,0.0,0.0,0.0,0.0,0.0
0121c7724639654eb70a7071effa743ea11ccbea,0,0.941908713692946,0.0,0.010256410256410256,0.0,0.0,0.0,0.0,0.0,0.0,0.0,0.0,0.0,0.0,0.010256410256410256,0.0,0.0,0.0,0.0,0.0,0.0,0.0
0121fe80a8ea1b034e27555edaeff05a9a4c2a24,0,0.9370677731673582,0.0,0.0,0.0,0.0,0.0,0.0,0.0,0.0,0.0,0.0,0.0,0.0,0.0,0.0,0.0,0.0,0.0,0.0,0.0,0.0
0122036e13d56d1f26135eeac7cb4286b0e3a9b4,1,0.9377593360995851,0.031185031185031187,0.0,0.0,0.010395010395010396,0.0,0.0,0.0,0.0,0.0,0.013513513513513514,0.0,0.0,0.0,0.0,0.0,0.0,0.0,0.0,0.0,0.0
012279c23908ce5002985ef707810a698df72fd7,1,0.946058091286307,0.0,0.0,0.0,0.0,0.0,0.0,0.0,0.0,0.0,0.0,0.0,0.0,0.0,0.0,0.0,0.0,0.0,0.0,0.0,0.0
0122e72741c2926789747d87fd7bf9ea433e2555,0,0.9432918395573997,0.0,0.0,0.0,0.0,0.0,0.0,0.0,0.0,0.0,0.0,0.018548387096774192,0.0,0.0,0.0,0.0,0.0,0.0,0.0,0.0,0.0
0122f472af853e1f07114822e8ef3ddd87d7e5cb,0,0.9377593360995851,0.0,0.0,0.0,0.0,0.0,0.0,0.05162799064579961,0.0,0.0,0.0,0.0,0.0,0.0,0.0,0.0,0.0,0.0,0.022486058643640942,0.0,0.0
012309db3677bf42c089e772b915cf3edf4ca74f,0,0.9370677731673582,0.0,0.0,0.0,0.0,0.0,0.0,0.04286035276935176,0.0,0.0,0.0,0.0,0.0,0.0,0.0,0.0,0.0,0.0,0.0,0.0,0.0
012355277810ef98b4293fb09cf7f805beeceb7d,1,0.9377593360995851,0.020335505672218198,0.0,0.0,0.0,0.015146029447260439,0.0,0.0,0.0,0.0,0.0,0.0,0.08266956311851316,0.002896451846488052,0.0,0.0,0.0,0.0,0.0,0.0,0.0
01238ce74759c91a689416a50ee095291cc49a8f,0,0.9370677731673582,0.07816711590296496,0.04097035040431267,0.0,0.05121293800539083,0.12884097035040432,0.0,0.012398921832884097,0.0,0.018867924528301886,0.0,0.0,0.0,0.007547169811320755,0.012398921832884097,0.0,0.0,0.012398921832884097,0.0,0.0,0.02425876010781671
0123a0a6b88f262c4cc431e69e484baf7a583cfc,0,0.9384508990318119,0.0,0.0,0.0,0.0,0.0,0.0,0.0,0.0,0.0,0.0,0.0,0.29114976339685383,0.0,0.0,0.0,0.0,0.0,0.0,0.0,0.0
0123a0b9d58f5c13f837ab0c5761a5f882cbe9af,0,0.9398340248962656,0.0,0.0,0.0,0.0,0.0,0.0,0.0,0.0,0.0,0.0,0.0,0.0,0.0,0.0,0.0,0.0,0.0,0.0,0.0,0.0
0123c491ca6ef47cf97187a5e792daef16a8b971,0,0.9391424619640387,0.008076358296622614,0.0,0.016152716593245228,0.0,0.0,0.0,0.0,0.0,0.0,0.0,0.0,0.0,0.0,0.0,0.0,0.0,0.0,0.16519823788546256,0.012481644640234948,0.0
0123c989842cf91f434246f92ea433a5f745e305,0,0.9398340248962656,0.0,0.0,0.0,0.0,0.0,0.0,0.0,0.0,0.0,0.0,0.0,0.0,0.0,0.0,0.0,0.0,0.0,0.0,0.0,0.0
0123ef8ecaad657dcd655dad698e3abe45d48481,0,0.9446749654218534,0.0,0.0,0.0,0.02631578947368421,0.03168635875402793,0.0,0.0,0.0,0.04296455424274973,0.0,0.0,0.0,0.0,0.0,0.0,0.011412459720730397,0.0,0.0,0.0,0.040010741138560686
0123f83d31cbc21ae03181df4a1edb676a251790,0,0.9384508990318119,0.03710575139146568,0.019409162266305124,0.029399172256315113,0.01584130155558727,0.0,0.0,0.0,0.0,0.0,0.0,0.0,0.0,0.025403168260311117,0.0,0.0,0.017696589125160554,0.0,0.0,0.0,0.0
0124327d941c2d989c41aff8f68e475664ad718a,0,0.9384508990318119,0.0,0.0,0.0,0.0,0.0,0.0,0.0,0.0,0.0,0.0,0.0,0.0,0.0,0.0,0.0,0.0,0.0,0.0,0.0,0.0
01245ae70f5ef7c016ae8ca3ca4831c2101f814d,1,0.9370677731673582,0.00849433710859427,0.03181212524983344,0.0,0.11692205196535643,0.010493004663557627,0.0,0.0,0.0,0.0,0.0,0.0,0.0,0.041805463024650234,0.0,0.0,0.04746835443037975,0.0,0.0,0.0,0.05896069287141906
01246b17d964f6cd8ad37bcd657355795c5b8939,0,0.9301521438450899,0.0,0.0,0.0,0.0,0.0,0.07889851485148515,0.0,0.0444513201320132,0.024443069306930694,0.0,0.0,0.0,0.0,0.0,0.0,0.0,0.0,0.0,0.0,0.0
0124beb1a5d35ee027fd34ac7873ef53a7d0235e,1,0.926002766251729,0.0,0.0,0.0,0.0,0.0,0.0,0.03542857142857143,0.0,0.0,0.0,0.0,0.0,0.0,0.0,0.0,0.0,0.0,0.0,0.0,0.0
012513be4d9a87feb528abffb3a71b0f1773edd9,0,0.0,0.051330798479087454,0.0370722433460076,0.0,0.0,0.0,0.0,0.0,0.0,0.0,0.0,0.0,0.0,0.03136882129277566,0.0,0.0,0.0,0.0,0.0,0.0,0.0
01253bcea2eb645ecc7b67345a3c2a44d7ed94f7,0,0.946058091286307,0.024591490050153698,0.03276168904707976,0.0,0.0,0.0,0.0,0.0,0.0,0.0,0.0,0.0,0.0,0.0,0.0,0.0,0.0,0.0,0.0,0.0,0.0
01254f02d115a4fd526e24d6c4c4a2f796840385,1,0.9398340248962656,0.0,0.0,0.0,0.0,0.0,0.0,0.0,0.0,0.0,0.0,0.0,0.0,0.0,0.0,0.0,0.0,0.0,0.0,0.0,0.0
01254f7a0a09b640bf70e332cbea225d37ebcb92,0,0.0,0.0,0.0,0.0,0.0071920271242165825,0.025069351690126373,0.02763793280591801,0.0,0.0,0.0,0.0,0.0,0.00770574334737491,0.0,0.02517209493475804,0.043665878968457826,0.0,0.0,0.0,0.0,0.0
0125516a83a4482d0149b48ece0379d7f58a49f1,0,0.9384508990318119,0.0,0.0,0.0,0.0,0.0,0.0,0.0,0.0,0.0,0.0,0.0,0.0,0.0,0.0,0.0,0.0,0.0,0.0,0.0,0.0
01255d50e53ac9730ea69601d9f81064f468b3b0,1,0.9343015214384509,0.01416760753177696,0.06956331718687402,0.0,0.009068725643733839,0.008376734530356558,0.0,0.0,0.0,0.0,0.0,0.0,0.0,0.0,0.0,0.0,0.0,0.0,0.0,0.02003132170302655,0.006956331718687402
01257f8c21dafd0b0ce3735eca19ad28251dc44d,0,0.9412171507607192,0.0,0.082375582782175,0.0,0.0,0.025317141927789222,0.0,0.0,0.0,0.008646861108099316,0.0,0.0,0.0,0.0,0.0,0.0,0.02637428168708663,0.0,0.0,0.0,0.0
0125869eacd218b4e4620a60f4db46f3ad0e7d43,0,0.9432918395573997,0.0,0.0430563978168587,0.0,0.0,0.0,0.0,0.0,0.01758641600970285,0.0,0.0,0.0,0.0,0.0,0.0,0.0,0.0,0.0,0.0,0.0,0.0
0125dee42d3f6281346bf9a82aa8c5debaa238ae,0,0.0,0.0,0.0,0.0,0.0,0.0,0.0,0.0,0.0,0.0,0.0,0.0,0.0,0.0,0.0,0.0,0.0,0.0,0.0,0.06493506493506493,0.0
0125fb09ed5a4632d61d571a0711e028f1bf9ab7,1,0.9391424619640387,0.0,0.006533649761214145,0.0,0.017813717734610764,0.0,0.0,0.0,0.0,0.0,0.0,0.0,0.0,0.0,0.0,0.0,0.0195130526500835,0.0,0.0,0.021095192054144327,0.0
01260e861bb220dde30aa00074b8da10e0debb4d,0,0.9384508990318119,0.0,0.0,0.0,0.0,0.0,0.0,0.0,0.0,0.0,0.0,0.0,0.0,0.0,0.0,0.0,0.0,0.0,0.05311626377240585,0.0,0.0
01260f09011b3d7c3a7c70b805a366023958e20e,0,0.9391424619640387,0.0,0.0,0.03895605450009595,0.0,0.03070427940894262,0.0,0.0,0.03223949337938975,0.008827480330071004,0.0,0.0,0.0533486854730378,0.14814814814814814,0.0,0.0,0.0,0.035693724812895795,0.024371521780848206,0.0,0.0
01262872e9842eb357ce5e90e7acf0403119ae61,0,0.0,0.0,0.0,0.0,0.0,0.0,0.0,0.0,0.0,0.0,0.0,0.0,0.0,0.0,0.0,0.0,0.0,0.0,0.0,0.0,0.0
01266c86bf781e6d0399849be25ae1b142eee0f1,1,0.9405255878284924,0.0,0.0,0.0,0.0,0.0,0.0,0.0,0.0,0.0,0.0,0.0,0.0,0.0,0.0,0.0,0.0,0.0,0.0,0.0,0.0
01266fa398bb5a566ff133c68524b6053f2b50c8,0,0.9391424619640387,0.0,0.0,0.0,0.0,0.0,0.0,0.0,0.0,0.0,0.0,0.0,0.0,0.0,0.0,0.0,0.0,0.0,0.0,0.0,0.0
0126797fc2200c3bdfc39cd25ce99e4039dbe166,1,0.9405255878284924,0.0,0.0,0.0,0.015141154635147015,0.0,0.0,0.0,0.0,0.0,0.0,0.0,0.0,0.0,0.0,0.0,0.05978313959167725,0.0,0.0,0.0,0.0
012684cacc84886276d9e7b64392b97d8d236eee,0,0.9398340248962656,0.0,0.0,0.0,0.0,0.0,0.0,0.0,0.0,0.0,0.0,0.0,0.0,0.0,0.0,0.0,0.0,0.0,0.0,0.0,0.041097663581645204
0126a299b4627ea8709211d7f53d2bdae22b2dc7,0,0.9384508990318119,0.0,0.0,0.0,0.03382807668521954,0.0,0.0,0.0,0.0,0.0,0.0,0.0,0.0,0.0,0.0,0.0,0.0050092764378478665,0.0,0.0,0.0,0.06567717996289425
0126eca3ea58908fbc72a554a7e7ac25a8cc690e,0,0.9391424619640387,0.0,0.0,0.0,0.0,0.0,0.0,0.0,0.0,0.0,0.0,0.0,0.0,0.0,0.0,0.03847197720179129,0.0,0.0,0.0,0.0,0.0
0126fc5a1435aece50f3029158ea17ee9dcbfb4e,1,0.9370677731673582,0.0,0.0,0.0,0.0,0.0,0.0,0.0,0.0,0.0,0.0,0.0,0.0,0.0,0.0,0.0,0.0,0.0,0.0,0.0,0.0
01270993c287ff426bc063f7a7e2ddc65229c24b,0,0.9391424619640387,0.0052231718898385565,0.26733143399810066,0.0,0.018518518518518517,0.05365622032288699,0.0,0.0,0.0,0.0,0.0,0.0,0.010446343779677113,0.021367521367521368,0.0,0.0,0.0,0.0,0.0,0.0,0.0
0127260e0b2a9d6dffd882cefaeecdc7bac384dd,0,0.9405255878284924,0.0,0.0,0.0,0.0,0.0,0.0,0.05795314426633785,0.0,0.0,0.0,0.0,0.0,0.0,0.0,0.0,0.0,0.0,0.0,0.0,0.0
01272cfefaf44436c8bc9a3a11dc86e1ebb82553,1,0.0,0.0,0.020350078269531807,0.0,0.0,0.0,0.0,0.0,0.0,0.0,0.0,0.0,0.0,0.0,0.0,0.0,0.0,0.0,0.0,0.0,0.0
0127404765ed7cc9fa77296d4da8b2192f4d5acb,0,0.9453665283540802,0.0,0.008497155613163391,0.0,0.0,0.0,0.0,0.0,0.0,0.0,0.0,0.0,0.0,0.0,0.0,0.0,0.0,0.0,0.0,0.0,0.0
01274b343f103150969a80eb2f5adbb7e01803c7,1,0.9384508990318119,0.0,0.0,0.0,0.0,0.0,0.0,0.0,0.0,0.0,0.0,0.0,0.021493310315062582,0.0,0.0,0.0,0.0,0.0,0.0,0.0,0.0
0127582d97f4618513cecb7c61517e5a3e069a1c,1,0.9453665283540802,0.0,0.0,0.0,0.0,0.0,0.0,0.0,0.0,0.0,0.0,0.0,0.0,0.0,0.0,0.0,0.0,0.0,0.0,0.0,0.0
012769ea36e707d6cbd05710ad9ee435677a9cc6,1,0.9412171507607192,0.0,0.0,0.0,0.0,0.0,0.0,0.0,0.0,0.0,0.0,0.0,0.0,0.0,0.0,0.0,0.0,0.0,0.0,0.0,0.0
0127823befa813adcac042fdba082cb4e858d27b,1,0.0,0.0,0.0,0.0,0.010711677351294328,0.0,0.0,0.0,0.0,0.0,0.0,0.0,0.0,0.0,0.0,0.0,0.027915280370039763,0.0,0.0,0.0,0.0
0127c2140478161914b147133eb5896bfc2c7c84,1,0.0,0.0726775956284153,0.0,0.0,0.0,0.0,0.0,0.0,0.0,0.0546448087431694,0.0,0.0,0.0,0.0,0.0,0.0,0.0,0.0,0.0,0.0,0.0
0127d1f12d8ac1557013b8232f12b30c48ad5535,1,0.9370677731673582,0.0,0.0,0.0,0.0,0.0,0.0,0.0,0.0,0.0,0.0,0.0,0.0,0.0,0.0,0.0,0.0,0.0,0.0,0.0,0.0
0127df0f7a296ea0a3d24b7db4e215a513785196,0,0.9384508990318119,0.0,0.0,0.0,0.0,0.0,0.0,0.0,0.0,0.0,0.0,0.0,0.0,0.017356475300400534,0.0,0.0,0.0,0.0,0.0,0.0,0.0
012803d69b51a6e1f7c5ffb074f1691224a943b2,0,0.9495159059474412,0.0,0.056738120221855794,0.0,0.0,0.0,0.0,0.0,0.0,0.0,0.0,0.0,0.0,0.0,0.0,0.0,0.0,0.0,0.0,0.0,0.0
0128543bfe8799504b3c318538c534acff0ef158,1,0.9370677731673582,0.0,0.0,0.0,0.0,0.0,0.0,0.0,0.0,0.0,0.0,0.0,0.0,0.0,0.0,0.0,0.0,0.0,0.0,0.0,0.0
012876befe9c49325fdd8e10f00f94b920b174c6,0,0.9398340248962656,0.0,0.0,0.0,0.0,0.0,0.0,0.0,0.0,0.0,0.0,0.0,0.0,0.0,0.0,0.0,0.0,0.0,0.0,0.0,0.0
0128af90ca9157f3740726ee7ba00b97ce78cdad,0,0.0,0.0,0.0,0.0,0.0,0.0,0.0,0.012728044123886296,0.0,0.016546457361052185,0.0,0.0,0.017394993635977938,0.0,0.0,0.0,0.0,0.0,0.0,0.0,0.0
0129413ded266c97bef9cc1de9ccea736acebc93,0,0.9377593360995851,0.0,0.013605442176870748,0.0,0.0,0.0,0.0,0.013605442176870748,0.0,0.0,0.0,0.0,0.0,0.013605442176870748,0.0,0.034013605442176874,0.0,0.0,0.0,0.01020408163265306,0.0
01296c4ba5d25ac535c5d79ade6f7185174e63be,0,0.9398340248962656,0.0,0.0,0.0,0.0,0.0,0.0,0.0,0.0,0.0,0.01407226122238681,0.0,0.0,0.0,0.0,0.0,0.0,0.0,0.0,0.0,0.0
012977214f5364d9a0f40ba3ab3050eded830108,1,0.9398340248962656,0.0233094262295082,0.04815573770491803,0.0,0.0,0.0,0.0,0.0,0.0,0.0,0.0,0.0,0.0,0.04585040983606557,0.0,0.0,0.0,0.0,0.0,0.0,0.0
01299b98bad66908d0038bb3d3a5766780c00611,1,0.9412171507607192,0.010338345864661654,0.0,0.0,0.0,0.007518796992481203,0.0,0.0,0.0,0.0,0.0,0.0,0.0,0.0,0.0,0.0,0.0,0.0,0.0,0.0,0.0
0129b669142cb28eb6a3d1ce11cf5fe932c52785,0,0.9336099585062241,0.0,0.0,0.36801242236024845,0.0,0.0,0.0,0.0,0.0,0.0,0.0,0.0,0.2981366459627329,0.0,0.0,0.0,0.0,0.0,0.0,0.0,0.0
0129e5dcd0efbca0b715130541613bd8b0c4b206,1,0.9398340248962656,0.05226057365094798,0.0,0.0,0.0,0.0,0.0,0.0,0.0,0.0,0.0,0.0,0.0,0.0,0.0,0.0,0.0,0.0,0.0,0.0,0.0
012a9d3bbf06d3229d94534d2d814e855360f74b,0,0.9384508990318119,0.0,0.0,0.0,0.0,0.0,0.0,0.0,0.0,0.0,0.0,0.0,0.0,0.017455213596692696,0.0,0.0,0.011943040881947635,0.016881028938906754,0.0,0.0,0.0
012aba6dfca0e1cb1c428e24fbb312a8d48663fb,0,0.9446749654218534,0.0,0.0,0.0,0.0,0.0,0.0,0.0,0.0,0.0,0.0,0.0,0.0,0.0,0.0,0.0,0.0,0.0,0.0,0.0,0.0
012add6f8fb320c74895f7d81d29ee51f1a8777a,0,0.9384508990318119,0.0,0.006886657101865136,0.0,0.0,0.0,0.0,0.0,0.0,0.0,0.017144906743185077,0.0,0.0,0.0,0.0,0.0,0.0,0.0,0.0,0.0,0.0
012af15f24808c0c3ee335566ab68da1273ebf31,1,0.0,0.0,0.0,0.0,0.0,0.0,0.0,0.0,0.0,0.0,0.0,0.0,0.0,0.0,0.0,0.0,0.0,0.0,0.0,0.0,0.0
012b229eedd7ed87ac4e220d2b74ed4179bd4ac4,1,0.9412171507607192,0.0,0.0,0.0,0.0,0.0,0.0,0.0,0.0,0.0,0.0,0.0,0.0,0.0,0.0,0.0,0.023688663282571912,0.0,0.0,0.0,0.0
012b2a981c4e6f9be56223838f2768a7399251ac,0,0.9432918395573997,0.0,0.04994054696789536,0.0,0.011890606420927468,0.0,0.04280618311533888,0.0,0.0,0.0,0.0,0.0,0.0,0.013079667063020214,0.0469678953626635,0.0,0.0,0.0,0.0,0.0,0.0
012b3038107ce912cb4caf971d834f62c27ebd5c,0,0.946058091286307,0.0,0.0,0.0,0.0,0.0,0.0,0.0,0.0,0.0,0.0,0.0,0.0,0.0,0.0,0.0,0.0,0.0,0.0,0.0,0.0
012b372c52217e96b936d8b60e48872d010ed886,0,0.9426002766251729,0.0,0.0,0.009653808110781405,0.0,0.0,0.0,0.0,0.0,0.0,0.0,0.0,0.0,0.0,0.0,0.0,0.0,0.0,0.0,0.0,0.0
012b39092f4c8b2da66497380a496a79da881b57,0,0.9543568464730291,0.0,0.0,0.0,0.0,0.0,0.0,0.0,0.0,0.0,0.0,0.0,0.0,0.0,0.0,0.0,0.0,0.0,0.0,0.0,0.0
012b3a121eddf8032389bb24a865faa10fa43cea,0,0.9398340248962656,0.0,0.029352794931429945,0.0,0.02237549121822119,0.0,0.0,0.0,0.0,0.0,0.0,0.0,0.0,0.0,0.0,0.0,0.0,0.0,0.0,0.0,0.0
012b62cb0d2de43174efacd131fb672cf3d3d960,0,0.9432918395573997,0.0,0.06651851851851852,0.0,0.0,0.0,0.0,0.0,0.0,0.0,0.0,0.0,0.0,0.0,0.0,0.0,0.06711111111111111,0.0,0.0,0.0,0.0
012ba2c746b8865d58acda72fa9f46299ed9dd55,0,0.9488243430152143,0.0,0.0,0.0,0.0,0.0,0.0,0.0,0.0,0.0,0.0,0.0,0.0,0.0,0.0,0.0,0.0,0.0,0.0,0.01723870166174872,0.0
012bae2baa503d96b9635db92198630638633bb6,0,0.9426002766251729,0.0,0.0,0.02666666666666667,0.0,0.0,0.0,0.0,0.0,0.029425287356321838,0.0,0.0,0.012873563218390805,0.009195402298850575,0.010114942528735632,0.0,0.0,0.0,0.0,0.0,0.0
012bd3392991284715bae62836eef8f1d4a13e29,0,0.9412171507607192,0.0,0.0,0.0,0.0,0.014674556213017751,0.0,0.0,0.0,0.0,0.0,0.0,0.0,0.0,0.0,0.0,0.0,0.0,0.0,0.0,0.0
012c06fa9a512cfc9b2da1b54da4b2b49010d085,0,0.946058091286307,0.0,0.017628205128205128,0.0,0.0,0.0,0.0,0.0,0.0,0.0,0.0,0.0,0.0,0.0,0.0,0.0,0.0,0.0,0.0,0.0,0.0
012c150db5423f5db6fb9a57b606ac8d801cae72,0,0.9412171507607192,0.03740392826643894,0.14141759180187874,0.0,0.0,0.0,0.047594648448619416,0.023284941645317393,0.10668943922573298,0.0,0.0,0.0,0.0,0.018047253060062624,0.0,0.0,0.0,0.0,0.0,0.0,0.0
012c1a1fa9abfdada7d5f3700f4348a949c5c6c6,1,0.9405255878284924,0.0,0.0,0.0,0.0,0.0,0.0,0.0,0.0,0.0,0.0,0.0,0.0,0.0,0.0,0.0,0.021287919105907396,0.0,0.0,0.0,0.0
012c60ac6e3c48d5886a185dcf5ca40d23efd010,0,0.9363762102351314,0.0,0.0,0.004810747027321412,0.0,0.0,0.0,0.0,0.0,0.0,0.0,0.0,0.0,0.0,0.0,0.0,0.0,0.007261504946900245,0.0,0.0,0.0
012c6a49849b812f4e257ab83f6305b98e56e273,0,0.9474412171507607,0.0,0.0,0.008395522388059701,0.0,0.0,0.0,0.0,0.0,0.0,0.0,0.0,0.0,0.0,0.0,0.0,0.0,0.0,0.0,0.0,0.0
012c915d736327234b42da75aeaeb0debfe468e2,0,0.9356846473029046,0.0,0.0,0.0,0.06146109791870373,0.0,0.0,0.0678865763374773,0.0,0.0,0.0,0.0,0.011174745076127951,0.0,0.0,0.0,0.0,0.0,0.0,0.0,0.0
012cd8ed9de76292b42cee44690607d59aeeca0e,0,0.0,0.03439431526720767,0.0,0.0,0.0,0.0,0.0,0.0,0.0,0.0,0.0,0.0,0.0,0.0,0.0,0.0,0.0,0.0,0.0,0.0,0.0
012d0bb0b5d89b060f97b0b546e5d34e674728de,1,0.0,0.0,0.0180389641625912,0.0,0.028701996312033993,0.0,0.0,0.0,0.0,0.0,0.0,0.0,0.0,0.0,0.0,0.0,0.0,0.0,0.0,0.0,0.0
012d3a0ef3573f16b0b26c708e81f90a38455609,0,0.9446749654218534,0.017792782517450614,0.012318080204388886,0.0,0.01619599434280761,0.048131757835667685,0.0,0.09042383320406953,0.0,0.0,0.0,0.0,0.0,0.018294630229481273,0.0,0.0,0.011268762261052055,0.0,0.0,0.0,0.0
012d453a95053050ef9711eb71ee34c7f02a0d5f,0,0.950207468879668,0.0,0.01100811123986095,0.0,0.0,0.0,0.0194090382387022,0.0,0.0,0.14889918887601392,0.0,0.0,0.0,0.0,0.0,0.0,0.0,0.0,0.0,0.0,0.012746234067207415
012e52d15f7c5cef28b54e505d11290a49efbceb,1,0.0,0.08735194585448393,0.0,0.0,0.0,0.0,0.0,0.0,0.0,0.0,0.0,0.0,0.0,0.0,0.0,0.0,0.0,0.0,0.0,0.0,0.0
012e830b9bb73487ea27db7c0a371ac5a7c13728,0,0.9488243430152143,0.0,0.0,0.0,0.0,0.0,0.0,0.0,0.0,0.0,0.0,0.0,0.0,0.0,0.0,0.0,0.0,0.0,0.0,0.0,0.0
012e96506368f59018b4eb19bb5eaa39aaf2a312,1,0.9384508990318119,0.01098901098901099,0.0,0.0,0.0,0.03983516483516483,0.0,0.0,0.0,0.0,0.0,0.0,0.0,0.0,0.0,0.0,0.0,0.0,0.0,0.0,0.0
012ea2480ecd2f7af1b8abcc29dc2645fa941810,1,0.946058091286307,0.0,0.0,0.0,0.0,0.0,0.0,0.0,0.0,0.0,0.0,0.0,0.0,0.0,0.0,0.0,0.0,0.0,0.0,0.0,0.0
012ea779b3c96fc2f7c139a217b2a82f7ecd7924,1,0.9391424619640387,0.0,0.05142857142857143,0.0,0.0,0.008095238095238095,0.0,0.0,0.0,0.0,0.0,0.0,0.0,0.0,0.032857142857142856,0.0,0.0,0.0,0.0,0.0,0.0
012eaf564297f2c5c09d8ae545db06e07645379b,0,0.9467496542185339,0.0,0.018518518518518517,0.0,0.0,0.0,0.0,0.0,0.0,0.0,0.0,0.0,0.0,0.0,0.0,0.0,0.0,0.0,0.0,0.0,0.0
012ecc919dfa4b43b9e6eb9d873af2f96cb52aa0,0,0.9377593360995851,0.0,0.0,0.0,0.0,0.0,0.0,0.0,0.0,0.0,0.0,0.0,0.0,0.0,0.0,0.015205091937765204,0.0,0.0,0.0,0.0,0.0
012f04f7f9c6e4441fd265706e92732366309028,0,0.9370677731673582,0.0,0.0,0.0,0.0,0.0,0.02717900656044986,0.10402999062792877,0.0,0.0,0.0,0.0,0.0,0.038425492033739454,0.0,0.0,0.0,0.0,0.0,0.0,0.0
012f09f23ec988336b9d2f36bb1d023a34807e44,0,0.941908713692946,0.0,0.0,0.0,0.0,0.0,0.0,0.0,0.0,0.0,0.0,0.0,0.0,0.0,0.0,0.0,0.0,0.0,0.0,0.0,0.0
012f26c1da89f4c477fb3e5b96474d5aeb5c85e1,1,0.9398340248962656,0.0,0.023378504189510707,0.0,0.0,0.0,0.0,0.0,0.0,0.0,0.0,0.0,0.0,0.0,0.0,0.0,0.0,0.0,0.0,0.0,0.0
012fb52d4070dac0a3ca9142b885ccf6430f4463,0,0.0,0.03343645882912898,0.0,0.0,0.0,0.0,0.0,0.0,0.0,0.0,0.0,0.0,0.0,0.0,0.0,0.0,0.0,0.0,0.0,0.0,0.0
012fd52a3acacea7ffb86ecb41b6a69ac9d1bf1a,0,0.9384508990318119,0.0,0.0,0.06109785202863962,0.013046937151949085,0.0,0.0,0.018615751789976133,0.0,0.09116945107398568,0.0,0.0,0.0,0.0,0.009387430389817025,0.0,0.0,0.0,0.0,0.0,0.0
012ffa041e15b0152b51ddf6183642a1d3cf0ec4,0,0.9370677731673582,0.0,0.0,0.0,0.0,0.0,0.0,0.0,0.0,0.0,0.0,0.0,0.0,0.03944987332609482,0.0,0.0,0.0,0.0,0.0,0.0,0.0
01308aec137c5607097473c7a9fb07f1f303409f,0,0.9412171507607192,0.0,0.0,0.0,0.0,0.0,0.0,0.0,0.0,0.0,0.0,0.0,0.0,0.13504823151125403,0.0,0.0,0.0,0.008038585209003215,0.0,0.0,0.008038585209003215
0130b58e127fa64f677ce99b28feb253063787b1,0,0.9446749654218534,0.0,0.0,0.0,0.0,0.0,0.0,0.0,0.0,0.0,0.0,0.0,0.0,0.0,0.0,0.0,0.0,0.0,0.0,0.0,0.0
0130c7aea2e7e2d103298c34db909ffcff9060b6,0,0.9391424619640387,0.0,0.0,0.0,0.04334975369458128,0.0,0.0,0.0,0.0,0.0,0.0,0.0,0.024630541871921183,0.0,0.0,0.0,0.0,0.0,0.0,0.0,0.0
0131690f3330c4b1852c8b99e0aaa6d22535060d,0,0.9253112033195021,0.015197568389057751,0.0,0.0,0.018617021276595744,0.0,0.0,0.0,0.0,0.0,0.0,0.0,0.0,0.0,0.0,0.0,0.0,0.0,0.0,0.03343465045592705,0.05205167173252279
0131a5f89bb3ba7c104248e81b9cf49263e1a46a,0,0.9370677731673582,0.0,0.007189198667368052,0.0,0.0,0.0,0.0,0.007715237594248641,0.0,0.0,0.0,0.0,0.0,0.0,0.0,0.008065930212169033,0.0,0.0,0.019112747676661407,0.0,0.0
0131b30027b22e55c51f31b1c689cfac8934e309,0,0.0,0.0,0.0,0.0,0.0,0.0,0.0,0.0,0.0,0.0,0.0,0.0,0.0,0.0,0.0,0.0,0.0,0.0,0.0,0.0,0.0
0131cbf0be2013c7fbbf9b6ecc0c4c12103c72cc,0,0.946058091286307,0.016380449141347425,0.0,0.0,0.0,0.0,0.0,0.0,0.0,0.0,0.0,0.0,0.0,0.0,0.0,0.0,0.0,0.0,0.0,0.0,0.0
0132150a72169857c5505e32380b7c9671ce2fea,0,0.9308437067773168,0.0,0.0,0.0,0.0,0.0,0.0,0.0,0.0,0.0,0.0,0.0,0.0,0.0,0.0,0.0,0.0,0.0,0.0,0.0,0.0
01324546f14048b310fc9c71ebcfd6e0b57d06c7,0,0.9377593360995851,0.009479671371392459,0.01295555087423636,0.0,0.013482199283758163,0.021803244154202654,0.0,0.0,0.0,0.0,0.0,0.0,0.0,0.0,0.018538024015167475,0.0,0.0,0.0,0.0,0.0,0.0
0132dbc1925f17c22e09404f0dc94a25fc9354a1,0,0.9370677731673582,0.011824324324324325,0.125,0.0,0.0,0.0,0.0,0.0,0.0,0.0,0.0,0.0,0.0,0.018243243243243244,0.0,0.0,0.0,0.0,0.0,0.0,0.0
0133465f36c8346562e4c95e66b15f45838112ab,1,0.9391424619640387,0.0,0.0,0.030303030303030304,0.08225108225108226,0.0,0.0,0.0,0.0,0.0,0.0,0.0,0.0,0.06060606060606061,0.030303030303030304,0.0,0.0,0.0,0.0,0.0,0.0
01336118193678a5dc73dcbfcd7aeccb3d983d17,1,0.9377593360995851,0.0,0.0,0.0,0.0,0.0,0.0,0.0,0.0,0.0,0.0,0.0,0.0,0.0,0.0,0.0,0.0,0.0,0.0,0.045467382095453264,0.0
0133c4f7e384b87a85429f6ee00adc576f395074,1,0.9391424619640387,0.0,0.0,0.0,0.017310252996005325,0.0,0.0,0.0,0.0,0.0,0.0,0.0,0.0,0.0,0.0,0.0,0.0,0.0,0.0,0.0,0.0
0133c8294c3226c9c96b689d644312a43cb91bb5,0,0.0,0.0,0.0,0.0,0.0,0.0,0.0,0.0,0.0,0.0,0.0,0.0,0.0,0.0,0.0,0.0,0.0,0.0,0.0,0.0,0.0
0133eba7d7c170a3c8332dc6d53ba3950addba3a,0,0.9481327800829875,0.0,0.016421780466724288,0.0,0.029818496110630942,0.016853932584269662,0.0,0.044511668107173726,0.0,0.0,0.0,0.0,0.0,0.02592912705272256,0.028089887640449437,0.0,0.0,0.0,0.0,0.0,0.019878997407087293
0134014e5f61e68f1062ff55849a0cffcf681cad,0,0.9363762102351314,0.0,0.0,0.0,0.0,0.0,0.0,0.0,0.0,0.0,0.0,0.0,0.0,0.0,0.0,0.0,0.0,0.0,0.0,0.0,0.0
013405e7ce2915629b7f5bd04f7227b0ef7b5e28,1,0.0,0.0,0.0,0.0,0.0,0.0,0.0,0.0,0.0,0.0,0.0,0.0,0.0,0.0,0.0,0.0,0.0,0.0,0.0,0.0,0.0
0134186010aaf4717213379555507cfe4e632541,0,0.9405255878284924,0.0,0.0,0.0,0.0,0.01191454396055875,0.0,0.0,0.0,0.0,0.0,0.0,0.0,0.0,0.0,0.0,0.0,0.0,0.007066557107641742,0.0,0.0
01343a3fe28b61700f835375bde940d759dd4db0,0,0.0,0.0,0.0,0.0,0.0,0.0,0.0,0.0,0.0,0.0,0.0,0.0,0.0,0.0,0.0,0.0,0.0,0.0,0.0,0.0,0.0
013445ebe1614515a123876245a324e48dd8152a,1,0.0,0.0,0.0,0.0,0.0,0.0,0.0,0.0,0.0,0.0,0.0,0.0,0.0,0.0,0.0,0.0,0.0,0.0,0.0,0.0,0.0
0134806358a0458d8e8b33906ce465db2a4a08d6,0,0.9391424619640387,0.0,0.0,0.0,0.0,0.050314465408805034,0.07966457023060797,0.0,0.0,0.0,0.0,0.0,0.0,0.0639412997903564,0.0,0.0,0.0,0.04507337526205451,0.012578616352201259,0.0,0.0220125786163522
013488c9aa7138241ccdb00063f12191fcb8a823,1,0.0,0.0,0.0,0.0,0.05007587253414264,0.0,0.0,0.0,0.0,0.0,0.0,0.0,0.0,0.0,0.0,0.0,0.0,0.0,0.0,0.0,0.0
01349abf0fbf32e094158dcfd0f233481b91cf09,0,0.0,0.0,0.0,0.0,0.0022026431718061676,0.0,0.0,0.0,0.0,0.0,0.0,0.0,0.0,0.0,0.0,0.0,0.0,0.0,0.0,0.0,0.0
0134ac83ab653874b6652e2e255026c46b42cdd6,0,0.9391424619640387,0.0,0.0,0.0871306005719733,0.0,0.0,0.0,0.0,0.0,0.0,0.0,0.0,0.0897998093422307,0.0,0.0,0.0,0.0,0.0,0.0,0.0,0.0
0134bc73b509365254b64afb5b81e1de4158d5de,0,0.9467496542185339,0.017579897769072757,0.012707208713514547,0.0,0.0,0.0,0.0,0.0,0.0,0.0,0.0,0.0,0.0,0.0,0.0,0.0,0.0,0.0,0.0,0.0,0.0
013500871882e70df8bf5739b361898ce03247b9,0,0.9550484094052559,0.0,0.0,0.0,0.0,0.0,0.0,0.0,0.0,0.0,0.0,0.0,0.0,0.0,0.0,0.0,0.0,0.0,0.0,0.0,0.0
013502c9de5f80fda3d81b2c5a3e6cc3ac606433,1,0.0,0.020514790626200537,0.0530157510564733,0.0,0.0,0.016596235113330773,0.05470610833653477,0.0,0.0,0.0,0.0,0.0,0.0,0.051402228198232806,0.0,0.1228582404917403,0.0,0.0,0.0,0.0,0.0
0135088f81901d8e8d6c70ec7cd0b1f789ec97c0,1,0.9412171507607192,0.046120058565153735,0.0,0.008784773060029283,0.0,0.0,0.0,0.0,0.0,0.0,0.0,0.0,0.0,0.0,0.0,0.0,0.0,0.0,0.0,0.0,0.0
01350fac7079e080c4d9318b1b33d8414fec4098,0,0.9474412171507607,0.18953323903818953,0.0,0.0,0.0,0.0,0.0,0.011315417256011316,0.0,0.0,0.0,0.0,0.0,0.0,0.0,0.0,0.0,0.0,0.0,0.009900990099009901,0.0
013567d20735b0c5cf6d929d8d1e437ce9ea97c8,0,0.941908713692946,0.0,0.0,0.01111302549965541,0.0,0.0,0.0,0.0,0.0,0.0,0.0,0.0,0.03618194348725017,0.0,0.0,0.0,0.0,0.0,0.0,0.0,0.0
013605307eb4548e6c0fc3bda91b47e31ffde982,1,0.9481327800829875,0.0,0.0,0.0,0.0,0.0,0.0,0.0,0.0,0.10233545647558387,0.0,0.0,0.0,0.0,0.0,0.0,0.0,0.0,0.0,0.0,0.0
01360736800aa56151c2acf1dbe33977d531845e,0,0.9481327800829875,0.0,0.07878140032068412,0.0,0.0,0.0,0.009192944949225013,0.0,0.0,0.0,0.0,0.0,0.0,0.0,0.0,0.0,0.0,0.0,0.0,0.0,0.0
013676956d07c3d933df225fbe136a66e9ef57d1,0,0.941908713692946,0.0,0.0,0.0,0.0,0.0,0.0,0.0,0.0,0.0,0.0,0.0,0.02317720907774022,0.0,0.0,0.0,0.0,0.023418638338966683,0.016537904394012554,0.0,0.0
013689535f8b39018beefaeaa9ceb2dce0251b91,0,0.0,0.0,0.0,0.0,0.006518318723308609,0.006967857945605754,0.0,0.0,0.0,0.04810069678579456,0.0,0.0,0.0,0.0,0.0,0.0,0.0,0.044279613396268826,0.0,0.0,0.011013710946280062
0136c96540e4a936908a66d744912ba3485acd3e,1,0.0,0.0016070711128967456,0.0,0.0,0.0,0.0,0.0,0.0,0.0,0.00562474889513861,0.0,0.0,0.0,0.0,0.0,0.0,0.0,0.0,0.0,0.0,0.0
0136ecad3fbd3c684f9be69911c3130c2e2ca2e6,0,0.9426002766251729,0.0,0.08281077093323497,0.0,0.013094798967170786,0.0,0.0,0.0,0.0066396163777203985,0.022869789745481373,0.0,0.0,0.0,0.0,0.0,0.0,0.0,0.0,0.0,0.0,0.07432681667281446
01370743c5e1405c4dd32d32cc1663deb1ddaff7,0,0.9481327800829875,0.0,0.0,0.017873941674506115,0.0,0.0,0.0,0.0,0.015365318281592976,0.0,0.0,0.0,0.0,0.0,0.0,0.0,0.0,0.0370021950454688,0.0,0.0,0.0
01372a40f12d8cd2a90d1f638c2986ff3d88abbe,0,0.9432918395573997,0.0,0.021291696238467,0.0,0.01029098651525905,0.0383250532292406,0.0,0.0,0.0,0.029098651525904896,0.0,0.0,0.0,0.0,0.0,0.0,0.0,0.0,0.0,0.0,0.0347764371894961
01377c0eef89e351df6f9a3fb28502fa3cade29b,1,0.9377593360995851,0.0,0.0,0.0,0.0,0.0,0.0,0.0,0.0,0.0,0.0,0.0,0.0,0.0,0.0,0.0,0.0,0.0,0.0,0.0,0.0
01380ff366aed2388fd59f0bf86ff6461ffed107,0,0.9398340248962656,0.0,0.0,0.0,0.0,0.0,0.0,0.0,0.0,0.0,0.0,0.0,0.0,0.0,0.0,0.0,0.0,0.0,0.0,0.0,0.0
0138317225a115dd92405bf00e898703815742c7,0,0.9446749654218534,0.021622878400372008,0.10427807486631016,0.0,0.039758195768425944,0.0,0.0,0.0,0.0,0.0,0.0,0.0,0.0,0.0,0.0,0.0,0.0,0.0,0.0,0.0,0.0
0138679fcc1bad7c465c00f3269ffc7d19d4a168,1,0.9377593360995851,0.0,0.0,0.024704618689581095,0.0,0.011278195488721804,0.0,0.0,0.0,0.0,0.0,0.0,0.0,0.0,0.0,0.0,0.0,0.0,0.0,0.0,0.0
0138887ef0cf124e22c7ae7e5bcd2ee695e97473,0,0.9370677731673582,0.0,0.0,0.06008044243338361,0.0,0.0,0.0,0.0,0.0,0.0,0.0,0.0,0.0,0.0,0.0,0.0,0.0,0.0,0.0,0.0,0.01282051282051282
01389acbd1023c81857d11d1a2d799b717c5cb42,1,0.941908713692946,0.01627800640146319,0.0,0.0,0.0,0.0,0.020210333790580706,0.0,0.0,0.0,0.0,0.0,0.0,0.0,0.0,0.0,0.029995427526291724,0.0,0.0,0.0,0.0
0138af087200fa45ec59b5fba226e4e9d30c71eb,1,0.9280774550484094,0.0,0.0,0.0,0.0,0.0,0.0,0.0,0.0,0.0,0.0,0.0,0.0,0.0,0.0,0.0,0.01160329282634261,0.0,0.0,0.0,0.0
0138b4338f132660958b44364b7b34a366dcb7a4,1,0.9453665283540802,0.0,0.0806697108066971,0.0,0.0,0.0,0.0,0.0,0.0,0.0,0.0,0.0,0.0,0.0,0.0,0.0,0.018206299028216837,0.0,0.0,0.0,0.0
0138e234ef65741a66aec68089df455304a8cfbc,1,0.0,0.0,0.025744934445768773,0.0,0.0,0.0,0.0,0.0,0.0,0.0,0.0,0.01835518474374255,0.0,0.0,0.0,0.0,0.009535160905840286,0.0,0.0,0.0,0.0
0138fecd0278907fac0bb6a3e2f1716a6b6380c1,0,0.9508990318118948,0.0,0.0,0.0,0.0,0.0,0.0,0.0,0.0,0.0,0.0,0.0,0.0,0.0,0.0,0.0,0.0,0.0,0.0,0.0,0.019473864024598567
01393862dae91509b219e5acdd6af4a990c19c30,0,0.9481327800829875,0.0,0.02034203420342034,0.0,0.0,0.0,0.0,0.0,0.0,0.01872187218721872,0.0,0.0,0.0,0.0,0.0,0.0,0.0,0.0,0.0,0.0,0.06228622862286229
01396f9f8ba20ce0830a9ed9db767d32e2d0bc2c,1,0.9384508990318119,0.0,0.015477214101461736,0.0,0.030524505588993982,0.0,0.0,0.0,0.0,0.0,0.0,0.0,0.0,0.0,0.027944969905417026,0.0,0.0,0.0,0.0,0.0,0.016766981943250214
0139a806f90b042f4a41dc82f8d2d6dade133297,0,0.9481327800829875,0.0,0.0,0.0,0.0,0.0,0.0,0.0,0.0,0.0,0.0,0.0,0.0,0.0,0.0,0.0,0.0,0.0,0.0,0.0,0.0
0139d1f180ec1f3d43e7a5df4718024443f64d9e,0,0.9467496542185339,0.0,0.038682183248647764,0.0,0.0,0.0,0.0,0.0,0.0,0.0,0.0,0.0,0.0,0.0,0.0,0.0,0.016226848057695458,0.0,0.0,0.0,0.0
0139dd560c47a1692cf449ca5735f6c56c724e1c,0,0.9384508990318119,0.0,0.0,0.0,0.0,0.0,0.0,0.0,0.0,0.0,0.0,0.0,0.0,0.0,0.0,0.0,0.0,0.0,0.020532805956258726,0.0,0.0
013a3a1f32c063bc60eea56f03c014813ee94c7c,0,0.9391424619640387,0.0,0.0,0.0,0.0,0.0,0.0,0.02308265078183172,0.0,0.0,0.0,0.0,0.0,0.0,0.0,0.10275502606105734,0.0,0.0193596425912137,0.0,0.0,0.0
013a4da5dda4c2b3b529dfc572f1743d0ba5e573,0,0.9405255878284924,0.0,0.0,0.0,0.0,0.0,0.009097438352884846,0.013167344984438592,0.0,0.0,0.0,0.0,0.0,0.009576250897773522,0.0,0.012927938711994253,0.0,0.0,0.0,0.0,0.0
013a6cd886af34a811a3812d93eb0f2f811f0fba,1,0.0,0.0,0.0,0.0,0.0,0.0,0.0,0.0,0.0,0.0,0.0,0.0,0.0,0.0,0.0,0.0,0.0,0.0,0.0,0.0,0.0
013a93096bf1022ed2731e5956868f0fba37aed2,0,0.9529737206085753,0.0,0.0,0.0,0.0,0.0,0.0,0.0,0.0,0.0,0.0,0.0,0.0,0.0,0.0,0.0,0.0,0.0,0.0,0.0,0.0
013a982e731068de87143a11b115d2cb7aa483f6,0,0.9391424619640387,0.03945371775417299,0.0,0.0,0.0,0.0,0.0,0.0,0.03511814437459354,0.0,0.0,0.0,0.0,0.0,0.0,0.0,0.0,0.0,0.011272490786906569,0.0,0.0
013a999396eebe976b50e1974918dffcced5f36d,0,0.9405255878284924,0.0,0.0,0.006034904583265372,0.0,0.0,0.0,0.0,0.0,0.0,0.0,0.0,0.0,0.0,0.0,0.0,0.0,0.0,0.0,0.0,0.0
013aceb9747434708273096fc09a2dfa026958fe,1,0.9370677731673582,0.0,0.0,0.022582921665490474,0.0,0.0,0.0,0.0,0.0,0.0,0.0,0.0,0.0,0.0,0.0,0.0,0.0,0.0,0.0,0.0,0.0
013adefcd025c27c66c7d7159ae7967403b6ac95,0,0.9384508990318119,0.0,0.0,0.0,0.0,0.0,0.0,0.0,0.0,0.0,0.0,0.0,0.0,0.0,0.0,0.0,0.0,0.0,0.0,0.0,0.0
013b23f450a2cd3ee381f4e26785ba6b0cf9a963,1,0.9363762102351314,0.0,0.0,0.0,0.0,0.0,0.0,0.02578830148868831,0.0,0.0,0.0,0.0,0.0,0.0,0.0,0.0,0.0,0.029890985816434183,0.0,0.0,0.0
013b89c49c25e240b4ac171849d8b68695f32da0,0,0.9356846473029046,0.0,0.0,0.0,0.0,0.0,0.0,0.0,0.0,0.0,0.0,0.0,0.03343533945370056,0.0,0.0,0.0,0.0,0.0,0.37900940723110055,0.0,0.0
013c0f934c365f3cb0967869d55d2b15cfbfc61c,0,0.9488243430152143,0.0,0.0,0.0,0.0,0.0,0.0,0.0,0.0,0.0,0.0,0.0,0.0,0.0,0.0,0.0,0.0,0.0,0.0,0.0,0.0
013c13fc20c9ab822979c35bfda5ccaae4060953,0,0.9412171507607192,0.0,0.0,0.0,0.0,0.0,0.0,0.0,0.0,0.0,0.0,0.0,0.031146454605699137,0.0,0.0,0.0,0.0,0.0,0.0,0.0,0.012856196156394963
013c174a2b6c5c0517ad565fe63d79aa66e0c821,0,0.9446749654218534,0.0,0.0,0.0,0.06435643564356436,0.0,0.0,0.0,0.0,0.0,0.0,0.0,0.0,0.0,0.0,0.0,0.0,0.0,0.0,0.0,0.0
013c312a5a049bb65032c0f6ea984d65fd5a4322,0,0.9398340248962656,0.0,0.0,0.0,0.0,0.0,0.0,0.0,0.0,0.0,0.0,0.0,0.0,0.0,0.0,0.0,0.0,0.0,0.0,0.0,0.0
013c3ac26921ac5b59061fe08c58108617ab4829,0,0.9412171507607192,0.0,0.0,0.0,0.0,0.0,0.0,0.0,0.0,0.0,0.0,0.0,0.0,0.0,0.0,0.0,0.0,0.0,0.0,0.0,0.0
013c8ede70e6db14263d2648d7c8086b0f272a71,1,0.9377593360995851,0.0,0.0,0.0,0.0,0.0,0.042476601871850254,0.0,0.0,0.0,0.0,0.0,0.0,0.0,0.0,0.0,0.0,0.0,0.0,0.0,0.0
013c92b3fd73ce3866898f1562bb895b479e3f7b,0,0.9453665283540802,0.0,0.0,0.0,0.0,0.0,0.03128731788870313,0.0,0.0,0.0,0.0,0.0,0.0,0.008359207069500836,0.0,0.0,0.0,0.0,0.0,0.0,0.0
013ce21f753d1f530b7adc82c7d2bc11425644a7,1,0.9363762102351314,0.0,0.0,0.0,0.0,0.0,0.0,0.0,0.0,0.0,0.0,0.0,0.0,0.0,0.0,0.0,0.0,0.0,0.0,0.0,0.0
013d342ee4bee058f3004c993c7b3639e03a4073,0,0.9439834024896265,0.0115990057995029,0.0,0.0,0.0,0.0,0.0,0.0,0.0,0.0,0.0,0.0,0.0,0.0,0.0,0.0,0.0,0.0,0.0,0.0,0.0
013d38ecebfb7a9f065960a2aac19383389e5237,0,0.0,0.0,0.0,0.0,0.0,0.0,0.0,0.0,0.0,0.05970625798212005,0.0,0.0,0.0,0.0,0.0,0.0,0.0,0.0,0.0,0.0,0.0
013dd890e22cbd19e9853d71051bbcc78a41dadd,1,0.0,0.0,0.0,0.0,0.0,0.0,0.0,0.0,0.0,0.0,0.0,0.0,0.0,0.0,0.0,0.02051860202931229,0.0,0.0,0.0,0.0,0.013077790304396843
013df0818efa5069b175f3220cf04abcb8c8fd70,0,0.0,0.0,0.0,0.0,0.0,0.0,0.0,0.0,0.0,0.0,0.0,0.0,0.0,0.0,0.0,0.0,0.0,0.0,0.0,0.0,0.0
013e4b828760ab26861c22a1dde568f5c7802c18,0,0.9398340248962656,0.0,0.0,0.0,0.0,0.0,0.0,0.0,0.0,0.0,0.0,0.0,0.0,0.0,0.0,0.0,0.0,0.0,0.0,0.0,0.0
013e712091bc8fbf62a59272d1d62e42b84874bd,0,0.9405255878284924,0.0,0.0,0.0,0.0,0.0,0.0,0.0,0.01821421500692932,0.0,0.0,0.0,0.0,0.0,0.0,0.0,0.0,0.0,0.0,0.0,0.0
013eea1a23894abbac71fa4cc6b3627af1b6f601,1,0.9398340248962656,0.021716101694915255,0.0,0.0,0.0,0.0,0.02842514124293785,0.022069209039548024,0.0,0.0,0.0,0.0,0.015713276836158193,0.0,0.0,0.013594632768361582,0.0,0.04096045197740113,0.0,0.015713276836158193,0.0
013f70d1e1d61bc68b167d27be59a552b35da346,1,0.0,0.008070714834742506,0.0,0.0,0.06908147578785549,0.0,0.0,0.0,0.0,0.0,0.0,0.0,0.0,0.0,0.0,0.0,0.01210607225211376,0.0,0.0,0.0,0.0
013f7c7b4676aeeaf21f27dfec1551314a06673d,1,0.0,0.0,0.0,0.0,0.0375,0.0,0.0,0.0,0.0,0.0,0.0,0.0,0.0,0.0,0.0,0.0,0.0,0.0,0.0,0.0,0.0
013f989d7ef516720bd21155e7b817393ee88e2f,0,0.946058091286307,0.0,0.0,0.0,0.0,0.0,0.0,0.0,0.0,0.0,0.0,0.0,0.0,0.0,0.0,0.0,0.0,0.050802779774742395,0.0,0.0,0.0
013fc56e02ccc14b1fd767c763a6d71931fb8e30,1,0.9384508990318119,0.006029437843589289,0.0,0.0,0.0,0.0,0.0,0.0,0.0,0.0,0.0,0.0,0.0,0.0,0.0,0.0,0.0,0.0,0.0,0.0,0.0
013fca16aa1fa718473af7f66aef63d98ab9a0cc,0,0.941908713692946,0.0,0.0,0.0,0.0,0.0,0.0,0.0,0.0,0.0,0.0,0.0,0.0,0.0,0.0,0.0,0.0,0.0,0.0,0.0,0.0
013fdd9f99388a33e6d51638002276620b4ebf7f,0,0.9363762102351314,0.0,0.01627670396744659,0.0,0.0,0.0,0.0,0.0,0.0,0.0,0.0,0.0,0.0,0.0,0.0,0.0,0.0,0.0,0.0,0.0,0.0
01404ab6cf524d5dadde16d77ebe9977b32ff495,0,0.9391424619640387,0.0,0.0,0.0,0.0,0.0,0.0,0.004032258064516129,0.0,0.0,0.0,0.0,0.004032258064516129,0.0,0.0,0.02296633941093969,0.0,0.0,0.0,0.0,0.0
01404c0d6c42fa6a932a5d07b3f801b3c1795023,0,0.9405255878284924,0.0,0.0,0.0,0.0,0.0,0.0,0.0,0.0,0.0,0.0,0.0,0.0,0.0,0.0,0.0,0.0,0.0,0.0,0.0,0.0
0140516a6b040b7658aef692ee3ee0abcfd4e539,0,0.9398340248962656,0.0,0.0,0.05255111790559908,0.0,0.0,0.0,0.0,0.0,0.0,0.0,0.0,0.0,0.0,0.0,0.0,0.0,0.005923944200267533,0.0,0.0,0.0
014060e1b4aea1c2bd54a258f7aac218dd988fc9,0,0.0,0.0,0.0,0.0,0.0,0.0,0.0,0.0,0.0,0.010720484633972025,0.0,0.0,0.0,0.0,0.0,0.0,0.0,0.0,0.0,0.0,0.0
0140a3ca562326a04c56489da2097d22eaa83ea8,1,0.0,0.0,0.0,0.0,0.0,0.0,0.0,0.0,0.0,0.0,0.0,0.0,0.0,0.0,0.0,0.0,0.0,0.0,0.0,0.0,0.0
0140a79cf4d663016d3d4af790f2977e2550c2f9,0,0.9398340248962656,0.0,0.0,0.0,0.0,0.0,0.0329080143440914,0.0,0.0,0.0,0.0,0.0,0.0,0.0,0.0,0.0,0.00788925027103661,0.0,0.0,0.0,0.0
0140a9550d299ccfab02356eea0b88e32394e609,0,0.941908713692946,0.0,0.012594458438287154,0.0,0.008816120906801008,0.0,0.0,0.0,0.0,0.0,0.0,0.0,0.0,0.0,0.0,0.0,0.012594458438287154,0.0,0.0,0.0,0.0
0140c15f54bfe9a45d15a06791abf165fe1bf071,1,0.9405255878284924,0.0,0.0,0.0,0.0,0.0,0.0,0.0,0.0,0.0,0.0,0.0,0.0,0.019408953477031112,0.0,0.11445430605676388,0.0,0.0,0.0,0.0,0.0
0140d992c36ab0e66dae80d1330503e079fb3f6a,0,0.9398340248962656,0.0,0.023031434796140678,0.0,0.0,0.0,0.0,0.015717398070339245,0.0,0.0,0.0,0.0,0.0,0.0,0.0,0.0,0.0,0.0,0.0,0.0,0.018985371926548398
0140f4a9bd76d52f32932b77536ed1a3bb18ab3d,0,0.9453665283540802,0.0,0.0,0.0,0.0,0.0,0.0,0.0,0.0,0.0,0.0,0.0,0.0,0.0,0.0,0.023782750477903968,0.0,0.0,0.0,0.0,0.0
0141256757f4e444c61829a40a117808615d0058,1,0.9384508990318119,0.0,0.0,0.0,0.0,0.0,0.0,0.0,0.0,0.0,0.0,0.0,0.0,0.0,0.0,0.0,0.0,0.0,0.0,0.0,0.014143920595533498
014129571cfd0220eadccfa3da9747fec46119d0,1,0.9495159059474412,0.0,0.0,0.0,0.0,0.0,0.0,0.0,0.0,0.0,0.0,0.0,0.0,0.0,0.0,0.0,0.0,0.0,0.0,0.0,0.0
014148ef6c9b9d2a4c5ff9266618f9e7295afb2a,0,0.9481327800829875,0.0,0.0,0.04895707636614377,0.0,0.0,0.0,0.0,0.0,0.0,0.0,0.0,0.0,0.0,0.0,0.0,0.0,0.0,0.0,0.0,0.0
0141702ce0be4703eb1499a01ea14525be1d979b,0,0.9412171507607192,0.0,0.0,0.0,0.0,0.0,0.0,0.0,0.0,0.0,0.0,0.0,0.0,0.0,0.0,0.0,0.0,0.0,0.0,0.0,0.0
0141bebeff12ec027fbffcf6170e0fd656b542a9,0,0.9522821576763485,0.05426356589147287,0.0,0.0,0.0,0.0,0.0,0.0,0.0,0.0,0.0,0.0,0.0,0.0,0.0,0.0,0.0,0.0,0.0,0.0,0.0
0141c3d3812d635659c327d97d564e50bb5e4ffe,1,0.9405255878284924,0.0,0.0,0.0,0.0,0.0,0.0,0.0,0.0,0.0,0.0,0.0,0.0,0.0,0.0,0.0,0.0,0.02292328642759873,0.0,0.0,0.0
0141dffa8d71afba52f3135d61f84a7819fbe976,0,0.0,0.023255813953488372,0.0,0.0,0.0,0.0,0.0,0.0,0.0,0.0,0.0,0.0,0.0,0.007155635062611807,0.0,0.0,0.0,0.0,0.0,0.0,0.0
01420145fd7d7d982826935a72f7102fab49c75a,0,0.9384508990318119,0.015497553017944535,0.021207177814029365,0.0,0.03099510603588907,0.041598694942903754,0.0,0.0,0.0,0.01835236541598695,0.0,0.0,0.01794453507340946,0.0,0.04730831973898858,0.0,0.0,0.0,0.0,0.0,0.018760195758564437
014244a1cc053871581533cd14f8cb7784e148b6,0,0.9439834024896265,0.0,0.0,0.0,0.0,0.0,0.0,0.0,0.0,0.0,0.0,0.0,0.0,0.0,0.0,0.0,0.0,0.0,0.0,0.0,0.0
0142a6d5d72edf0c9d2d69fb84327bac6818c015,0,0.9398340248962656,0.0,0.0,0.0,0.0,0.0,0.0,0.0,0.0,0.0,0.0,0.0,0.022475466919911365,0.0,0.0,0.0,0.0,0.0,0.0,0.0,0.0
0142ae97f6a6cb78b68b10cf93e91558474b1dbb,0,0.9384508990318119,0.1119194180190263,0.0,0.0,0.0,0.0,0.026860660324566313,0.01259093452714046,0.0,0.0,0.0,0.0,0.06463346390598769,0.0,0.0,0.0,0.0,0.0,0.0,0.0,0.009513150531617236
0142d5526992dba3abbe37888a08f85698588ee1,0,0.9412171507607192,0.0,0.0,0.0,0.07282012483449972,0.0,0.0,0.0,0.0,0.0,0.0,0.0,0.0,0.0,0.0,0.0,0.0,0.0,0.0,0.0,0.0
0142de899b0831507713a867ab798809b5c64337,0,0.9391424619640387,0.0,0.0,0.0,0.0,0.0,0.0,0.0,0.0,0.0,0.0,0.0,0.0,0.0,0.0,0.0,0.0,0.0,0.0,0.0,0.0
0143043b544fda6ff5810306ce169d82a05cf8b0,0,0.9398340248962656,0.014577918408859759,0.0,0.0,0.0,0.0,0.0,0.0,0.0,0.0,0.0,0.0,0.0,0.0,0.0,0.0,0.0,0.0,0.0,0.0,0.0
0143f0349f5c6ad72940ad99561d24c0a64e38cb,1,0.9557399723374828,0.0,0.0,0.0,0.0,0.0,0.0,0.0,0.0,0.0,0.0,0.0,0.0,0.0,0.0,0.0,0.0,0.0,0.0,0.0,0.0
01446264964b02f5e852cde1796364e26ff535a6,0,0.9363762102351314,0.0,0.0,0.02371118249961756,0.0,0.0,0.0,0.0,0.0,0.0,0.0,0.0,0.0,0.0,0.0,0.0,0.0,0.011677119983682626,0.0,0.0,0.0
0144b109037592f9214b5fe22562648cd0a14998,0,0.9377593360995851,0.0,0.0,0.0,0.0014705882352941176,0.0,0.18970588235294117,0.12205882352941176,0.0,0.0,0.0,0.0,0.0,0.0,0.0,0.0,0.0,0.0,0.0,0.0029411764705882353,0.0
0144bb0494365a108f52aef8ce257c747d811887,0,0.9412171507607192,0.0,0.041601255886970175,0.0,0.0,0.0,0.0,0.0,0.0,0.0,0.0,0.0,0.0,0.0,0.01726844583987441,0.0,0.0,0.0,0.0,0.0,0.0
0144c2c2902bb8053a0ef7444878872ba3fc2e52,0,0.0,0.0,0.0,0.0,0.0,0.0,0.0,0.0,0.0,0.0,0.0,0.009650180940892641,0.0,0.0,0.0,0.0,0.0,0.0,0.0,0.0,0.0
014503ef4a93a869089efe52cfb3903fc66e28f2,1,0.9426002766251729,0.0,0.03992918961447679,0.01426042486231314,0.020751376868607396,0.016522423288749016,0.0,0.0,0.0,0.2233477576711251,0.0,0.0,0.0,0.0,0.24065696302124312,0.0,0.0,0.0,0.0,0.0,0.0
01450571b178e5d37bdbf726d327a8a9bb51d1d4,0,0.9377593360995851,0.0,0.0,0.0,0.0,0.0,0.02810594034589356,0.0,0.0,0.0,0.0,0.0,0.0,0.0,0.0,0.0,0.0,0.01936669730136185,0.0,0.0,0.0
01454f1f6e806b81d97204147ea8eb425bb76216,0,0.9529737206085753,0.021019716841830974,0.0,0.0,0.0,0.0,0.0,0.0,0.027968383566403198,0.0811256840093807,0.0,0.0,0.0,0.029531833579431947,0.0,0.0,0.0,0.0,0.0,0.0,0.0
01455fb37390205ac79ea277d0c6732a60298126,0,0.9412171507607192,0.015116216069783821,0.017391775478138374,0.0,0.0,0.0,0.0,0.0,0.023026494013111555,0.021238554477975836,0.0,0.0,0.0,0.0,0.02010077477379856,0.0,0.02308067399902476,0.0,0.0,0.0,0.0
014608cf04ec197f6feb32e21f0cb8acf013ea35,0,0.9398340248962656,0.0,0.0,0.0,0.0,0.0,0.0,0.0,0.0,0.0,0.0,0.0,0.0,0.0,0.0,0.0,0.0,0.0,0.0,0.03308189655172414,0.0
01461b265cb991aeb6e71477dd4fac2c677c978e,0,0.9571230982019364,0.0,0.0,0.0,0.0,0.0,0.0,0.0,0.0,0.0,0.0,0.0,0.0,0.0,0.0,0.0,0.0,0.0,0.0,0.0,0.0
0146236aacf3347d81ee85a4f3d471c050ea2921,0,0.9391424619640387,0.0,0.0,0.0,0.0,0.0,0.0,0.05360811079451329,0.0,0.0,0.0,0.0,0.0,0.0,0.0,0.03730700417467365,0.0,0.011331257040620237,0.0,0.0,0.0
014633bcd68129e177895b010aac7a55042dcfaa,0,0.9467496542185339,0.0,0.0,0.0,0.0,0.0,0.0,0.0,0.0,0.0,0.0,0.0,0.0,0.0,0.0,0.0,0.0,0.0,0.0,0.0,0.0
01465e4e71f02e2e8636701fe7db2b249dab072b,0,0.0,0.0,0.0,0.0,0.0,0.0,0.0,0.0,0.0,0.0,0.0,0.0,0.0,0.0,0.0,0.0,0.0,0.0,0.0,0.0,0.0
014668cbbde4572290b5c3ca7cd673fbcecba00c,1,0.9363762102351314,0.0,0.0,0.0,0.0,0.0,0.0,0.0,0.0,0.0,0.0,0.0,0.020165551250440297,0.0,0.012856639661852765,0.0,0.0,0.006516379006692497,0.0,0.0,0.0
0146751aacdd51105e7d660b914c6dac8e177285,0,0.9391424619640387,0.0,0.0,0.0,0.0,0.002556727388942154,0.0,0.0,0.0,0.0,0.0,0.0,0.0,0.0,0.0044742729306487695,0.0,0.0,0.0015979546180888463,0.0,0.0,0.0
01468ee55984461456ffef6f6d7165adb08cfde4,1,0.0,0.011575160331612702,0.0,0.0,0.0,0.0,0.0,0.0,0.0,0.0,0.0,0.0,0.0,0.0,0.0,0.0,0.0,0.0,0.0,0.0,0.0
0146c375ea4618dde8235c8c759bb26e99099719,0,0.9377593360995851,0.05484024797329518,0.0,0.0,0.007629947544110634,0.07963757749165475,0.019313304721030045,0.014067715784453982,0.0,0.0,0.0,0.0,0.029327610872675252,0.0,0.0,0.0,0.0,0.0,0.0,0.0,0.0
014731efca707e0fd04e9b72d3af247b6f4ee8a4,0,0.9405255878284924,0.0,0.0,0.0,0.0,0.0,0.0,0.0,0.0,0.0,0.0,0.0,0.0,0.0,0.0,0.0,0.0,0.0,0.0,0.0,0.0
0147412880e3457a8c9dcda9d5d10d919232b66d,0,0.9391424619640387,0.023198312849974548,0.0,0.0,0.0,0.0,0.03926987128208857,0.0,0.0,0.0,0.0,0.0,0.0,0.0,0.0,0.0,0.0,0.0,0.0,0.0,0.0
01476a2a7bb404745f9ecc18f862db9e0350f7e1,0,0.946058091286307,0.11819887429643527,0.0,0.0,0.0,0.0,0.0,0.0,0.0,0.0,0.0,0.0,0.0,0.0,0.0,0.0,0.0,0.0,0.0,0.0,0.0
01477e12b739b1aa83c1c36b0a7cb7888a36d0c2,0,0.0,0.0,0.0,0.0,0.0,0.0,0.0,0.0,0.0,0.0,0.0,0.0,0.0,0.0,0.0,0.0,0.0,0.0,0.0,0.0,0.0
01480b84651f85701c103277247bc4e9e927237b,0,0.9391424619640387,0.0,0.0,0.0,0.0,0.0,0.0,0.0,0.0,0.0,0.0,0.0,0.0,0.0,0.0,0.0,0.0,0.0,0.0,0.0,0.0
0148124b52294253a7a07c8944cc2af002867856,1,0.9398340248962656,0.0,0.0,0.0,0.0,0.0,0.0,0.0,0.0,0.0,0.0,0.0,0.0,0.0,0.0,0.0,0.0,0.0,0.0,0.009693053311793215,0.0
014869cb5f9f842a54470282dde0b8d3bb9ce4f0,0,0.9391424619640387,0.0,0.0,0.0,0.0,0.0,0.0,0.0,0.0,0.0,0.0,0.0,0.0,0.0,0.0,0.0,0.0,0.0,0.0,0.0,0.0
014879f2a852d9be57363256716575dcdc9d7afe,0,0.946058091286307,0.0,0.0,0.0,0.0,0.0,0.0,0.0,0.0,0.0,0.0,0.0,0.0,0.0,0.0,0.0,0.0,0.0,0.0,0.0,0.0
01489b92916ca1ada39d43e87c77112647acc47d,1,0.0,0.0,0.0,0.0,0.0,0.025576064664012545,0.0,0.0,0.0,0.021715526601520086,0.0,0.0,0.028350826396429003,0.0,0.03052237905658101,0.0,0.0,0.0,0.0,0.0,0.0
0148a2e4e1ce21a96109e7947750f7dd103d4afa,1,0.941908713692946,0.0,0.03531553398058252,0.0,0.016140776699029125,0.0,0.0,0.0,0.0,0.0,0.0,0.0,0.0,0.0,0.0,0.0,0.0441747572815534,0.0,0.0,0.0,0.0
0148b13383e61a463253e43faba76b408e953f01,0,0.9391424619640387,0.0,0.0,0.0,0.0,0.0,0.0,0.0,0.0,0.0,0.0,0.0,0.011033202722210766,0.0,0.0,0.0,0.0,0.0,0.0,0.0,0.0
0148c944faa54013c433b5e2860d3c2aeb2916a1,0,0.9412171507607192,0.0,0.0,0.0,0.023364683058496056,0.0,0.0,0.0,0.0,0.012357133819746109,0.0,0.0,0.0,0.021424655223314073,0.02576863059339547,0.0,0.0,0.0,0.0,0.011513643456623509,0.026907342583610983
0148c98360774f55610d934da14bc85c9fd43a3b,1,0.9363762102351314,0.0,0.0,0.0,0.0,0.0,0.0,0.0,0.0,0.0,0.0,0.0,0.0,0.0,0.0,0.0,0.0,0.0,0.0,0.0,0.0
0148d1f3a7c0b1b80a8943141ad53047893bbfd2,1,0.9363762102351314,0.0,0.0,0.0,0.0,0.0,0.0,0.0,0.0,0.0,0.0,0.0,0.0,0.0,0.0,0.0,0.0,0.0,0.0,0.0,0.0
0148d86de26e5e2319e0d7f233df11032364c868,1,0.0,0.0,0.0,0.0,0.0,0.017011204039766453,0.030645415811898374,0.007637683446425753,0.0,0.0,0.0,0.0,0.0,0.011424964494240178,0.0,0.0,0.0,0.022092472778917467,0.0,0.0,0.0
0148fe63a49ed7368e118b9efc05361256de7fbf,0,0.9384508990318119,0.0,0.0,0.0,0.009433962264150943,0.0,0.0,0.0,0.0,0.0,0.0,0.0,0.0,0.0,0.0,0.0,0.0,0.0,0.0,0.0,0.0
014907f77c06174f3c47f0c543a5dae79419d2e1,0,0.9405255878284924,0.0,0.0,0.0,0.0,0.0,0.0,0.011292346298619825,0.0,0.0,0.0,0.0,0.0,0.0,0.0,0.0,0.0,0.0,0.0,0.0,0.0
01491f09d2ad91baf143e5f094584d386cea7f60,0,0.9508990318118948,0.0,0.06956521739130435,0.0,0.0,0.04308300395256917,0.0,0.0,0.0,0.015612648221343874,0.0,0.0,0.013043478260869565,0.0,0.024901185770750987,0.0,0.0,0.0,0.0,0.0,0.0
01495b2100da53802382b726df7b5e8759913901,1,0.9481327800829875,0.0,0.0,0.0,0.10184913413560318,0.0,0.0,0.0,0.0,0.0,0.0,0.0,0.0,0.0,0.0,0.0,0.0,0.0,0.0,0.0,0.0
014a52b3761d8f8c70995d0cb9f3d390f2e5ed2b,0,0.9467496542185339,0.0,0.031704095112285335,0.0,0.0,0.0,0.0,0.0,0.013210039630118891,0.0,0.0,0.0,0.0,0.0,0.0,0.0,0.0,0.0,0.0,0.0,0.0
014a76500ac4d24d86b72a10d3cf69dbe14c209a,0,0.9398340248962656,0.0,0.0,0.0,0.0,0.0,0.0,0.0,0.0,0.0,0.0,0.0,0.0,0.013493975903614458,0.0,0.0,0.021365461847389557,0.0,0.0,0.0,0.013172690763052209
014a97a91ad7df644143748401c3d82929792c26,1,0.0,0.0,0.0,0.02350570852921424,0.0,0.0,0.0,0.0,0.0,0.0,0.008730691739422432,0.0,0.0,0.014775016789791807,0.0,0.0,0.0,0.0,0.0,0.0,0.0
014abbae72737ec671f977c1e1dbf80b2fd7b5af,0,0.941908713692946,0.0,0.0,0.030314513073133764,0.0,0.0,0.0,0.0,0.0,0.0,0.0,0.0,0.013793103448275862,0.0,0.0,0.0,0.0,0.0,0.06843501326259947,0.0,0.0
014abe790623a5144657de8f82e8989f0a45ac8a,0,0.9398340248962656,0.0,0.0,0.0,0.0,0.0,0.0,0.0,0.0,0.0,0.0,0.0,0.0,0.0,0.0,0.0,0.0,0.0,0.0,0.0,0.0
014b9a0515aaa6a6aeaf851db06278d9cd0b4982,0,0.9439834024896265,0.0,0.0,0.0,0.0,0.0,0.0,0.0,0.0,0.0,0.0,0.0,0.0,0.0,0.0,0.0,0.0,0.0,0.0,0.0,0.0
014bd5dc7a8a4b6e6f13b864fbe1253299ec49e2,0,0.9405255878284924,0.0,0.0,0.04919822013265049,0.0447905297624045,0.09277138779279658,0.0,0.012089665015531862,0.0,0.09806061623709177,0.0,0.0,0.09218369574343044,0.007765930652338175,0.0,0.0,0.0,0.015825707329359416,0.0,0.0,0.0
014c5ffb2789d2eaa02b3a35267d69c3783c2c69,1,0.0,0.0,0.01949317738791423,0.0,0.0,0.0,0.0,0.0,0.0,0.0,0.0,0.0,0.0,0.012670565302144249,0.0,0.0,0.0,0.0,0.0,0.0,0.02387914230019493
014c7fa03309033a8faea88171e38a82f594282b,0,0.9398340248962656,0.0,0.0,0.0,0.0,0.0,0.0,0.0632442445091294,0.0,0.0,0.0,0.0,0.0,0.0,0.0,0.0,0.0,0.0,0.0,0.0,0.0
014c8a1dc22b65ae92be3aa74787c1b76c7e6938,1,0.9488243430152143,0.0,0.0,0.0,0.0,0.0,0.0,0.0,0.0,0.0,0.0,0.027972027972027972,0.0,0.03776223776223776,0.0,0.0,0.0,0.0,0.0,0.0,0.0
014ca787861bef9e4b53a123a968dad452c618b8,0,0.9370677731673582,0.0,0.07245967741935484,0.0,0.0,0.0,0.0,0.0,0.0,0.0,0.0,0.0,0.0,0.0660483870967742,0.0,0.0,0.0,0.0,0.0,0.0,0.0
014cb67df95cf2ee51f4cab4b2818cd0b6a2cf6d,0,0.0,0.0,0.0,0.027572940044886182,0.0,0.0,0.0,0.0,0.0,0.013786470022443091,0.0,0.0,0.0,0.0,0.0,0.0,0.0,0.0,0.0,0.0,0.0
014cbbc94a5ff07bd09a406fbbc88964de276133,0,0.0,0.0,0.0,0.0,0.0,0.0,0.0,0.0,0.0,0.0,0.0,0.0,0.0,0.0,0.0,0.0,0.0,0.0,0.0,0.0,0.0
014ce0c08a490979b51c6ac7d2757ace828956d7,0,0.0,0.0,0.0,0.0,0.0,0.0,0.0,0.017358406587292756,0.0,0.0,0.0,0.0,0.0,0.0,0.0,0.0,0.0,0.0,0.0,0.0,0.0
014d0935531fa632b8707c371193615f078b76f7,0,0.9398340248962656,0.04835065521915951,0.043831902394939,0.0,0.0,0.0,0.0,0.0,0.0,0.0,0.0,0.0,0.0,0.0,0.0,0.0,0.0,0.0,0.0,0.0,0.0
014d12e642d3adb0472d6d5364450b2e7d0ebace,1,0.9363762102351314,0.0,0.0,0.0,0.0,0.0,0.0,0.0,0.0,0.0,0.0,0.0,0.0,0.0,0.0,0.0,0.0,0.0,0.0,0.0,0.0
014e47ef4fc056e25f4d743295028c3a684419b5,0,0.9398340248962656,0.0,0.023348982785602504,0.0,0.0,0.010516431924882629,0.0,0.0,0.0,0.036087636932707355,0.0,0.0,0.0,0.0,0.020375586854460094,0.0,0.0,0.0,0.0,0.0,0.0
014e83053bc0429a54d5170a0c15a9fae17d7ad0,0,0.9391424619640387,0.0,0.0,0.0,0.0,0.0,0.0,0.0,0.0,0.0,0.0,0.0,0.0,0.0,0.0,0.0,0.0,0.0,0.0,0.0,0.0
014e8750b967d5808f54bdd3e66ef8f6a6e6cf97,0,0.9384508990318119,0.0,0.0,0.00878972278566599,0.019382465629930134,0.0,0.0,0.0,0.0,0.0,0.0,0.0,0.0,0.0,0.0,0.0,0.018255578093306288,0.0,0.0,0.0,0.0
014e8a43ec1dafaf22f4ef2e893e01b4b9dd3c18,0,0.9453665283540802,0.017058332339258023,0.0861266849576524,0.0,0.0,0.0,0.0,0.0,0.0,0.0,0.0,0.0,0.0,0.0,0.0,0.0,0.0,0.0,0.0,0.0,0.00918525587498509
014eddc6932d160d7258e26691889db7f9270e03,0,0.9398340248962656,0.059456105883569435,0.01592389618446903,0.0,0.0,0.0,0.0,0.0,0.0,0.0,0.0,0.0,0.0,0.0,0.0,0.0,0.0,0.0,0.0,0.0,0.0
014ef8ccdf7b81f162ea327c6bada85c719bb37b,1,0.9370677731673582,0.0,0.0,0.00995610748313885,0.0,0.0,0.0,0.0,0.0,0.0,0.0,0.0,0.0,0.0,0.0,0.0,0.0,0.0,0.0,0.0,0.0
014eff7b8a330ec64bbc33cb1a78a8abe1376eaf,0,0.0,0.0,0.0,0.0,0.0,0.0,0.0,0.0,0.08642407277816655,0.0,0.0,0.0,0.0,0.0,0.0,0.0,0.0,0.0,0.0,0.0,0.0
014f22446e65445059d7bd3e5de040c028616976,0,0.9391424619640387,0.0,0.0,0.0,0.0,0.0,0.02413228064948607,0.008937881722031879,0.0,0.0,0.0,0.0,0.0,0.045881126173096975,0.0,0.0,0.0,0.0,0.0070013406822583045,0.0,0.0
014f94a99f59f06cb0713878f48d69c35e0df1c1,0,0.0,0.0,0.017168751595608885,0.0,0.0,0.0,0.017934643860097015,0.0,0.0,0.0,0.0,0.0,0.0,0.01321164156242022,0.0,0.0,0.0,0.0,0.0,0.0,0.025402093438856268
014f9fab183109c421688c042ea1ac3a676556b2,0,0.941908713692946,0.0,0.0,0.028985507246376812,0.0,0.0,0.0,0.0,0.0,0.0,0.0,0.0,0.0,0.0,0.0,0.0,0.0,0.0,0.0,0.0,0.0
014fd38cb4dc3f565a67574a6f546e7c143bbe9e,1,0.9384508990318119,0.0,0.0,0.0,0.0,0.026251426707973258,0.014267079732594163,0.0,0.06774824718734714,0.0,0.0,0.0,0.017120495679112994,0.012555030164682863,0.0,0.0,0.02315343225175281,0.0,0.0,0.0,0.0
014fd7b1a5083f33330cad5de794f28fbb27e929,0,0.9432918395573997,0.0,0.0,0.0,0.0,0.002004008016032064,0.0,0.0,0.0,0.0,0.0,0.0,0.0,0.018668916780930283,0.0,0.0,0.0,0.0,0.0,0.0,0.0
014fde8ec5d4eb7f7a42b9aff0e866173c3415e1,0,0.941908713692946,0.0,0.0,0.0,0.0,0.08732238234404918,0.0,0.0,0.0,0.0,0.0,0.0,0.0,0.0,0.0,0.03008162853975612,0.0,0.0,0.04141892572810642,0.0,0.0
014ffa1daaf22cc65e6658958323bdc79e58b83f,1,0.0,0.0,0.0,0.029364596582425483,0.0,0.0,0.0,0.013161532931482608,0.0,0.0,0.0,0.0,0.0,0.0,0.0,0.0,0.0,0.0,0.09755018525687109,0.0,0.0
014ffdea7d89301bff5b35c05caca6791b108b0e,0,0.9412171507607192,0.0,0.0,0.0,0.0,0.0,0.0,0.0,0.0,0.0,0.0,0.0,0.0,0.0,0.0,0.015156401160915834,0.0,0.0,0.0,0.0,0.0
01502998ebcd3c00fb9fc07f0b59a3974a6cce70,0,0.9412171507607192,0.039344752786296656,0.01241678509985788,0.0,0.0,0.0,0.0,0.0,0.0,0.0,0.0,0.0,0.0,0.0,0.0,0.0,0.0,0.0,0.0,0.024309970828035005,0.0
0150709018bc7824d5e30e0150857007494c8e41,0,0.926002766251729,0.0,0.0,0.0,0.0,0.0,0.0,0.0,0.0,0.0,0.0,0.0,0.0,0.0,0.0,0.0,0.0,0.0,0.0,0.0,0.0
0150a3a041b0e31e599e37927440f79f24ecbf76,1,0.9398340248962656,0.07195216049382716,0.0,0.013310185185185185,0.018132716049382717,0.0,0.0,0.0,0.0,0.0,0.0,0.0,0.0,0.03722993827160494,0.0,0.0,0.0,0.0,0.0,0.0,0.0
0150b9244e4384ebec39908b8f229fd74b488034,1,0.9384508990318119,0.0,0.0,0.0,0.0,0.0,0.0,0.0,0.0,0.026881720430107527,0.0,0.0,0.0,0.0,0.0,0.0,0.0,0.0,0.0,0.0,0.0
0150bd1a94d669a69e27441e56a2408022173d30,0,0.9377593360995851,0.0,0.0,0.0,0.0,0.0,0.0,0.0,0.0,0.0,0.0,0.0,0.0,0.0,0.0,0.0,0.0,0.0,0.0,0.0,0.0
0150cc3699687e16fb8fb67fceb8727d65a573a9,0,0.9405255878284924,0.0,0.0,0.0,0.0,0.0,0.013940685491031788,0.0,0.0,0.0,0.0,0.0,0.0,0.0,0.0,0.0,0.0,0.0,0.0,0.0,0.0
01510348b344c071a7dc4a2ab2b3e3384b1a0761,1,0.0,0.0,0.0,0.0,0.0,0.0,0.019801980198019802,0.0,0.0,0.09900990099009901,0.0,0.0,0.0,0.0,0.0,0.0,0.0,0.0,0.0,0.0,0.0
015120d1c3db34807e78d6f2212cb98372271910,1,0.9488243430152143,0.0,0.0,0.0,0.0,0.0,0.0,0.0,0.0,0.0,0.0,0.0,0.0,0.0,0.0,0.0,0.0,0.0,0.0,0.0,0.0
0151392bcc5bd8a3032b8c5527ab336f784bd337,0,0.941908713692946,0.0,0.028061477441745166,0.0,0.0,0.0,0.01219633118492811,0.0,0.013584531482399603,0.0,0.0,0.0,0.01893901834407536,0.0,0.0,0.0,0.0,0.02389687654933069,0.0,0.0,0.0
01513d1fcb27357ad175ec06086966ed10e6409a,1,0.9377593360995851,0.0,0.0,0.026629292221443588,0.0,0.0,0.007408148963860247,0.017319050956051657,0.0,0.0,0.0,0.0,0.0,0.017619381319451396,0.012113324657122835,0.014215637200921014,0.0,0.0,0.0,0.0,0.0
015156ffdefe568ceb1ca05e7e2c07a0f65d874c,0,0.9398340248962656,0.0,0.0,0.014679268047456263,0.0,0.0,0.017092298411421677,0.014076010456464911,0.023728131912326565,0.0,0.0,0.0,0.0,0.0,0.0,0.012065151819827067,0.017092298411421677,0.0,0.0,0.0,0.015483611502111402
01515b4163b10aa041a272cc19c92457a6d5ba06,0,0.0,0.029837251356238697,0.0,0.0,0.0,0.0,0.0,0.0,0.0,0.0,0.0,0.0,0.0,0.0,0.0,0.0,0.0,0.0,0.0,0.0,0.0
0152030fb636ab56e808bd13de711e0cd5268506,0,0.9391424619640387,0.06797311855537885,0.011953008772379828,0.0,0.0,0.020314984866362285,0.008721079361822193,0.0,0.0,0.0,0.0,0.0,0.0,0.0,0.0,0.0,0.0,0.0,0.0,0.02806135535833376,0.010978299902529113
01520790fc359c1b411a2306a8b9866e54272037,0,0.9398340248962656,0.0,0.0,0.0,0.0,0.012367253663126763,0.0,0.01451808038714881,0.0,0.0,0.0,0.0,0.0,0.010619706949858853,0.0,0.07810189541605055,0.0,0.0,0.020567280548460815,0.0,0.0
01521e9ba87a0afe9953df4ca1366b2baa547df8,0,0.9363762102351314,0.0,0.0,0.0,0.0,0.0,0.0,0.0,0.0,0.0,0.0,0.017595307917888565,0.0,0.0,0.0,0.0,0.0,0.0,0.0,0.0,0.0
01522aaa343ec5f437b866f4a64b45b9ebf463b1,1,0.9398340248962656,0.0,0.0,0.0,0.0,0.0,0.0,0.0,0.0,0.0,0.0,0.0,0.0,0.0,0.0,0.0,0.0,0.0,0.0,0.0,0.0
01524e29399ff4c75284ff2d3355720014c37825,1,0.0,0.0,0.0,0.0,0.0,0.0,0.0,0.0,0.0,0.0,0.0,0.0,0.0,0.0,0.0,0.0,0.0,0.0,0.0,0.013333333333333334,0.0
01525b8974d672d66a4304c862a3d81dbca7d02f,0,0.9370677731673582,0.008415841584158416,0.030445544554455445,0.0,0.008415841584158416,0.0,0.0,0.0,0.012376237623762377,0.0,0.0,0.0,0.0,0.0,0.0,0.0,0.0,0.0,0.0,0.011138613861386138,0.0
015295caeb3cc05ed830109e5ca7777ebc24b526,0,0.0,0.0,0.021788470267816613,0.0,0.0,0.0,0.0,0.0,0.0,0.0,0.0,0.0,0.0,0.0,0.0,0.0,0.0,0.0,0.0,0.0,0.0
0152bece44340b3480d73055d132f600f698fec5,1,0.9377593360995851,0.0,0.0,0.01562881562881563,0.0,0.0,0.0,0.0,0.0,0.0,0.0,0.0,0.0,0.0,0.0,0.0,0.0,0.0,0.011803011803011803,0.0,0.0
0152d680b07f744f31b5f67844083bba0faf952b,0,0.0,0.010291595197255575,0.0,0.0,0.0,0.0,0.0,0.0,0.0,0.0,0.0,0.0,0.0,0.0,0.0,0.0,0.0,0.0,0.0,0.0,0.0
01530332993751348d4e932735900c5cbf91ed24,0,0.9412171507607192,0.0,0.02238209432454037,0.0,0.0,0.0,0.0,0.0,0.0,0.0,0.0,0.0,0.0,0.0,0.0,0.0,0.0,0.0,0.0,0.0,0.0
01532fd7c89a5ebfabd1375e06ac3468b480beb7,0,0.9612724757952974,0.0,0.025832091405861898,0.0,0.01838052657724789,0.0,0.018877297565822158,0.0,0.0,0.0,0.0,0.0,0.0,0.0,0.0,0.0,0.026825633383010434,0.0,0.0,0.0,0.02136115250869349
015347b1e26d6b5dec65d0944096851b64aaf0a2,0,0.9426002766251729,0.0,0.043740573152337855,0.0,0.017094017094017096,0.0,0.0,0.0,0.0,0.011312217194570135,0.0,0.0,0.0,0.0,0.11827551533433886,0.0,0.0,0.0,0.0,0.0,0.010809451985922574
0153862c985ef4f4ad2bb733f12c923ccf19ff2a,1,0.0,0.0,0.0,0.0,0.0,0.0,0.0,0.0,0.0,0.0,0.0,0.0,0.0,0.0,0.0,0.0,0.0,0.0,0.0,0.0,0.0
0153e55b90f47cd5f602a37db3b4d006092d4d7f,1,0.941908713692946,0.0,0.016771133322039642,0.0,0.0,0.0,0.0,0.0,0.0,0.0,0.0,0.0,0.0,0.0,0.0,0.0,0.0,0.0,0.0,0.0,0.0
0153f765d2d697b691badde788919444ac97660a,0,0.946058091286307,0.0,0.0,0.0,0.011953311770496414,0.0,0.01223456616509633,0.0,0.0,0.0,0.0,0.0,0.0,0.0,0.0,0.0,0.0,0.0,0.0,0.0,0.0
01540fe091e507f3910558d21307f2e34b147110,1,0.9432918395573997,0.011178188899707887,0.013437195715676729,0.020603700097370982,0.0,0.0,0.017098344693281402,0.011645569620253165,0.06118792599805258,0.0,0.0,0.0,0.014761441090555015,0.0,0.0,0.0,0.02543330087633885,0.011372930866601752,0.046037000973709837,0.0,0.0
01543779b73e91850ca3665c0348c4de5de3e117,1,0.0,0.0,0.0,0.0,0.0,0.0,0.0,0.0,0.0,0.0,0.0,0.0,0.0,0.0,0.0,0.0,0.0,0.0,0.0,0.0,0.0
01546c21f710e409d2c82e7dd059d346fe0391a0,0,0.950207468879668,0.0,0.0,0.0,0.0,0.0,0.0,0.0,0.0,0.0,0.0,0.0,0.0,0.0,0.0,0.0,0.0,0.0,0.0,0.0,0.0
01547f5d6ff7381ee73ca98bdf3c8791cf96b4e1,0,0.9432918395573997,0.0,0.03686635944700461,0.0,0.03686635944700461,0.018433179723502304,0.0,0.0,0.0,0.0,0.0,0.0,0.0,0.0,0.02304147465437788,0.0,0.013824884792626729,0.0,0.0,0.0,0.03225806451612903
01548636d9f9caccc7a5377bc880703bc2dbc4df,0,0.9384508990318119,0.0,0.0,0.0,0.0,0.0,0.0,0.0,0.0,0.0,0.0,0.0,0.0,0.005755947812739831,0.0,0.0,0.0,0.0,0.0,0.0,0.0
0154d531806331003f42f519a7740719939770ab,0,0.9412171507607192,0.0,0.0,0.011775957917388965,0.0,0.0,0.0,0.0,0.0,0.0,0.0,0.0,0.0,0.0,0.0,0.0,0.0,0.0,0.0,0.0,0.0
0154fd3b5922b6f05f0bb6d2ae9d1a58bd9fea62,0,0.9432918395573997,0.0,0.012523880280195288,0.0,0.03714710252600297,0.012311611122903842,0.02526002971768202,0.0,0.0,0.04089719097148518,0.0,0.0,0.012806905823250548,0.04783131677633906,0.0,0.0,0.0,0.0,0.0,0.0,0.0
0155070eb3f5409fc017744606b9d773d8c97aa2,0,0.946058091286307,0.0,0.0,0.0,0.0,0.0,0.0,0.0,0.020949263502454993,0.0,0.020949263502454993,0.0,0.0,0.0,0.0,0.0,0.0,0.05973813420621931,0.0,0.0,0.0
0155184d31673174a702a4084f5d318ceda00b8b,0,0.9370677731673582,0.0,0.0,0.014151585249693836,0.0,0.0,0.0,0.013743366444414207,0.0,0.0,0.0,0.0,0.012110491223295687,0.0,0.0,0.0,0.0,0.0,0.0,0.0,0.0
0155a3a7398aa65d8d924c38a74bb444b7cb80d4,0,0.9439834024896265,0.0,0.0,0.0,0.0,0.0,0.0,0.0,0.0,0.0,0.0,0.0,0.0,0.0,0.0,0.0,0.0,0.0,0.02446696959105208,0.0,0.0
0155cca32045bc1ae9ac5c4533b43b4e53c266c4,1,0.9391424619640387,0.012804097311139564,0.0,0.0,0.0,0.0,0.0,0.0,0.0,0.0,0.0,0.0,0.0,0.0,0.0,0.0,0.0,0.0,0.0,0.0,0.0
01564f90902e754ea6ebf6df1b48160b7277a9a2,1,0.9391424619640387,0.0,0.0,0.0,0.0,0.0,0.0,0.0,0.0,0.0,0.0,0.0,0.0,0.0,0.0,0.0,0.0,0.0,0.0,0.0,0.0
0156c12bef990eea037d4e162bde8397dfd47bd1,1,0.9432918395573997,0.0,0.0,0.0,0.0,0.0,0.0,0.0,0.0,0.0,0.0,0.0,0.0,0.0,0.0,0.0,0.0,0.0,0.0,0.0,0.0
015788cdfa2224ecec3cb685a2d62bb914c89b48,0,0.0,0.0,0.0,0.0,0.0,0.0,0.0,0.0,0.0,0.0,0.0,0.0,0.0,0.0,0.0,0.0,0.0,0.0,0.0,0.0,0.0
01579784d5af7cbfddf741e4deecee923413d459,1,0.9370677731673582,0.0,0.0,0.0,0.0,0.0,0.0,0.0,0.0,0.01678404829415531,0.0,0.0,0.0,0.0,0.0,0.0,0.0,0.0,0.0,0.0,0.0
01579c713355b7c0143918735070c4ef1c966bab,1,0.9384508990318119,0.0,0.0,0.0,0.0,0.0,0.0,0.0,0.0,0.0,0.0,0.0,0.0,0.0,0.0,0.0,0.0,0.0,0.0,0.0,0.0
0157d05cf42e54a6632bc71b4bbc4a19eaa65a47,0,0.9377593360995851,0.0,0.0,0.0,0.0,0.0,0.0,0.0,0.0,0.0,0.0,0.0,0.0,0.0,0.0,0.0,0.0,0.0,0.0,0.0,0.0
0157f171467958a823894782a7c787ffc73294b8,1,0.941908713692946,0.0,0.0,0.0,0.0,0.0,0.0,0.0,0.0,0.05209440782479269,0.0,0.0,0.0,0.0,0.03083138422283649,0.0,0.0,0.0,0.0,0.0,0.0
0158799b46f83c31d88dc379bf77181c3e9be76d,0,0.9426002766251729,0.017461793247719216,0.0,0.0,0.0,0.0,0.0,0.0,0.0,0.0,0.0,0.0,0.0,0.0,0.0,0.0,0.0,0.0,0.0,0.0,0.0
0158b0db837a903de1ec9ddb08f971aea84ceccb,0,0.0,0.013506402385546396,0.0,0.0,0.0,0.0,0.0,0.0,0.0,0.0,0.0,0.0,0.0,0.0,0.0,0.0,0.0,0.0,0.0,0.0,0.0
0158bbd4127c3f1a8e4566cc00962bcbf7b7850d,0,0.9391424619640387,0.15443192202254036,0.0,0.0,0.0,0.0,0.0021321961620469083,0.0,0.0,0.0,0.0,0.0,0.0,0.0,0.0,0.0,0.0,0.0,0.0,0.017362168748096252,0.0
0158c646c3b47adcb94437c2aef59a02d66525ac,0,0.9398340248962656,0.0,0.0,0.0,0.0,0.0,0.0,0.0,0.0,0.0,0.0,0.0,0.0,0.0,0.0,0.0,0.0,0.0,0.0,0.0,0.0
0158e0ca27a601cc8bf6a86f520c9a3e5d7bad2c,0,0.9370677731673582,0.0,0.0,0.0,0.015424164524421594,0.0,0.0,0.0,0.0,0.0,0.0,0.0,0.0,0.0,0.0,0.0,0.0,0.0,0.0,0.0,0.016709511568123392
01594a1a7932f6e65fcff40172e28b4636284296,1,0.0,0.0,0.0,0.0,0.0,0.0,0.0,0.0,0.0,0.0,0.0,0.0,0.0,0.0,0.0,0.0,0.0,0.0,0.0,0.0,0.0
015963d5e557a9e172b7b750936033d5931a1795,0,0.9384508990318119,0.011776132086924851,0.02622313949253369,0.0,0.0,0.0,0.0,0.0,0.0,0.0,0.0,0.0,0.0,0.0,0.0,0.0,0.0,0.0,0.0,0.0,0.0
0159d9ae1c8d76ab7fe3aa868a38e1da56cc06ab,1,0.9439834024896265,0.0,0.0,0.0,0.0,0.0,0.0,0.0,0.0,0.0,0.0,0.0,0.0,0.0,0.023545091070635273,0.0,0.0,0.0,0.0,0.0,0.0
0159dbc7037b06650dd033280320ce1268c92baa,0,0.0,0.0,0.0,0.0,0.0,0.010848126232741617,0.0,0.03451676528599606,0.0,0.0,0.0,0.0,0.0,0.004930966469428008,0.0,0.0,0.0,0.0,0.0,0.0,0.0
0159e112251a1e178c9a783d48cf7bff0ce16c63,0,0.0,0.0059755780722265525,0.0,0.0,0.018186541958950378,0.0,0.0,0.0,0.0,0.0,0.0,0.0,0.0,0.0,0.0,0.0,0.0,0.0,0.0,0.0,0.0
0159eb249db4bbeacfe0734ac41b995ae555d78a,0,0.0,0.0,0.0,0.01488214143028366,0.0,0.0,0.0,0.0,0.0,0.0,0.0,0.0,0.0,0.009089093088294047,0.0,0.0,0.0,0.0477427087495006,0.0,0.0,0.0
015a049148b1ee7b0110afdb72ddeb1bd8e7508f,1,0.0,0.0,0.0,0.0,0.0,0.0,0.0,0.0,0.0,0.0,0.0,0.0,0.0,0.0,0.0,0.0,0.0,0.0,0.0,0.0,0.0
015a06fb4a604c549594c19f915b0e378ebb60ef,1,0.9412171507607192,0.0,0.0,0.0,0.02764143632136399,0.03952467062774477,0.0,0.0,0.0,0.025230345302678033,0.0,0.0,0.018858176181865152,0.0,0.05778007405493843,0.0,0.029019202617755962,0.0,0.0,0.0,0.0
015a0c0534709c4b5e663081e7414d33244b7e19,1,0.9398340248962656,0.0,0.0,0.0,0.0,0.0,0.0,0.0,0.0,0.0,0.0,0.0,0.0,0.0,0.0,0.02850664075153871,0.0,0.05604146420472951,0.0,0.0,0.0
015a99b2072cd2dc68c0ca1d2d6c4ad7a3d98ad9,0,0.9405255878284924,0.0,0.0,0.0,0.0,0.0,0.0,0.0,0.0,0.0,0.0,0.0,0.0,0.0,0.0,0.0,0.0,0.0,0.0,0.0,0.0
015abc02b4bb5739576a366c8751b90dc9eed8bd,0,0.9432918395573997,0.0,0.10663983903420524,0.0,0.0,0.0,0.0,0.0,0.0,0.0,0.0,0.0,0.0,0.0,0.0,0.0,0.0,0.0,0.0,0.0,0.0
015aeb0c79553b8702f0602b65d5e265581391be,0,0.9370677731673582,0.0,0.0,0.19213001989412282,0.0,0.0,0.0,0.005631048319115217,0.0,0.0,0.0,0.0,0.03172943992986479,0.008598307313619045,0.0,0.023299726877297096,0.0,0.025120544896651716,0.0,0.0,0.0
015b1447b3edfa2eb5406dcee6f54fb009c22da2,0,0.9467496542185339,0.0,0.07901430842607313,0.0,0.0,0.0246422893481717,0.06422893481717011,0.0,0.0,0.0,0.0,0.0,0.0,0.09332273449920508,0.051987281399046105,0.0,0.0,0.0,0.0,0.013354531001589825,0.0
015b5b8b76c9cac86285c111ffa155366fb40151,0,0.9508990318118948,0.0,0.0,0.0,0.0,0.0,0.1785063752276867,0.0,0.0,0.03066180935033394,0.0,0.0,0.0,0.0,0.0,0.0,0.0,0.0,0.0,0.0,0.0
015b95a261f3243b7b374af685e3e0aac9dea58d,0,0.9453665283540802,0.0,0.0,0.0,0.0,0.0,0.0,0.0,0.0,0.0,0.0,0.0,0.0,0.0,0.0,0.0,0.0,0.0,0.015261350629530714,0.0,0.0
015b99dc3f68c6bdb8abd266a7daead061635ec5,0,0.9508990318118948,0.0,0.0,0.0,0.0,0.0,0.0,0.0,0.0,0.0,0.0,0.0,0.0,0.010562180579216355,0.0,0.0,0.0,0.012947189097103918,0.0,0.0,0.0
015bca33d5f5c9ad6f64a64a289053a4791dbec2,0,0.941908713692946,0.0,0.0,0.045961381561055205,0.03589883056839815,0.0,0.0,0.0,0.0,0.0,0.0,0.0,0.0,0.024748436225183572,0.0,0.0,0.0,0.0,0.0,0.0,0.0
015bd64d83e13fa1052e1f0303fd90c741ef4a31,0,0.9488243430152143,0.0,0.0,0.0,0.0,0.0,0.0,0.0,0.0,0.07160152196471808,0.0,0.0,0.0,0.0,0.0,0.0,0.0,0.0,0.0,0.0,0.0
015bf92766b55e1b9d2d28537463c10bddd955bc,0,0.9377593360995851,0.0,0.0,0.0,0.0,0.0,0.0,0.0,0.0,0.0,0.0,0.0,0.0,0.0,0.0,0.0,0.0,0.0,0.008939455505891914,0.0,0.0
015c01a1d4dca995d388d55856c4b472d9d8488d,0,0.9467496542185339,0.025947187141216993,0.0,0.0,0.0,0.0,0.0,0.03467278989667049,0.01515499425947187,0.0,0.0,0.0,0.0,0.0,0.0,0.0,0.0,0.0,0.0,0.0,0.0
015c06327f04cb692612e952faa23e460b3ba642,0,0.9467496542185339,0.0,0.05249169435215947,0.0,0.0,0.0,0.0,0.0,0.0,0.0,0.0,0.0,0.0,0.0,0.0,0.0,0.0,0.0,0.0,0.0,0.0
015c3eb8ecaed6f8cc714fc20bf90adb26ed4b7b,0,0.9377593360995851,0.0,0.0,0.010098240804203792,0.0,0.0,0.0,0.0,0.0,0.0,0.0,0.0,0.0,0.021658670322138453,0.0,0.0,0.0,0.0,0.07457162440027416,0.0,0.0
015c5d7c57a95fdc8a48543ec70a04a0d4c85a1a,0,0.9578146611341632,0.0,0.0,0.0,0.0,0.01524390243902439,0.0,0.0,0.0,0.0,0.0,0.0,0.0,0.0,0.08841463414634146,0.0,0.0,0.0,0.0,0.0,0.0
015c786f819b912044be7b3f1d03a50e5cc0e6bf,1,0.941908713692946,0.0,0.0,0.0,0.0,0.0,0.0,0.0,0.0,0.0,0.013290298082399848,0.0,0.017467248908296942,0.0,0.0,0.0,0.0,0.0,0.0,0.0,0.0
015c86e010c93a99495fa54cac89b04f65969339,0,0.0,0.0,0.0,0.0,0.0,0.0,0.0,0.0,0.0,0.0,0.0,0.0,0.0,0.0,0.0,0.0,0.0,0.0,0.0,0.0,0.0
015c9cdd4531804e8af6c302db2ff294931f9c67,0,0.9377593360995851,0.0,0.0,0.0,0.0,0.0,0.0,0.0,0.0,0.0,0.0,0.0,0.0,0.0,0.0,0.03781412046270443,0.0,0.0,0.0,0.0,0.0
015cad4ab48ff8615a95abb3d477d236ac431ef4,0,0.9467496542185339,0.0,0.0,0.0,0.0,0.0,0.0,0.0,0.0,0.0,0.0,0.0,0.0,0.0,0.0,0.0,0.0,0.0,0.0,0.0,0.0
015cbd06e9db2948955073b424b5662b5ff451ac,0,0.9412171507607192,0.02370791844476055,0.0,0.0,0.0,0.0,0.0,0.0,0.0,0.0,0.0,0.0,0.0,0.0,0.0,0.0,0.0,0.0,0.0,0.01683262209577999,0.0
015ccee2e1d5eb5477b3b7de6aa04bd96b40f814,0,0.9384508990318119,0.0,0.0,0.05472038484666266,0.01194055493514303,0.0,0.0,0.011682845116398935,0.0,0.0,0.0,0.0,0.019156429859977665,0.019585946224551155,0.014002233485095782,0.0,0.0,0.02370930332445666,0.0,0.0,0.0
015cd6c13cb312a8a68c3202a1f9d9c06fc38e38,0,0.9412171507607192,0.0,0.0,0.039116719242902206,0.0,0.0,0.0,0.06435331230283911,0.0,0.0,0.0,0.0,0.0,0.0,0.0,0.014511041009463722,0.0,0.01892744479495268,0.0,0.0,0.0
015cddbe0d3a0c66f5981c88748288f3d81a7a6d,1,0.0,0.0,0.0,0.0,0.0,0.0,0.0,0.0,0.0,0.0,0.0,0.0,0.0,0.008830950378469302,0.0,0.0,0.0,0.0,0.0,0.0,0.0
015ce521373721c903247ddee08cfcae4fdebe3c,0,0.9398340248962656,0.0,0.007701083856246435,0.0,0.0,0.0,0.0,0.0,0.0,0.0,0.0,0.0,0.0,0.0,0.0,0.0,0.09783228750713063,0.0,0.0,0.0,0.029378208784940102
015d4b77e1c55043cbc1da094465e20fd1f347f7,0,0.9405255878284924,0.0,0.0,0.032047986289631535,0.0,0.0,0.0,0.0,0.0,0.0,0.0,0.0,0.0,0.0,0.0,0.0,0.0,0.0,0.0,0.0,0.0
015d4e626d8cb8fb10de6c0986ed9009c7ec6d04,0,0.9377593360995851,0.0,0.0,0.0,0.0,0.0,0.0,0.0,0.0,0.0,0.0,0.0,0.00416426704469942,0.0,0.0,0.0,0.0,0.0,0.0,0.0,0.0
015d812002a0ef53dace754c2d3adbca3a0896cc,0,0.9370677731673582,0.0,0.0,0.0,0.0,0.0070921985815602835,0.0,0.0,0.0,0.0,0.0,0.0,0.0,0.0,0.0,0.0,0.0,0.0,0.0,0.030141843971631204,0.0
015dd72984bc2566a651d5b6a447fa66d61c06dd,0,0.9398340248962656,0.0,0.0,0.0,0.0,0.0,0.0,0.0,0.0,0.0,0.0,0.0,0.0,0.0,0.0,0.0,0.0,0.0,0.0,0.0,0.0
015ddeeafed43ef45cad1bd38c6ba4086be5c34a,0,0.9398340248962656,0.0,0.0,0.0,0.0,0.0,0.0,0.0,0.0,0.0,0.0,0.0,0.0,0.0,0.0,0.0,0.0,0.0,0.0,0.0,0.0
015e099b6b1583766397778996fa360072bd55f4,0,0.0,0.0,0.014684287812041116,0.0,0.0,0.00881057268722467,0.0,0.0,0.0,0.0,0.0,0.0,0.0,0.0,0.007342143906020558,0.0,0.0,0.0,0.0,0.0,0.005873715124816446
015ed1825f1131eb1d454fe24bd2381e2e718c75,0,0.9398340248962656,0.08709556057185854,0.0,0.0,0.031038374717832957,0.0,0.0,0.0,0.0,0.0,0.0,0.0,0.0,0.0526711813393529,0.0,0.0,0.08972911963882618,0.0,0.0,0.0,0.0
015f2cc8fd3b384183237ead7396a34270597a53,0,0.9412171507607192,0.0,0.0,0.0,0.0,0.0,0.0,0.0,0.0,0.0,0.0,0.0,0.0,0.0,0.0,0.0,0.018615325768200942,0.0,0.0,0.0,0.0
015f7cf6c06cf40877737bf425d7ab84f0cd281c,1,0.9370677731673582,0.0,0.0,0.17829457364341086,0.0,0.0,0.0,0.0,0.0,0.0,0.0,0.0,0.0,0.0,0.0,0.0,0.0,0.0,0.0,0.0,0.0
015f9b577ed9b574cafc19da3ced4d11ee7afcf0,1,0.9412171507607192,0.0,0.015610878317311642,0.0,0.0,0.024073617615643743,0.0,0.0,0.011995727549092105,0.08963930654835264,0.0,0.0,0.0,0.0,0.03335798208857119,0.0,0.0,0.0,0.0,0.0,0.007148139018979541
015fdcf4a802e788012bd16c0fe31c61af9c7020,0,0.9391424619640387,0.0,0.0,0.09176029962546817,0.0,0.0,0.0,0.0,0.0,0.0,0.0,0.0,0.0,0.0,0.0,0.0,0.0,0.0,0.0,0.0,0.0
01600cfcb233e1bb1a869c68f84e9f735c6c95de,0,0.9426002766251729,0.0,0.0,0.0,0.0,0.0,0.008936292879792447,0.0,0.07941769962525223,0.010089362928797925,0.0,0.0,0.0,0.0,0.0,0.0,0.0,0.0,0.0,0.0,0.0
01600f281e4a5297862cb8790d0dd2247e83182a,0,0.941908713692946,0.012024825446082235,0.0,0.0,0.07602792862684252,0.0,0.0,0.0,0.0,0.0,0.0,0.0,0.0,0.009309542280837859,0.0,0.0,0.0,0.0,0.0,0.0,0.0
0160128cb7060943fed26f8862564690eb5d11fa,0,0.9370677731673582,0.0,0.0,0.0,0.0,0.0,0.0,0.0,0.0,0.0,0.0,0.0,0.0,0.0,0.0,0.0,0.0,0.0,0.0,0.0,0.0
01603ef83be6b174187fbf072c47dfc7aa7e2064,0,0.9384508990318119,0.0,0.0,0.0,0.012783265543288786,0.0,0.0,0.0,0.0,0.0,0.0,0.01220220801859384,0.0,0.047356188262638,0.0,0.0,0.0,0.0,0.0,0.0,0.022370714700755374
01603fe9dcdd6bcd8f2f8d1d97fcbcc257756000,1,0.0,0.0,0.0,0.0,0.0,0.0,0.0,0.0,0.0,0.0,0.0,0.0,0.0,0.0,0.0,0.0,0.0,0.0,0.0,0.0,0.0
0160577feda99e3217e7658f0ec7e71974ebf05b,0,0.9578146611341632,0.0,0.0,0.0,0.0,0.0,0.0,0.0,0.0,0.0,0.0,0.0,0.0,0.0,0.0,0.0,0.0,0.0,0.0,0.0,0.0
0160b732271f6fc1a5c55596f36ff375bb767543,0,0.9515905947441217,0.044968347522375024,0.0,0.0,0.017900021829294913,0.0,0.020956123117223315,0.0,0.0,0.013315869897402313,0.0,0.0,0.0,0.0137524557956778,0.0,0.0,0.0,0.0,0.0,0.0,0.0
0160d20716c9d06861099b52f47c8396eaeeec8f,0,0.9391424619640387,0.06339251663206068,0.05015043010297047,0.0,0.02131446247722361,0.0162930632653926,0.0,0.040404254417560063,0.010275859146574008,0.0,0.0,0.0,0.009915674392982753,0.0,0.028941904317979574,0.0,0.0,0.0,0.0,0.0,0.0
0160ebaa6b95c804b4e8b9c14ad7dc01e2636755,1,0.0,0.0,0.0,0.0,0.0,0.0,0.0,0.0,0.0,0.007023632457445051,0.015782515286729467,0.0,0.0,0.0,0.0,0.0,0.0,0.0,0.0,0.0,0.0
0160f273976b7b69a6aefcea2368081ecdb07ee3,0,0.9398340248962656,0.019126819126819128,0.0,0.0,0.0,0.0,0.0,0.0,0.0,0.0,0.0,0.0,0.0,0.0,0.0,0.0,0.0,0.0,0.0,0.0,0.0
016157db5318497ae399f5fa72ed45fc8499a766,1,0.9488243430152143,0.0,0.0,0.0,0.0,0.0,0.0,0.0,0.0,0.0,0.0,0.0,0.0,0.0,0.0,0.0,0.0,0.0,0.0,0.0,0.0
01618456b9f8fa1d9aa1bd6d7f189dbd4875d649,0,0.9495159059474412,0.0,0.0,0.0,0.0,0.0,0.0,0.0,0.0,0.0,0.0,0.0,0.0,0.0,0.0,0.0,0.0,0.0,0.0,0.0,0.0
0161868b146ee022c3589b75be9a18875f325053,1,0.9405255878284924,0.0,0.0,0.0,0.0,0.11336032388663968,0.0,0.0,0.0,0.0,0.0,0.0,0.0,0.0,0.0,0.0,0.0,0.0,0.0,0.0,0.0
0161a28743b7788362da18e7a525c669388a1452,0,0.9412171507607192,0.0,0.0,0.0,0.02074391988555079,0.024606580829756794,0.03547925608011445,0.0,0.0,0.0,0.0,0.0,0.021602288984263234,0.009012875536480686,0.0,0.0,0.0,0.0,0.0,0.0,0.0
01620d7246fe93b9e75ac605383db7081aabe666,1,0.9446749654218534,0.0,0.0,0.0,0.021666666666666667,0.0,0.0,0.0,0.0,0.0,0.0,0.0,0.0,0.0375,0.0,0.0,0.015,0.0,0.0,0.0,0.0
01621a47f9ab39d18d68baf8d2c8854f221a8ba9,0,0.9412171507607192,0.0,0.0,0.0,0.0,0.0,0.027472043673505326,0.0,0.0,0.0,0.0,0.0,0.0,0.0,0.0,0.0,0.0,0.0,0.0,0.0,0.0
01622b7e01098ca797a9d2b36dbda1a78f4f4aa0,0,0.9384508990318119,0.05948215535339398,0.0,0.0,0.03358992302309307,0.0,0.0,0.0,0.0,0.030090972708187544,0.0,0.0,0.0,0.0,0.0,0.0,0.0,0.0,0.0,0.0,0.021693491952414275
016250359636b4b6ab98f0450f6dee5096dec8ba,0,0.0,0.0,0.0,0.0,0.0,0.0,0.0,0.0,0.0,0.0,0.0,0.0,0.0,0.0,0.0,0.0,0.0,0.0,0.0,0.0,0.0
0162a7de2fe7f0ac94a4621aeef156e5f0518cc2,1,0.9398340248962656,0.0,0.020890599230346345,0.0,0.0,0.0,0.0,0.0,0.0,0.0,0.0,0.0,0.0,0.0,0.0,0.0,0.0,0.0,0.0,0.0,0.0
0162cf1e8796453f432ae37f031a1df2fb8d9db9,0,0.9481327800829875,0.0,0.01838353521277736,0.0,0.0,0.0,0.0,0.0,0.020580984028298853,0.0,0.0,0.0,0.01650766427269804,0.0,0.0,0.0,0.0,0.0,0.0,0.0,0.0
01634d6c6c98818e4fc39b944fe87b47a349f5bf,0,0.9439834024896265,0.0,0.0,0.0,0.0,0.0,0.0,0.0,0.0,0.0,0.0,0.0,0.0,0.0,0.0,0.0,0.0,0.0,0.0,0.0,0.0
016376005f010773d53628593efcfb20be1aa557,1,0.9536652835408023,0.021831412977562158,0.017889630078835657,0.0,0.0,0.0,0.0,0.0,0.0,0.0,0.0,0.0,0.0,0.0,0.0,0.0,0.017889630078835657,0.0,0.0,0.028805336567616736,0.0
0163bfe6310af0a3435775341a509b1adf0109b9,1,0.9377593360995851,0.0,0.0,0.0,0.010767160161507403,0.0,0.0,0.013458950201884253,0.0,0.0,0.0,0.0,0.0,0.0,0.02288021534320323,0.0,0.0,0.0,0.0,0.0,0.0
0163efbc316f1f4b8be24a10a22ecb977eeb0f31,1,0.9253112033195021,0.02825174825174825,0.0,0.0,0.0,0.0572027972027972,0.011258741258741259,0.0,0.0,0.0,0.0,0.0,0.005944055944055944,0.0,0.0,0.0,0.0,0.0,0.0,0.0,0.0
016436c4c74298036a4ffec28ca51c6ba29b39ce,0,0.9384508990318119,0.0,0.0,0.0,0.0,0.0,0.0,0.0,0.0,0.0,0.0,0.0,0.0,0.0,0.0,0.0,0.0,0.0,0.0,0.0,0.0
01643ab856c80f95088dbca92c18544b52b1637b,1,0.9377593360995851,0.0,0.0,0.0,0.05128205128205128,0.0,0.0,0.0,0.0,0.0,0.0,0.0,0.0,0.0,0.05128205128205128,0.0,0.0,0.0,0.0,0.0,0.0
01643fc028885378d4df552c2d97b3cfa32940c2,1,0.9467496542185339,0.0,0.0,0.0,0.0,0.0,0.0,0.0,0.0,0.0,0.0,0.0,0.0,0.0,0.0,0.0,0.0,0.0,0.0,0.0,0.0
0164a22bb3fc2a3c6b4228e5c3e97ea5512540b6,0,0.0,0.048842161298908705,0.013774287995741282,0.0,0.029611392068139473,0.0,0.012376896459941443,0.0,0.0,0.0,0.0,0.0,0.0,0.0,0.0,0.0,0.04990684056428001,0.0,0.0,0.0,0.01763375033271227
0164cc169522774aed56c4a99c3273db1eff3e27,0,0.9405255878284924,0.0,0.0,0.0,0.0,0.0,0.0,0.0,0.0,0.0,0.0,0.0,0.0,0.0,0.0,0.0,0.0,0.0,0.0,0.0,0.0
0164dffa86f7da4770d51c76d862a2e4346c8e81,1,0.966804979253112,0.0,0.0,0.0,0.0,0.0,0.0,0.0,0.0,0.0,0.0,0.0,0.0,0.0,0.0,0.0,0.0,0.0,0.0,0.0,0.0
0165293c2d6d7c19bc9554315bb3bd5221529762,0,0.0,0.0,0.0,0.0,0.0,0.0,0.0,0.0,0.0,0.0,0.0,0.0,0.0,0.0,0.0,0.0,0.0,0.0,0.0,0.0,0.0
0165565d96b6b905470e6371b704aa54e0a579cc,0,0.9370677731673582,0.03419605739573555,0.0,0.0,0.0,0.007643824594340888,0.03788386750704036,0.0,0.09118948638862813,0.017869116266595146,0.0,0.0,0.0,0.0,0.0,0.0,0.0,0.019176612578785033,0.0,0.0,0.0
01655ae83e6c679cc4af56f08e40266ede7826ae,0,0.9474412171507607,0.0,0.0,0.0,0.0,0.0,0.0,0.0,0.0,0.0,0.0,0.0,0.0,0.0,0.0,0.0,0.0,0.0,0.0,0.0,0.021052631578947368
01659ce5cb6acc0209e1da49502c966d4d997e7a,0,0.0,0.0,0.0,0.0,0.0,0.0,0.0,0.0,0.0,0.0,0.0,0.0,0.0,0.0,0.0,0.0,0.0,0.0,0.0,0.0,0.0
0166314dae00319f4a437672f6424fa6610a83cf,0,0.9474412171507607,0.040441509092554055,0.0,0.0,0.0,0.01547091287433276,0.16049941192436443,0.0,0.03890346512259115,0.0,0.0,0.0,0.0,0.031484664796887725,0.0,0.0,0.0,0.0,0.0,0.0,0.0
01663afcf567974d462525f24eadc988197c8850,0,0.9481327800829875,0.0,0.0,0.0,0.0,0.0,0.0,0.0,0.0,0.02135561745589601,0.0,0.0,0.0,0.0,0.0,0.0,0.0,0.0,0.0,0.0,0.0
0166779b1917b15e476282e39c4f258e7938de89,0,0.9481327800829875,0.0,0.0,0.0,0.0,0.0,0.0,0.0,0.0,0.0,0.0,0.0,0.0,0.0,0.0,0.0,0.0,0.0,0.0,0.0,0.0
01667abcebb8f51f35eec2594415be5651fd5def,1,0.9391424619640387,0.0,0.0,0.0,0.0,0.0384967919340055,0.0,0.0,0.0,0.0,0.0,0.0,0.0,0.0,0.09899175068744272,0.0,0.0,0.0,0.0,0.0,0.0
01668a5292829b9d7f2c2a1309049e979fcd3f80,0,0.9446749654218534,0.0,0.0,0.0,0.0,0.0,0.0,0.0,0.0,0.0,0.0,0.0,0.0,0.0,0.0,0.0,0.0,0.0,0.0,0.0,0.0
0166be7e4a8f39c5551c04cc320b789feacb573e,0,0.9384508990318119,0.0,0.0,0.0,0.0,0.0,0.0,0.0230803373280071,0.0,0.0,0.0,0.0,0.0,0.0,0.0,0.0,0.0,0.0,0.0,0.0,0.0
016744207a7f7d0ae3f0f3d0e76dc439148b8cf6,0,0.9391424619640387,0.0,0.0,0.0,0.0,0.0,0.0,0.0,0.0,0.0,0.0,0.0,0.0,0.051094890510948905,0.0,0.0,0.0,0.0,0.0,0.0,0.0
01678e9f7c012c9cb273adc9e6c9ff2b78e6c0d3,0,0.9370677731673582,0.0,0.03673360642088787,0.0,0.0,0.043694008725480404,0.0,0.0,0.0,0.0,0.0,0.0,0.0,0.007992806474173244,0.0,0.0,0.008625570320045293,0.0,0.0,0.0,0.019882106104505946
0167c6f922db9942e3f4adaa35f1f16dbd0900c8,1,0.0,0.0,0.0,0.0,0.0,0.0,0.009068425391591096,0.05935696619950536,0.0,0.021434460016488046,0.0,0.0,0.010717230008244023,0.008244023083264633,0.0,0.0,0.0,0.0,0.0,0.0,0.0
0167d7c84e8202d3b8339dbb801c0ecadd1156e5,0,0.9412171507607192,0.04957945993802568,0.0,0.0,0.0,0.0,0.0,0.0,0.0,0.0,0.0,0.0,0.0,0.0,0.0,0.0,0.0,0.0,0.0,0.0,0.0
0168346aff5b7a7532d3ab3dbc97ab36593c703a,0,0.9585062240663901,0.0,0.0,0.0,0.0,0.0,0.0,0.0,0.0,0.0,0.0,0.0,0.0,0.0,0.0,0.0,0.0,0.0,0.0,0.0,0.0
0168511a44048cb0df823d195d66ffb021b36e73,0,0.0,0.0,0.0,0.0,0.0,0.0,0.0,0.0,0.0,0.023676880222841225,0.0,0.0,0.0,0.0,0.0,0.0,0.0,0.0,0.0,0.019846796657381614,0.018454038997214484
016866954cd0f36d272a3dbc4e652018fdf8b0d5,0,0.9412171507607192,0.0,0.010980392156862745,0.0,0.0,0.14679738562091504,0.0,0.0,0.0,0.14954248366013073,0.0,0.0,0.0,0.0,0.0,0.0,0.0,0.0,0.0,0.0,0.016862745098039214
0168ae5b7ac047bd9bed91a406ffffd04846198f,0,0.941908713692946,0.0,0.0,0.0,0.02556818181818182,0.0,0.0,0.0,0.0,0.0,0.0,0.0,0.0,0.0,0.0,0.0,0.0,0.0,0.0,0.0,0.0
0168bb5e221806846ee8ceebe3173e649a95c340,1,0.9474412171507607,0.0,0.0,0.0,0.0,0.0,0.0,0.0,0.0,0.0,0.0,0.0,0.0,0.0,0.0,0.0,0.0,0.0,0.0,0.0,0.0
016909e8fbbe863bcf5871c89e3ee4e2d3a20e06,0,0.9370677731673582,0.0,0.0,0.0,0.007751937984496124,0.0,0.007751937984496124,0.0,0.0,0.0,0.0,0.0,0.023255813953488372,0.031007751937984496,0.0,0.0,0.0,0.0,0.0,0.0,0.0
01692596c8d4acd349e079fab848c47f541592d1,1,0.9426002766251729,0.0,0.009566968781470292,0.0,0.019637462235649546,0.0,0.0,0.0,0.0,0.155337361530715,0.0,0.0,0.0,0.0,0.0,0.0,0.0,0.0,0.0,0.0,0.0
01697b96af935aac7d827ca3a279b1fa45c6ca1b,1,0.9446749654218534,0.0,0.0,0.0,0.0,0.0,0.0,0.0,0.0,0.0,0.0,0.0,0.0,0.012626262626262626,0.0,0.0,0.0,0.0,0.0,0.05176767676767677,0.027777777777777776
0169cfa637a59ab654efdbe5fce27c14edf6be5a,0,0.0,0.0,0.0,0.0,0.0,0.0,0.0,0.0,0.0,0.0,0.0,0.0,0.0,0.0,0.0,0.0,0.0,0.0,0.0,0.0,0.0
0169d3e54b6eba3eff0040b5b0178b895e0c8332,0,0.9384508990318119,0.0,0.0,0.0,0.0,0.0,0.0,0.0,0.0,0.0,0.008120178643930167,0.020706455542021926,0.0,0.0,0.0,0.0,0.0,0.0,0.0,0.0,0.0
016a385e869b4fe24449b8009b84b45b694e72e1,1,0.9356846473029046,0.0,0.0,0.0,0.0,0.0,0.0,0.0,0.0,0.0,0.0,0.0,0.0,0.0,0.0,0.0,0.0,0.0,0.0,0.0,0.0
016a7b52f5eed54f7f40f63d844cd0b32f7d6d34,0,0.9412171507607192,0.2932636469221835,0.036585365853658534,0.0,0.0,0.010452961672473868,0.0,0.0,0.0,0.0,0.0,0.0,0.0,0.0,0.0,0.0,0.0,0.0,0.0,0.03484320557491289,0.0
016ad63e7440b516e7341418a1244ac6c036e05c,0,0.9495159059474412,0.022262656534303756,0.0,0.0,0.0,0.0,0.03606978486567484,0.018409504441828105,0.0,0.012469228299261479,0.0,0.0,0.0,0.0,0.0,0.0,0.0,0.0,0.0,0.0,0.0
016b24b93811b61a4237840de0bc45607cfdba04,0,0.9391424619640387,0.0,0.0,0.0,0.0,0.0,0.0,0.0,0.0,0.0,0.0,0.0,0.0,0.0,0.0,0.0,0.0,0.0,0.0,0.02215018908698001,0.0
016b2a2d984ed60aa2c2207b7281a5fbd906019c,1,0.0,0.0,0.0,0.0,0.0,0.0,0.0,0.0,0.0,0.0,0.0,0.0,0.0,0.012658227848101266,0.0,0.0,0.0,0.0,0.0,0.0,0.0
016b6ea031ea9506f77dafaf74b1b8873f67994f,1,0.9266943291839558,0.0,0.0,0.0,0.0,0.0,0.0,0.0,0.0,0.0,0.0,0.0,0.0,0.0,0.0,0.0,0.0,0.0,0.0,0.0,0.0
016bb6e240cc66babd1f51a5fddd0c2ffe1686ee,1,0.941908713692946,0.0,0.0,0.0,0.060757839721254356,0.0,0.0,0.0,0.0,0.0,0.0,0.0,0.0,0.0,0.0,0.0,0.0,0.0,0.0,0.0,0.010452961672473868
016beb89b205977ac7e34859bada3af9bd03fc36,0,0.9356846473029046,0.015873015873015872,0.0,0.0,0.045351473922902494,0.0,0.0,0.031746031746031744,0.0,0.0,0.0,0.0,0.0,0.0,0.0,0.0,0.0,0.0,0.0,0.0,0.0
016c0eb4cb7f57f96d4e2e1c55235c3f14589e45,1,0.9384508990318119,0.013392857142857142,0.0,0.0,0.0,0.0,0.0,0.0,0.0,0.0,0.0,0.0,0.0,0.0,0.0,0.0,0.028003246753246752,0.0,0.0,0.0,0.10551948051948051
016c3682492c5d7855d330896cb122d1b73ba6a1,0,0.9446749654218534,0.0,0.010820332159033719,0.0,0.038626069451434326,0.04353296426774031,0.0,0.0,0.0,0.02415702063412179,0.0,0.0,0.0,0.0,0.0,0.0,0.009687971816809261,0.0,0.0,0.0,0.028938097634625064
016c45b4bef96908f23601d477d902e46db1f54a,1,0.9384508990318119,0.0,0.0,0.0,0.0,0.0,0.0,0.0,0.0,0.0,0.0,0.0,0.0,0.0,0.0,0.0,0.0,0.0,0.0,0.0,0.0
016c7d96deddc7c42764aec08354d18dbf1ae8ca,0,0.9412171507607192,0.041854029747492215,0.0,0.0,0.0,0.0,0.021272915946039434,0.0,0.0,0.0,0.0,0.0,0.0,0.0,0.0,0.0,0.0,0.0,0.0,0.0,0.0
016ca7bed43e74dca95c5ab9c85905030c42da9c,1,0.9377593360995851,0.0,0.0,0.0,0.013437364542696142,0.0,0.0,0.0,0.0,0.0,0.0,0.0,0.0,0.04204594711746858,0.0,0.0,0.0,0.0,0.01950585175552666,0.0,0.0
016cb0078ab2e915e979de5d9be8eb817fd5b271,0,0.9453665283540802,0.0,0.0,0.0,0.0,0.0,0.0,0.0,0.0,0.0,0.0,0.0,0.0,0.0,0.0,0.0,0.0,0.0,0.0,0.0,0.030381316523716027
016cb5d9cbd8ebb107a80fed8ad74f1218e6f953,0,0.9370677731673582,0.0,0.0,0.0,0.0,0.0,0.0,0.0,0.0,0.0,0.0,0.0,0.0,0.0,0.0,0.0,0.0,0.0,0.0,0.0,0.0
016cd4484e7e0798d35efb12f24417f683ca0ae2,0,0.0,0.0,0.0,0.0,0.0,0.0,0.08681177976952625,0.009645753307725139,0.0,0.0,0.0,0.0,0.039009816474605205,0.0,0.0,0.0,0.0,0.019462227912932138,0.0,0.0,0.0
016d53d9cb5d1a3bbe07854edbc996d6e116f97e,0,0.941908713692946,0.024242424242424242,0.0,0.0,0.0,0.0,0.0,0.0,0.0,0.024242424242424242,0.0,0.0,0.0,0.0,0.0,0.0,0.0,0.0,0.0,0.0,0.0
016d671aa7af49878dcdbd809270cd6587cdc690,1,0.0,0.0,0.03902439024390244,0.0,0.0,0.0,0.0,0.0,0.0,0.0,0.0,0.0,0.0,0.0,0.0,0.0,0.0,0.0,0.0,0.0,0.0
016d81ca10249c56889824139de21b655d94e4de,0,0.0,0.0,0.0,0.0,0.0,0.0,0.021268163804491414,0.0,0.0,0.0,0.0,0.0,0.0,0.0,0.0,0.0,0.0,0.0,0.0,0.0,0.0
016da680c9151638855f7b19670ba73d145f755e,1,0.9515905947441217,0.0,0.014063284781516826,0.0,0.0,0.0,0.0,0.0,0.0,0.0,0.0,0.0,0.0,0.0,0.0,0.0,0.0,0.0,0.0,0.0,0.0
016dc6a73f253fea8ed70a00f57e9df8a0a3dceb,0,0.9426002766251729,0.0,0.037285607755406416,0.0,0.0,0.0,0.023365647526721354,0.0,0.0,0.0,0.0,0.0,0.0,0.0,0.0,0.0,0.0,0.0,0.0,0.0,0.0
016dd621303ab029ff669995e386bc174a1da603,1,0.9377593360995851,0.0175054704595186,0.06236323851203501,0.0,0.0,0.0,0.0,0.0,0.0,0.0,0.0,0.0,0.0,0.0,0.0,0.0,0.0,0.0,0.0,0.0,0.05798687089715536
016dfe183563b7f89efc7176ee26d28d8819f88b,0,0.9550484094052559,0.0,0.03648489603766183,0.0,0.013338564142801098,0.0,0.0,0.0,0.0,0.0,0.0,0.0,0.0,0.0,0.0,0.0,0.0,0.0,0.0,0.0,0.0
016dfebee3b09014b11273308d89a8c8b8fb5368,0,0.0,0.0,0.0,0.0,0.0,0.0,0.0,0.0,0.0,0.0,0.0,0.0,0.0,0.0,0.0,0.0,0.0,0.0,0.0,0.0,0.0
016e005a69a0e3ffcb9030d2cb2bbf7bf8b553b1,0,0.9446749654218534,0.0,0.0,0.0,0.0,0.0,0.0,0.0,0.0,0.0,0.0,0.0,0.0,0.0,0.0,0.0,0.0,0.0,0.0,0.0,0.0
016e3b22b60346098fbcdc1e1bc39165fc039220,0,0.0,0.0,0.0,0.0,0.0,0.0,0.0,0.004285714285714286,0.0,0.0,0.0,0.0,0.0,0.0,0.0,0.0,0.0,0.0,0.0,0.0,0.0
016e71842a7d308ef0d53f5d925569cc14f571bf,0,0.9412171507607192,0.04404061307637586,0.0,0.0,0.0,0.0,0.0,0.0,0.0,0.0,0.0,0.0,0.0,0.0,0.0,0.0,0.0,0.0,0.0,0.0,0.0
016e987d4bf5244cca73477e44046515211a0760,1,0.9384508990318119,0.0,0.027160493827160494,0.019753086419753086,0.022839506172839506,0.0,0.0,0.0,0.0,0.0,0.0,0.0,0.07037037037037037,0.0,0.0,0.0,0.0,0.0,0.0,0.0,0.03148148148148148
016ee5c57c916d4e4f09b91fd29982eae86735a9,0,0.9398340248962656,0.0,0.0,0.0,0.0,0.0,0.0,0.012853470437017995,0.0,0.0,0.0,0.0,0.02474293059125964,0.0,0.0,0.0,0.0,0.0,0.0,0.0,0.0
016ee9490c2a8e5b1b0dd65973a5d06c5b6e3cb4,0,0.9356846473029046,0.0,0.0,0.0,0.0,0.0,0.0,0.0,0.0,0.0,0.0,0.0,0.0,0.0,0.0,0.0,0.0,0.0,0.0,0.0,0.0
016eeaa14c9c57a320666c23c63173c1a13904a8,0,0.9363762102351314,0.0,0.0,0.0,0.0,0.0,0.0,0.0,0.0,0.0,0.0,0.0,0.0,0.0,0.0,0.0,0.0,0.0,0.0,0.0,0.0
016f232509fadaf1b7b14da3808706711ca09c76,0,0.0,0.0,0.0,0.0,0.0,0.0,0.0,0.017187157171067065,0.05302420829371755,0.0,0.0,0.0,0.0,0.0,0.01060484165874351,0.0,0.0,0.0,0.0,0.0,0.0
016f7d662a2428aa77d8ffde71385fd49182e125,1,0.9391424619640387,0.0,0.0,0.0,0.0,0.021756434067391882,0.0,0.0,0.0,0.0,0.0,0.0,0.0,0.0,0.0,0.0,0.0,0.0,0.0,0.0,0.09498540726983284
0170878d7f3f0d843b8f64c2ac75cb787cb29ed5,0,0.9405255878284924,0.0,0.0,0.0,0.0,0.01574993942330991,0.045190210806881514,0.0,0.0,0.0,0.0,0.0,0.0,0.0,0.0,0.0,0.0,0.0,0.0,0.0,0.0
0170a1da6197d80d3f0fee28b9a1ef0bac3760ff,1,0.9363762102351314,0.0,0.0,0.0,0.0,0.0,0.0,0.0,0.0,0.0,0.03208556149732621,0.0,0.0,0.0,0.0,0.0,0.0,0.0,0.0,0.0,0.0
0170bd44936cc08340d3b57a22579e4d9d9b7ae8,0,0.9377593360995851,0.0,0.0,0.024452658515780493,0.026869491043502985,0.0,0.0,0.0,0.0,0.0,0.0,0.0,0.0,0.0,0.0,0.0,0.0,0.0,0.0,0.0,0.0
0170d46119b896cf3322f3fbeca5ebd968195bd2,0,0.941908713692946,0.0,0.030703166935050992,0.0,0.0,0.0,0.0,0.0,0.0,0.0,0.0,0.0,0.0,0.0,0.0,0.0,0.0,0.0,0.0,0.0,0.0
0170fff2a9c649517ff1b2c57fb9bb374925a2ae,1,0.9377593360995851,0.010701178288584122,0.0,0.0,0.0,0.0,0.0,0.0,0.0,0.0,0.0,0.0,0.0,0.0,0.0,0.0,0.0,0.0,0.0,0.0,0.008653660421093298
01711073556871588bc60c690d6e3021aebaaefd,0,0.9391424619640387,0.0,0.0,0.0,0.0,0.0,0.0,0.0,0.0,0.0,0.0,0.13745334205564322,0.0,0.0,0.0,0.0,0.0,0.0,0.0,0.0,0.0
0171213cd75b865ddc6fa843254854bc89422550,1,0.9432918395573997,0.0,0.0,0.0,0.0,0.0,0.0,0.0,0.0,0.0,0.0,0.0,0.0,0.0,0.0,0.0,0.0,0.0,0.0,0.0,0.0
01712ca0e3ee597d8ed374bd3d983a3d084a687a,0,0.9363762102351314,0.0,0.0,0.0,0.0,0.0,0.0,0.0,0.0,0.0,0.0,0.0,0.007279860505666957,0.0,0.0,0.0,0.0,0.032955536181342636,0.05719267654751526,0.0,0.0
0171849954255ed2510a2ff59f7319a4aa78d804,1,0.9405255878284924,0.0,0.01335559265442404,0.01523372287145242,0.09015025041736227,0.030884808013355594,0.0,0.0,0.0,0.0,0.0,0.0,0.0,0.0,0.0,0.0,0.014607679465776294,0.0,0.0,0.0,0.0
0171d41e0d05cc44d6e7b2e5e4f459565f55d5a4,0,0.0,0.08227021597187344,0.23927674535409343,0.0,0.0,0.0,0.0743345052737318,0.0,0.0,0.0,0.0,0.0,0.0,0.0,0.0,0.0,0.0,0.0,0.0,0.0467101958814666,0.0
0171e6de31ffd139ef3fc4a60f507e13baf88a9d,0,0.9453665283540802,0.0,0.0,0.0,0.0,0.0,0.05384615384615385,0.0,0.0,0.0,0.0,0.0,0.0,0.0,0.0,0.0,0.0,0.0,0.0,0.0,0.0
01723ded1ff1331f7ce09851aac22b1599441585,0,0.9391424619640387,0.0,0.0,0.0,0.0,0.0,0.0,0.01936619718309859,0.0,0.0,0.0,0.0,0.0,0.0,0.0,0.0,0.0,0.0,0.0357981220657277,0.0,0.0
01726dfd2013ec24c551ca028c4871551d2a26d7,0,0.9377593360995851,0.0,0.0,0.0,0.0,0.0,0.0,0.10760667903525047,0.0,0.0,0.0,0.0,0.0,0.0,0.0,0.06307977736549165,0.0,0.0,0.0,0.0,0.0
017273bb40ca54ccd21c47fdd307c881e32d49f6,1,0.9543568464730291,0.0,0.0,0.0,0.0,0.0,0.0,0.0,0.0,0.0,0.0,0.0,0.0,0.021777777777777778,0.0,0.0,0.0,0.0,0.0,0.0,0.0
0172796ba1226cbd766fcf905399c5cebd9d1e0d,1,0.9398340248962656,0.015177304964539007,0.07900709219858155,0.0,0.022127659574468085,0.0,0.0,0.0,0.0,0.0,0.0,0.0,0.0,0.0,0.0,0.0,0.0,0.0,0.0,0.0,0.0
017282a493e3db18af61db556239ea2ba1e326de,0,0.950207468879668,0.0,0.0,0.0,0.0,0.0,0.0,0.0,0.0,0.0,0.0,0.0,0.0,0.0,0.0,0.0,0.0,0.0,0.0,0.0,0.0
0172a63dfbfec0fe678fbfd9af4258dfb82d0400,0,0.9405255878284924,0.0,0.04589371980676329,0.0,0.0,0.0,0.0,0.0,0.0,0.0,0.0,0.0,0.0,0.0,0.0,0.0,0.0,0.0,0.0,0.0,0.0
0172dcb110c1a2f3b336924c37da0f5b63c1a588,0,0.9405255878284924,0.0,0.0,0.0,0.013862148633038121,0.0,0.0,0.0,0.0,0.0,0.0,0.0,0.0,0.0,0.0,0.0,0.0,0.0,0.0,0.0,0.0
0172e228073895f6171e31d3c2c430e3231732f3,0,0.9391424619640387,0.0,0.0,0.0,0.0,0.0,0.0,0.0,0.0,0.0,0.0,0.0,0.0,0.0,0.0,0.0,0.0,0.0,0.0,0.0,0.0
0172e4867758e5611fa5bd5d608b5d671b865fcb,1,0.9370677731673582,0.022965214454576156,0.0,0.0,0.0,0.0,0.0,0.0,0.0,0.0,0.0,0.0,0.0,0.0,0.0,0.0,0.0,0.0,0.0,0.0,0.0
01735ef2b31f7b9e8dc4d201a69fed9bfbd3ad33,0,0.9363762102351314,0.0,0.0,0.0,0.0,0.0,0.0,0.0,0.0,0.0,0.0,0.0,0.0,0.0,0.0,0.0,0.0,0.0,0.0,0.0,0.0
01736a9742d212a8e2f82bb74b22f1013dac743d,1,0.0,0.0,0.0,0.0,0.0,0.0,0.0,0.0,0.0,0.0,0.0,0.0,0.0,0.0,0.0,0.0,0.0,0.0,0.0,0.0,0.0
01739c490285072699ab8816827c5f086432b40f,0,0.9398340248962656,0.0,0.0,0.0,0.0,0.0,0.0,0.0,0.0,0.0,0.0,0.0,0.0,0.03440793552386857,0.0,0.0,0.0,0.0,0.0,0.0,0.0
01749a4680091cf3725264417e2da896e9205a4f,0,0.0,0.0,0.0,0.0,0.0,0.0,0.0,0.0,0.0,0.0,0.0,0.0,0.0,0.0,0.0,0.0,0.0,0.0,0.0,0.0,0.0
0174b653880c63312a6f2622e85ac38198491d8b,1,0.0,0.0,0.0,0.0,0.0,0.0,0.0,0.0,0.0,0.0,0.0,0.0,0.0,0.0,0.0,0.0,0.0,0.0,0.0,0.0,0.0
0174f25317fa7b9acd406067c2ee65f91679e68c,1,0.9391424619640387,0.032695475858573055,0.0,0.0,0.0,0.0,0.0,0.0,0.0,0.0,0.0,0.0,0.0,0.0,0.0,0.0,0.0,0.0,0.0,0.0,0.013813204916994044
0174ff636084e6edf5ca4e34a0596f64a1593aa1,0,0.9439834024896265,0.0,0.0,0.0,0.0,0.0,0.0,0.0,0.0,0.0,0.0,0.0,0.0,0.0,0.0,0.0,0.0,0.0138136511375948,0.0,0.0,0.0
0175026f3246d44c7ccb23e072843ed1cf34a436,0,0.9508990318118948,0.0,0.07668828691339183,0.0,0.005723006486074018,0.0,0.0,0.0,0.0,0.0,0.0,0.0,0.0,0.0,0.0,0.0,0.0,0.0,0.0,0.013353681800839375,0.0
0175272a088ca0096197543aeb08a4d4401c3c6f,1,0.9377593360995851,0.0,0.0,0.0,0.12605042016806722,0.0,0.0,0.0,0.0,0.0,0.0,0.0,0.0,0.0,0.0,0.0,0.0,0.0,0.0,0.0,0.0
017548f11fc90dfaa2a7bcb9922960113585634c,0,0.9377593360995851,0.013357619914996965,0.0,0.0,0.06557377049180328,0.0,0.0,0.0,0.0,0.0,0.0,0.0,0.0,0.0,0.0,0.0,0.0,0.0,0.0,0.12689738919247115,0.0
0175797b34e29d7cc57985df175df5b146439e84,0,0.9377593360995851,0.0,0.0,0.0,0.0,0.05448139554868093,0.0,0.0,0.0,0.0,0.0,0.0,0.0,0.0,0.0,0.0,0.0,0.0,0.0,0.0,0.0
017594466192f4a32b4b6fe3facb468f2df3eb93,0,0.9495159059474412,0.0,0.023939808481532147,0.0,0.0,0.0,0.0,0.0,0.0,0.0196078431372549,0.0,0.0,0.0,0.0,0.0,0.0,0.0,0.0,0.0,0.0,0.0
0175a1296bb845848da9e4cf8568b4e6b11c13dc,0,0.9398340248962656,0.0,0.0,0.0,0.0,0.0,0.0,0.0,0.0,0.0,0.0,0.0,0.0,0.0,0.0,0.0,0.0,0.0,0.0,0.0,0.0
0175e2a7947e4cf4ebd2c36377219804c23404f7,0,0.941908713692946,0.0,0.0,0.0,0.0,0.0,0.0,0.01713134027544508,0.0,0.0,0.0,0.0,0.0,0.0,0.0,0.10446758481692979,0.0,0.026200873362445413,0.0,0.0,0.0
0175e6186740dc485c3d5ed8fe136a1a8f9e37cf,0,1.0,0.0,0.0,0.0,0.0,0.0,0.0,0.0,0.02225160731384798,0.015731156809994984,0.0,0.0,0.0,0.0,0.0,0.010897815877068989,0.0,0.0,0.0,0.0,0.0
01760a1afde70737fa4dd70394e23690b3238768,0,0.9432918395573997,0.0,0.03772062531517902,0.0,0.0,0.0,0.02319717599596571,0.0,0.0,0.0,0.0,0.0,0.0,0.019062027231467472,0.0,0.0,0.0,0.0,0.0,0.0,0.0
017614e431f5534bf23e996208f592be1ad153fe,0,0.9488243430152143,0.0,0.03776290630975143,0.0,0.0,0.0,0.0,0.0,0.0,0.0,0.0,0.0,0.0,0.0,0.0,0.0,0.0,0.0,0.0,0.0,0.0
017648c0428f75d5271eaadd56781c0771c8a7e0,0,0.9495159059474412,0.0,0.0,0.0,0.0,0.0,0.0,0.0,0.0,0.0,0.0,0.0,0.0,0.0,0.0,0.0,0.0,0.0,0.0,0.0,0.0
01767b0321d9f45165fc57124c91733c21334a3a,0,0.9308437067773168,0.0,0.0,0.0,0.0,0.0,0.0,0.03373015873015873,0.0,0.0,0.0,0.0,0.17989417989417988,0.0,0.0,0.0,0.0,0.0,0.0,0.0,0.0
01768102d515d3f8f9c62829a803219486db1ec7,1,0.9377593360995851,0.0,0.0,0.0,0.0,0.02312925170068027,0.0,0.0,0.0,0.0,0.0,0.0,0.0,0.0,0.0,0.0,0.0,0.0,0.0,0.0,0.0
0176b241531d3c8822fe803a7cc61c98f1136dec,0,0.9398340248962656,0.0,0.0,0.0,0.007005787389582699,0.0,0.0,0.023149558330795003,0.0,0.0,0.0,0.0,0.0,0.0,0.0,0.0,0.0,0.0,0.010356381358513555,0.0,0.0
0176b75263db2b8a6084a8e69f04b81855c4eaf9,0,0.9453665283540802,0.0,0.03267211201866978,0.0,0.0,0.0,0.0,0.0,0.012476438380755767,0.0,0.0,0.0,0.0,0.0,0.0,0.0,0.0,0.0,0.0,0.009873440445202405,0.0
0177797994e67ce7b3b4e32f7351442834d55033,0,0.9377593360995851,0.0,0.0,0.0,0.0,0.0,0.0,0.012979280781138367,0.0,0.0,0.0,0.0,0.0,0.0,0.005477494641581329,0.0,0.0,0.006549178375803763,0.0,0.0,0.04489164086687306
0177f206c2702f1d82d2b6fd3c07a8a200c3385f,0,0.9474412171507607,0.0,0.0,0.0,0.0,0.016528087609004257,0.0,0.0,0.03944433177854391,0.0,0.0,0.0,0.0,0.0,0.0,0.0,0.0,0.0,0.0,0.0,0.0
017804c02d2b77454ffb1814ae727abed2ab23bb,1,0.0,0.0,0.0674074074074074,0.0,0.03037037037037037,0.0,0.0,0.0,0.0,0.0,0.0,0.0,0.0,0.0,0.0,0.0,0.0,0.0,0.0,0.0,0.0
01783ba8ec09847584ef1b41dab2aed669d8e26b,0,0.0,0.0,0.012449528936742935,0.0,0.0,0.0,0.0,0.037348586810228804,0.0,0.0,0.0,0.0,0.0,0.0,0.03230148048452221,0.0,0.0,0.0,0.0,0.0,0.0
0178a784c2bf1d84474bb9ced5750b3222e799cf,0,0.0,0.016435185185185185,0.0,0.0,0.0,0.0,0.0,0.0,0.0,0.0,0.0,0.0,0.0,0.0,0.0,0.0,0.0,0.0,0.0,0.020833333333333332,0.0
017902c01b4c8d93acdc75c42640933749a27736,1,0.0,0.0,0.0,0.0,0.0,0.0,0.0,0.0,0.0,0.0,0.0,0.0,0.0,0.0,0.0,0.0,0.0,0.0,0.0,0.0,0.0
0179044ee59b1cf20f79feef17e836d91d618989,1,0.0,0.062375107051099055,0.16989009420496717,0.0,0.020339708821010563,0.01730659434770197,0.0,0.0,0.0,0.0,0.0,0.0,0.0,0.0,0.0,0.0,0.015379674564658864,0.0,0.0,0.0,0.0
017914699901133bcae4f5c158ea691a3e769226,0,0.9412171507607192,0.0,0.0,0.0,0.0,0.0,0.045397576939144965,0.16341735134382399,0.0,0.0,0.0,0.0,0.0,0.0,0.0,0.0,0.0,0.010165715081464978,0.0,0.0,0.0
01791a10d1ca7ddc5dc6b1d6b96bdd255e2f1852,0,0.9488243430152143,0.032080659945004586,0.0,0.0,0.039718912312862814,0.0,0.0,0.0,0.0,0.0,0.0,0.0,0.0,0.018942865872288422,0.0,0.0,0.020776046440574396,0.0,0.0,0.0,0.0
01794534ae663cbf582f315454a34bdf3050de9c,1,0.9398340248962656,0.03741981468282252,0.0,0.0,0.0,0.0,0.0,0.0,0.0,0.0,0.0,0.0,0.0,0.0,0.0,0.0,0.0,0.0,0.0,0.0,0.0
01796d6c8262c018ad5bff1d44ec19e669bfc664,1,0.9930843706777317,0.0,0.0,0.0,0.0,0.0,0.0,0.0,0.0,0.022707423580786028,0.0,0.0,0.0,0.0,0.0,0.0,0.0,0.0,0.0,0.0,0.0
017990460d09479464a1dad543cff81b80233697,0,0.9398340248962656,0.0,0.0,0.0,0.0,0.018310445276737412,0.0,0.0,0.0,0.0,0.0,0.0,0.0,0.014773200166458594,0.0,0.0,0.0,0.0,0.0,0.0,0.008531002913025386
0179bcd7382560f68d2161206cd5837a5f43b0f0,1,0.0,0.0,0.0,0.0,0.0,0.0,0.0,0.0,0.0,0.0697258641239571,0.0,0.0,0.0,0.0,0.0,0.0,0.0,0.0,0.0,0.0,0.0
017a0904a0dfe9090f516bc3d916607b7e5b18e2,0,0.9467496542185339,0.0,0.0,0.0,0.0,0.0,0.0,0.0,0.0,0.0,0.0,0.0,0.0,0.0,0.0,0.0,0.0,0.006822057987492893,0.0,0.0,0.0
017a23056cb348a9480086646f8d68a52b594901,0,0.9481327800829875,0.0,0.0,0.0,0.0,0.0,0.0,0.0,0.0,0.0,0.0,0.0,0.0,0.0,0.0,0.0,0.0,0.0,0.0,0.0,0.0
017a343abce4c7e8af62ac74adffe90b15f2fa1a,0,0.9398340248962656,0.0,0.0,0.0,0.0,0.0,0.01662897432486364,0.0,0.0,0.0,0.0,0.0,0.01593055740321937,0.0,0.0,0.07356658241319676,0.0,0.0,0.0,0.0,0.0
017b1f00ff7e359dbf68e22a6c08aa99f97b7496,1,0.9426002766251729,0.0,0.0456423372024395,0.00914814086169585,0.0,0.03619909502262444,0.0,0.0,0.0,0.0,0.0,0.009246507967735589,0.0,0.0076726342710997444,0.0,0.0,0.0,0.0,0.0,0.0,0.0
017b2b2c2e9240d086225e656b84c8a5ee7e511d,1,0.9405255878284924,0.010673355958880528,0.0,0.0,0.0,0.0,0.02193694358368993,0.0,0.0,0.0,0.0,0.0,0.0,0.0,0.0,0.0,0.0,0.0,0.0,0.0,0.0
017b507a34b7fef6b792a53a9f1ef3b81ffc01e0,0,0.9391424619640387,0.0,0.0,0.0,0.0,0.012106537530266344,0.0,0.0,0.0,0.0,0.0,0.0,0.01694915254237288,0.023002421307506054,0.0,0.0,0.0,0.0,0.0,0.0,0.0
017b595c137259273bc6f29efccba2b9ce1a3034,1,0.9384508990318119,0.0,0.0,0.0332304238001684,0.0,0.0,0.0,0.018411451024417626,0.0,0.0,0.0,0.0,0.0,0.023912433342688746,0.013864720740948638,0.0,0.0,0.0,0.0,0.0,0.0
017b8dbc76d215e52d6d3c39be7c7c15a92aabab,1,0.9453665283540802,0.02766061794997548,0.0,0.0,0.0,0.0,0.0,0.0,0.0,0.0,0.0,0.0,0.0,0.0,0.0,0.0,0.0,0.0,0.0,0.0,0.0
017bbfb6d1c6c372e5eb70a8e2a8a0f1e9acf20b,0,0.9654218533886584,0.0,0.0,0.0,0.0,0.0,0.0,0.0,0.0,0.0,0.0,0.0,0.0,0.0,0.0,0.0,0.0,0.0,0.0,0.0,0.0
017c0f2c89f182302b0cf5831c3c5859196ec084,0,0.9398340248962656,0.0,0.02821220484513953,0.0,0.051517939282428704,0.0,0.0,0.0,0.0,0.0,0.0,0.0,0.0,0.0,0.0,0.0,0.021465808034345293,0.0,0.0,0.0,0.0
017c3bf04d34570c70adaae18a41bb54660d23fc,1,0.9405255878284924,0.0,0.0,0.0,0.0,0.0,0.0,0.0,0.0,0.0,0.0,0.0,0.0,0.09917355371900827,0.0,0.0,0.0,0.0,0.0,0.0,0.0
017cb2029eaa5cb570782d5c7b066caec5d2824c,0,0.941908713692946,0.0,0.0,0.0,0.0,0.016303864948911596,0.0,0.047179031541537096,0.0,0.0,0.0,0.0,0.0,0.0,0.004087072412261217,0.0,0.0,0.0,0.0,0.0,0.0
017cb688cc44244424a264d52573aee7f1263c18,0,0.9515905947441217,0.0,0.0,0.0,0.0,0.0,0.0,0.0,0.0,0.0,0.0,0.0,0.0,0.0,0.0,0.0,0.0,0.0,0.0,0.0,0.0
017cbc65b4df73f47c72963401f333d4ff30ca4b,1,0.9356846473029046,0.0,0.0,0.0,0.0,0.01736030380531659,0.0,0.0,0.0,0.0,0.0,0.0,0.0,0.0,0.0,0.0,0.0,0.0,0.0,0.0,0.0
017d48914e56b355e1e6c87406f69f018d19e560,0,0.9370677731673582,0.0,0.0,0.0,0.0,0.0,0.0,0.0,0.0,0.0,0.0,0.0,0.0,0.0,0.02853633867938159,0.0,0.0,0.0,0.02738043635312816,0.0,0.0
017d919d5604c4710cd488d245104c731a432432,0,0.9370677731673582,0.0,0.0,0.0,0.0,0.0,0.0,0.03814569536423841,0.0,0.0,0.0,0.0,0.0,0.0,0.0,0.0,0.0,0.0,0.07788079470198675,0.0,0.0
017dbc5ba9ac524b46bea446a8be01906d5ee68e,0,0.9426002766251729,0.0,0.02464788732394366,0.0,0.0,0.0,0.014084507042253521,0.0,0.0,0.019617706237424547,0.0,0.0,0.0,0.01006036217303823,0.0,0.0,0.0,0.0,0.0,0.0,0.0
017dcd873aaf1cb0512489b8a2df6d2624ff2bf2,1,0.9336099585062241,0.0,0.0,0.0,0.0,0.0,0.0,0.0,0.0,0.0,0.0,0.0,0.0,0.0,0.0,0.0,0.035622096024780586,0.0,0.0,0.0,0.0
017e0492501fc6e6b6579cfc6a62fdd686d76815,0,0.9432918395573997,0.0,0.0,0.0,0.0,0.0,0.0,0.015856236786469344,0.017970401691331923,0.0,0.0,0.014534883720930232,0.014799154334038054,0.0,0.0,0.0,0.0,0.0,0.0,0.0,0.0
017e3884a0ae3cdb84b3cd22a0053136487a5194,0,0.946058091286307,0.0,0.020958083832335328,0.0,0.0,0.0,0.0,0.0,0.0,0.0,0.0,0.0,0.0,0.0,0.0,0.0,0.0,0.0,0.0,0.0,0.0
017e6d107e464e99bf24405cc83711706347d93f,1,0.9363762102351314,0.0,0.0,0.0,0.0,0.0,0.0,0.0,0.0,0.0,0.0,0.0,0.0,0.0,0.0,0.0,0.0,0.0,0.0,0.0,0.0
017e70d2854cf265baaf699d8e16366c1e6d0054,0,0.9384508990318119,0.046504559270516714,0.0,0.0,0.0,0.0,0.0,0.0,0.0,0.0,0.0,0.0,0.0,0.0,0.0,0.0,0.0,0.0,0.0,0.0,0.0
017e9839ca7278beafb351b986dd03287336befc,0,0.9522821576763485,0.0,0.0,0.0,0.0,0.0,0.0,0.0,0.0,0.0,0.0,0.0,0.0,0.0,0.0,0.0,0.0,0.0,0.0,0.0,0.0
017ea2c66e26fbc4f2aa9633672d2587dd8bd0d8,1,0.9398340248962656,0.0,0.0,0.0,0.0,0.0,0.0,0.0,0.0,0.0,0.0,0.0,0.0,0.04304198574069184,0.0,0.0,0.0,0.0,0.0,0.0,0.0
017f1e231aa49bb3f08622efc1ce3e80acf60e44,0,0.9412171507607192,0.010728926466820395,0.042147066359210866,0.0,0.0,0.0,0.015052523699718165,0.0,0.0,0.0,0.0,0.0,0.0,0.009800153727901615,0.011977965667435307,0.0,0.0,0.0,0.0,0.0,0.0
017f2ce4a972c50e61212ee9e188cf97991537ad,1,0.9370677731673582,0.0,0.0,0.0,0.0,0.0,0.0,0.0,0.0,0.0,0.0,0.0,0.0,0.0,0.0,0.07060082011053664,0.014084507042253521,0.0,0.0,0.0,0.0
017f8fec922317ca9a4f0c10fcaf4152103c141f,1,0.9391424619640387,0.0,0.07473841554559044,0.0,0.0,0.0,0.0,0.0,0.0,0.0,0.0,0.0,0.0,0.0,0.0,0.0,0.0,0.0,0.0,0.0,0.0
017f975733c03672f01eed4d53412879b9b44682,1,0.9488243430152143,0.0,0.0,0.0,0.0,0.0,0.0,0.0,0.0,0.0,0.0,0.0,0.0,0.0,0.0,0.0,0.0,0.0,0.0,0.0,0.0
017f9e333e896615986f86fe2ffdb170e5ac300c,0,0.9481327800829875,0.0,0.0,0.0,0.05676392572944297,0.0,0.0,0.0,0.0,0.0,0.0,0.0,0.0,0.0,0.0,0.0,0.0,0.0,0.0,0.013793103448275862,0.04084880636604774
017fd38b6ea0e89cd91eecf9b7c93cc4c233ee98,1,0.9398340248962656,0.015055467511885896,0.0,0.0,0.04952456418383518,0.0,0.0,0.0,0.0,0.01347068145800317,0.0,0.0,0.0,0.0,0.0,0.0,0.0,0.0,0.0,0.0,0.0
01800c962084f0ccae3572a10e108177fd1694d3,0,0.9377593360995851,0.08641425389755011,0.0,0.0,0.0467706013363029,0.0,0.0,0.0,0.0,0.0,0.0,0.0,0.0,0.03830734966592428,0.0,0.0,0.0,0.0,0.0,0.0,0.0
01808561dd32c20b86437f46c1f558bea5f665ae,0,0.9377593360995851,0.0,0.0,0.0,0.0,0.0,0.0,0.0,0.011131725417439703,0.023106763366503625,0.0,0.0,0.0,0.0,0.0,0.0,0.01399898802496205,0.0,0.0,0.0,0.0
0180bbe8bf7cbb28d4de4e1f92775b846f00f4e8,1,0.9370677731673582,0.0,0.0,0.0,0.0,0.0,0.0,0.0,0.0,0.0,0.0,0.0,0.0,0.0,0.0,0.0,0.0,0.0,0.0,0.0,0.0
0180d4b0d0080a140d0dea640229e00f31ea8113,1,0.9398340248962656,0.0,0.10596008105932321,0.0,0.0,0.06345945645837382,0.0,0.0,0.0,0.0,0.0,0.0,0.0,0.0,0.0,0.0,0.0,0.0,0.0,0.0,0.0
0180d5276be991940fa3a2ee514dc3aa904e9476,1,0.9356846473029046,0.0,0.03400044228217603,0.0,0.0,0.0,0.0,0.0,0.0,0.0,0.0,0.0,0.0,0.0,0.0,0.0,0.0,0.0,0.0,0.019570986289252544,0.0
0180dad3d716933193c6154dbc9e8df307e5f3d9,0,0.946058091286307,0.02600840990499922,0.02336084722005918,0.0,0.0,0.0,0.0,0.0,0.0,0.0,0.0,0.0,0.0,0.0,0.0,0.0,0.0,0.0,0.0,0.01946737268338265,0.0
01813eb906b8292272777903cdd9e58eb62b623b,0,0.0,0.0,0.0,0.0,0.0,0.0,0.0,0.0,0.017870439314966492,0.0,0.0,0.0,0.0,0.0,0.0,0.0,0.0,0.014333581533879374,0.0,0.0,0.0
0181bbeded051f43c68097be87dd41732d2e64a0,0,0.0,0.0,0.0,0.027325536956355576,0.0,0.0,0.0,0.0,0.0,0.0,0.0,0.0,0.0,0.0,0.0,0.0,0.0,0.0,0.0,0.0,0.0
0181f6fc36374ebc46edb4d67c2ef4d3eb9e99ad,1,0.9412171507607192,0.0969485418308749,0.0,0.0,0.0,0.0,0.01891678864992681,0.0,0.0,0.0,0.0,0.0,0.0,0.0,0.0,0.0,0.0,0.0,0.0,0.0,0.0
01820892c8107471df7bfad7cd317f64c657f534,0,0.9515905947441217,0.0,0.0,0.0,0.0,0.0,0.0,0.0,0.0,0.0,0.0,0.0,0.0,0.0,0.0,0.0,0.0,0.0,0.0,0.0,0.0
018234418115d55fae9966f5e42035d0b62d9853,1,0.9439834024896265,0.0,0.0625,0.0,0.052083333333333336,0.0,0.0,0.0,0.0,0.0,0.0,0.0,0.0,0.0,0.0,0.0,0.0,0.0,0.0,0.0,0.0
0182b27578fb9a2cf3256e8f845a25ee59666b89,0,0.9398340248962656,0.0,0.0,0.0,0.013942334504489432,0.014053873180525348,0.0,0.0,0.0,0.0,0.008365400702693659,0.0,0.0,0.0,0.0,0.0,0.0,0.0,0.0,0.0,0.0
0182cd3698ac554850d648612b49bfe6b37b331e,0,0.9405255878284924,0.0,0.0,0.0,0.0,0.0,0.0,0.0,0.0,0.0,0.0,0.0,0.0,0.0,0.0,0.038228073488547766,0.0,0.0,0.0,0.0,0.0
0182da31b3ae12c0023792bbde1f9c28c3bfdbe4,0,0.9405255878284924,0.0,0.0,0.02124084963398536,0.0065102604104164165,0.012525501020040802,0.0,0.0,0.0,0.0,0.0,0.0,0.0,0.0,0.026596063842553704,0.0,0.0,0.0,0.0,0.0,0.0
0182f60eaefc257902e0fb3e2c71ff3c17a5cb84,0,0.0,0.0,0.0,0.0,0.0,0.0,0.0,0.0,0.0,0.0,0.0,0.0,0.0,0.0,0.0,0.0,0.012455516014234875,0.0,0.0,0.0,0.0
0182fdc6975d31fad5dd0d969656ca0808bf2153,1,0.9398340248962656,0.0,0.0,0.0,0.0,0.0,0.0,0.0,0.0,0.0,0.010826904858573556,0.0,0.0,0.0,0.0,0.0,0.0,0.0,0.0,0.0,0.0
018305f06e6ae5edb445582e8d391f106cd93df2,0,0.9564315352697096,0.0,0.031453362255965296,0.0,0.0,0.0,0.03294468546637744,0.0,0.0,0.03579175704989154,0.0,0.0,0.0,0.054501084598698485,0.0,0.0,0.0,0.0,0.0,0.0,0.0
018315c62a6d744c9cb362224935fda84bc4973a,0,0.9432918395573997,0.0,0.021723674855833795,0.0,0.0,0.0,0.0,0.0,0.0,0.0,0.0,0.0,0.0,0.0,0.0,0.0,0.0,0.0,0.0,0.0,0.0
01833bd043b3b626c6fafd5e325cd1a18edb2206,0,0.9412171507607192,0.0,0.0,0.0,0.012878787878787878,0.0,0.0,0.0,0.0,0.0,0.0,0.0,0.0,0.0,0.0,0.0,0.0,0.0,0.0,0.0,0.012878787878787878
01836608f4e9046a48f4521998dd1032e8b0aa32,0,0.9432918395573997,0.0,0.02282453637660485,0.0,0.0,0.0,0.0,0.0,0.0,0.0,0.0,0.0,0.0,0.0,0.0,0.0,0.0,0.0,0.0,0.0,0.0
018390fa7f96402c55fb22d17252e4189ef1cdd5,0,0.9405255878284924,0.0,0.0,0.0,0.0,0.0,0.0,0.0,0.0,0.0,0.0,0.0,0.0,0.0,0.0,0.0,0.0,0.0,0.0,0.0,0.0
0183cad755a9751ee847740e6b4df72a386dc3db,0,0.9398340248962656,0.0,0.048305084745762714,0.0,0.03220338983050847,0.04915254237288136,0.0,0.0,0.0,0.0,0.0,0.0,0.0,0.0,0.08559322033898305,0.0,0.0,0.0,0.0,0.0,0.053389830508474574
018484ee6863230a3ba26e9626ef9716353d4cf4,1,0.0,0.044860874503123226,0.0,0.0,0.0,0.0,0.0,0.0,0.0,0.0,0.0,0.0,0.0,0.008517887563884156,0.0,0.0,0.0,0.0,0.0,0.0,0.0
0184fe853f423274abfc7f58e5564d260641944d,0,0.9598893499308437,0.0,0.01092896174863388,0.0,0.0,0.040983606557377046,0.0,0.0,0.0,0.0,0.0,0.0,0.0,0.02459016393442623,0.0,0.0,0.0,0.0,0.0,0.03278688524590164,0.0
018542f5ee2305f6bf7cc0761f1ebfcd6ec14b1b,0,0.9543568464730291,0.013256006628003313,0.0,0.0,0.0,0.0,0.0,0.0,0.0,0.0,0.0,0.0,0.0,0.01739850869925435,0.0,0.0,0.0,0.0,0.0,0.0,0.0
01857db1ea9d3ff1e8d50918374dfac3eebf2b51,0,0.9412171507607192,0.0,0.0,0.0,0.0137221269296741,0.0,0.05317324185248713,0.0,0.0,0.0,0.010291595197255575,0.0,0.0,0.0,0.0,0.0,0.0,0.0,0.0,0.0,0.022298456260720412
0185962dd19b567b9e92768a95f4c703cb526781,0,0.9412171507607192,0.0,0.0,0.0,0.0,0.0,0.0,0.0,0.0,0.0,0.0,0.0,0.0,0.0,0.0,0.0,0.0,0.0,0.0,0.0,0.0
0185c0284209ca6076463beda5650145041732d4,0,0.0,0.0,0.0,0.0,0.0,0.0,0.022240194096239386,0.0,0.0,0.0,0.0,0.0,0.0,0.0,0.0,0.0,0.0,0.0,0.0,0.0,0.0
0185d9025b255c97bf5c4db622a7883500d7a3a9,1,0.9432918395573997,0.0,0.2074631975350907,0.0,0.0,0.0,0.0,0.0,0.0,0.0,0.0,0.0,0.0,0.0,0.0,0.0,0.0,0.0,0.0,0.0,0.0
01862ec2aa6c0caa3f1a803108ce9f73bec70e07,0,0.9405255878284924,0.0,0.0,0.0,0.0,0.0,0.0,0.0,0.0,0.0,0.0,0.0,0.0,0.0,0.0,0.0,0.0,0.0,0.0,0.0,0.0
01864e6549b3903c0a4b0c8026e920ae2dc4ba60,1,0.0,0.0,0.0,0.0,0.0,0.0,0.0,0.0,0.0,0.0,0.0,0.0,0.0,0.0,0.0,0.0,0.0,0.0,0.0,0.0,0.017484215638659543
01865130001f92746de9fbcda572a820085a53e2,0,0.9384508990318119,0.0,0.0,0.0,0.0,0.0,0.0,0.0,0.0,0.0,0.0,0.0,0.015151515151515152,0.0,0.0,0.0,0.0,0.0,0.0,0.0,0.0
0186abf03a399b126623a075124f839c40f62f76,1,0.9398340248962656,0.03693351966460371,0.0,0.0,0.0,0.0,0.0,0.0,0.0,0.0,0.0,0.0,0.0,0.0,0.0,0.0,0.0,0.0,0.0,0.00798562587342783,0.0
0186edb104deaff41e8c7e83063923040636bee6,0,0.9453665283540802,0.0,0.0,0.0,0.0,0.0,0.0,0.0,0.0,0.0,0.0,0.0,0.0,0.0,0.0,0.0,0.0,0.0,0.0,0.0,0.0
01870107318a18555a17bc7ed62aa4cbf7cf27f6,1,0.9647302904564315,0.0,0.0,0.0,0.0,0.0,0.0,0.0,0.0,0.0,0.0,0.0,0.0,0.0,0.0,0.0,0.0,0.0,0.0,0.0,0.0
01878d9eb908405ee42141f6649e85d53fe306b1,1,0.9384508990318119,0.027603513174404015,0.0,0.0,0.0,0.0,0.0,0.0,0.0,0.0,0.0,0.0,0.0,0.0,0.0,0.0,0.0,0.0,0.0,0.018820577164366373,0.0
0187cf362247ace31a38e9ba6de773f93fb94b9c,0,0.9439834024896265,0.0,0.0,0.0,0.0,0.0,0.0,0.0,0.0,0.0,0.0,0.0,0.0,0.0,0.0,0.0,0.0,0.0,0.0,0.0,0.0
0188055c481f1e3716d5923eb33da2247d1e8d4a,0,0.0,0.0,0.0,0.07008808885484488,0.0,0.007617345418953998,0.0,0.0,0.0,0.0,0.0,0.0,0.0,0.00672369036980297,0.0,0.0,0.0,0.0,0.0,0.0,0.01004298055236393
01883a9abebcab9fc41d1476ae900da0ed585df6,0,0.9453665283540802,0.015360983102918587,0.0,0.0,0.0,0.0,0.0,0.0,0.0,0.0,0.0,0.0,0.0,0.0,0.0,0.0,0.0,0.0,0.0,0.0,0.0
0188b8493a5fbd3b29032347c8db9ce912e75c30,1,0.0,0.0,0.0,0.0068997629529292245,0.0,0.0034710463934981375,0.0,0.0,0.002666779546224179,0.007534710463934982,0.0,0.0,0.0,0.0,0.005756857433118863,0.0,0.0,0.0,0.0,0.0,0.0
0188bdf242139baea41c6e0356aa1c85d36c5c71,0,0.0,0.01912455692028687,0.0,0.0,0.0,0.0,0.014425851125216388,0.0,0.0,0.0,0.0,0.0,0.0,0.015579919215233698,0.0,0.0,0.0,0.0,0.0,0.0,0.0
0188cd7f0ef22cf8d870ee54001733011a0c7b96,0,0.9508990318118948,0.0,0.0,0.0,0.0,0.0,0.0,0.0,0.0,0.0,0.0,0.0,0.0,0.0,0.0,0.0,0.0,0.0,0.0,0.0,0.0
0188f32f22dfa5ecc5082488283b90d436143774,0,0.0,0.0,0.0,0.0,0.0,0.0,0.0,0.0,0.0,0.0,0.0,0.0,0.0,0.0,0.0,0.0,0.0,0.0,0.0,0.0,0.0
0188f67ea8fef248b08167285e231f4e46fe62cb,0,0.0,0.0,0.0,0.0,0.0,0.0,0.0,0.0,0.0,0.0,0.0,0.0,0.0,0.0,0.0,0.0,0.0,0.0,0.0,0.0,0.0
018903cc0ac832a03b6b1e6e6851abbaa675492f,0,0.0,0.0,0.06789638932496075,0.0,0.0,0.0,0.0,0.0,0.0,0.03139717425431711,0.0,0.0,0.0,0.0,0.0,0.0,0.0,0.0,0.0,0.0,0.0
0189e339ed852d8cb8525d592e3e1a6b986659de,1,0.9474412171507607,0.0,0.0,0.0,0.0,0.0,0.0,0.0,0.0,0.0,0.0,0.0,0.0,0.0,0.0,0.0,0.0,0.0,0.0,0.0,0.0
018a166826df80ba77a90c61f7a296fc56f9428e,0,0.9453665283540802,0.0,0.0,0.0,0.0,0.0,0.0,0.0,0.0,0.0,0.0,0.0,0.0,0.0,0.0,0.0,0.0,0.0,0.0,0.0,0.0
018a786920fb1e6fc889ed1a37be176f21f42425,0,0.9453665283540802,0.0,0.0,0.0,0.0,0.0,0.0,0.0,0.0,0.0,0.0,0.0,0.0,0.0,0.0,0.0,0.0,0.0,0.0,0.0,0.0
018a9923dc27e7ce3045a207746560d115875e39,0,0.941908713692946,0.0,0.0,0.0,0.0,0.0,0.0,0.0,0.0,0.0,0.0,0.0,0.0,0.0,0.0,0.0,0.0,0.0,0.0,0.0,0.0
018ab66994179894ce5796aee704ba20058062fb,1,0.9377593360995851,0.0,0.0,0.0,0.026004728132387706,0.0,0.0,0.0,0.0,0.0,0.0,0.0,0.0,0.0,0.0,0.0,0.0,0.0,0.0,0.0,0.0
018abc6af3a3fe33f10cf4157c3fb533e99883aa,1,0.9377593360995851,0.0,0.0,0.0,0.008087291399229781,0.0,0.0,0.0,0.0026957637997432607,0.0,0.0,0.0,0.02939666238767651,0.0,0.0,0.0,0.0,0.0,0.0,0.0,0.0
018ad7f166830ff5242946669f242c4a181fce32,0,0.9391424619640387,0.03775260937153009,0.049078392182989115,0.0,0.0,0.0,0.0,0.0,0.0,0.0,0.0,0.15395292027537197,0.0,0.02792582722629358,0.0,0.0,0.012991339107261825,0.0,0.0,0.01832111925383078,0.0
018af92082896a669083fd7ade5d84f3efde6bd0,0,0.9439834024896265,0.017799142523060932,0.0,0.0,0.0,0.10608029102247629,0.0,0.0,0.0,0.0,0.0,0.0,0.0,0.0,0.0,0.0,0.0,0.0,0.0,0.0,0.0
018afa5a7a1b10031d90aba0b58dcf66eb45a8a8,1,0.950207468879668,0.0,0.0,0.0,0.014459847036328872,0.0,0.0,0.0,0.0,0.014818355640535373,0.0,0.0,0.0,0.02163001912045889,0.0,0.0,0.0,0.0,0.0,0.0,0.0
018afef5a0a9e5ebf5ea1c62fbf0c6818c8658cb,0,0.9432918395573997,0.0,0.0,0.0,0.0,0.0,0.0,0.0,0.0,0.0,0.0,0.0,0.0,0.0,0.0,0.0,0.0,0.0,0.0,0.0,0.0
018b11fbe72facd6711236aebb20bd1a520262f4,0,0.941908713692946,0.0,0.0,0.0,0.0,0.0,0.0,0.0,0.0,0.0,0.0,0.0,0.0,0.0,0.0,0.0,0.0,0.0,0.0,0.0,0.0
018b9e49d20e522b4e169ea8fc587cc418e946c3,0,0.9398340248962656,0.07751138609607287,0.1468591561398986,0.012803987281945518,0.0439975938815846,0.0,0.04305233307553493,0.013319584085245337,0.0,0.0,0.0,0.0,0.0,0.0,0.0,0.0,0.0,0.0,0.0,0.04159147546618544,0.0
018bab75b055b9e67b1a72c95ec163794f9d04d5,0,0.0,0.0,0.0,0.0016558902381327866,0.009067970351679546,0.0013404825737265416,0.0,0.0,0.0,0.01797823687115597,0.0,0.0,0.0,0.0,0.0,0.0,0.0,0.024759501655890238,0.0,0.0,0.0
018bb482331e6c40b065e18bd307f3f8e9a4d0c9,0,1.0,0.0,0.07775175644028103,0.0,0.0,0.0,0.0,0.0,0.0,0.05667447306791569,0.0,0.0,0.0,0.0,0.0,0.0,0.0,0.0,0.0,0.0,0.0
018bd58dc6db7c2c8a12f371ac383d7f08d2ca2c,1,0.9384508990318119,0.0,0.0,0.04869135802469136,0.0,0.005530864197530864,0.0,0.0025185185185185185,0.0,0.020592592592592593,0.0,0.0,0.0,0.0,0.0,0.0,0.0010864197530864198,0.0,0.0,0.0,0.0012345679012345679
018be81ed07d27f8f83f1e7c458c76561c9badf4,1,0.9391424619640387,0.05289052890528905,0.0,0.0,0.0,0.0,0.0,0.0,0.0,0.0,0.0,0.0,0.0,0.0,0.0,0.0,0.0,0.0,0.0,0.0,0.0
018c0c8a23a705d2ceb4664dd485317686a038a8,1,0.9377593360995851,0.041469029017857144,0.11167689732142858,0.0,0.04432896205357143,0.010602678571428572,0.0,0.0,0.0,0.0,0.0,0.0,0.0,0.0,0.0,0.0,0.005929129464285714,0.0,0.0,0.0,0.0
018c605ab279035ed43c4c16f3c852eb27968f15,0,0.0,0.0,0.0,0.0,0.0,0.0,0.0,0.0,0.0,0.0,0.0,0.0,0.0,0.0,0.0,0.0,0.0,0.0,0.0,0.0,0.0
018c6cf67bdf6caa9b651208817de9041258558e,1,0.9647302904564315,0.0,0.0,0.0,0.0,0.0,0.0,0.0,0.0,0.0,0.0,0.0,0.0,0.0,0.0,0.0,0.0,0.0,0.0,0.0,0.0
018c81ad66c311cfc0ca3f2c1de12287406e3059,0,0.9377593360995851,0.0,0.0,0.0,0.0,0.0,0.0,0.0,0.0,0.0,0.0,0.0,0.0,0.0,0.0,0.0,0.0,0.0,0.0,0.0,0.0
018cb921b133d512d0d2028bf676312372da759c,0,0.9481327800829875,0.0,0.0,0.0,0.0,0.0,0.0,0.0,0.0,0.0,0.03260869565217391,0.0,0.0,0.0,0.0,0.0,0.0,0.0,0.0,0.0,0.0
018d11753721fdec767a5fea0e0b5049b3c91cf0,1,0.9384508990318119,0.0,0.0,0.0,0.0,0.02601685599120557,0.0,0.0,0.0,0.0,0.0,0.0,0.0,0.0,0.030414071088310738,0.0,0.0,0.0,0.0,0.0,0.0
018d447ffd7d3fbcfef8718b6eb471bf38439c2a,0,0.9439834024896265,0.0,0.0,0.0,0.0,0.0,0.0,0.0,0.01722900215362527,0.0882986360373295,0.0,0.0,0.0,0.0,0.0,0.0,0.0,0.0,0.0,0.0,0.0
018dbee9b079e5318b182e058c9a38aa9aa46709,0,0.9467496542185339,0.0,0.016211683592658156,0.0,0.0,0.0,0.0,0.0,0.011646324420013045,0.0,0.0,0.0,0.0,0.0,0.0,0.0,0.0,0.0,0.0,0.0,0.0
018df35d43a09c2ea8035b84e1e9c90ce89be716,0,0.941908713692946,0.0,0.0,0.0,0.0,0.0,0.0,0.0,0.0,0.11785714285714285,0.0,0.0,0.0,0.0,0.0,0.0,0.0,0.0,0.0,0.0,0.0
018e40817dfa2ac86319faef9060c94f2a90d2b2,0,0.9495159059474412,0.12909124154324375,0.0,0.0,0.0,0.0,0.016730663741086123,0.025233132199670872,0.040409581276284516,0.07286524044615103,0.0,0.0,0.0,0.022307551654781495,0.0,0.0,0.012616566099835436,0.0,0.0,0.0,0.0
018ef8ad1e775a511ef11fbba0c237957f74b2af,1,0.9349930843706777,0.0,0.0,0.0,0.0,0.0,0.0,0.0,0.0,0.0,0.0,0.0,0.0,0.0,0.0,0.0,0.0,0.0,0.0,0.0,0.0
018f5abe29f9dead19f8c62986254b30b88b6bd6,0,0.9363762102351314,0.06201550387596899,0.0,0.0,0.0,0.0,0.0,0.03875968992248062,0.0,0.0,0.0,0.0,0.0,0.0,0.0,0.0,0.0,0.0,0.0,0.0,0.0
018f61200ff6acf06bfec5480bbd5aa9329cb971,0,0.9370677731673582,0.0,0.0,0.04632152588555858,0.0,0.018165304268846504,0.0,0.0,0.0326975476839237,0.0,0.0,0.0,0.0,0.0,0.0,0.0,0.0,0.0,0.0,0.0,0.0
018f6cd610055b9d0bb38c5099e89bbacb852052,0,0.946058091286307,0.0,0.0,0.0,0.0,0.0,0.0,0.0,0.018691588785046728,0.018691588785046728,0.0,0.0,0.0,0.0,0.0,0.0,0.0,0.12149532710280374,0.0,0.0,0.0
018fb0b354314d3c4c68d95bd2c2929d575b261e,0,0.9515905947441217,0.0,0.0,0.0,0.0,0.0,0.0,0.0,0.0,0.0,0.0,0.0,0.0,0.0,0.0,0.0,0.0,0.0,0.0,0.0,0.0
018fbcf7a3fc3ada484c8047b4b14e42ba62afd4,0,0.9426002766251729,0.0,0.0,0.011973180076628353,0.0,0.0,0.0,0.0,0.0,0.0,0.09626436781609195,0.0,0.0,0.0,0.0,0.0,0.0,0.0,0.0,0.0,0.0
018fd43ddf7ac1ab359c6679fb1cb63f4b18804b,1,0.9356846473029046,0.0,0.0,0.0,0.0,0.009155645981688708,0.0,0.0,0.0,0.0,0.0,0.0,0.0,0.0,0.0,0.0,0.0,0.0,0.0,0.0,0.0
018fdcbb5223323fe652e309f357e4207ea79983,0,0.9377593360995851,0.0,0.0,0.0,0.0,0.0,0.0,0.0,0.0,0.0510697911360163,0.0,0.0,0.0,0.0,0.014900662251655629,0.010570555272542028,0.0,0.0,0.01782985226693836,0.0,0.006749872643912379
019037eefcf4d7c6378ef8b01aa3f262cd0a4a1a,0,0.9426002766251729,0.0,0.0,0.0,0.0,0.0,0.0,0.0,0.0,0.0,0.0,0.0,0.0,0.0,0.0,0.0,0.0,0.0,0.0,0.0,0.0
0190386a657e7f479769c63e9d2f2e68312a10a0,0,0.9405255878284924,0.0,0.0,0.0,0.0,0.0,0.0,0.0,0.0,0.0048916064480266815,0.0,0.0,0.0,0.0,0.0,0.0,0.0,0.0,0.0,0.0,0.022790439132851583
019066d31d900703b76378baaa7e43ec67049670,0,0.0,0.0,0.0,0.0,0.0,0.0,0.0,0.0,0.0,0.0,0.0,0.0,0.0,0.0,0.0,0.0,0.0,0.0,0.0,0.0,0.0
0190b6363d9ee958d3e44bc0ab409545c2d62b8e,0,0.9398340248962656,0.0,0.0,0.0,0.0,0.0,0.0,0.03376809004824013,0.0,0.0,0.0,0.0,0.0,0.0,0.0,0.0,0.0,0.025013400035733428,0.0,0.0,0.0
0190d56b17fb4d0a891bdd8a45035856c88847f2,0,0.0,0.0,0.0,0.0,0.0,0.0,0.0,0.0,0.0,0.0,0.0,0.0,0.0,0.0,0.0,0.0,0.0,0.0,0.0,0.0,0.0
0190e5a31f2016480bdddf8b16cceb38131cb7ae,0,0.9426002766251729,0.0,0.0,0.0,0.0,0.0,0.07861635220125786,0.045227524972253054,0.01757306696263411,0.0,0.0,0.0,0.0,0.009896411394746578,0.03819829818719941,0.0,0.0,0.0,0.0,0.00952645209027007,0.0
0191a133034f6921ddf9e0c94446d3c4bbff6b2f,0,0.0,0.0,0.0,0.0,0.0,0.0,0.0,0.0,0.0,0.0,0.0,0.0,0.0,0.0,0.0,0.0,0.0,0.0,0.0,0.0,0.0
0191f12cde88bf5c24286b4c9dbf3277bd79a7fa,0,0.9405255878284924,0.0,0.0,0.0,0.0,0.018243419338024498,0.0,0.01667969768047954,0.0,0.0,0.0,0.0,0.0,0.0,0.055772739119103465,0.0,0.0,0.0,0.0,0.0,0.0
019219ef747c444dbfd2b9e4920cc34ea6de2917,0,0.941908713692946,0.0,0.0,0.0,0.0,0.0,0.0,0.0,0.0,0.0,0.0,0.0,0.0,0.0,0.0,0.0,0.0,0.0,0.0,0.0,0.0
01930dcc42359e131846b727df378ae0b03fad88,0,0.0,0.0,0.0,0.0,0.0,0.0,0.0,0.0341446923597025,0.0,0.011832319134550372,0.0,0.0,0.0,0.0,0.0,0.0,0.0,0.0,0.0,0.0,0.0
01934762dae2e53ceb919caf5c50ece92473bc57,0,0.9384508990318119,0.00363901018922853,0.0,0.0,0.0,0.01455604075691412,0.0,0.0,0.0,0.0,0.0,0.0,0.005822416302765648,0.0,0.0,0.0,0.0,0.0,0.0,0.0,0.0
01935838afc7411261726fe830848277b64d0dce,1,0.0,0.0,0.0,0.0,0.0,0.0,0.0,0.0,0.0,0.0,0.0,0.0,0.0,0.0,0.0,0.0,0.0,0.0,0.0,0.0,0.0
01935d732d17d13b53f8fa2da8279634a5c2966c,0,0.941908713692946,0.0,0.0,0.0,0.013366750208855471,0.0,0.0,0.0,0.0,0.0,0.0,0.0,0.0,0.0,0.0,0.0,0.0,0.0,0.0,0.0,0.0
019364425a3ff667b784656469df04105cf001f7,0,0.0,0.0,0.0,0.0,0.0,0.0,0.0,0.0,0.0,0.0,0.0,0.0,0.0,0.05636478784040532,0.0,0.0,0.0,0.0,0.0,0.0,0.0
01938da7bc74af47e4e7392603187881bf7e1bc7,0,0.9474412171507607,0.0,0.0,0.0,0.0,0.0,0.0,0.0,0.0,0.01486697965571205,0.0,0.0,0.0,0.0,0.0,0.0,0.0,0.0,0.0,0.0,0.0
01939a6331676215e09f76f315ce9f6bc614797b,0,0.9377593360995851,0.0,0.0,0.027078218169063487,0.0,0.0,0.0,0.0,0.0,0.0,0.0,0.0,0.0,0.0,0.0,0.0,0.0,0.0,0.0,0.0,0.0
0193cbb11360d3ffb9b54e92af48b8375c65daff,0,0.941908713692946,0.15196894065446478,0.0,0.0,0.0,0.0,0.0,0.0,0.0,0.0,0.0,0.0,0.0,0.0,0.0,0.0,0.0,0.0,0.0,0.0,0.0
0193cee7ebc360c69603f5581962a94e486a44c6,1,0.941908713692946,0.03173803526448363,0.055163727959697734,0.0,0.0,0.0,0.0,0.0,0.0,0.0,0.0,0.0,0.0,0.0,0.0,0.0,0.0,0.0,0.0,0.0,0.0
0193e0c7db83980f1e2b25d471f40e9b2c4abfc7,0,0.9391424619640387,0.061956493008748975,0.0,0.0,0.02759495678376021,0.0,0.03874924008141041,0.009039727222266276,0.013612454735284012,0.0,0.0,0.0,0.0,0.01165649036555388,0.0,0.0,0.0,0.0,0.0,0.0,0.023868051700896044
01946cc837f232cd7c4eaf1cd9f45df8241d376d,0,0.9432918395573997,0.0,0.00716282320055905,0.0,0.0,0.030922431865828093,0.007686932215234102,0.0,0.012578616352201259,0.0,0.0,0.0,0.0,0.0,0.0,0.0,0.0,0.0,0.0,0.0,0.0
01947df21395a292c3b2f3b196a8299a964a2b97,1,0.9370677731673582,0.0537387307760297,0.0,0.013081138412586176,0.0,0.0,0.0,0.0,0.0,0.0,0.0,0.0,0.0,0.031111896765069823,0.0,0.0,0.0618702492487184,0.0,0.0,0.0,0.06416828707795652
0194ce0cc14930991b6cc4d69ce5861f95cdddd5,0,0.9426002766251729,0.0,0.0,0.0,0.0,0.0,0.0,0.01090909090909091,0.0,0.0,0.0,0.0,0.0,0.013737373737373737,0.017373737373737375,0.0,0.0,0.010505050505050505,0.0,0.0,0.0
0194d3d0ffc6f884f8876e4f48f2f3502084a7bf,1,0.9398340248962656,0.03408695652173913,0.0,0.07339130434782609,0.0,0.024695652173913042,0.0,0.0,0.0,0.0,0.0,0.0,0.0,0.06121739130434783,0.0,0.0,0.0,0.0,0.0,0.0,0.0
0194d75e605d68f0dc376436534f31063468ae44,0,0.9391424619640387,0.0,0.0,0.0,0.0,0.0,0.0,0.0,0.0,0.0,0.0,0.1447383754807132,0.0,0.0,0.0,0.0,0.0,0.0,0.0,0.0,0.0
01950cc732b3ef1c2417bb11ebdb4aa858e4f811,0,0.0,0.0,0.0,0.0,0.0,0.0,0.0,0.01621145374449339,0.0,0.01092511013215859,0.0,0.0,0.0,0.0,0.0,0.0,0.0,0.0,0.0,0.0,0.0
01954a7a860c88082b7f1dacd0386ddae0387b25,0,0.9446749654218534,0.00883957118675945,0.007146887342486364,0.0,0.0,0.0,0.039119804400977995,0.0,0.0,0.0,0.0,0.0,0.0,0.0,0.0,0.0,0.0,0.0,0.0,0.0,0.0
0195a56903e76974fa72e12de13dd7f6ff45e072,0,0.9370677731673582,0.007618025751072961,0.0,0.0,0.0,0.0,0.0,0.04281115879828326,0.0,0.0,0.0,0.0,0.0,0.025858369098712447,0.0,0.0,0.0,0.0,0.0,0.0,0.0
0195c2232acf0a01d45f9bf5e74a3e17e1b4ad27,0,0.9474412171507607,0.0,0.0,0.0,0.0,0.0,0.0,0.0,0.0,0.0,0.0,0.0,0.0,0.0,0.0,0.0,0.0,0.0,0.0,0.0,0.0
0195e416754ffb2a2a2be1fe48b23d7a4933a24f,0,0.0,0.010808678500986194,0.0,0.0,0.009230769230769232,0.0,0.0,0.0,0.0,0.0,0.0,0.0,0.0,0.0,0.0,0.0,0.050966469428007886,0.0,0.0,0.0,0.0
019600c805167b12524d87d72bfa1ccab5df3382,0,0.0,0.0,0.0,0.0,0.0,0.0,0.0,0.0,0.0,0.0,0.0,0.0,0.0,0.0,0.0,0.0,0.0,0.0,0.0,0.0,0.0
01960486d3f9f7cd7925cc9330912b69f26f8086,0,0.9398340248962656,0.0,0.0,0.0,0.0,0.03571428571428571,0.0,0.0,0.0,0.0,0.0,0.0,0.0,0.0,0.0,0.0,0.0,0.0,0.0,0.0,0.0
01961b6ee0f11c90fbca176da473a444457291a6,0,1.0,0.0,0.0,0.0,0.0,0.0,0.0,0.0,0.0,0.0,0.0,0.0,0.0,0.0,0.0,0.0,0.0,0.0,0.0,0.0,0.0
019623d60023b05c9a379b06fb8d3c89ae369cdc,0,0.9398340248962656,0.0,0.11329859100559737,0.0,0.016985138004246284,0.0,0.0,0.0,0.0,0.017371163867979156,0.0,0.0,0.0,0.0,0.0,0.0,0.0,0.0,0.0,0.0,0.0
019624e277f42d57ba1b82f1676894ada006a7dc,0,0.9398340248962656,0.0,0.0,0.0,0.0,0.0,0.0,0.0,0.0,0.0,0.0,0.0,0.0,0.0,0.0,0.0,0.0,0.0,0.0,0.0,0.0
01970dad1fe79e342e0c83f261d04c5678afa48a,0,0.9412171507607192,0.0,0.0,0.0,0.0,0.0,0.0,0.0,0.0,0.0,0.0,0.0,0.0,0.0,0.0,0.0,0.0,0.0,0.0,0.0,0.0
01971748cf3eecd177fee3855235479f37c6f668,1,0.0,0.0,0.0,0.0,0.0,0.0,0.0,0.0186838281087814,0.0,0.0,0.0,0.0,0.0,0.01591585357414712,0.0,0.0,0.0,0.0,0.0,0.0,0.0
0197474965331aaeb4a1fed979b85a69e1dd429e,0,0.9446749654218534,0.0,0.0,0.0,0.0,0.0,0.0,0.0,0.0,0.0,0.0,0.0,0.0,0.0,0.0,0.0,0.0,0.0,0.0,0.0,0.0
019761c647dee5d947ac8a8183473b89424b813b,0,0.9405255878284924,0.0425531914893617,0.0,0.0,0.03210153042179918,0.0,0.0,0.015677491601343786,0.0,0.0,0.0,0.0,0.0,0.0,0.0,0.0,0.0,0.0,0.0,0.0,0.022396416573348264
0197669ff76dd9ce4491d8010f9dff01ffc8decb,0,0.9398340248962656,0.0,0.0,0.014332514332514333,0.03862953862953863,0.040267540267540265,0.0,0.0,0.0,0.0,0.0,0.0,0.0,0.015015015015015015,0.058831558831558835,0.0,0.011602511602511602,0.0,0.0,0.0,0.08845208845208845
01976bccf3f25f8e2873979026a17480a0032fe6,0,0.9453665283540802,0.0,0.0,0.0,0.0,0.0,0.0,0.0,0.0,0.0,0.0,0.0,0.0,0.016666666666666666,0.016666666666666666,0.0,0.0,0.0,0.0,0.0,0.0
01978cec815e1900e2c510ed4ed9a4e7aa61463e,1,0.9398340248962656,0.06389925373134328,0.0,0.0,0.0,0.0,0.0,0.0,0.0,0.0,0.0,0.0,0.0,0.0,0.0,0.0,0.0,0.0,0.0,0.036380597014925374,0.0
0197978e6182d59798a4957aa5fc8e8b5f8901ea,0,0.0,0.0,0.0,0.0,0.0,0.0,0.1513767629281397,0.0351242444593687,0.0,0.0,0.0,0.0,0.029684351914036265,0.0,0.0,0.07139019476158495,0.0,0.0,0.0,0.0,0.0
0197a658d9ea8811877e518dfe399c52dd8a84d4,0,0.9398340248962656,0.060753341433778855,0.023491292021061157,0.0,0.0,0.0,0.0,0.0,0.0,0.0,0.0,0.0,0.0,0.0,0.0,0.0,0.010530579181855002,0.0,0.0,0.010530579181855002,0.0
0197d84222da5d255f6224a3716c0efc67a2f159,0,0.9412171507607192,0.016002612671456563,0.0,0.0,0.0,0.0,0.0,0.0,0.0,0.0,0.0,0.0,0.0,0.0,0.0,0.0,0.0,0.0,0.0,0.0,0.0
01985301c6728d22d9057cae135497bc3d610c40,1,0.9363762102351314,0.0,0.0,0.0,0.0,0.0,0.0,0.0,0.0,0.0,0.0,0.0,0.0,0.033391915641476276,0.0,0.0,0.0,0.0,0.0,0.0,0.0
019895c29dcbfcecd6e57d6489a2369d92cfb65f,0,0.9495159059474412,0.0,0.0,0.0,0.012808783165599268,0.0,0.0,0.0,0.0,0.0,0.0,0.0,0.0,0.0,0.0,0.0,0.0,0.0,0.0,0.0,0.0
0198a739a2778a7da2bffd2ff7d60594bb4ef8eb,0,0.0,0.0,0.0,0.0,0.0,0.0,0.0,0.0,0.0,0.0,0.0,0.0,0.0,0.0,0.0,0.0,0.0,0.0,0.0,0.0,0.0
0198b8feeedc6e5981574d32747354c201929fa1,0,0.941908713692946,0.0,0.0,0.0273972602739726,0.023972602739726026,0.0,0.0,0.0,0.0,0.0,0.0,0.0,0.0,0.0,0.0,0.0,0.0,0.0,0.0,0.0,0.0273972602739726
0198bcbfebfb08794535b2763096d8814ed8bf4f,0,0.9432918395573997,0.0713905167820991,0.0,0.0,0.0,0.0,0.0,0.02823654768247203,0.0,0.0,0.0,0.0,0.0,0.02503995737879595,0.0,0.0,0.0,0.0,0.0,0.0,0.0
0198c10e6b2749667be99b0b91615d0856c59c36,0,0.9370677731673582,0.0,0.0,0.0,0.0,0.0,0.015151515151515152,0.0,0.0,0.0,0.0,0.0,0.0,0.0,0.0,0.0,0.0,0.0,0.0,0.0,0.0
0198ddaeb19115753d71643b99d2bca11924ade5,0,0.9426002766251729,0.0,0.0,0.017049119896783708,0.0,0.0,0.0,0.014007925536816884,0.026357017786379135,0.09289466408625933,0.0,0.0,0.03649433231960188,0.01815500875495346,0.05741406321997972,0.0,0.0,0.014468712561054281,0.0,0.0,0.0
0199966f6bcdf9a0fa9b6f84a1e975a1aff09ee0,0,0.941908713692946,0.0,0.047000956414810766,0.0,0.0,0.0475474791638202,0.0,0.0,0.0,0.0,0.0,0.0,0.0,0.0,0.01926492690258232,0.0,0.0,0.0,0.0,0.0,0.013526438037983332
01999751cb93127b5c1169794c205c6e33020fde,1,0.9377593360995851,0.010958904109589041,0.0,0.0,0.043835616438356165,0.0,0.0,0.0,0.0,0.0,0.0,0.0,0.0,0.0,0.0,0.0,0.0,0.0,0.0,0.0,0.0
0199a5882229d125af3609bddf492578719490e7,1,0.9398340248962656,0.0,0.0,0.0,0.0,0.0,0.0,0.0,0.0,0.0,0.0,0.0,0.0,0.0,0.0,0.0,0.0,0.0,0.0,0.0,0.0
0199d531647d4a7ebb3dcb8d6300eaed87c43503,0,0.0,0.0,0.0,0.0,0.0,0.0,0.014333013853794546,0.0,0.04373965321948244,0.0,0.0,0.0,0.022915396009410123,0.02308965757602161,0.021042084168336674,0.0,0.0,0.0,0.0,0.023307484534285963,0.0
0199e36172b1e09bcd81b0216ef451fd0cd089e6,0,0.9398340248962656,0.05570006589671557,0.04460167169562654,0.0,0.009745777407831304,0.0,0.0,0.0,0.0,0.0,0.0,0.0,0.0,0.0,0.0,0.0,0.012000138729927513,0.0,0.0,0.0,0.0
019a2f932c43c2531c476ccfc4e89dd5947e15bc,0,0.0,0.011829652996845425,0.07886435331230283,0.0,0.0,0.0,0.0,0.0,0.0,0.0,0.0,0.0,0.0,0.0,0.0,0.0,0.0,0.0,0.0,0.017350157728706624,0.0
019a3b9276e8d786b0ecec4b57ec78fb6c8432c3,1,0.9370677731673582,0.0,0.0,0.014106416828707795,0.0,0.01672264451122503,0.0,0.01721760650521478,0.0,0.0,0.0,0.008378999469683578,0.0,0.048046667845147606,0.0,0.0,0.0,0.0,0.0,0.0,0.0
019a6fa055709afeb4367571060ac75a9a58d134,0,0.0,0.0,0.0,0.0,0.0,0.0,0.0,0.0,0.0,0.0,0.0,0.0,0.0,0.02287581699346405,0.0,0.0,0.0,0.0,0.0,0.0,0.03594771241830065
019a802b5518dba375444176726bb5e339bdb3c0,0,0.9488243430152143,0.0,0.0,0.0,0.0,0.0,0.0,0.0,0.019464720194647202,0.0,0.0,0.0,0.0,0.0,0.0,0.0,0.0,0.0,0.0,0.0,0.0
019a85499cdf71449dba6fe29bf6025855146eb6,0,0.9432918395573997,0.0,0.0,0.0,0.0,0.0,0.0,0.0,0.0,0.0,0.0,0.0,0.0,0.0,0.0,0.0,0.0,0.0,0.0,0.0,0.0
019a94fc66b21639132ac30255d218bf0c4e04ab,0,0.941908713692946,0.0,0.0,0.0,0.0,0.0,0.0,0.01255256255464424,0.0,0.0,0.0,0.0,0.013593405220866814,0.0,0.0,0.012094591781506308,0.0,0.0,0.0,0.0,0.0
019a9f3e955b56e6faf3ebc853dbdf1ecbb95a7e,1,0.941908713692946,0.0,0.0,0.0,0.0,0.0,0.00856269113149847,0.0,0.0,0.0,0.0,0.0,0.0,0.0,0.0,0.0,0.0,0.0,0.0,0.0,0.0
019ad0180e997616935ed42d8cf7c382e41ab67d,0,0.941908713692946,0.03630581688087982,0.03604081091824566,0.0,0.0,0.0,0.10096727176361468,0.0,0.0,0.0,0.0,0.0,0.0,0.0,0.0,0.0,0.0,0.0,0.0,0.0,0.0
019ae68dde2d0215ad61a13a426bc23e182bd177,0,0.9398340248962656,0.0,0.0,0.0,0.0,0.0,0.0,0.0,0.0,0.0,0.15828916103089014,0.0,0.0,0.011454334978370803,0.0,0.0,0.0,0.0,0.0,0.0,0.0
019af05eface4bbd1d1da3a82dd4c17cc81cdf1d,0,0.9384508990318119,0.030737093404953744,0.03871978513876455,0.0,0.0,0.0,0.017755893763055804,0.0,0.0,0.0,0.0,0.0,0.0,0.029692629065950462,0.0,0.0,0.0,0.0,0.0,0.0,0.0
019b10e6720e51ab83dda1c7ee4b5ab0734ad646,1,0.9405255878284924,0.0,0.0,0.0,0.03439519852262234,0.0,0.0,0.02008310249307479,0.0,0.0,0.0,0.0,0.0,0.023314866112650046,0.0,0.0,0.0,0.0,0.0,0.0,0.017543859649122806
019b18038f142f529b53ab5e7ed6733aa4e2effb,0,0.9398340248962656,0.0,0.0,0.0,0.0,0.0,0.0,0.0,0.0,0.0,0.0,0.0,0.0,0.0,0.0,0.0,0.0,0.0,0.0,0.0,0.0
019b588d309961713ecb8ef605e3f7b10180a305,0,0.9384508990318119,0.0,0.0,0.0,0.0,0.0,0.0,0.0,0.0,0.0,0.0,0.0,0.0,0.0,0.0,0.0,0.0,0.0,0.0,0.0,0.0
019b6ca6a08c14cf5fe35a8934158441062afc22,1,0.9363762102351314,0.0,0.0,0.0,0.0,0.0,0.0,0.0,0.0,0.0,0.006816834617664493,0.0,0.0,0.0,0.0,0.0,0.0,0.0,0.0,0.0,0.006520450503852994
019b8d36f643b95a18da751d012f60e5da0137ff,1,0.0,0.0,0.0,0.0,0.0,0.0,0.0,0.0,0.0,0.0,0.01573187414500684,0.0,0.0,0.0,0.0,0.0,0.0,0.0,0.0,0.0,0.0
019bb0c89a279376e1d8d967d05cb832440129ad,1,0.9405255878284924,0.0,0.011627906976744186,0.0,0.0,0.0,0.0,0.04263565891472868,0.0,0.0,0.0,0.0,0.0,0.0,0.0,0.0,0.0,0.0,0.0,0.0,0.0
019bd6f6c7892578224a8e2969dc5d022408d24c,1,0.9266943291839558,0.0,0.0,0.0,0.0,0.0,0.0,0.0,0.0,0.0,0.0,0.0,0.0,0.0,0.0,0.0,0.0,0.0,0.0,0.0,0.0
019c417620223df9b3c3a5b8c4063522e9dd4c4a,0,0.9432918395573997,0.0,0.0,0.0,0.0,0.0,0.0,0.0,0.0,0.0,0.0,0.020179458543536026,0.0,0.0,0.0,0.0,0.0,0.0,0.0,0.0,0.0
019c871a6a7a0e2fb1a9fb8eaac9222cdb19fb4c,0,0.9377593360995851,0.0,0.005203206300098439,0.0,0.0,0.0,0.0,0.0,0.0,0.0,0.0,0.0,0.0,0.0,0.0,0.0,0.0,0.0,0.05596962452538321,0.0,0.0
019cab5b981eab8534e04c59b162ce3a7fb45b3d,1,0.0,0.0,0.0,0.0,0.0,0.0,0.0,0.0,0.0,0.0,0.0,0.0,0.0,0.0,0.0,0.0,0.0,0.0,0.0,0.0,0.0
019cfde4c6d73559ccdf160e9a1c58b08fafbdee,0,0.9426002766251729,0.0,0.0,0.0,0.0,0.0,0.0,0.0,0.0,0.0,0.0,0.0,0.0,0.0,0.0,0.0,0.0,0.0,0.0,0.0,0.0
019d040ea7b7d302f5096f1c75eaa8dfc03a6ff5,1,0.941908713692946,0.0,0.0,0.0,0.0,0.0,0.0,0.0,0.0,0.0,0.0,0.0,0.0,0.0,0.0,0.0,0.0,0.0,0.0,0.0,0.0
019d0e3c429909e6edaaa0fbf6770504ae230ef0,0,0.9370677731673582,0.0,0.0,0.0,0.0,0.0,0.0,0.0,0.0,0.0,0.0,0.0,0.0,0.0,0.0,0.0,0.0,0.0,0.0,0.0,0.0
019d33a0d262e9f42c4ea75b4d9db11c7294f598,0,0.9370677731673582,0.07751789976133651,0.0,0.0,0.0,0.0,0.028162291169451074,0.00964200477326969,0.0,0.0,0.0,0.0,0.0,0.0,0.0,0.0,0.0,0.0,0.0,0.009451073985680191,0.0
019d85897dc02f372d4347baabe6b442953d5470,0,0.9488243430152143,0.0,0.0,0.0,0.0,0.0,0.0,0.0,0.0,0.0,0.0,0.0,0.0,0.0,0.0,0.0,0.0,0.0,0.0,0.0,0.0
019da72a66875f2d265d8c04cf86bda922b264d5,0,0.9391424619640387,0.0,0.0,0.0,0.0,0.0,0.0,0.0,0.0,0.0,0.0,0.0,0.0,0.0,0.0,0.0,0.0,0.0,0.0,0.0,0.0
019db5d3e19be14759ec0cbaa1d295f5deca21d0,0,0.9571230982019364,0.011434894872740686,0.0,0.0,0.013279232755440797,0.0,0.24787901143489488,0.0,0.0,0.0,0.0,0.0,0.0,0.014016967908520842,0.0,0.0,0.0,0.0,0.0,0.0,0.007008483954260421
019db87d5373986820b439d2c3a9c3a96bdab540,1,0.9446749654218534,0.0,0.0,0.0,0.0,0.0,0.0,0.0,0.0,0.0,0.0,0.0,0.0,0.0,0.0,0.0,0.0,0.0,0.0,0.02806824435883324,0.014309301045679693
019de4b7fa8277befb9ee2ea622daa25f7ffc931,1,0.9391424619640387,0.0,0.0,0.017651140601960272,0.0,0.0,0.0,0.0,0.009237574811345304,0.0,0.0,0.0,0.010972330644461792,0.09571515309220227,0.0,0.0,0.0,0.030748547141989765,0.0,0.011752970769364213,0.0
019e179857a21b0cf97ab98c98aa3d230e661d6a,1,0.0,0.04564724440500838,0.022813763186433994,0.0,0.0,0.0,0.0,0.0,0.0,0.0,0.0,0.0,0.0,0.0,0.0,0.0,0.0,0.0,0.0,0.018436360051266882,0.0
019e374ad32faec028e0061a31109990820cf00f,1,0.0,0.0,0.02680628272251309,0.0,0.0,0.03183246073298429,0.0,0.0,0.0,0.0,0.0,0.0,0.0,0.0,0.0,0.0,0.0,0.0,0.0,0.0,0.0
019e7243e0dad3f18fb66adeada73ed804e6fb59,1,0.9377593360995851,0.01122830894862198,0.04389248043552229,0.0,0.031133038448451854,0.0,0.0,0.0,0.0,0.0,0.0,0.09646138142225247,0.0,0.0,0.0,0.0,0.02636951343994556,0.0,0.0,0.012419190200748553,0.0
019e9189b1d733e418b1500eac3fada99497e08e,0,0.0,0.0,0.0,0.0,0.0,0.0,0.0,0.0,0.0,0.0,0.0,0.0,0.0,0.0,0.0,0.0,0.0,0.0,0.0,0.0,0.0
019e9a456ad1d51e0666493bdb9f664c46ad0e6b,0,0.9391424619640387,0.0,0.0,0.0,0.0,0.0,0.0,0.0,0.0,0.0,0.0,0.0,0.0,0.0,0.0,0.0,0.0,0.0,0.0,0.0,0.0
019ec173cbce887395194de5277c1a64aace3402,1,0.9391424619640387,0.0,0.0080844138799937,0.0,0.04756155178749541,0.0,0.0,0.0,0.0,0.0,0.0,0.0,0.0,0.0,0.0,0.0,0.04577668119061368,0.0,0.0,0.0,0.01312404850648328
019f120bb6304b85dd06de097327fb6e98933cb1,1,0.9384508990318119,0.0,0.0,0.0,0.0,0.0,0.0,0.0,0.0,0.0,0.0,0.0,0.0,0.0,0.0,0.0,0.008971731312115705,0.0,0.0,0.01082795158358792,0.0
019f6824d013f10b564f1d78215d7b84cbd78282,1,0.9384508990318119,0.0,0.007744488411531939,0.0,0.0,0.009553420011305823,0.010457885811192764,0.0,0.0,0.0,0.0,0.0,0.0,0.0,0.0,0.0,0.007518371961560203,0.0,0.0,0.0,0.0
019f6f2b4fe33b3d822775d1158fdd35d9be7360,1,0.9412171507607192,0.0,0.05431993156544055,0.0,0.0,0.0,0.0,0.0,0.0,0.0,0.0,0.0,0.0,0.0,0.0,0.0,0.0,0.0,0.0,0.0,0.0
019fba32fdb0b6430cad970e9d3661ee85147cb2,0,0.9363762102351314,0.0,0.0,0.0,0.005907372400756144,0.0304820415879017,0.0,0.0,0.0,0.003544423440453686,0.0,0.0,0.0,0.0,0.14815689981096408,0.0,0.024102079395085067,0.027646502835538753,0.0,0.0,0.003780718336483932
019fd7fea20fd3381dbb874dbad3bb45d48cc5d4,0,0.0,0.0,0.03564797623468251,0.0,0.043074637950241364,0.021537318975120682,0.0,0.0,0.0,0.0,0.0,0.0,0.0,0.0,0.023022651318232456,0.0,0.0,0.0,0.0,0.0,0.02227998514667657
01a0717fe048961dfc00cf07cc3a913540b1e5de,0,0.9377593360995851,0.0,0.0,0.0,0.0,0.0,0.0,0.0,0.0,0.032896725440806046,0.0,0.0,0.0,0.0,0.010831234256926952,0.0,0.0,0.0,0.0,0.0,0.0
01a081a56af669ed73830a4389278e805a5be0c7,0,0.0,0.0,0.0,0.0,0.0,0.0,0.0,0.0,0.0,0.0,0.0,0.0,0.0,0.0,0.0,0.0,0.0,0.0,0.0,0.0,0.0
01a0db38b06a0c126f3cebede9c500cc696242a6,0,0.9384508990318119,0.0,0.0,0.0,0.0,0.0,0.0,0.0,0.0,0.0,0.0,0.0,0.0,0.0,0.0,0.0,0.0,0.0,0.0,0.0,0.011283306144643828
01a0ed8062e1c833b3d16aa237d502347a5a93ff,0,0.9391424619640387,0.0,0.0,0.0,0.0,0.0,0.0,0.0,0.0,0.0,0.0,0.0,0.0,0.0,0.0,0.0,0.0,0.0,0.0,0.013921113689095127,0.0
01a120cfdd50ae41547be9168c4f726fc152c7de,1,0.9384508990318119,0.0,0.03082549634273772,0.0,0.012539184952978056,0.0,0.0,0.0,0.0,0.0,0.0,0.0,0.009752699407871821,0.0,0.0,0.0,0.0,0.018460466736328805,0.0,0.0,0.0
01a13529a2b899485dec721cbd7e53ed162593ce,0,0.9508990318118948,0.023186934078023188,0.0,0.0,0.0,0.0,0.0,0.0,0.0,0.0,0.0,0.0,0.0,0.0,0.0,0.0,0.0,0.0,0.0,0.0,0.0
01a16b595ee290d00f5878013f123b35c0325568,1,0.0,0.0,0.0,0.0,0.029729081754974827,0.02541356988731719,0.017262047470630544,0.05178614241189163,0.0,0.0,0.0,0.0,0.0,0.0,0.0,0.0,0.0,0.0,0.0,0.0,0.0
01a206d8e1f6d5e2ad0e5f2c08af989cc995fddc,1,0.0,0.0,0.0,0.0,0.0,0.0,0.0,0.0,0.0,0.0,0.0,0.0,0.0,0.0,0.0,0.0,0.0,0.0,0.0,0.0,0.0
01a241bf2f6b3c09272f014bbae3e3ae942d4440,0,0.9356846473029046,0.0,0.0,0.0,0.0,0.0,0.0,0.013992716120375694,0.0,0.0,0.0,0.0,0.11194172896300555,0.035844354993291166,0.0,0.0,0.0,0.0,0.0,0.0,0.009392371094498754
01a2a6ee6994e84888cdf60400a5462bec127c85,1,0.9391424619640387,0.0,0.04578150756781058,0.0,0.01356211598980968,0.0,0.0,0.0,0.0,0.019856136670163345,0.0,0.0,0.0,0.0,0.0,0.0,0.0,0.0,0.0,0.0,0.026974374344372845
01a2cb50bff5f1f48607148e08806f8bca4a37ac,1,0.941908713692946,0.0,0.0,0.011577752553916005,0.006583427922814983,0.0,0.0,0.0,0.0,0.0,0.0,0.0,0.0,0.0,0.0,0.0,0.0,0.0,0.0,0.0,0.0
01a32e0825cde669b0c139a0475d26564191dc1c,0,0.9405255878284924,0.0,0.0,0.0,0.0,0.0,0.0,0.0,0.0,0.0,0.0,0.0,0.0,0.0,0.0,0.0,0.0,0.0,0.0,0.0,0.0
01a365ca8d309dfe41a2818b6d496377f44e3804,0,0.9426002766251729,0.05422620072301601,0.0,0.0,0.0,0.01480461353072818,0.0,0.26717163022895507,0.0,0.0,0.0,0.0,0.009812360130831468,0.02857634704768463,0.0,0.0,0.0,0.0,0.0,0.0,0.0
01a36e37474e14eff4d7f8c00a955fe47733c43f,0,0.9405255878284924,0.09738717339667459,0.0,0.0,0.0,0.0,0.0,0.0,0.0,0.0,0.0,0.0,0.0,0.0,0.0,0.0,0.0,0.0,0.0,0.0,0.0
01a3dcc1e4c33b8c01d6cfe6f5201e7f11382b7f,1,0.9481327800829875,0.0,0.0,0.0,0.0,0.0,0.0,0.0,0.0,0.01240376390076989,0.0,0.0,0.0,0.0,0.0,0.0,0.0,0.0,0.0,0.0,0.0
01a3ebb1bd7aa6f78df3b8a58b073df2847f7337,0,0.9474412171507607,0.0,0.0,0.0,0.0,0.0,0.0,0.0,0.0,0.0,0.0,0.0,0.0,0.0,0.0,0.0625,0.0,0.0,0.0,0.0,0.0
01a42e6394c0028d4c535bd3ba0c8cfe89ef4dde,0,0.9384508990318119,0.0,0.0,0.0,0.0,0.0,0.0,0.0,0.0,0.0,0.012381275440976933,0.0,0.0,0.0,0.0,0.0,0.0,0.0,0.0,0.0,0.0
01a43fe771e3a78eadad3d105365ed10679eaf93,0,0.9453665283540802,0.0,0.0,0.0,0.0,0.0,0.0,0.0,0.0,0.0,0.0,0.0,0.0,0.0297339593114241,0.0,0.0,0.0,0.0,0.0,0.0,0.0
01a49a7a2f0d538e6587df0fcba98a8ecb83185e,1,0.941908713692946,0.0,0.0,0.0,0.0,0.0,0.0,0.0,0.0,0.001834862385321101,0.0,0.0,0.0,0.0,0.0,0.0,0.0,0.0,0.0,0.0,0.05137614678899083
01a4cb9b8c83815efab4273a1a865cc6a4869dde,1,0.0,0.056074766355140186,0.0,0.0,0.0,0.0,0.0,0.0,0.0,0.0,0.0,0.0,0.0,0.0,0.0,0.0,0.0,0.0,0.0,0.02336448598130841,0.0
01a4cd05c27db20da380de98fc7378af3374d9ce,0,0.9391424619640387,0.0,0.0,0.0,0.0,0.0,0.0,0.0,0.0,0.0,0.0,0.0,0.0,0.0,0.0,0.0,0.0,0.0,0.0,0.0,0.0
01a4d76155ae52f087fdfbef828244d243e8fd3e,0,0.9384508990318119,0.220145707950586,0.009185936015204309,0.0,0.0,0.0,0.0,0.0,0.0,0.0,0.0,0.0,0.0,0.0,0.0,0.0,0.0,0.0,0.0,0.04878048780487805,0.0
01a50ea6eb7dfea83d33b271ba8955be7a1c25fb,0,0.9529737206085753,0.0,0.0,0.0,0.0,0.0,0.0,0.0,0.0,0.0,0.0,0.0,0.0,0.0,0.0,0.0,0.0,0.0,0.0,0.0,0.0
01a542f82536595c7ab231e5fa3d7755cdcc6baf,1,0.0,0.0,0.006243838317449885,0.0,0.0,0.0,0.0,0.0,0.0,0.0,0.0,0.0,0.0,0.0,0.0,0.0,0.0,0.0,0.0,0.0,0.0
01a5800a8adebf34728ac2e515911dfbfd9d8839,1,0.9398340248962656,0.0,0.0,0.0,0.0,0.0,0.0,0.0,0.0,0.0,0.0,0.0,0.0,0.0,0.0,0.04859206612847155,0.0,0.007570782958013056,0.041793812043725134,0.0,0.0
01a5820dea202938996f0b55d144d36a37a33665,0,0.941908713692946,0.027370331165885376,0.015726599122939663,0.0,0.1386662634205353,0.020414335399969757,0.0,0.0,0.0,0.0,0.0,0.0,0.0,0.016029033721457735,0.0,0.0,0.020414335399969757,0.0,0.0,0.0,0.0
01a5bb1b07996225964d29e74d2a5efc9869987c,0,0.9453665283540802,0.0,0.0,0.0,0.0,0.0,0.0,0.0,0.0,0.0,0.0,0.0,0.0,0.0,0.0,0.0,0.0,0.0,0.0,0.0,0.0
01a60751f7eff449e07b0b72671e9d170d47d7e3,1,0.9398340248962656,0.0,0.0,0.0,0.0,0.0,0.0,0.0,0.0,0.0,0.0,0.0,0.0,0.0,0.0,0.0,0.0,0.0,0.0,0.0,0.0
01a69465be38de1f5ca2b1f6633cfceca0a56161,1,0.0,0.0,0.0,0.0,0.0,0.0,0.0,0.0,0.0,0.0,0.0,0.0,0.0,0.0,0.0,0.0,0.0,0.0,0.0,0.0,0.0
01a6a6fe83c917a774abc700f3f53be2531eb96f,0,0.9543568464730291,0.0,0.0,0.0,0.0,0.0,0.0,0.0,0.0,0.0,0.0,0.0,0.0,0.0,0.0,0.0,0.0,0.0,0.0,0.0,0.0
01a74555553a7784022c8c7d4a457bb82916703e,1,0.9377593360995851,0.0,0.030413056763849446,0.026386741920408383,0.018082467555811194,0.037890498615954275,0.0,0.0,0.0,0.01197109681130244,0.0,0.0,0.0,0.0,0.0,0.0,0.0,0.0,0.0,0.0,0.012977675522162706
01a7d439b5b9607fa2c3e3d51039f53e1d2087ab,0,0.9391424619640387,0.021199819576003608,0.0,0.006615546534355736,0.047962712374079085,0.013080739738385205,0.0,0.0,0.0,0.0,0.0,0.0,0.0,0.0,0.0,0.0,0.011276499774470004,0.0,0.0,0.0,0.22071868891895954
01a808471f94116a863763b1c0835f4558a59e89,0,0.0,0.0,0.0,0.0,0.0,0.0,0.0,0.0,0.0,0.0,0.0,0.0,0.0,0.0,0.0,0.0,0.0,0.0,0.0,0.0,0.0
01a84e5514bb2f7dbe1d14168519c61737c47ba6,0,0.9384508990318119,0.0,0.0,0.0,0.0,0.0,0.0,0.0,0.0,0.0,0.0,0.0,0.1012311901504788,0.0,0.0,0.0,0.0,0.0,0.0,0.0,0.0
01a88fd4f679c112bb500c43aece016efd6dcac6,1,0.9384508990318119,0.07756291390728477,0.10683443708609272,0.0,0.0,0.0,0.0,0.0,0.0,0.0,0.0,0.0,0.0,0.0,0.0,0.0,0.0,0.0,0.0,0.022251655629139073,0.0
01a89bac4ec91a2f383da5c4ff381d3346face95,1,0.9391424619640387,0.0,0.0,0.0,0.0,0.0,0.0,0.0,0.0,0.0,0.0,0.0,0.04699256391076693,0.008272099265191183,0.0,0.0,0.0,0.0,0.0,0.0,0.0
01a928a4e6fbe584ed82a799ed7346dbaa291564,0,0.9412171507607192,0.0,0.0,0.0,0.0,0.0,0.0,0.0,0.0,0.0,0.0,0.0,0.0,0.0,0.0,0.0,0.0,0.0,0.0,0.0,0.0
01a93532e1095f102eebc72c09940c27ffc0c4dc,0,0.9446749654218534,0.045454545454545456,0.011131725417439703,0.0,0.016697588126159554,0.06586270871985157,0.0,0.01948051948051948,0.0,0.0,0.0,0.0,0.0,0.0,0.012059369202226345,0.0,0.021335807050092765,0.0,0.0,0.0,0.017625231910946195
01a94358c94a0eaa7afce19bad8182652dfa37f9,1,0.0,0.0,0.0,0.0,0.0,0.0,0.0,0.06217616580310881,0.0,0.0,0.0,0.0,0.0,0.0,0.0,0.0,0.0,0.0,0.0,0.0,0.0
01a95867a1d843d76084d42cf36281b39558b011,1,0.9474412171507607,0.0,0.013666155347929159,0.0,0.0,0.0,0.0,0.0,0.0,0.0,0.0,0.0,0.0,0.0,0.0,0.0,0.0,0.0,0.0,0.0,0.0
01a97d16742fd9d74924a5aa59ac41f0e31810e9,1,0.9398340248962656,0.0,0.0,0.0,0.0,0.0,0.0,0.0,0.0,0.0,0.0,0.0,0.0,0.0,0.0,0.0,0.0,0.0,0.0,0.0,0.0
01a98673fb1f09f1b0340cdb6bf1c672f3b728e6,1,0.0,0.0,0.0,0.0,0.0,0.0,0.0,0.0,0.0,0.0,0.0,0.0,0.0,0.0,0.0,0.0,0.0,0.0,0.0,0.0,0.0
01a9ab68c4f5267fcb993aa3fb2fec0dc4233b25,0,0.9412171507607192,0.0,0.12972047917855106,0.0,0.0,0.0,0.0,0.0,0.0,0.0,0.0,0.0,0.0,0.0,0.0,0.0,0.0,0.0,0.0,0.0,0.0
01a9b152524a85c74e1ad98a0750dc1d1080bc5e,0,0.9377593360995851,0.0,0.0,0.0,0.0,0.0,0.0,0.0,0.0,0.0,0.0,0.0,0.0,0.0,0.0,0.0,0.0,0.0,0.0,0.0,0.0
01aa0d9975f73fb669bd61cd1aa304389345cf4a,0,0.9446749654218534,0.03032678031045218,0.03248209348398755,0.0,0.0,0.0,0.0,0.0,0.0,0.0,0.0,0.0,0.0,0.0,0.0,0.0,0.03548646942285503,0.0,0.0,0.0,0.0
01aa1406e525f5d64c6ba7b08add9fc6e36aed1b,0,0.9377593360995851,0.0,0.0,0.0,0.0,0.0,0.0,0.0,0.0,0.0,0.0,0.0,0.004689231818569358,0.0032398328928297383,0.0,0.0,0.0,0.0,0.21110069059595873,0.0,0.0
01aa2158b15fc88d0dd5a9c8e8711ae21ccab01a,0,0.9363762102351314,0.0,0.0,0.009529860228716646,0.0,0.02359774913777455,0.0,0.0,0.0,0.0,0.0,0.0,0.017516790706117263,0.0,0.0,0.08812851697222726,0.0,0.0,0.0,0.0,0.0010891268832819024
01aa4b718053296e41d8af3841960bc049212445,0,0.0,0.0,0.0,0.0,0.0,0.0,0.0,0.0,0.0,0.0,0.0,0.0,0.0,0.0,0.0,0.0,0.0,0.0,0.0,0.0,0.0
01aa6b828197908678b22d6b4ed96c6d11995f18,0,0.0,0.0,0.051217464315701094,0.0,0.0,0.0,0.0,0.0,0.0,0.0,0.0,0.0,0.0,0.0,0.0,0.0,0.0,0.0,0.0,0.0,0.0
01aa6d0af9b6e051a91b346cbcb9b33f7fbb84b0,0,0.9446749654218534,0.0,0.0,0.0,0.0,0.0,0.0,0.0,0.0,0.0,0.0,0.0,0.0,0.0,0.0,0.0,0.0,0.0,0.0,0.0,0.0
01aa7c3e69e6f4ac4fa44fd28ebb77b45e23d306,0,0.0,0.0,0.0,0.0,0.0,0.028237307472903594,0.0,0.0,0.0,0.0,0.0,0.0,0.0,0.0,0.0,0.0,0.0,0.0,0.0,0.0,0.0
01aae85ea7bd23c3968d07c70cf068139e068104,1,0.0,0.0,0.0,0.0,0.0,0.0,0.0,0.0,0.0,0.0,0.0,0.0,0.0,0.0,0.0,0.0,0.0,0.0,0.0,0.0,0.0
01aaf8e15ad51ed3d5f71a481bcc08221aee9917,1,0.9426002766251729,0.0,0.0,0.0,0.0,0.0,0.0,0.0,0.0,0.0,0.0,0.0,0.0,0.0,0.0,0.0,0.0,0.0,0.0,0.0,0.0
01ab338e011330ecd214f648de3f3477ffae5dbe,0,0.9405255878284924,0.012959354751008201,0.0,0.0,0.016901536091349856,0.0,0.025239023064026464,0.0,0.009198423127463863,0.0,0.0,0.0,0.0,0.0,0.0,0.0,0.03194526258552721,0.0,0.0,0.0,0.011237482441433685
01ab41717ba7216037092db711a33cf3cea06aeb,1,0.9432918395573997,0.022483392948390392,0.0,0.0,0.0,0.0,0.0,0.0,0.0,0.0,0.0,0.0,0.0,0.0,0.0,0.0,0.0,0.0,0.0,0.03934593765968319,0.0
01ab4f66b0fe421b5df074bb57d9add759b12e6a,0,0.0,0.0,0.0,0.0,0.0,0.0,0.0,0.0,0.0,0.0,0.0,0.0,0.0,0.0,0.0,0.0,0.0,0.0,0.0,0.0,0.0
01aba1d3ebff89318cbf3d1e6b47d6e5634b6ee8,0,0.9446749654218534,0.0,0.0,0.0,0.0,0.0,0.0,0.0,0.0,0.0,0.0114758473445423,0.0,0.0,0.0,0.0,0.0,0.0,0.0,0.0,0.0,0.0
01aba55369ea43c0ec07972948a8631f23bd6368,1,0.0,0.0,0.0,0.0,0.0,0.0,0.0,0.0,0.0,0.0,0.0,0.0,0.0,0.0,0.0,0.0,0.0,0.0,0.0,0.0,0.0
01abc3bc6313cda5c4adfcb5e4bc96c98f3f3572,0,0.9488243430152143,0.0,0.0,0.0,0.0,0.0,0.0,0.0,0.0,0.0,0.0,0.0,0.0,0.0,0.0,0.0,0.0,0.0,0.0,0.0,0.0
01ac144d2cf748407824cefd1bb6efac294631cb,0,0.0,0.0,0.0,0.0,0.0,0.0,0.0,0.04239839438033116,0.0,0.0,0.0,0.0,0.0,0.0193176116407426,0.0,0.046914199698946314,0.0,0.0,0.0,0.0,0.0
01ac389171616b01a392118dab5a8f56bcfbdb3b,0,0.9515905947441217,0.0,0.0,0.0,0.0,0.0,0.0,0.0,0.0,0.0,0.0,0.0,0.0,0.0,0.0,0.0,0.0,0.0,0.0,0.0,0.0
01ac4c8c39cc73360b5123c77c7afeac13450919,0,0.0,0.0,0.0,0.0,0.0,0.0,0.0,0.06545961002785515,0.0,0.0,0.0,0.0,0.012534818941504178,0.013927576601671309,0.020891364902506964,0.0,0.0,0.0,0.0,0.0,0.0
01ac5281cd5cba56a9f4e9fd86c2eb1a3ce9c7dc,0,0.9398340248962656,0.0,0.0,0.0,0.0,0.0,0.0,0.06301675977653631,0.0,0.0,0.0,0.0,0.04581005586592179,0.0,0.0,0.0,0.0,0.0,0.0,0.0,0.0
01ac7e4055f0cb6a2d8b905d480ce1a554470417,0,0.0,0.07453202468885965,0.02448649195588384,0.0,0.0,0.0,0.0,0.0,0.0,0.0,0.0,0.0,0.0,0.0,0.0,0.0,0.0,0.0,0.0,0.046281493473641605,0.0
01ad12ef03e395bca393414e96b7cde82f3aab92,0,0.9426002766251729,0.0,0.011783827712312069,0.0,0.020113774888256806,0.0,0.0,0.0,0.0,0.0,0.0,0.0,0.0,0.0,0.0,0.0,0.004266558309630231,0.0,0.0,0.0,0.0050792360828931325
01ad171408a99260f7fe4761bdde8d7efd42113b,1,0.9391424619640387,0.09182450251738192,0.0,0.0,0.0,0.0,0.032606089666746586,0.0,0.0,0.0,0.0,0.0,0.0,0.026372572524574443,0.0,0.0,0.0,0.0,0.0,0.0,0.0
01ad32887c076ee343fba7a4024fc8dce72368bd,0,0.9522821576763485,0.0,0.0,0.0,0.0,0.0,0.0,0.0,0.0,0.0,0.0,0.0,0.0,0.0,0.0,0.0,0.0,0.0,0.0,0.0,0.0
01ad5b43ed17872cbdf5f5b3069951f240f2e595,0,0.9474412171507607,0.0,0.0,0.0,0.0,0.0,0.0,0.0,0.0,0.02462506943158674,0.0,0.0,0.0,0.0,0.0,0.0,0.0,0.024069616737641176,0.0,0.0,0.0
01ad7541deaa1e9d0afe351a4b566e8e6b942d5b,0,0.9391424619640387,0.0,0.0,0.0,0.0,0.0,0.0,0.0,0.0,0.0,0.0,0.0,0.0,0.0,0.0,0.0,0.0,0.0,0.0,0.0,0.0
01ada42efb3bba49371230eb99edd20fc40a98a2,1,0.9453665283540802,0.0,0.010459035444509006,0.0,0.0,0.0,0.0,0.0,0.0,0.03273290722448189,0.0,0.0,0.0,0.0,0.0,0.0,0.0,0.0,0.0,0.0,0.0
01adbdad25056f9b138c1258fd3d67a075a16640,0,0.9384508990318119,0.0,0.10388437217705511,0.0,0.10840108401084012,0.07768744354110207,0.0,0.04607046070460705,0.0,0.0,0.0,0.0,0.03974706413730804,0.0,0.00993676603432701,0.0,0.0,0.0,0.02077687443541102,0.0,0.009033423667570008
01adc0c00941a578c8f0a4349947d464b7ea3c4d,0,0.0,0.0,0.0,0.0,0.010926620246384574,0.02678093197643278,0.0,0.0,0.0,0.0,0.0,0.0,0.0,0.0,0.0,0.0,0.0,0.0,0.0,0.0,0.044349223352972686
01adcdebee72ba1560c8ff657a6b943d2b9ed776,1,0.9391424619640387,0.041245791245791245,0.0,0.0,0.0,0.0,0.0,0.0,0.0,0.0,0.0,0.0,0.0,0.0,0.0,0.0,0.0,0.0,0.0,0.0,0.0
01ade7f0bc675fa0f3aac69777dfb2fc291d331b,1,0.9405255878284924,0.0,0.0,0.00998003992015968,0.03592814371257485,0.0,0.007984031936127744,0.005988023952095809,0.0,0.0,0.0,0.0,0.0,0.0,0.031936127744510975,0.0,0.0,0.0,0.0,0.0,0.0
01adf6b516c68cdf2b8b80f27249b49106fb3fb9,0,0.941908713692946,0.0,0.0,0.0,0.0,0.0,0.0,0.0,0.0,0.0,0.0,0.0,0.0,0.0,0.0,0.0,0.0,0.0,0.0,0.0,0.0
01ae149bcaa4301155ff5718099cbcfd73f34acc,1,0.941908713692946,0.008900523560209424,0.0,0.0,0.0,0.0,0.0,0.0,0.0,0.0,0.0,0.0,0.0,0.0,0.0,0.0,0.0,0.0,0.0,0.0,0.0
01ae31877c934e11b6a0330a76313e465f61e677,1,0.9384508990318119,0.0,0.0,0.0,0.0,0.05202754399387911,0.0076511094108645756,0.0,0.0,0.0,0.0,0.0,0.0,0.035960214231063506,0.0,0.0,0.0,0.0,0.0,0.0,0.0
01ae97e2cc42b5479e0ac3c2a424325c32b2fff7,0,0.9398340248962656,0.0,0.0,0.0,0.0,0.0,0.0,0.0,0.022036752934898613,0.0,0.0,0.0,0.03396811632870864,0.0,0.0,0.0,0.0,0.02297058431163287,0.0,0.0,0.0
01af1169bbda1c1d99221b79b5494c3528665db3,1,0.9377593360995851,0.0,0.0,0.0,0.024267782426778243,0.0,0.0,0.0,0.0,0.0,0.00697350069735007,0.0,0.0,0.0,0.0,0.0,0.0,0.0,0.0,0.0,0.0
01af3fac88d4defb78d9f6c04c3e366820517300,1,0.9536652835408023,0.0,0.0,0.0,0.0,0.0,0.0,0.0,0.0,0.0,0.0,0.0,0.0,0.0,0.0,0.0,0.0,0.0,0.0,0.0,0.0
01af81c004544dcfb46a722430347cd09b1e64db,0,0.9398340248962656,0.0,0.0,0.0,0.0,0.0,0.0,0.0,0.0,0.0,0.0,0.12625698324022347,0.0,0.0,0.0,0.0,0.0,0.0,0.0,0.0,0.0
01b006ec814473e26b30929188ab8e73b46b0557,0,0.9391424619640387,0.0,0.0,0.0,0.0,0.0,0.0,0.0,0.0,0.0,0.0,0.0,0.0,0.0,0.0,0.0,0.0,0.0,0.0,0.0,0.0
01b01e21ea02effa84de246d1f3ccc8dcef4b94c,0,0.9522821576763485,0.0,0.0,0.0,0.0,0.0,0.007259528130671506,0.014519056261343012,0.008166969147005444,0.0,0.0,0.0,0.0,0.0,0.0,0.0,0.0,0.0,0.0,0.0,0.0
01b02da17d5140477fe3fa273692d203bb83c2e5,1,0.0,0.0,0.0,0.0,0.0,0.0,0.0,0.09711684370257967,0.0,0.0,0.0,0.0,0.0,0.0,0.0,0.028751697148790032,0.0,0.003913425445251977,0.0,0.0,0.0
01b05b835451b84ca60035d98ddbd732381d55f5,0,0.9377593360995851,0.0,0.0,0.0,0.0,0.0,0.0,0.0,0.0,0.0,0.0,0.0,0.0,0.0,0.0,0.0,0.0,0.01159334126040428,0.015383472057074911,0.0,0.0
01b05d526a4b8b73ced487e7961afc21c2165f10,1,0.0,0.00612088752869166,0.0,0.0,0.08722264728385616,0.0,0.0,0.0,0.0,0.0,0.0,0.0,0.0,0.0,0.0,0.0,0.0,0.0,0.0,0.0,0.0
01b073f5fe0e63ab08a4b009de9d57bb77a494e7,0,0.0,0.0,0.0,0.0,0.0,0.0,0.0,0.0,0.0,0.0,0.0,0.0,0.0,0.0,0.0,0.0,0.0,0.0,0.0,0.0,0.0
01b0a0022da6248e7c7f18c7037610f85330950b,0,0.9405255878284924,0.0,0.0,0.0,0.0,0.0,0.0,0.02315353770534213,0.0,0.0,0.0,0.0,0.0,0.0,0.0,0.11460354417281077,0.0,0.024964428922519724,0.0,0.0,0.0
01b0a85e72d971c2e975b5c01a5aa73353b5d77d,0,0.9391424619640387,0.0,0.0,0.0,0.0,0.0,0.0,0.0,0.0,0.0,0.0,0.0,0.0,0.0,0.0,0.0,0.0,0.0,0.0,0.0,0.0
01b0dcf443ffd75b5cff9858ecd4c866fef5d145,0,0.0,0.03405380189706111,0.01648266210542684,0.0,0.0,0.0,0.009796299175866895,0.0,0.0,0.0,0.0,0.0,0.0,0.0,0.0,0.0,0.009640802363551547,0.0,0.0,0.0,0.0
01b10e595f293b78bb3d61a04a1af7d098d34bd4,0,0.9605809128630706,0.0,0.0,0.0,0.0,0.0,0.0,0.0,0.0,0.0,0.0,0.0,0.0,0.0,0.0,0.0,0.0,0.0,0.0,0.0,0.0
01b13feea50efa8b82948bcae0dc2f60b48485cd,1,0.9467496542185339,0.0,0.0,0.0,0.0421377183967112,0.0,0.0,0.0,0.0,0.017471736896197326,0.0,0.0,0.0,0.0,0.0,0.0,0.0,0.0,0.0,0.0,0.050359712230215826
01b19dbafb15114ab1f4f57d3b5c54ee412fa83b,0,0.9453665283540802,0.3106796116504854,0.0,0.0,0.11650485436893204,0.0,0.0,0.0,0.0,0.0,0.0,0.0,0.0,0.0,0.0,0.0,0.0,0.0,0.0,0.0,0.0
01b19e65926af66fe3bb543e24e0d5f8445f58cc,0,0.9356846473029046,0.0,0.0,0.23233465234595818,0.002826455624646693,0.0,0.0,0.0,0.0,0.0,0.0,0.0,0.0045223289994347085,0.0,0.0,0.0,0.0,0.0,0.0,0.0,0.0
01b1bc0d411431dbb8f10dd8296ccb2ae10fd508,0,0.9384508990318119,0.08158779415567624,0.027023532454098786,0.0,0.0,0.0,0.0,0.0,0.0,0.0,0.0,0.0,0.0,0.0,0.0,0.0,0.0,0.0,0.0,0.040470649081975694,0.0
01b1dc493755d22b1cc2bdf095f647e8fe13b739,1,0.9377593360995851,0.0,0.0,0.0,0.0,0.0,0.0,0.0,0.0,0.0,0.0,0.0,0.0,0.0,0.0,0.0,0.013157894736842105,0.0,0.0,0.0,0.0
01b20922fba242eebe7cbe5e29c361778a8c0a2f,0,0.941908713692946,0.0,0.0,0.14687238368616196,0.01638559980863533,0.0,0.0,0.0,0.0,0.0,0.0,0.0,0.0,0.0,0.0,0.0,0.0,0.0,0.0,0.0,0.0
01b2188bc226f00febde8d69b04bbf0063c3fc1b,0,0.9377593360995851,0.00877330408898637,0.0,0.0,0.0,0.0,0.0,0.0,0.0,0.0,0.0,0.0,0.0,0.0,0.0,0.0,0.0,0.0,0.0,0.014099953000156666,0.0
01b21d570900421f7939b9064123b0c9b3603d3d,0,0.946058091286307,0.0,0.0,0.0,0.0,0.0,0.037037037037037035,0.03906860446944835,0.0,0.0,0.0,0.0,0.0,0.0,0.0,0.0,0.0,0.013439599937490233,0.0,0.0,0.0
01b22ae968c42a061fcca653fe78dbb6d77b2295,1,0.9370677731673582,0.0,0.0,0.0,0.0,0.0,0.0,0.0,0.0,0.0,0.0,0.0,0.0,0.0,0.0,0.0,0.0,0.0,0.0,0.0,0.0
01b26e78036535e91f07634d54b804c82e2406ea,0,0.0,0.0,0.0,0.0,0.0,0.0,0.0,0.0,0.0,0.0,0.0,0.0,0.0,0.0,0.0,0.0,0.0,0.0,0.0,0.039473684210526314,0.0
01b27e1cc76bf64f9fd3be6bb816d1e0e49f433a,0,0.9508990318118948,0.0,0.053352322524101665,0.004491673970201578,0.0,0.0,0.0,0.0,0.0,0.008545135845749343,0.0,0.0,0.012379491673970202,0.0043821209465381246,0.006244522348816828,0.0,0.0,0.004272567922874671,0.0,0.0,0.0
01b2c25faa344928ea203dd6295df9ec82a49a41,0,0.9391424619640387,0.0,0.0,0.0,0.10201766069754822,0.031966849193429035,0.0,0.0,0.0,0.0,0.0,0.0,0.0,0.014552809432193774,0.0,0.0,0.0,0.0,0.0,0.0,0.018055350007399735
01b2ca66ff15590e41996518a187a31eabbabca7,0,0.9398340248962656,0.04319654427645788,0.0,0.0,0.013498920086393088,0.0,0.0,0.012958963282937365,0.0,0.0,0.0,0.0,0.0,0.0,0.0,0.0,0.0,0.0,0.0,0.0,0.0
01b2d887f58347445f6960ba0ece5059ba2dd095,1,0.9363762102351314,0.0,0.0,0.0,0.0,0.0,0.0,0.0,0.0,0.0,0.0,0.0,0.0,0.020107896027464444,0.0,0.0,0.0,0.0,0.0,0.0,0.0
01b2daa184b7a719456f3b62e1f6641b1a0ddf45,0,0.0,0.0,0.04787850683978669,0.0,0.05738465105495015,0.0,0.0,0.0,0.0,0.0,0.0,0.0,0.0,0.0,0.0,0.0,0.0,0.0,0.0,0.0,0.0
01b3161efa3348af8b7704c67fd53f003222e6de,0,0.941908713692946,0.0,0.012472885032537961,0.0,0.0,0.05490780911062907,0.0,0.0142353579175705,0.0,0.0,0.0,0.0,0.012066160520607376,0.0,0.0,0.0,0.0,0.015726681127982648,0.0,0.0,0.0
01b371fa504c622bcb3485dfb0460cacaf703182,1,0.9377593360995851,0.0,0.03745560219567323,0.0,0.05473038424281563,0.009525347110106554,0.0,0.0,0.0,0.0,0.0,0.0,0.0,0.0,0.0,0.0,0.03454956409428479,0.0,0.0,0.0,0.05263157894736842
01b37eda98682190a892b35771d6fd16303ec4eb,0,0.941908713692946,0.0,0.03243616287094548,0.0,0.016607671586633718,0.0,0.0,0.0,0.0,0.013468688082993834,0.0,0.0,0.0,0.0,0.0,0.0,0.011108884881675905,0.0,0.0,0.0,0.0
01b3f576242e76ed46248950e3eabc7c30f3297b,0,0.9356846473029046,0.039572419651706076,0.0,0.0,0.0,0.0,0.01323800084949738,0.004247486903582048,0.0,0.0,0.0,0.0,0.0,0.07333994053518335,0.0,0.0,0.0,0.0,0.0,0.012742460710746141,0.0
01b409c75609fcd0c86660087d3ee16bd361064b,1,0.9377593360995851,0.01528153824973613,0.0,0.0,0.0,0.0,0.0,0.0,0.0,0.0,0.0,0.0,0.0,0.0,0.0,0.0,0.0,0.0,0.0,0.0,0.0
01b42a7e104b40e65e64db78b26f1da9c1012042,0,0.9488243430152143,0.009962115897291988,0.0,0.0,0.0,0.0,0.030938683878209625,0.014943173845937982,0.0,0.014031149151115476,0.0,0.0,0.0,0.013469903185070858,0.0,0.0,0.0,0.0,0.0,0.0,0.0
01b4476f487049f887dc31ae002721fbca877b1c,1,0.0,0.0,0.0,0.0,0.0,0.0,0.0,0.0,0.0,0.0,0.01264613309352518,0.0,0.0,0.0,0.0,0.0,0.0,0.0,0.0,0.0,0.0
01b45846e24133ac39306f5e50736d1f23f5b5b5,0,0.941908713692946,0.0,0.0,0.0,0.0,0.0,0.0,0.0,0.0,0.0,0.0,0.0,0.0,0.0,0.0,0.0,0.0,0.0,0.0,0.0,0.0
01b4fbcfca4f073cde0ea3aec5caa39d79712b73,1,0.0,0.0,0.10608351750610678,0.0,0.0,0.0,0.0,0.0,0.013144120041875073,0.0,0.0,0.0,0.0,0.0,0.0,0.0,0.021984413167383973,0.0,0.0,0.0,0.0
01b50c65692afacd3bcaeb75a66342a00f57f58b,0,0.941908713692946,0.05173888255416192,0.0,0.0,0.0,0.0,0.0,0.0,0.0,0.0,0.0,0.0,0.0,0.0,0.0,0.0,0.0330672748004561,0.0,0.0,0.0,0.0
01b51ebd435aaffb678c54e8726450cd95944b65,0,0.9398340248962656,0.0,0.057811753463927376,0.0,0.0,0.026994744386048732,0.0,0.0,0.0,0.0,0.009077878643096034,0.0,0.0,0.0,0.027950310559006212,0.0,0.015289058767319636,0.0,0.0,0.0,0.0
01b53da9c24a07e4541b812bb59caee47cc3d164,0,0.9391424619640387,0.0,0.0,0.02504638218923933,0.0,0.0,0.0,0.015306122448979591,0.0,0.0,0.0,0.0,0.03200371057513915,0.0,0.0,0.08905380333951762,0.0,0.0,0.017625231910946195,0.0,0.0
01b56df149647454305fa929fa828f738aa9deef,0,0.9481327800829875,0.0,0.0,0.0,0.0,0.0,0.008656036446469248,0.016287015945330295,0.0,0.0,0.0,0.0,0.007403189066059226,0.00888382687927107,0.0,0.0,0.0,0.0,0.0,0.0,0.0
01b573f278688a642120764c503edc7b77173a1d,0,0.9391424619640387,0.032944228274967575,0.03955901426718547,0.0,0.012451361867704281,0.010894941634241245,0.0,0.0,0.0,0.0,0.0,0.0,0.0,0.0,0.0,0.0,0.0,0.0,0.0,0.012451361867704281,0.0
01b576ea62b6ad2a4cadf71da2cd0ba2c8862b63,0,0.941908713692946,0.0,0.0,0.0,0.0,0.0,0.0,0.024123512383403024,0.0,0.0,0.0,0.0,0.0,0.0,0.0,0.01600192988099067,0.0,0.0,0.0,0.0,0.0
01b57d5746645250963cd4a39a80b0aa7d4625b4,0,0.9391424619640387,0.0,0.0,0.0,0.0,0.0,0.0,0.0,0.0,0.0,0.0,0.0,0.0,0.0,0.0,0.0,0.0,0.0,0.0,0.06716417910447761,0.0
01b663b48caa5b93c88b1e68f8d16f4849b6806c,0,0.9384508990318119,0.012103055721989215,0.02768124625524266,0.0,0.0,0.0,0.0,0.0,0.0,0.0,0.0,0.0,0.0,0.0,0.0,0.0,0.0,0.0,0.0,0.0,0.0
01b690ecf4e93cf7e6cde04cd7ad078ed2cce259,0,0.9356846473029046,0.0,0.0,0.052827235374682056,0.0,0.0,0.0,0.0,0.016043827039718253,0.0,0.0,0.028826713624209223,0.011935042066131872,0.0,0.0,0.0,0.0,0.0,0.0,0.0,0.0
01b6a025ba1f15f1260efbe4f737e088fbc24315,0,0.0,0.0,0.0,0.0,0.0,0.011691244851866614,0.0,0.0,0.0,0.0,0.0,0.0,0.0,0.016739736946990835,0.010761259465922678,0.0,0.013551215623754484,0.0,0.0,0.0,0.013285505513484789
01b6a3fba6f65928053988caf9dc59ce10df53b0,0,0.9405255878284924,0.009446045469100224,0.0,0.0,0.0,0.0,0.0,0.0,0.0,0.0,0.0,0.0,0.0,0.0,0.0,0.0,0.018731988472622477,0.0,0.0,0.0,0.0
01b6a790e412bb21c0a47fd3675c77ef499aca85,1,0.0,0.0,0.0,0.0,0.0,0.0,0.0,0.0,0.0,0.0,0.0,0.0,0.0,0.0,0.0,0.0,0.0,0.0,0.0,0.0,0.0
01b6ae0f72e224c0d5001aedbe8e0ea17d4d3c71,0,0.9377593360995851,0.0,0.0,0.0,0.0,0.0,0.0,0.0,0.0,0.0,0.0,0.0,0.0,0.0,0.0,0.0,0.0,0.0,0.0,0.0,0.0
01b7460dcb69effdfb4ea02b4f579235a53d05c3,1,0.9398340248962656,0.0,0.0,0.0,0.0,0.10396645116197799,0.0,0.0,0.0,0.0,0.05381792766031802,0.0,0.0,0.0,0.0,0.0,0.0,0.0,0.0,0.0,0.0
01b7eab3369c591b1b10c92735e2f82160e64b6b,1,0.9356846473029046,0.0,0.0,0.0,0.0,0.0,0.0,0.0,0.0,0.0,0.0,0.0,0.0,0.0,0.0,0.0,0.0,0.0,0.0,0.0,0.0
01b7ffb3b50f590c655545a61262cb1fc22a89b3,1,0.0,0.0,0.0,0.0,0.0,0.0,0.0,0.0,0.0,0.0,0.0,0.0,0.0,0.0,0.0,0.0,0.0,0.0,0.0,0.0,0.0
01b82833abc68d152a52b065077109757d2f6bf4,1,0.9405255878284924,0.02361872627583298,0.0,0.0,0.025516659637283848,0.0,0.0,0.0,0.0,0.0,0.0,0.0,0.0,0.0,0.0,0.0,0.026149304091100802,0.0,0.0,0.0,0.0
01b8342bc7ee2c21dd098b2eaf96047d74b4a9e4,1,0.9598893499308437,0.0,0.0,0.0,0.0,0.0,0.0,0.0,0.0,0.0,0.0,0.0,0.0,0.0,0.0,0.0,0.0,0.0,0.0,0.0,0.0
01b8653c82ba1b5d65d433c36a9cda91073134fa,1,0.9398340248962656,0.0,0.010171058714748035,0.0,0.0,0.008321775312066574,0.0,0.0,0.0,0.0,0.0,0.0,0.0,0.0,0.01155802126675913,0.0,0.0,0.0,0.0,0.0,0.007397133610725843
01b891429ce5a97fe8a61ca8de4d51bcd0a96179,0,0.9363762102351314,0.0,0.0,0.0,0.0,0.0,0.0,0.0,0.0,0.0,0.0,0.0,0.0,0.0,0.0,0.0,0.0,0.0,0.0,0.0,0.0
01b8a5b9fe7c48eb5c0600448e89e33c3a183f42,0,0.9508990318118948,0.020641562064156207,0.009205020920502092,0.0,0.0,0.0,0.0,0.0,0.0,0.0198047419804742,0.0,0.0,0.0,0.0,0.0,0.0,0.0,0.0,0.0,0.026499302649930265,0.032635983263598324
01b8db22ab4b1d80abd67bf5c6c04843b83fc50d,1,0.9426002766251729,0.0,0.0,0.0,0.05002718868950517,0.0,0.0,0.0,0.0,0.0,0.0,0.0,0.0,0.0,0.0,0.0,0.0,0.0,0.0,0.0,0.0
01b8e4183e984cbeb6b1f38164842ac2c5d0bb13,0,0.9405255878284924,0.0,0.02401067140951534,0.0,0.0,0.0,0.027567807914628723,0.0,0.0,0.016896398399288574,0.0,0.0,0.0,0.0,0.0,0.021787461093819474,0.0,0.0,0.0,0.0,0.0
01b8eb57ef285dde192f664f9ae4be62a8428be2,0,0.9426002766251729,0.0,0.01976861341764236,0.0,0.0,0.01653753951985547,0.024632595629364557,0.041204877879303756,0.0,0.0,0.0,0.0,0.01876107424521419,0.03265816627870618,0.0,0.0,0.0,0.0,0.0,0.0,0.0
01b90e193d712399dcc582ea7e4eeec507148012,0,0.9398340248962656,0.0,0.0,0.0,0.0,0.0,0.0,0.0,0.0,0.0,0.0,0.0,0.0,0.0,0.0,0.0,0.0,0.0,0.0,0.0,0.0
01b96f4325662cdf4e3700b420b39e5c331fb8c8,1,0.0,0.0,0.0,0.0,0.0,0.0,0.0,0.0,0.0,0.11437908496732026,0.0,0.0,0.0,0.0,0.0,0.0,0.0,0.0,0.0,0.0,0.0
01b9760f47a10f3eea57a5a192bde03ebde54b2b,1,0.9426002766251729,0.0,0.0,0.0,0.0,0.0,0.0,0.0,0.0,0.0,0.0,0.0,0.0,0.0,0.0,0.0,0.0,0.0,0.0,0.0,0.0
01b9f4339ebe260f5423f853f51b8649425f5843,0,0.9398340248962656,0.2718590482463362,0.0,0.0,0.0,0.0,0.0,0.0,0.0,0.0,0.0,0.0,0.0,0.0,0.0,0.0,0.0,0.00876831878807838,0.0,0.0,0.0
01b9fd998b05cfcc70d4228780b278d2ec27eab7,1,0.0,0.0,0.0,0.0,0.0,0.01117129316181449,0.0,0.0,0.0,0.04536222071767095,0.0,0.0,0.0,0.0,0.0,0.0,0.04468517264725796,0.0,0.0,0.0,0.009478672985781991
01ba1b49c366c721f29500d7beca25df9c930b31,0,0.9398340248962656,0.02300836667879229,0.05207954407663393,0.0,0.0,0.0,0.0,0.0,0.0,0.0,0.0,0.0,0.0,0.0,0.0,0.0,0.0,0.0,0.0,0.0,0.0
01ba2910bf88aaae5deccd4f0329972a634aa6c2,0,0.9391424619640387,0.0,0.0,0.0,0.0,0.0,0.0,0.0,0.0,0.0,0.0,0.0,0.0,0.0,0.0,0.0,0.0,0.02582929556466642,0.0,0.0,0.0
01ba610dc84ca8835769c4b4a6185579922df27b,1,0.9377593360995851,0.0,0.03619047619047619,0.0,0.017714285714285714,0.0,0.0,0.0,0.0,0.0,0.0,0.0,0.0,0.0,0.0,0.0,0.03866666666666667,0.0,0.0,0.0,0.0
01ba8b3bc1b574029b6b63080ff62f90970f7b05,1,0.9439834024896265,0.0,0.0,0.0,0.0,0.0,0.0,0.0,0.0,0.0,0.05263157894736842,0.0,0.0,0.0,0.0,0.0,0.0,0.0,0.0,0.0,0.0
01ba96249b2d4b393deba2ae7cfe5083f9d2d449,1,0.9446749654218534,0.0,0.0,0.0,0.02390561937286557,0.0,0.0,0.0,0.0,0.0,0.0,0.0,0.0,0.0,0.0,0.0,0.0,0.0,0.0,0.0,0.0
01baac60efe24e22309979b9486a2ec43ad6bb3a,0,0.9377593360995851,0.019354043392504933,0.028599605522682446,0.0,0.0,0.0,0.0,0.0,0.0,0.0,0.0,0.0,0.0,0.0,0.0,0.0,0.0,0.0,0.0,0.0,0.0
01bad4f8f1fbaca51c591127b1fb069b3b0ad208,0,0.9426002766251729,0.0,0.0,0.0,0.0,0.0,0.0,0.053389830508474574,0.0,0.0,0.0,0.0,0.0,0.0,0.0,0.0,0.0,0.0,0.0,0.0,0.0
01badcc6521ae6a0f29828cffb4d30374e7db6bb,0,0.9377593360995851,0.032514541574256185,0.014353266100347324,0.0,0.0,0.0,0.04398041595179311,0.016738502740929823,0.013934803531824079,0.012595723312549692,0.0,0.0,0.0,0.010628949240490439,0.0,0.0,0.0,0.0,0.0,0.016403732686111228,0.0
01bafdbd3794e74042071609eefd7e705982f46b,0,0.9405255878284924,0.0,0.0,0.0,0.0,0.0,0.0,0.0,0.0,0.0,0.0,0.0,0.0,0.03993390250619664,0.0,0.0,0.0,0.12723767557146792,0.0,0.0,0.0
01bb9d96c98cef9c370bc89669e1d15726d53ae9,0,0.9384508990318119,0.0,0.0,0.0,0.0,0.0,0.0,0.0,0.0,0.0,0.0,0.0,0.0,0.0,0.0,0.0,0.04503928375662342,0.0,0.0,0.0,0.0
01bba630bbbd20699b6fafc593dfe1b04537b12f,1,0.9370677731673582,0.0,0.0,0.0,0.0,0.02564102564102564,0.0,0.0,0.0,0.0,0.0,0.0,0.0,0.0,0.0,0.0,0.0,0.0,0.0,0.0,0.0
01bbaa6ffcb4d15e6f8902137a1b046205547e00,1,0.9405255878284924,0.0,0.0,0.0,0.0,0.0,0.0,0.0,0.0,0.0,0.0,0.0,0.008064516129032258,0.0,0.0,0.0,0.0,0.0,0.0,0.0,0.0
01bbce70cd4d9036fb60956e8e2c953c049a3e5b,0,0.0,0.0,0.0,0.0,0.0,0.0,0.0,0.0,0.0,0.0,0.0,0.0,0.0,0.0,0.0,0.0,0.0,0.0,0.0,0.0,0.0
01bbf71bc5e7a52b6ba27b3a66a8cdb6f671ec15,1,0.9432918395573997,0.0,0.0,0.0,0.0,0.0,0.0,0.0,0.0,0.0,0.0,0.0,0.0,0.0,0.0,0.0,0.0,0.0,0.0,0.0,0.0
01bc707b65903d4782ddce4516b0b48f799fd5bc,0,0.9384508990318119,0.06310928681375064,0.0,0.0,0.0,0.0,0.0,0.0,0.0,0.0,0.0,0.0,0.0,0.10928681375064135,0.0,0.0,0.0,0.0,0.0,0.0,0.0
01bc8fa3b6823cc762e97383dd988d120ab0948e,0,0.9529737206085753,0.0,0.0,0.0,0.0,0.0,0.0,0.0,0.0,0.0,0.0,0.0,0.0,0.0,0.0,0.0,0.0,0.0,0.0,0.0,0.0
01bca9040e6d6d882d99fab9730bc9a1d5f06140,0,0.0,0.0,0.0,0.0,0.0,0.0,0.0,0.0,0.0,0.0,0.0,0.1073170731707317,0.0,0.0,0.0,0.0,0.0,0.0,0.0,0.0,0.0
01bcbec2f1bf84ca7ff1aef5434e5e7c0ad18ab9,0,0.941908713692946,0.0,0.0,0.0,0.0,0.0,0.0,0.0,0.0,0.0,0.0,0.0,0.0,0.0,0.0,0.0,0.0,0.0,0.0,0.0,0.0
01bcc1e516da9b6a33c0fbf51aaa00b65d111835,0,0.0,0.0,0.0,0.0,0.0,0.0,0.0,0.0,0.0,0.0,0.0,0.0,0.0,0.0,0.0,0.0,0.0,0.0,0.0,0.0,0.0
01bd10bc9fad33aeb39929b4926ec55354fa0d06,1,0.9446749654218534,0.0,0.0,0.0,0.0,0.0,0.0,0.0,0.005924170616113744,0.0,0.0,0.0,0.0,0.0,0.0,0.0,0.0,0.0,0.0,0.0,0.0
01bd92a7c1a781b870112a4cc4465ec3b0b575a5,0,0.941908713692946,0.01675977653631285,0.0,0.0,0.0,0.04283054003724395,0.0,0.0,0.0,0.0,0.0,0.0,0.0,0.0,0.0,0.0,0.0,0.0,0.0,0.024208566108007448,0.0
01bda6affb1e725275d3964b7db9bc94c61ef36b,1,0.9384508990318119,0.011121825779492125,0.0,0.0,0.0,0.0,0.08248151719704275,0.0,0.0,0.0,0.0,0.0,0.0,0.0,0.0,0.0,0.007521697203471553,0.0,0.0,0.0,0.0
01bda701977c4fc5cbb3902fdafdc3fb58353132,0,0.9377593360995851,0.0,0.0,0.0,0.0,0.0,0.0,0.0,0.0,0.0,0.0,0.0,0.0,0.0,0.0,0.0,0.0,0.0,0.0,0.0,0.0
01bdcc110a4187854a2e33f20ee17ad59f3a627e,0,0.9488243430152143,0.0,0.023054755043227664,0.0,0.01729106628242075,0.0,0.0,0.0,0.0,0.0,0.0,0.0,0.0,0.0,0.0,0.0,0.0,0.0,0.0,0.0,0.0
01be2b5b04b985e1380568b65602f26a780e2df8,1,0.9412171507607192,0.0,0.0,0.0,0.0,0.0,0.0,0.0,0.0,0.0,0.0,0.0,0.0,0.0,0.0,0.0,0.0,0.0,0.0,0.0,0.0
01be76f65a88a8fbd655b9b914bd18e10b6c5eab,0,0.9384508990318119,0.1428446261682243,0.0,0.0,0.0,0.0,0.0,0.0,0.0,0.0,0.0,0.0,0.0,0.0,0.0,0.0,0.0,0.0,0.0,0.009024532710280374,0.0
01be7db69abcb00c38bd5edd79fcaa4abfae76a7,0,0.9377593360995851,0.0,0.0,0.0,0.0,0.0,0.0,0.0,0.0,0.0,0.0,0.0,0.0,0.0,0.0,0.0,0.0,0.0,0.0,0.0,0.0
01be81ac594748e0f5f5f0ca869a63a90f75f5e3,0,0.9439834024896265,0.020893751647772213,0.021816504086475084,0.0,0.0,0.0,0.0,0.010545742156604272,0.0,0.02590297917215924,0.0,0.0,0.0,0.0,0.0,0.0,0.0,0.0,0.0,0.0,0.0
01bebe087a9ab4abbd66ceda03a266d4e73f54af,0,0.9370677731673582,0.049855789039967034,0.0,0.0,0.0,0.0,0.0,0.0,0.0,0.0,0.0,0.0,0.0,0.0,0.0,0.0,0.0,0.0,0.0,0.0,0.0
01bed48c02ed1939f1cd1a7d484ddba8b32e608f,0,0.9363762102351314,0.01602104256336681,0.0,0.0,0.0,0.0,0.0,0.0,0.0,0.0,0.0,0.0,0.0,0.0,0.0,0.0,0.0,0.0,0.0,0.0,0.0
01bf16fbd7523872fc9a0aec2c7ef851e7cc3392,0,0.0,0.0,0.0,0.0,0.0,0.0,0.0,0.0,0.0,0.0,0.0,0.0,0.0,0.0,0.0,0.0,0.0,0.0,0.0,0.0,0.0
01c0776375853f318b4e19b320531467b52f55a3,1,0.0,0.02880658436213992,0.0,0.0,0.0,0.0,0.0,0.0,0.0,0.0,0.0,0.0,0.015432098765432098,0.0,0.0,0.0,0.0,0.0,0.0,0.0,0.0
01c07bcb7106e1b03bdbd5eb362ba04cc0db1a2b,0,0.9439834024896265,0.0,0.0,0.0,0.0,0.0,0.015915119363395226,0.0,0.0,0.0,0.0,0.0,0.0,0.0,0.0,0.0,0.0,0.0,0.0,0.0,0.0
01c083622e19b3e1848d2facbb92d8106ad5cd99,0,0.9398340248962656,0.0,0.0,0.0,0.0,0.0,0.0,0.0,0.0,0.0,0.0,0.0,0.0,0.0,0.0,0.0,0.0,0.0,0.0,0.030602782071097373,0.0
01c0ec61956ce467a00c7ba60546cacb07ace645,0,0.0,0.0,0.0,0.0,0.0,0.0,0.0,0.0,0.0,0.0,0.0,0.0,0.0,0.0,0.0,0.0,0.0,0.0,0.0,0.0,0.0
01c0f14774391d6d54b6b935a15c6950fd3db5a5,1,0.9377593360995851,0.0,0.0,0.027406886858749122,0.0,0.009902255158755511,0.0,0.0,0.0,0.0,0.0,0.0,0.0,0.0,0.0,0.0,0.0,0.0,0.0,0.0,0.0
01c118d3ab4de7cb6ccd22136811cb383fe985af,0,0.9405255878284924,0.0,0.0,0.0,0.0,0.035759897828863345,0.0,0.0,0.0,0.0,0.0,0.0,0.0,0.0,0.0,0.0,0.0,0.0,0.0,0.0,0.0
01c160ae811502de3a576dd3d27ca30803c3eea4,1,0.9432918395573997,0.0,0.0,0.0,0.0,0.2863866132124804,0.0,0.0,0.0,0.0,0.0,0.0,0.0,0.0,0.0,0.0,0.0,0.0,0.0,0.0,0.0
01c162b7227c1177c4b51ef91ca9725ed733d1f8,1,0.9515905947441217,0.0,0.0,0.0,0.0,0.0,0.0,0.0,0.0,0.0,0.0,0.0,0.0,0.0,0.0,0.0,0.0,0.0,0.0,0.0,0.0
01c17a3cd126a326569b33e3d39d500bf286c24e,0,0.9426002766251729,0.0,0.0,0.0,0.0,0.0,0.0,0.0,0.0,0.0,0.0,0.0,0.0,0.0,0.0,0.0,0.0,0.0,0.0,0.0,0.0
01c1a4366ac0504356f197f2e520f8e70aecae9e,0,0.9384508990318119,0.024040869478112792,0.0,0.0,0.01783031152960032,0.0,0.0,0.0,0.0,0.0,0.0,0.0,0.0,0.0,0.0,0.0,0.0,0.0,0.0,0.0,0.01993388760893519
01c1ab9d73bea9998cd51df6aeed70611e13d774,0,0.9405255878284924,0.0,0.0,0.0,0.0,0.0,0.0,0.0,0.0,0.0,0.0,0.0,0.0,0.013742071881606765,0.0,0.0,0.0,0.0,0.0,0.0,0.0
01c1d2c56d5c7d8c4d480b72bfb35199a55f64bd,0,0.9384508990318119,0.016416700445885692,0.0,0.0,0.0,0.0,0.0,0.0,0.0,0.0,0.0,0.0,0.0,0.0,0.0,0.0,0.013376570733684636,0.0,0.0,0.0,0.0
01c1f5ee71e616789406f47025de3d7d7ccad2f4,0,0.9446749654218534,0.0,0.0,0.0,0.0,0.0,0.0,0.0,0.0,0.0,0.0,0.0,0.0,0.0,0.0,0.0,0.0,0.0,0.0,0.0,0.0
01c2065f48bf389728dc45f4653ec0c77acf78ba,0,0.9474412171507607,0.0,0.12130541871921183,0.0,0.0,0.0,0.0,0.0,0.0,0.0,0.0,0.0,0.0,0.0,0.0,0.0,0.0,0.0,0.0,0.0,0.0
01c22a01062022c656ca725e354857e9eb519da5,1,0.941908713692946,0.031134523154336034,0.0,0.0,0.0,0.0,0.0,0.0,0.0,0.0,0.0,0.0,0.0,0.0,0.0,0.0,0.016982467175092383,0.0,0.0,0.012972717980973348,0.0
01c27d97dec85e7eaa2dd3a846ed3d61dcda38f0,1,0.0,0.0,0.0,0.0,0.0,0.0,0.0,0.0,0.0,0.020338012030936693,0.0,0.0,0.0,0.0,0.0,0.0,0.0,0.0,0.0,0.0,0.0
01c287685a121120a34229adf7d3845f9c8d063b,1,0.9398340248962656,0.0,0.0,0.0,0.0,0.0,0.0,0.0,0.0,0.0,0.0,0.0,0.0,0.0,0.0,0.0,0.0,0.0,0.0,0.0,0.0
01c2ab1f9e0e47a196528cdde44fa277694ebd5f,0,0.9391424619640387,0.0,0.0,0.0,0.0,0.0,0.0,0.0,0.0,0.0,0.0,0.0,0.0,0.0,0.0,0.0,0.0,0.0,0.0,0.0,0.0
01c2ad87a33ed6d4c82b6f65796ab99f2f76bb41,0,0.9391424619640387,0.0,0.0,0.0,0.0,0.0,0.0,0.0,0.0,0.0,0.0,0.0,0.0,0.0,0.0,0.0,0.0,0.1682819383259912,0.0,0.0,0.0
01c2b8e3987f3159083b646d01ec595c71e57da4,0,0.0,0.031983805668016195,0.0,0.0,0.0,0.0,0.0874493927125506,0.0,0.0,0.0,0.0,0.0,0.0,0.0,0.0,0.0,0.0,0.0,0.0,0.046153846153846156,0.0
01c2c42c89b77c05990ce2b0b7105d380ca79e68,0,0.941908713692946,0.0,0.08956334151603065,0.0,0.019192144610577996,0.0441865654987726,0.0,0.0,0.0,0.0,0.0,0.0,0.0,0.021051848545711523,0.0,0.0,0.0,0.0,0.0,0.0,0.0
01c2cd1aad91f5610bf603a5b9d8f6a9ae3eae8f,0,0.9474412171507607,0.05449591280653951,0.0,0.0,0.0,0.0,0.0,0.0,0.0,0.0,0.0,0.0,0.0,0.0,0.0,0.0,0.0,0.0,0.0,0.0,0.0
01c35736d9a8d53c318708039235d8300e86c582,0,0.941908713692946,0.0,0.0,0.0,0.0,0.0,0.0,0.0,0.0,0.0,0.0,0.0,0.0,0.0,0.0,0.0,0.0,0.0,0.0,0.0,0.0
01c359055370f3c72f7e5fa7e54d13fe27e9d6e9,0,0.9391424619640387,0.0,0.0,0.013894104393541119,0.024079984979346603,0.01286143447239955,0.0,0.0,0.0,0.0,0.0,0.0,0.017367630491926397,0.0,0.0,0.0,0.0,0.0,0.0,0.0,0.0
01c36bca754022df8976ab8e3effa9392ce0b38d,1,0.9377593360995851,0.0,0.0,0.08867104823437674,0.0,0.0,0.0,0.0,0.0,0.0,0.0,0.0,0.012498607552634511,0.007017934722067506,0.0,0.0,0.0,0.0,0.0,0.0,0.0
01c3a7748f1c4ba89a41e804e27358a0a6fe3a5e,0,0.9439834024896265,0.0004430930953872481,0.0,0.0,0.0,0.008861861907744961,0.0,0.0,0.0,0.0,0.0,0.0,0.0,0.0,0.0,0.0,0.0,0.016929212058243822,0.0,0.0,0.0
01c3ad07902c5ed23dc4b8614c1893a812c76c2b,1,0.9377593360995851,0.031875186622872496,0.011943863839952225,0.0,0.011346670647954613,0.04710361301881159,0.008659301283965363,0.0,0.0,0.0,0.0,0.0,0.0,0.0,0.10876381009256494,0.026724395341893102,0.0,0.0,0.0,0.0,0.0
01c3baba88e3abdb74835803c4db8f4e4107691e,0,0.9674965421853389,0.041897720271102896,0.0,0.0,0.0,0.0,0.0,0.0,0.0,0.0,0.0,0.0,0.0,0.0,0.0,0.0,0.0,0.0,0.0,0.03450400492914356,0.0
01c3db5d5622b461d0487909b8386a0ab7abd4ee,0,0.9370677731673582,0.0,0.0,0.0,0.0,0.0,0.0,0.020977460388306182,0.0,0.0,0.0,0.0,0.0,0.0,0.0,0.0,0.0,0.0,0.010711894666369114,0.0,0.0
01c3e13b3dc48bde165982670efed179526c86ad,0,0.9453665283540802,0.00985525100092393,0.0,0.0,0.0,0.0,0.0,0.0,0.0,0.0,0.0,0.0,0.0,0.0,0.0,0.0,0.0,0.0,0.04588851247305205,0.0,0.0
01c4220106e4294eab6afb3ab154d09a4cc9f5ab,0,0.9391424619640387,0.0,0.0,0.0,0.004397215097105167,0.0,0.0,0.013741297178453645,0.0,0.0,0.0,0.0,0.1414437522902162,0.03462806888970319,0.0,0.0,0.0,0.005313301575668743,0.0,0.0,0.0
01c472111f8ab348fdb15cb13f85ec262fcd7a3b,1,0.9391424619640387,0.0,0.0,0.02917648739375759,0.062138418684379686,0.0,0.0,0.0,0.0,0.0,0.0,0.0,0.020534247553746162,0.006892364831083494,0.018355831726305265,0.018355831726305265,0.0,0.0,0.0,0.0,0.0
01c56ea364bac4b7713a3b0abadad6d364be8f3f,0,0.9398340248962656,0.0,0.0,0.0,0.0,0.0,0.0,0.0,0.0,0.0,0.0,0.0,0.0,0.0,0.0,0.0,0.0,0.0,0.0,0.0,0.0
01c573c6407b969fc49ccd4c6c15b84b2896cc70,0,0.9370677731673582,0.0,0.0,0.0,0.0,0.0,0.0,0.011350407450523865,0.0,0.0,0.0,0.0,0.0,0.0,0.0,0.0,0.0,0.039871944121071014,0.15366705471478465,0.0,0.0
01c57cc7a48a44483ad96f6b7d0bda5b186ef0a7,0,0.9384508990318119,0.037160571338879296,0.014322712290064354,0.0,0.0,0.0,0.4976848218490033,0.0,0.0,0.0,0.0,0.0,0.0,0.0,0.0,0.0,0.0,0.0,0.0,0.006003767069533825,0.0
01c59ba73d8b7a5717946eafbe84ca8032e93437,1,0.9384508990318119,0.12553689964857478,0.014642717688402968,0.0,0.0,0.0,0.0,0.0,0.0,0.0,0.0,0.0,0.016009371339320577,0.0302616165560328,0.016399843811011325,0.0,0.0,0.0,0.0,0.0,0.04060913705583756
01c636bcd96f4901183c6ad1df1d79b73daa94a5,1,0.0,0.0,0.0,0.0,0.0,0.0,0.0,0.0,0.0,0.0,0.0,0.0,0.0,0.0,0.0,0.0,0.0,0.0,0.0,0.0,0.0
01c6400db323095a19e46563f1805e4915d8ae74,1,0.0,0.0,0.11607142857142858,0.0,0.0,0.0,0.0,0.0,0.044642857142857144,0.0,0.0,0.0,0.0,0.0,0.0,0.0,0.0,0.0,0.0,0.0,0.0
01c6448708be907ac51d79568d9ae7d184e2e139,1,0.9384508990318119,0.0,0.0,0.01131548536209553,0.0,0.0,0.0,0.0,0.0,0.0,0.0,0.0,0.0,0.0,0.0,0.0,0.0,0.0,0.0,0.0,0.0
01c6657af197ea6e3b18ecec589e3c753a2c246a,0,0.950207468879668,0.0,0.0,0.0,0.0,0.0,0.0,0.010337698139214336,0.0,0.0,0.0,0.0,0.0,0.0,0.0,0.0,0.0,0.0,0.0,0.0,0.0
01c6af5625e02ec2e7e0a82c8270e18a6053e5ba,0,0.0,0.0,0.0,0.0,0.0,0.0,0.0,0.0,0.0,0.0,0.0,0.0,0.0,0.0,0.0,0.0,0.0,0.0,0.0,0.0,0.0
01c6cdf9cd6e99ec6ce2fc62cfb7b75ec3b55c6e,1,0.0,0.0,0.0,0.0,0.0,0.0,0.0,0.0,0.0,0.0,0.0,0.0,0.0,0.009565995947410583,0.0,0.0,0.06154281136609962,0.0,0.02200650299231893,0.0,0.011592290655482777
01c6ec492d8b7128f04f67a52ab4ca1640578059,0,0.9585062240663901,0.0,0.0,0.0,0.0,0.0,0.0,0.0,0.0,0.0,0.0,0.0,0.0,0.0,0.0,0.0,0.0,0.0,0.0,0.0,0.0
01c7001ef6163d6080f376cfa132256fef13c669,1,0.9398340248962656,0.0,0.0,0.0,0.0,0.0,0.0,0.0,0.0,0.0,0.0,0.0,0.0,0.0,0.0,0.0,0.0,0.0,0.0,0.0,0.0
01c73887e524d798dd3504fb6eb279aa692cece5,0,0.9391424619640387,0.0,0.0,0.0,0.0,0.0,0.0,0.0,0.0,0.027926611462899823,0.0,0.0,0.011121935379119987,0.0,0.0,0.0,0.0,0.0,0.0,0.0,0.0
01c73955c6d2c0d4ccfa34bf144fbc8d330f9d48,0,0.9398340248962656,0.0,0.0,0.0,0.0,0.0,0.017875594131018805,0.0,0.015912378590617896,0.0,0.0,0.0,0.0,0.0,0.0,0.0,0.0,0.0,0.0,0.0,0.0
01c7bbe3c3b79963d6b1eb07aee572b4e70b6af2,0,0.0,0.0,0.0,0.0,0.0,0.0,0.0,0.0,0.0,0.0,0.0,0.0,0.0987140511453236,0.0,0.0,0.008795174846775373,0.0,0.0,0.0,0.0,0.0
01c7c4699e2b3b52cb31553211caca12da81c0c0,0,0.9467496542185339,0.0,0.05476673427991886,0.05476673427991886,0.02028397565922921,0.018255578093306288,0.0,0.0,0.0,0.0,0.0,0.0,0.0,0.0,0.0,0.0,0.0,0.0,0.0,0.0,0.0
01c7f32cbca7c3dc05f8b1baa96100764d1574dc,0,0.0,0.06328233657858136,0.0,0.0,0.02642559109874826,0.0,0.01321279554937413,0.0,0.0,0.0,0.0,0.0,0.0,0.0,0.0,0.0,0.0,0.0,0.0,0.0,0.0
01c8b88aac5c4d501e439ec153246d7dbbc3106f,0,0.9426002766251729,0.019902138655231185,0.0,0.0,0.0,0.0,0.023695640222112267,0.0,0.0,0.0,0.0,0.0,0.0,0.0,0.0,0.0,0.0,0.0,0.0,0.050305129473857825,0.0
01c8d556e74c48aa00da632eac456e874943ac1f,1,0.9453665283540802,0.0,0.0,0.0,0.0,0.0,0.0,0.0,0.0,0.0,0.0,0.0,0.0,0.0,0.0,0.0,0.0,0.0,0.0,0.0,0.0
01c8ec7633e3d037f150b552eecdb0e2c906c3c9,1,0.9377593360995851,0.0,0.0,0.0,0.0,0.0,0.0,0.0,0.0,0.0,0.0,0.0,0.0,0.0,0.0,0.0,0.028134143596668916,0.0,0.0,0.0,0.0
01c8ef04e886ac8c953a8a12defac964604affde,0,0.0,0.030118295957616663,0.0,0.0,0.0,0.0,0.0,0.015022860875244938,0.0,0.0,0.0,0.0,0.0,0.0,0.0,0.0,0.0,0.0,0.0,0.0,0.0
01c907bf134b02ca77865b8c9269e16638ef2763,0,0.9426002766251729,0.0,0.0,0.0,0.0,0.0,0.0,0.0,0.0,0.0,0.0,0.0,0.028163808397397988,0.017075694855115318,0.0,0.0,0.0,0.0,0.0,0.0,0.0
01c909a86f7295c1d7b1a1b89a7b7176be14fa32,0,0.9356846473029046,0.0,0.0,0.04144385026737968,0.06818181818181818,0.0481283422459893,0.0,0.0,0.0,0.0,0.0,0.0,0.0,0.0213903743315508,0.0,0.0,0.0,0.0,0.05748663101604278,0.0,0.07352941176470588
01c98e477758fe524c613b9ad2703ae9ac4dfafc,0,0.9446749654218534,0.0,0.1263197234420256,0.0,0.05465757264318415,0.0,0.0,0.0,0.0,0.0,0.0,0.0,0.0,0.0,0.0,0.0,0.02709520695132206,0.0,0.0,0.0,0.0
01c994570150dc16efa3133529cdbdcda41978cb,0,0.9426002766251729,0.0,0.0,0.0,0.0,0.0,0.0,0.0,0.0,0.0,0.0,0.0,0.0,0.0,0.0,0.0,0.0,0.0,0.0,0.02324598478444632,0.0
01c9abb5b4764a9fe707038bfeb854eb7e13ce70,0,0.9391424619640387,0.0,0.0,0.0,0.0,0.0,0.010794207985958754,0.0,0.0,0.0,0.0,0.0,0.0,0.0,0.0,0.08521281263712155,0.0,0.0,0.07898200965335674,0.0,0.0
01c9e6d5ea62beecd27e01cfabc6eac42a47059c,0,0.0,0.013634852011972065,0.0,0.0,0.0,0.0,0.0,0.0,0.0,0.0,0.0,0.0,0.0,0.0,0.0,0.0,0.010808114399733955,0.0,0.0,0.0,0.0
01ca1720193c3497ec6e9cfe671bc8ff5e1ae235,1,0.9384508990318119,0.0,0.0,0.0,0.0,0.0,0.0,0.0,0.0,0.0,0.0,0.0,0.0,0.0,0.0,0.0,0.04848715027218635,0.0,0.0,0.0,0.0
01ca27a6bda9423b9823851a4eab440193ff283e,0,0.941908713692946,0.0,0.0,0.0,0.0,0.0,0.0,0.0,0.0,0.0,0.0,0.0,0.0,0.0,0.0,0.0,0.0,0.0390549662487946,0.0,0.0,0.0
01ca327450efafab6294d01a0b8256ae36f800d4,0,0.941908713692946,0.0,0.0,0.0,0.0,0.0,0.0,0.0,0.0,0.0,0.0,0.0,0.0,0.0454451559595125,0.0,0.0,0.0,0.0,0.0,0.0,0.0
01ca3332c8550566feeb02d897f48ed465d3b6d2,0,0.9391424619640387,0.030030704710551935,0.0,0.0,0.0,0.0,0.0,0.0,0.0,0.0,0.0,0.0,0.0,0.0,0.0,0.0,0.0,0.0,0.03687061584163359,0.0104346089517961,0.0
01ca4aeb189177d6d065dcda2063b8334b21667c,0,0.9446749654218534,0.0,0.0,0.0,0.0,0.0,0.03988326848249027,0.0,0.0,0.0,0.0,0.0,0.0,0.017509727626459144,0.0,0.0,0.0,0.0,0.0,0.0,0.0
01ca52e49607116f5c0074d9bff1394d31bcf9bd,0,0.9426002766251729,0.0,0.0,0.017223198594024606,0.0,0.0,0.0,0.0,0.0,0.0,0.014411247803163444,0.0,0.0,0.0,0.0,0.0,0.0,0.0,0.0,0.0,0.0
01caa44ac21e98397a9722e18a6324bd0a345f2f,0,0.941908713692946,0.0,0.0,0.0,0.0,0.0,0.0,0.026665554443332223,0.0,0.0,0.0,0.0,0.022828383939495052,0.0,0.0,0.0,0.0,0.024024024024024024,0.0,0.0,0.0
01cabb071d82be4f6c198bfc5ec6ff502f7244cf,1,0.9377593360995851,0.0,0.0,0.008695652173913044,0.0,0.0,0.0,0.02608695652173913,0.0,0.0,0.0,0.0,0.02753623188405797,0.0,0.0,0.059420289855072465,0.0,0.0,0.0,0.0,0.015942028985507246
01caefc05000b869c601844fd5a1975561b27e42,1,0.9412171507607192,0.0,0.0,0.0,0.0,0.010710808179162609,0.0,0.0,0.0,0.0,0.0,0.0,0.0,0.0,0.0,0.0,0.006491398896462187,0.0,0.0,0.0,0.0
01cafd01daf6a300d5cfbfcdad600fc52f45a38a,1,0.9370677731673582,0.0,0.03856691253951528,0.0,0.0,0.0,0.0,0.0,0.0,0.0,0.0,0.0,0.0,0.0,0.0,0.0,0.0,0.0,0.0,0.0,0.0
01cb8c1cab577db66eca9008c736ccb543f2db2f,1,0.9446749654218534,0.0,0.0,0.0,0.0,0.0,0.0,0.0,0.0,0.006533521419556017,0.0,0.0,0.0,0.0,0.0,0.0,0.0,0.0,0.0,0.0,0.0
01cbc6469c9cd5b9b1619ab65122c44e1eaa8a3c,1,0.9384508990318119,0.0392524767337136,0.0,0.0,0.0,0.0,0.0,0.0,0.0,0.0,0.05028519963974783,0.0,0.0,0.014560192134494146,0.0,0.0,0.0,0.0,0.0,0.0,0.012458721104773342
01cbed954147b987df45329a2f9a791d0e0bb042,0,0.9426002766251729,0.0,0.0,0.0,0.0,0.0,0.0,0.04275092936802974,0.022304832713754646,0.0,0.0,0.0,0.0,0.0,0.0,0.0,0.0,0.0,0.0,0.0,0.0
01cc2670ac372dec9881f8be14828133edceaf9e,0,0.9412171507607192,0.0,0.0,0.0,0.0,0.0,0.0,0.0,0.0,0.0,0.0,0.0,0.0,0.0,0.0,0.0,0.0,0.0,0.0,0.0,0.018957345971563982
01cc64e817877e83e89b9bb6c17b800785147b45,1,0.9426002766251729,0.04113018597997139,0.0,0.0,0.0,0.0,0.0,0.0,0.0,0.0,0.0,0.0,0.0,0.0,0.0,0.0,0.0,0.0,0.0,0.0,0.0
01cc70035778c492b208f793f1156672aa60ee97,0,0.9398340248962656,0.0,0.012378863973969017,0.0,0.024191837023413737,0.0,0.01230812760840348,0.0,0.0,0.015703473155549267,0.0,0.0,0.0,0.0,0.041663719318101436,0.0,0.0,0.0,0.0,0.0,0.0
01ccc3b70d392ef6089b3a8d17d65bc5f9b8df4a,1,0.9349930843706777,0.0,0.0,0.0,0.0,0.0,0.0,0.0,0.0,0.0,0.0,0.0,0.0,0.0,0.012519161982626469,0.0,0.010475217169136432,0.0,0.0,0.0,0.0
01cd04a8e213e80d61c3a960e8186345da3dac04,1,0.9384508990318119,0.0,0.0,0.0,0.03768115942028986,0.0,0.0,0.0,0.0,0.0,0.0,0.0,0.0,0.0,0.008695652173913044,0.0,0.12173913043478261,0.0,0.0,0.0,0.011594202898550725
01cd1ec85c0bc8f6055e5445812105751440e5be,0,0.9398340248962656,0.0,0.0,0.0,0.01700230475686704,0.00948350776438584,0.0,0.0,0.0,0.0,0.0,0.0,0.0,0.0,0.0,0.0,0.0,0.0,0.0,0.0,0.0
01cd59f42d11ac5517cb0bf971036485938793cc,0,0.9412171507607192,0.0,0.0,0.0,0.0,0.0,0.0,0.0,0.0,0.0,0.0,0.0,0.0,0.0,0.0,0.0,0.0,0.1453055141579732,0.0,0.0,0.0
01cd5b651b3455445ab62c8845286b9a7070c96a,0,0.9495159059474412,0.0,0.02424863387978142,0.0,0.0,0.0,0.0,0.0,0.0,0.0,0.0,0.0,0.0,0.0,0.0,0.0,0.0,0.0,0.0,0.0,0.0
01cd712ea41798f4194df1d5de1fa33bd0559b0c,1,0.9986168741355463,0.0,0.0,0.0,0.0,0.0,0.0,0.0,0.0,0.0,0.02262142381902861,0.0,0.0,0.0,0.0,0.0,0.0,0.0,0.0,0.0,0.0
01cd72336976ac4dee1bb138a4710b04d57e675a,0,0.9432918395573997,0.0,0.030379746835443037,0.0,0.0,0.0,0.0,0.0,0.0,0.0,0.0,0.0,0.0,0.0,0.0,0.0,0.0,0.0,0.0,0.0,0.0
01cdab21ea956f1a67125e086f742eb000e62fd3,0,0.9426002766251729,0.0,0.0,0.0,0.0,0.0,0.0,0.0,0.0,0.0,0.0,0.0,0.0,0.0,0.2440944881889764,0.0,0.07329992841803866,0.0,0.0,0.0,0.0
01ce7769c234eefeb8e3c0d2babcfb4ba33bd8a3,0,0.9508990318118948,0.0,0.026170798898071626,0.0,0.05578512396694215,0.0,0.0,0.0,0.0,0.4090909090909091,0.0,0.0,0.0,0.0,0.0,0.0,0.0,0.0,0.0,0.0,0.0
01ce96f97987d5b93f96d771f26b6c3ef8cc282e,1,0.0,0.0,0.0,0.0,0.0,0.0,0.0,0.0,0.0,0.0,0.0,0.0,0.0,0.0,0.0,0.0,0.0,0.0,0.0,0.0,0.0
01ced0d3c8fbaae908f331c5daa69b7d7030f5b6,0,0.0,0.032719186785260486,0.017789072426937738,0.0,0.0,0.0,0.018424396442185513,0.0,0.0,0.0,0.0,0.0,0.0,0.0,0.0,0.0,0.0,0.0,0.0,0.0,0.0
01cf00f5e08c48f9e24f6de0bf67ad7833517b85,1,0.0,0.014759797124024086,0.0,0.0,0.0,0.0,0.0,0.0,0.0,0.0,0.0,0.0,0.0,0.03761183823110385,0.0,0.0,0.007997264593583192,0.0,0.0,0.0,0.0
01cf7da421d2974821e682bea83360a1072c5f4b,1,0.941908713692946,0.0,0.0,0.0,0.0,0.0,0.0,0.0,0.0,0.0,0.0,0.0,0.0,0.0,0.0,0.0,0.0,0.0,0.0,0.0,0.0
01cf9e3de70954db01ff42acc8718b63463163df,1,0.9446749654218534,0.013289036544850499,0.0,0.0,0.0,0.0,0.0,0.0,0.0,0.0,0.0,0.0,0.0,0.0,0.0,0.0,0.0,0.0,0.0,0.0,0.0
01cfe4ba25ea1ee6f7f38c5336fb822d36253643,0,0.9377593360995851,0.0,0.036544850498338874,0.009966777408637873,0.0,0.0,0.0,0.0,0.0,0.0,0.0,0.0,0.0,0.0,0.0,0.0,0.10631229235880399,0.0,0.0,0.0,0.0
01d02b2a2c0c16033d83a9ab02cdd82389d1b3c3,1,0.0,0.0,0.0,0.0,0.0,0.01009657594381036,0.0,0.0,0.0,0.0,0.0,0.0,0.0,0.0,0.007023705004389816,0.0,0.0,0.0,0.0,0.0,0.0
01d05b96c83f44f182e7d3cc91c71d10751d85fc,0,0.9412171507607192,0.0,0.0,0.0,0.0,0.024695423114916036,0.0,0.0,0.025353967731313796,0.0,0.0,0.0,0.04181758314125782,0.0,0.04774448468883767,0.012841620019756339,0.0,0.0,0.0,0.0,0.025353967731313796
01d0dd8bcdf9674b3cb3d4f1d2b78e0343cf4067,0,0.9384508990318119,0.0,0.0,0.102876254180602,0.029832775919732442,0.0,0.0,0.0,0.0,0.0,0.0,0.0,0.0,0.0,0.0,0.0,0.0,0.0,0.0525752508361204,0.0,0.0
01d1024044d6643cb24aacc504ee95894ed1b3e0,0,0.941908713692946,0.018734177215189874,0.0,0.015759493670886075,0.0,0.0,0.0,0.015569620253164556,0.0,0.0,0.0,0.0,0.0,0.01,0.0,0.0,0.0,0.0,0.0660759493670886,0.0,0.0
01d12a925c6d93b3d291adebf075261d86c721e8,0,0.0,0.0,0.0,0.0,0.0,0.0,0.0,0.0,0.0,0.0,0.032707774798927614,0.0,0.0,0.0,0.0,0.0,0.0,0.0,0.0,0.0,0.0
01d14373a329c882576664d820113fc54a43a65f,0,0.9446749654218534,0.06846791525944121,0.0,0.0,0.019803500153515504,0.0,0.03346638010439054,0.0,0.009517961314092724,0.023487872275099787,0.0,0.0,0.0,0.0,0.016272643536997238,0.0,0.0,0.0,0.0,0.0,0.0
01d1979940d20670baf988867db2c4421ebdb23d,0,0.9426002766251729,0.014982712255090281,0.014214368036880523,0.0,0.0,0.0,0.03534383403764887,0.029581252401075682,0.0,0.01152516327314637,0.0,0.0,0.01882443334613907,0.0,0.0,0.0,0.0,0.014214368036880523,0.0,0.0,0.0
01d1dbace88bd967d574abc56f7ba2106589b54f,1,0.0,0.09267734553775744,0.04290617848970252,0.0,0.0,0.0,0.0,0.0,0.0,0.0,0.0,0.0,0.0,0.0,0.0,0.0,0.0,0.0,0.0,0.0,0.0
01d1dd2466b20ac2715934623dfe0fb081a2e6ef,0,0.9405255878284924,0.0,0.0,0.0,0.0,0.0,0.0,0.0,0.0,0.0,0.0,0.0,0.0,0.0,0.0,0.0,0.0,0.0,0.0573137303762771,0.0,0.0
01d1f1ef479effe3d8b8bc9140524da034869fe8,0,0.0,0.0216555353167375,0.0975511030155839,0.0,0.0,0.0,0.017810159886662617,0.0,0.0,0.015988666261890307,0.0,0.0,0.0,0.0,0.020238818053025704,0.0,0.0,0.0,0.0,0.0,0.0
01d2188876c711cf96935f63b91749855026679a,0,0.0,0.0,0.0,0.015585079202861523,0.0,0.010219724067450179,0.0,0.011497189575881452,0.0,0.0,0.0,0.0,0.057230454777721,0.039090444557996935,0.0,0.0,0.0,0.04803270311701584,0.0,0.0,0.0
01d24fff7619975300ea2d8d34a6577e2e7794ce,0,0.9405255878284924,0.0,0.0,0.0,0.0,0.0,0.0,0.0,0.0,0.0,0.0,0.0,0.0,0.0,0.0,0.0,0.046409379579872984,0.0,0.0,0.0,0.0
01d255b6b84ea57dc7a69798a736836a1d18ad2d,0,0.0,0.017551133222775014,0.0,0.0,0.0,0.0,0.0,0.0,0.0,0.0,0.0,0.0,0.0,0.0,0.0,0.0,0.0,0.0,0.0,0.0,0.0
01d2723d1a4b494c12ba8fc7c0a49a00fe66e8ba,1,0.0,0.0,0.0,0.0,0.07939189189189189,0.01266891891891892,0.0,0.0,0.0,0.0,0.0,0.0,0.0,0.0,0.0,0.0,0.05827702702702703,0.0,0.0,0.0,0.0
01d282f9b39004da65d2e496e05845171153c429,1,0.9356846473029046,0.11827956989247312,0.0,0.012903225806451613,0.0,0.0,0.0,0.0,0.0,0.0,0.0,0.0,0.0,0.0,0.0,0.0,0.0,0.0,0.0,0.0,0.011367127496159755
01d36ffa003820339cac437518cc1c06d16be6ed,1,0.0,0.01908458677017629,0.017628982694484877,0.0,0.0,0.0,0.0,0.0,0.0,0.0,0.0,0.0,0.0,0.0,0.0,0.0,0.025068736859129873,0.0,0.0,0.0,0.0
01d39e9fc8ece75f98392fbbda3985c57e2fc4af,0,0.0,0.011102886750555145,0.0,0.0,0.0,0.015173945225758698,0.0,0.0,0.0,0.0,0.03182827535159141,0.0,0.0,0.0,0.0,0.0,0.0,0.0,0.0,0.0,0.0
01d3d5c7492b1d61afbbe4a50dc1263dab21ff75,0,0.9398340248962656,0.0,0.0,0.028205128205128206,0.0,0.0,0.0,0.01282051282051282,0.0,0.010256410256410256,0.0,0.0,0.0,0.01282051282051282,0.0,0.0,0.0,0.02735042735042735,0.0,0.0,0.0
01d3e13b63aebd4b3afef5acb1208b11ef376916,1,0.0,0.0,0.018867924528301886,0.0,0.0,0.0,0.0,0.0,0.0,0.0,0.0,0.0,0.0,0.0,0.0,0.0,0.0,0.0,0.0,0.0,0.0
01d3f0a0d9e80c2a5983b71f2fc169ab7b2e4a5b,0,0.0,0.0,0.0,0.0,0.0,0.0,0.0691661279896574,0.0,0.0,0.0,0.0,0.0,0.0,0.0,0.0,0.0,0.0,0.0,0.0,0.0,0.0
01d409b46f13ca27465ed3fb4e72202f4a8c3ac9,0,0.9405255878284924,0.0,0.0,0.05705229793977813,0.0,0.0,0.0,0.0,0.0,0.0,0.0,0.0,0.0,0.0,0.0,0.0,0.0,0.08240887480190175,0.0,0.0,0.0
01d465fb079651cb54de1f50c0b6fec6a639c3d6,0,0.9405255878284924,0.0,0.0,0.0,0.0,0.0,0.036927292423373476,0.03858408207481043,0.0,0.0,0.0,0.0,0.0,0.017810488752947173,0.0,0.0,0.0,0.0,0.0,0.018256547505257122,0.0
01d4a689a77a13e60ea7166c4e94c7c5dc69e978,0,0.9405255878284924,0.0,0.0,0.0,0.0,0.0,0.0,0.0,0.0,0.0,0.0,0.0,0.0,0.0,0.0,0.0,0.0,0.0,0.0,0.0,0.0
01d4a8f8e283baf9521bef0cf7eba0eb34d0f4cc,0,0.9398340248962656,0.0,0.0,0.0,0.0,0.0,0.0,0.01719128329297821,0.0,0.0,0.0,0.0,0.0,0.0,0.0,0.0,0.0,0.0,0.0,0.0,0.0
01d5085780102a75bf39e142b3c894e0c8bdf734,1,0.9591977869986169,0.0,0.05474315710536183,0.0,0.0,0.0,0.0,0.0,0.0,0.0,0.0,0.0,0.0,0.0,0.0,0.0,0.0,0.0,0.0,0.0,0.0
01d55a5d8296173a2d1af3282635ec69eda7eff7,0,0.9467496542185339,0.0,0.0,0.0,0.0,0.0,0.0,0.0,0.0,0.0,0.0,0.0,0.0,0.0,0.0,0.0,0.0,0.0,0.0,0.0,0.0
01d586daa99467066287ab41d1e339baf8faf926,0,0.9377593360995851,0.0,0.0,0.0,0.0,0.0,0.0,0.0,0.0,0.0,0.0,0.0,0.0,0.0,0.0,0.0,0.0,0.015706806282722512,0.0,0.0,0.0
01d5d233880a529d27243f81efcedaa4a7c1accd,0,0.9370677731673582,0.026240581969342685,0.030917121330215642,0.0,0.0,0.0,0.09820732657833203,0.0,0.0,0.0,0.0,0.0,0.0,0.0,0.0,0.0,0.0,0.0,0.0,0.03585346843335931,0.0
01d5f1a6462f93066bc56585c8c9ac7dbbd7f2d0,1,0.9432918395573997,0.0,0.07838334353949786,0.0,0.06368646662584201,0.0,0.04715248009797918,0.0,0.0,0.0,0.0,0.0,0.0,0.0,0.0,0.0,0.0,0.0,0.0,0.0,0.0
01d5f59004e59d675c31e1d868a5d86798a8f036,0,0.0,0.0,0.0,0.0,0.0,0.0,0.0,0.0,0.0,0.0,0.0,0.0,0.0,0.07303370786516854,0.0,0.0,0.0,0.03932584269662921,0.0,0.0,0.0
01d619e1a9a3aebc9a626e1f72f9edca1446087a,0,0.9377593360995851,0.03871142393069843,0.0,0.0,0.0,0.0,0.0,0.0,0.0,0.0,0.0,0.0,0.0,0.014618299945858148,0.0,0.0,0.0,0.0,0.0,0.02273957769355712,0.0
01d65a701d0804be8fdc7387e97add26e9bf2cd8,0,0.9522821576763485,0.02954341987466428,0.0,0.0,0.0,0.0,0.03222918531781558,0.0,0.0,0.0,0.0,0.0,0.0,0.0,0.0,0.0,0.0,0.0,0.0,0.0,0.0
01d65b2374bd393939b7f662b926d1f93be8c5aa,0,0.9384508990318119,0.0,0.05783582089552239,0.0,0.0,0.037779850746268655,0.048507462686567165,0.029850746268656716,0.0,0.01585820895522388,0.0,0.0,0.0480410447761194,0.0,0.01166044776119403,0.0,0.0,0.0,0.0,0.0,0.0
01d685e0116ac1500a9b79063c5bb3b8229c7a6e,0,0.9377593360995851,0.0,0.0,0.0,0.0,0.0,0.0,0.0,0.0,0.0,0.0,0.0,0.0,0.0,0.0,0.0,0.0,0.0,0.004507888805409466,0.0,0.0
01d6a035046ef80fa3a579cf0d97ec9f70bebdf1,0,0.9377593360995851,0.0,0.15296367112810708,0.0,0.0,0.0,0.0,0.0,0.0,0.0,0.0,0.0,0.0,0.0,0.0,0.0,0.0,0.0,0.0,0.0,0.0
01d6ba2c8a4cd0a5c4a1a82a9565bf7c05a45df4,1,0.9405255878284924,0.0,0.022274325908558032,0.0,0.0,0.0492379835873388,0.0,0.0,0.0,0.0,0.0,0.0,0.0,0.0,0.0,0.04572098475967175,0.0,0.0,0.0,0.007033997655334115,0.0
01d7031fb99026a88068a51534dfcabf73c1fc9f,0,0.9363762102351314,0.0,0.0,0.011584327086882453,0.0,0.0,0.0479557069846678,0.06780238500851789,0.0,0.0,0.0,0.0,0.03492333901192504,0.034667802385008516,0.0,0.0,0.0,0.010477001703577514,0.0,0.0,0.0
01d708522ecd76b37f02d29a78c17e4002e3afa7,0,0.9488243430152143,0.025552486187845305,0.0,0.0,0.011049723756906077,0.0,0.007596685082872928,0.143646408839779,0.0,0.0,0.0,0.0,0.0,0.0,0.0,0.0,0.0,0.0,0.0,0.024861878453038673,0.0
01d7a2cdb51e1d3158c1fd21a7240cb162f6aec6,0,0.9384508990318119,0.0,0.03835640596067366,0.0,0.0,0.0,0.0,0.0,0.0,0.0,0.0,0.0,0.0,0.0,0.0,0.0,0.01975134467859977,0.0,0.0,0.0,0.0
01d80f7c59936afa7b8645e11e0966341aa3fee0,1,0.9384508990318119,0.08632669885761395,0.0433400070663055,0.0,0.0,0.0,0.0,0.0,0.0,0.0,0.0,0.0,0.0,0.0,0.0,0.0,0.0,0.0,0.0,0.03968908255800259,0.0
01d84708f851f7257a34aa5040eac0fd5a5e38d5,0,0.0,0.0,0.0,0.0,0.0,0.0,0.0,0.0,0.0,0.19474647289699798,0.0,0.0,0.0,0.0,0.0,0.0,0.0,0.009056433648032249,0.0,0.0,0.0
01d8c70810a70d84bb7fb2646f438717fedc4b41,0,0.9543568464730291,0.0,0.0,0.0,0.0,0.0,0.0,0.0,0.0,0.0,0.0,0.0,0.0,0.0,0.0,0.0,0.0,0.0,0.0,0.0,0.0
01d8f34ff1745c36e9930aeab9c908c2faca01f0,0,0.946058091286307,0.01918333790079474,0.0,0.0,0.020644925550379098,0.0,0.0,0.0,0.0,0.013976431899150453,0.0,0.0,0.0,0.01388508267105143,0.0,0.0,0.0,0.0,0.0,0.0,0.0
01d8f8481e8f44e0cab5969b1717d5f7811c7f24,0,0.9453665283540802,0.0,0.0,0.0,0.0,0.0,0.0,0.0,0.0,0.0,0.0,0.0,0.0,0.0,0.0,0.0,0.0,0.0,0.0,0.0,0.0
01d902a82baa98d311adc26602f7b89f93326518,1,0.9377593360995851,0.0,0.0,0.0,0.0,0.0,0.0,0.0,0.0,0.0,0.0,0.0,0.0,0.01482618619589149,0.0,0.0,0.0,0.0,0.0,0.0,0.0
01d90c0433ac4dc3aabaa8f0be35344d46bb2da8,1,0.0,0.0,0.0,0.0,0.0,0.0,0.0,0.0,0.0,0.0,0.0,0.0,0.0,0.0,0.0,0.0,0.0,0.0,0.0,0.0,0.0
01d932bfde234da999d971a7f362fef9f2d9fcf9,1,0.9356846473029046,0.0,0.0,0.0,0.0,0.0,0.0,0.0,0.0,0.0,0.0,0.0,0.0,0.0,0.0,0.0,0.0,0.0,0.027426160337552744,0.0,0.0
01d93c15540f645a0f466202b605f56f3dc7e17f,0,0.946058091286307,0.0,0.05948422374935343,0.0,0.0,0.0,0.0,0.0,0.0,0.0,0.0,0.0,0.0,0.0,0.0,0.0,0.0,0.0,0.0,0.0,0.0
01d942df99e28e15f49439bd7ae0644a3b846371,1,0.9405255878284924,0.0,0.0,0.07152709359605912,0.0,0.0,0.0,0.0,0.0,0.0,0.0,0.0,0.0,0.00748768472906404,0.0,0.0,0.0,0.0,0.0,0.0,0.01852216748768473
01d9477fb01185b31a8d7c36f58902a3e03a6656,0,0.0,0.0,0.0,0.0,0.0,0.0,0.0,0.0,0.0,0.0,0.0,0.0,0.0,0.0,0.0,0.0,0.0,0.0,0.0,0.03,0.0
01d9db26f51a387d382d7bff9c128f46bcfd4c64,0,0.0,0.0,0.0,0.0,0.0,0.0,0.0,0.0,0.0,0.0,0.0,0.0,0.0,0.0,0.0,0.0,0.0,0.0,0.0,0.0,0.0
01d9df35e8d55cd0806411f76fc80e90649e71a1,0,0.9377593360995851,0.0,0.0,0.1195539419087137,0.0175051867219917,0.0,0.0,0.0,0.0,0.013485477178423237,0.0,0.0,0.0,0.0,0.0,0.0,0.0,0.0,0.0,0.0,0.0
01da888949880746d8af8ef78d0b359aaff91329,0,0.9508990318118948,0.0,0.0,0.0,0.0,0.0,0.0,0.0,0.0,0.04671857619577308,0.0,0.0,0.0,0.0,0.0,0.0,0.0,0.0,0.0,0.0,0.0
01dad54f248b4877ed269558c14c9a8bb15fe3f3,0,0.0,0.025530694205393,0.0,0.0,0.0,0.013482501434308663,0.0,0.0,0.0,0.0,0.0,0.0,0.0,0.0,0.0,0.0,0.0,0.0,0.0,0.010183591508892713,0.0
01db5b7cf6ba609c374dc3b660a9f1254428d1f0,0,0.9446749654218534,0.0,0.0,0.0,0.0,0.0,0.0,0.0,0.0,0.030338176046880723,0.0,0.0,0.0,0.0,0.0,0.0,0.0,0.0,0.0,0.020571358808448296,0.0
01dbdbf8b4a7ea17cfd9c8bcfae248de8f259f2a,0,0.9778699861687413,0.03562735118389024,0.0,0.0,0.020579774286346535,0.0,0.0,0.0,0.0,0.0,0.0,0.0,0.0,0.0,0.0,0.0,0.0,0.0,0.0,0.0,0.0
01dbeacd3690fb9b944557dcc5a6a69984bcdbac,1,0.9481327800829875,0.0,0.05771365149833518,0.0,0.0076997780244173145,0.007422308546059933,0.0,0.0,0.0,0.0,0.0,0.0,0.0,0.0,0.0,0.0,0.016301331853496116,0.0,0.0,0.0,0.0
01dc1303d08ba8b6db211e3b57f44c04b2e5c7d1,1,0.9370677731673582,0.0,0.0,0.0,0.0,0.0,0.0,0.0,0.0,0.0,0.0,0.012307692307692308,0.0,0.0,0.0,0.0,0.0,0.0,0.0,0.0,0.0
01dc303d292bbaf8130cc294396b5a49feef21a9,0,0.0,0.0,0.0,0.0,0.0,0.0,0.0,0.0,0.0,0.0,0.0,0.0,0.0,0.0,0.0,0.0,0.0,0.0,0.0,0.0,0.0
01dc69b73109d5028a37fe3fc63f5cc2ec291e70,0,0.9363762102351314,0.0,0.0,0.0,0.0,0.0,0.0,0.0,0.0,0.3235831809872029,0.0,0.0,0.0,0.0,0.0,0.0,0.0,0.0,0.0,0.0,0.0
01dc759f1e27d29bc9bb25dcc37c2254686f0d27,0,0.9439834024896265,0.0,0.028231891348088532,0.0,0.007545271629778672,0.028357645875251507,0.0,0.0,0.005847585513078471,0.0,0.0,0.0,0.006916498993963783,0.0,0.1011695171026157,0.0,0.0,0.0,0.0,0.0,0.019114688128772636
01dc7e85f5f92c9b4d288702ee9bd162efbce048,0,0.9474412171507607,0.0,0.0,0.0,0.0,0.0,0.0,0.0,0.0,0.0,0.0,0.0,0.0,0.0,0.0,0.0,0.0,0.0,0.0,0.0,0.0
01dc9c94c7f5ebd4430d5b5380958d7298381980,0,0.9474412171507607,0.0,0.0,0.0,0.0,0.0,0.0,0.0,0.0,0.009902991107518189,0.0,0.0,0.0,0.0,0.0,0.0,0.0,0.014955537590945837,0.0,0.0,0.0
01dcb538bf5a29dae073416f17b137f794548618,1,0.0,0.0,0.0,0.0,0.0,0.0,0.0,0.0,0.0,0.0,0.0,0.0,0.0,0.0,0.019326891036321226,0.0,0.0,0.0,0.0,0.0,0.0
01dccda8a4a158691dc9f1eb721440b62d92d20c,0,0.9536652835408023,0.008399787347155768,0.010738968633705475,0.0,0.0,0.0,0.01828814460393408,0.0,0.0,0.020202020202020204,0.0,0.0,0.0,0.0,0.0,0.0,0.0,0.0,0.0,0.01063264221158958,0.0
01dd24e879e22003f12d3776274eab08c93b62b3,1,0.946058091286307,0.0,0.0,0.0,0.0,0.0,0.0,0.0,0.0,0.0,0.0,0.0,0.0,0.0,0.0,0.0,0.0,0.0,0.0,0.0,0.0
01dd352732de8a868f6912382032942f2380260a,1,0.9398340248962656,0.008189439786796957,0.0,0.0,0.01737826883571151,0.0,0.0,0.0,0.0,0.0,0.0,0.0,0.0,0.0,0.026233968130586864,0.0,0.012464604963633335,0.0,0.0,0.0,0.018516462162012103
01dde80c500804eaee78713372e56861d365ecfa,1,0.9384508990318119,0.0,0.0,0.0,0.0,0.0,0.05546793433591754,0.0,0.012950663082835373,0.0,0.0,0.0,0.0,0.0,0.03449807850367639,0.023591087811271297,0.0,0.02807828153808561,0.0,0.0,0.0
01de1dd2c1fd327fb8915d5cb034cce6c03b7dfe,1,0.9439834024896265,0.0,0.0,0.0,0.0,0.0,0.0,0.0,0.0,0.02075,0.0,0.0,0.0,0.0,0.0,0.0,0.0,0.0,0.0,0.0,0.0
01deb0d45f6fff97a15e9a62aebfc8f6920f299e,0,0.946058091286307,0.07098782589360164,0.024403802323642226,0.0,0.010450831063427651,0.0,0.049530268497415084,0.01973428206125966,0.0,0.0,0.0,0.0,0.010172883428762021,0.011451442548223915,0.0,0.0,0.0,0.0,0.0,0.0,0.0
01deda1b359c98fdeb39ef76e819c3268976e66b,0,0.9543568464730291,0.0,0.0,0.0,0.0,0.0,0.0,0.0,0.0,0.0,0.0,0.0,0.0,0.0,0.0,0.0,0.0,0.0,0.0,0.0,0.0
01df2d4ebd2842d795c071929478f2f35c43efc0,1,0.9405255878284924,0.0,0.0,0.0,0.0,0.0,0.0,0.0,0.0,0.015751211631663976,0.0,0.0,0.0,0.0,0.0,0.0,0.02806946688206785,0.0,0.0,0.0,0.013731825525040387
01df3d6f949b80d98e35b321b15d817d63f581fe,1,0.9405255878284924,0.0,0.0,0.0,0.07965686274509803,0.0,0.0,0.0,0.0,0.0,0.0,0.0,0.0,0.020833333333333332,0.0,0.0,0.0,0.0,0.0,0.0,0.0
01df47d09ee58d5a5a3ea17c11a2d51f333019d0,1,0.9398340248962656,0.0,0.0,0.0,0.0,0.0,0.0,0.0,0.0,0.0,0.0,0.014292520247737018,0.0,0.0,0.0,0.0,0.0,0.0,0.0,0.0,0.0
01df539da3092ecd1c42e2ab66665b66cc579992,0,0.9377593360995851,0.020542920029347028,0.02971386647101981,0.0,0.05575935436537051,0.0,0.006969919295671314,0.0,0.0,0.0,0.0,0.0,0.06896551724137931,0.0,0.05319148936170213,0.0,0.0,0.03154805575935436,0.0,0.0,0.0
01dfac5306bfdfe887cafc39ac405378ffaa8520,0,0.9515905947441217,0.0,0.0,0.0,0.0,0.0,0.0,0.0,0.0,0.0,0.0,0.0,0.0,0.0,0.0,0.0,0.0,0.0,0.0,0.0,0.0
01dfd602458d5702824cb923aaf051146aad74f0,1,0.9384508990318119,0.012813318368873925,0.0,0.0,0.0,0.0,0.0,0.009633370744481855,0.0,0.0,0.0,0.0,0.0,0.0,0.0,0.0,0.0,0.0,0.0,0.011971567527123082,0.0
01dfde1f7196293409fa799d2733610df991ddb9,1,0.9349930843706777,0.0,0.0,0.0,0.011009174311926606,0.0,0.0,0.0,0.0,0.0,0.0,0.0,0.0,0.0,0.0,0.0,0.0,0.0,0.0,0.0,0.0
01dfe93cec1fc546f68d30c3c8aef09294bff78d,1,0.9412171507607192,0.0206286836935167,0.0,0.0,0.0,0.0,0.0,0.0,0.0,0.0,0.01538965291421087,0.0,0.034053700065487885,0.0,0.0,0.0,0.0,0.0,0.0,0.0,0.0
01e05089bf4f230ae243c5d7f7026e1ddf8d03aa,0,0.9515905947441217,0.0,0.0,0.0,0.0,0.0,0.0,0.0,0.0,0.0,0.0,0.0,0.0,0.0,0.0,0.0,0.0,0.0,0.0,0.0,0.0
01e0552ad0d3aa2a90e41091538a41a8312cffd9,0,0.0,0.0,0.0,0.0,0.0,0.0,0.0,0.0,0.0,0.0,0.0,0.0,0.0,0.0,0.0,0.0,0.0,0.0,0.0,0.0,0.0
01e066e6160992e15a2fd9cb619a74e352e573bc,0,0.9426002766251729,0.024354744808849214,0.0,0.0,0.016980399767125946,0.0,0.0,0.033378614399379,0.0,0.0,0.0,0.0,0.0,0.018629924315932467,0.0,0.0,0.0,0.0,0.0,0.0,0.014360566660197943
01e07e73dde50ed4af3488188150ba4ba52b1936,1,0.9363762102351314,0.007090540751129811,0.0,0.0,0.0,0.0,0.0,0.0,0.0,0.0,0.0,0.0,0.0,0.0,0.0,0.0,0.0,0.0,0.0,0.0,0.014181081502259623
01e0c84c09bcc72627f042c65e9504dee4a1dc08,0,0.9578146611341632,0.0,0.0,0.0,0.0,0.0,0.0,0.0,0.0,0.0,0.0,0.0,0.0,0.0,0.0,0.0,0.0,0.0,0.0,0.0,0.0
01e0c97434babdc37e3e14ed44bc88e33d4d7a03,0,0.9377593360995851,0.0,0.016081479496113642,0.0,0.0,0.0,0.0,0.0,0.0,0.0,0.0,0.0,0.0,0.0,0.0,0.0,0.02278209595282766,0.0,0.0,0.0,0.0
01e0cd71f9976dd25edccc743a54189b73d042a8,0,0.9439834024896265,0.0,0.0,0.05707196029776675,0.0,0.0,0.0,0.0,0.0,0.0,0.0,0.0,0.0,0.0,0.0,0.011166253101736972,0.0,0.01488833746898263,0.0,0.0,0.0
01e0e05e628045a3c53fd58debafd3787a7c0662,1,0.9619640387275242,0.0,0.0,0.0,0.0,0.0,0.0,0.0,0.0,0.0,0.0,0.0,0.0,0.0,0.0,0.0,0.0,0.0,0.0,0.0,0.12195121951219512
01e124472fd8aa4956738c0ec4caf3f53daba808,0,0.9370677731673582,0.0,0.0,0.20246384574183182,0.0,0.0,0.0,0.0,0.0,0.0,0.0,0.0,0.014818782360292805,0.01999642920906981,0.0,0.00874843777896804,0.0,0.0,0.0,0.0,0.0
01e142e87889b6562b033bbffe4738599e48ee5e,1,0.9363762102351314,0.0,0.0,0.0,0.0,0.0,0.0,0.0,0.0,0.0,0.0,0.0,0.0,0.0,0.0,0.0,0.0,0.0,0.0,0.0,0.0
01e19917350af651576cba8c7b4158ce389ae319,0,0.9384508990318119,0.19902900596963166,0.0,0.004210943499046345,0.0,0.0,0.13985286468009214,0.005053132198855614,0.0,0.0,0.0,0.0,0.003616457358004508,0.008025562904064799,0.0,0.0,0.0,0.0,0.0,0.0,0.0
01e1c1f3cc6449d0c6d30fa64237c67ceff9cb2c,1,0.0,0.18976250864652985,0.0,0.0,0.0,0.0,0.0,0.0,0.0,0.01383444777495965,0.0,0.0,0.0,0.0,0.0,0.0,0.0,0.0,0.0,0.0,0.0
01e217e8c9b0babb4f882588d1e25d72788ea18e,0,0.9626556016597511,0.0,0.0,0.0,0.0,0.0,0.0,0.0,0.0,0.0,0.0,0.0,0.0,0.0,0.0,0.0,0.0,0.0,0.0,0.0,0.0
01e22e1668cd1f762f9291009761291c6f107cd2,0,0.0,0.0,0.0,0.0,0.011417058428475487,0.0,0.0,0.0,0.0167897918065816,0.011282740094022834,0.0,0.0,0.0,0.0,0.0,0.0,0.09993284083277368,0.0,0.0,0.0,0.017595701813297514
01e24f907c7796d981fb3a03435e3e1e85ec9313,0,0.9391424619640387,0.010146561443066516,0.0,0.0,0.020293122886133032,0.0,0.0,0.010146561443066516,0.0,0.0,0.0,0.0,0.009019165727170236,0.015783540022547914,0.0,0.0,0.0,0.0,0.0,0.0,0.0
01e270002ecc7a4aa0bb624b2280d6b2aba78907,1,0.9377593360995851,0.02788666857889537,0.24881282468049845,0.0,0.0,0.026133792268221948,0.008987474901998279,0.0,0.0,0.0,0.0,0.0,0.0,0.013927399050259744,0.017114446887847787,0.0,0.0,0.0,0.0,0.01128214934506167,0.0
01e298f3fe5c28f0aee722bbebb846271416fa62,1,0.0,0.0,0.0,0.0,0.0,0.0,0.0,0.0,0.0,0.0,0.0,0.0,0.0,0.0,0.0,0.0,0.0,0.0,0.0,0.0,0.0
01e2a741247b0f436b84c31736489c455ccabfb6,1,0.9426002766251729,0.0,0.0,0.0,0.0,0.0,0.0,0.0,0.0,0.0,0.0,0.0,0.0,0.0,0.0,0.0,0.0,0.0,0.0,0.0,0.0
01e2b43120dc8ad07a1489795fb8f80a93eea601,0,0.0,0.0,0.0,0.0,0.0,0.0,0.0,0.036760788492274904,0.0,0.0,0.0,0.0,0.0,0.0,0.0,0.0,0.0,0.0,0.0,0.0,0.0
01e2d747a96d7307bb46ffb564e54ad3f722acf6,0,0.9398340248962656,0.033343969368219525,0.0,0.0,0.037571793235481814,0.0,0.09912784513933205,0.0,0.0,0.0,0.0,0.0,0.0,0.0,0.0,0.0,0.018426930440331845,0.0,0.0,0.0,0.0
01e2d8ba35da5159566f4d90ad7adf09d6bde2e4,1,0.0,0.0,0.0,0.0,0.0,0.0,0.0,0.0,0.0,0.0,0.0,0.0,0.0,0.0,0.0,0.0,0.0,0.0,0.0,0.0,0.0
01e3656d1b7cf88f2ba1a7d618339d700db7f457,1,0.9412171507607192,0.0,0.07848276925449078,0.0,0.0,0.0,0.0,0.0,0.03831624392876417,0.0181173386785907,0.0,0.0,0.0,0.0,0.0,0.0,0.0,0.0,0.0,0.0,0.0
01e391519e36e072e10a7141f99d4fde5432fb80,0,0.9405255878284924,0.0,0.0,0.0,0.0,0.0,0.010092514718250631,0.0,0.0,0.0,0.0,0.0,0.0,0.0,0.0,0.0,0.0,0.061536305018222597,0.0,0.0,0.0
01e3c065e94a4e13f4f3cb18b8d0fb2718cfe2d3,0,0.9467496542185339,0.0,0.0,0.0,0.0,0.0,0.0,0.03305629013978088,0.0,0.04080090668681526,0.0,0.0,0.0,0.0,0.0,0.0,0.0,0.0466565923687193,0.0,0.0,0.0
01e40a8297d40894111101a12b28f6ec52ed3ee2,0,0.9363762102351314,0.0,0.0,0.0,0.0,0.0,0.0,0.0,0.0,0.0,0.0,0.0,0.0,0.0,0.0,0.0,0.0,0.0,0.0,0.0,0.027181060938185005
01e4366180afe3c08a4747b1fa950154f3232a27,0,0.9412171507607192,0.0,0.036547820041712184,0.0,0.0,0.0,0.0,0.0,0.0,0.0,0.0,0.0,0.0,0.0,0.0,0.0,0.0,0.0,0.0,0.0,0.0
01e4737fabef2bc8fe4ecd2b2de82495718821f2,0,0.9384508990318119,0.06404782237403928,0.0,0.003842869342442357,0.0,0.056789069171648165,0.0,0.0,0.0,0.0,0.0,0.0,0.004269854824935952,0.0,0.0,0.0,0.0,0.0,0.0,0.0,0.029888983774551667
01e4c3b59857fd3beb7f773ae006adbe8adb3202,0,0.9398340248962656,0.0,0.0,0.003474232773595831,0.01756417679984559,0.0,0.0,0.0,0.0,0.0,0.0,0.0,0.0,0.0,0.0,0.0,0.0,0.0,0.0,0.0,0.0
01e4e34a223d62e7c59fa84b95d144295eb04565,0,0.941908713692946,0.0,0.07368421052631578,0.0,0.013157894736842105,0.021052631578947368,0.0,0.0,0.02631578947368421,0.08947368421052632,0.0,0.0,0.0,0.0,0.0,0.0,0.0,0.010526315789473684,0.0,0.0,0.0
01e5056f87219e358da19abba840bdee9c4ce7aa,1,0.9412171507607192,0.0,0.057250687647924264,0.0,0.0,0.01797479690398516,0.0,0.0,0.0,0.0,0.0,0.0,0.0,0.0,0.0,0.0,0.020149683362118594,0.0,0.0,0.0,0.0
01e54d02072a5ee73dc5b6294742d568a973bc9c,1,0.9439834024896265,0.0,0.0,0.0,0.0,0.0,0.0,0.022757697456492636,0.0,0.0,0.0,0.0,0.0,0.0,0.0,0.0,0.0,0.009370816599732263,0.0,0.0,0.0
01e593bb9400be3a38d9b91be1a7b35f6c4f8576,0,0.9384508990318119,0.027307293466989284,0.058244037331489806,0.0,0.026615969581749048,0.032492222606291046,0.0,0.010369858278603527,0.0,0.0,0.0,0.0,0.0,0.010715520221223643,0.029554096094020047,0.0,0.0,0.0,0.0,0.0,0.0197027307293467
01e5b192cd939ef886ec0c551bb8a957b372a0ac,0,0.9370677731673582,0.0,0.0,0.003556517705272924,0.003092624091541673,0.0,0.0,0.004484304932735426,0.0,0.0,0.0,0.0,0.019174269367558373,0.0,0.0,0.0,0.0,0.0,0.0,0.0,0.2242152466367713
01e5b29ad5f257debfeea19dc4e429150a623732,0,0.9384508990318119,0.0,0.0,0.008829174664107486,0.0,0.0,0.06026871401151632,0.0,0.0,0.0,0.0,0.0,0.0,0.0,0.0,0.0,0.0,0.0,0.0,0.0,0.0
01e5d28d517b026e4ceb0842d4a197b8cdbe32ef,0,0.0,0.0,0.0,0.0,0.013691596782474755,0.0,0.0,0.01668663357864111,0.0,0.0,0.0,0.0,0.0,0.0,0.0,0.0,0.0,0.0,0.0,0.0,0.0
01e5f04c92c6be540b805a68ac333184776d7c3a,0,0.9529737206085753,0.0,0.023907666941467436,0.0,0.0,0.0,0.0,0.0,0.0,0.0,0.0,0.0,0.0,0.0,0.0,0.0,0.0,0.0,0.0,0.0,0.0
01e5ff1e3e78fe863646881386ca00c2d67f197b,0,0.9384508990318119,0.0,0.0,0.0,0.0,0.0,0.0,0.00525164113785558,0.0,0.0,0.0,0.0,0.0,0.0,0.0,0.0,0.0,0.0,0.0,0.0,0.0
01e61b53715e8166daef7c5cbc9d6fe8b1dc3821,1,0.9356846473029046,0.0,0.0,0.0,0.012444672525498749,0.0,0.0,0.0,0.0,0.0,0.0,0.0,0.0,0.0,0.0,0.0,0.0,0.0,0.0,0.0,0.0
01e6712488798deac6fc983d38bafc2d07510634,1,0.9377593360995851,0.0,0.025612472160356347,0.0,0.0,0.0,0.0,0.0,0.0,0.0,0.0,0.0,0.0,0.0,0.0,0.0,0.0,0.0,0.0,0.0,0.0
01e68ec251261de12e13de077658f77261af65c4,1,0.9439834024896265,0.0,0.0,0.0,0.0,0.0,0.0,0.0,0.0,0.0,0.0,0.0,0.0,0.0,0.0,0.0,0.0,0.0,0.0,0.0,0.0
01e6b7c3429827d98832adf28c55161426198b9a,0,0.0,0.0,0.0,0.0,0.0,0.0,0.026604068857589983,0.0,0.0,0.0,0.0,0.0,0.0,0.0,0.0,0.0,0.0,0.0,0.0,0.0,0.08450704225352113
01e6d0e8b93a06fa09a7d9bb37094c19441a0ed5,1,0.9377593360995851,0.0,0.0,0.0,0.0,0.0,0.0,0.0,0.0,0.0,0.0,0.0,0.0,0.0,0.0,0.0,0.0,0.0,0.0,0.0,0.0
01e6ecf858e42387a9bf7cc6057ae32260dcf8e1,1,0.0,0.0,0.0,0.0,0.03382663847780127,0.0,0.0,0.0,0.0,0.0,0.0,0.0,0.0,0.0,0.0,0.0,0.019027484143763214,0.0,0.0,0.0,0.0
01e70730a97f6f791efec716db178faa64b3c1dd,0,0.9481327800829875,0.09353139303912254,0.022886259607910873,0.0,0.013818119008549961,0.0,0.037308921323084894,0.0,0.0,0.0,0.0,0.0,0.041108904050436136,0.041713446757060194,0.0,0.0,0.0,0.0,0.0,0.0,0.0
01e7c989880e2f31f5f9f6e87c34bd41a986c900,0,0.9391424619640387,0.0,0.04200967495544428,0.029024866332852416,0.016124925740473563,0.024102520580497326,0.0,0.0,0.0,0.0,0.0,0.0,0.0,0.0,0.0,0.0,0.0,0.0,0.0,0.0,0.0
01e7ec654c7e619af8259c6760f04253759f4277,0,0.9398340248962656,0.0,0.0,0.0,0.0,0.0,0.0,0.0,0.0,0.0,0.0,0.0,0.0,0.0,0.0,0.0,0.0,0.0,0.0,0.0,0.0
01e7f4193e701226f2bff299cf6085b07e55e707,0,0.9391424619640387,0.0,0.0,0.0,0.0,0.01553975863779137,0.0,0.0,0.0,0.0,0.0,0.0,0.0,0.0,0.0,0.0,0.013225326500247974,0.0,0.0,0.0,0.0
01e7fdc747dfb2674cc88ba273754555396fd27b,0,0.0,0.0,0.04094927873429502,0.0,0.0,0.0,0.0,0.0,0.0,0.0,0.0,0.0,0.0,0.0,0.0,0.0,0.07398790134946487,0.0,0.0,0.0,0.013029315960912053
01e81090593de1c500a21969feaf0a380c192a6f,0,0.9439834024896265,0.0,0.0,0.0,0.0,0.0,0.0,0.0,0.0,0.0,0.0,0.0,0.0,0.0,0.0,0.0,0.0,0.0,0.0,0.0,0.0
01e844deaf3642aff42638adef3c8a36b8c2ad2e,1,0.0,0.0,0.0,0.0,0.026537406972189582,0.0,0.0,0.0,0.0,0.0,0.0,0.0,0.0,0.0,0.0,0.0,0.0,0.0,0.0,0.0,0.0472972972972973
01e85668b036c6e4d063d632120a310c3b6cc63b,1,0.9363762102351314,0.0,0.0,0.0,0.0,0.0,0.0,0.0,0.0,0.0,0.0,0.0,0.009454386012989504,0.0,0.010002466361568606,0.0,0.0,0.0,0.0,0.0,0.0
01e87b102ea092d24ef11e7f19f930c8e9a6b557,0,0.9937759336099585,0.0,0.0,0.0,0.0,0.0,0.0,0.0,0.0,0.0,0.0,0.0,0.0,0.0,0.0,0.0,0.0,0.0,0.0,0.0,0.0
01e898de9aae77873079964eb4d493434048253b,0,0.9391424619640387,0.0,0.0,0.0,0.0,0.0,0.0,0.0,0.0,0.015323067632850242,0.0,0.0,0.012907608695652174,0.0,0.006944444444444444,0.0,0.0,0.03170289855072464,0.0,0.0,0.0
01e8a3f71b29f5b2cc9cf496d4c109d8feadbcf6,0,0.9398340248962656,0.08631557014116789,0.03750586029067042,0.0,0.0,0.036411939365525864,0.0,0.0,0.007032348804500703,0.0,0.0,0.0,0.0,0.0,0.0,0.0,0.0,0.0,0.0,0.03443246340574048,0.018909204563213003
01e8ace83c6bf10dc4ad972ae2f8022be9c04c70,0,0.9356846473029046,0.0,0.0,0.0,0.0,0.0,0.0,0.0,0.0,0.0,0.0,0.04081632653061224,0.0,0.0,0.0,0.0,0.0,0.0,0.0,0.0,0.0
01e8c36671ebdaaa3c611d9c882bc7bed2f88915,1,0.9315352697095436,0.0,0.0,0.0,0.0,0.0,0.0,0.0,0.0,0.0,0.002510460251046025,0.0,0.0,0.0,0.0,0.0,0.0,0.0,0.0,0.0,0.0
01e8dfe8079e8dc9c6ec4dc0b5b2f3e2e7b5babf,1,0.0,0.0,0.0,0.0,0.0,0.0,0.0,0.0,0.0,0.0,0.0,0.0,0.0,0.0,0.0,0.0,0.0,0.0,0.0,0.0,0.0
01e91257ef76f803a9cb637a3af4c5d3b05a215f,0,0.9412171507607192,0.0,0.0,0.0,0.0,0.0,0.0,0.0,0.0,0.0,0.0,0.0,0.0,0.0,0.0,0.0,0.0,0.0,0.0,0.0,0.0
01e9370020bbe4fe9a952279a0fa6f313c6ea4a1,0,0.9536652835408023,0.0,0.0,0.0,0.0,0.0,0.0,0.0,0.0,0.0,0.0,0.0,0.0,0.0,0.0,0.0,0.0,0.0,0.0,0.0,0.0
01e9424c86ca7c67c98992d59cdaeb588cec0244,0,0.9377593360995851,0.00862958446674796,0.0,0.0,0.0,0.0,0.0,0.0,0.02466935559515993,0.0,0.0,0.0,0.0,0.0,0.018103367413938656,0.0,0.0,0.0,0.0,0.0,0.0
01e96bd293922e4257bba37a8ea06134adde029a,1,0.9412171507607192,0.19064911484339536,0.0,0.0,0.03177485247389923,0.0,0.02315024965955515,0.017703132092601,0.0,0.0,0.0,0.0,0.0,0.0,0.0,0.0,0.0,0.02088061733999092,0.0,0.0,0.0
01e97b171a46776d5dc2cf1ba6a59d55d765d3e1,0,0.0,0.0,0.0,0.0,0.0,0.0,0.01440922190201729,0.0345821325648415,0.0,0.0,0.0,0.0,0.0,0.0,0.0,0.0,0.0,0.0,0.0,0.0,0.0
01e995f09c11fc9df14a3828c15c9a3f1e32cb00,0,0.9439834024896265,0.0,0.0,0.0,0.0,0.0,0.0,0.0,0.0,0.0,0.0,0.0,0.0,0.0,0.0,0.0,0.0,0.0,0.0,0.0,0.0
01e9af114884906ee1b9b59230afdccad89a19a1,0,0.9384508990318119,0.0,0.0,0.0,0.0,0.0,0.0,0.0,0.0,0.0,0.0,0.0,0.0,0.0,0.0,0.0,0.0,0.0,0.07766751414746166,0.0,0.0
01e9e152b56498c10bffbc9656a420c86433ea1f,1,0.0,0.0,0.01936619718309859,0.0,0.0,0.0,0.0,0.0,0.0,0.09683098591549295,0.0,0.0,0.0,0.0,0.0,0.0,0.0,0.0,0.0,0.0,0.0
01ea192f4db57ebedb1b66e7aae31d98fca12307,0,0.9405255878284924,0.0,0.0,0.0,0.0,0.0,0.0,0.0,0.0,0.0,0.03529411764705882,0.0,0.0,0.0,0.0,0.0,0.0,0.0,0.0,0.0,0.0
01ea4ea380755d8f318c98b0df92758d389eb65d,1,0.9426002766251729,0.0,0.05647840531561462,0.0,0.0,0.0,0.0,0.0,0.0,0.0,0.0,0.0,0.0,0.0,0.0,0.0,0.0,0.0,0.0,0.0,0.0
01ea700a52ce3ecc4c9b6e13912cde9c064e737c,1,0.946058091286307,0.0,0.0,0.0,0.0,0.0,0.0,0.0,0.0,0.0,0.0,0.0,0.0,0.0,0.0,0.0,0.0,0.0,0.0,0.0,0.0
01ea8ef001eecb7b8437bd1130e55b10fca504d8,0,0.9453665283540802,0.0,0.0,0.0,0.0,0.0,0.020512150509537495,0.02515024823621636,0.0,0.08185262607786778,0.0,0.0,0.007055134570159394,0.0,0.0,0.0,0.0,0.0,0.0,0.0,0.0
01eab8746181b0d81c79aae80cb0ef36af2deba7,1,0.9412171507607192,0.0,0.0706380653094685,0.0,0.010247301543926767,0.0,0.0,0.0,0.0,0.0,0.0,0.0,0.0,0.0,0.0,0.0,0.0526028145921574,0.0,0.0,0.0,0.00874436398415084
01eae89a769286b16ab04ce25b8c44ce2ebca4ea,1,0.9363762102351314,0.0,0.0,0.012365524916532707,0.0,0.0,0.0,0.0,0.0,0.0,0.0,0.0,0.0,0.0,0.0,0.0,0.04389761345369111,0.0,0.06405341906763942,0.0,0.0
01eb4f70fc43aa1c2203a11b74b3c976a45305c2,0,0.9495159059474412,0.0,0.0,0.0,0.0,0.0,0.0,0.0,0.0,0.0,0.0,0.0,0.0,0.0,0.0,0.0,0.0,0.0,0.0,0.0,0.0
01ebe377b53e811dfa2b4dbad030fc8343ce86a2,0,0.941908713692946,0.0,0.0,0.0,0.0,0.0,0.0,0.0,0.0,0.0,0.0,0.0,0.0,0.0,0.0,0.0,0.0,0.0,0.0,0.0,0.0
01ec0be7c7b1f4e09e84debd3572e7b1ef46976a,0,0.9481327800829875,0.0,0.034212002243409985,0.0,0.0,0.0,0.0,0.0,0.0,0.0,0.0,0.0,0.0,0.0,0.0,0.0,0.0,0.0,0.0,0.0,0.0
01ec11909d97d2a10516e64bc91ab892af89342f,0,0.9377593360995851,0.0,0.0,0.0,0.0,0.0,0.0,0.0,0.0,0.0,0.0,0.0,0.044101433296582136,0.0,0.0,0.0,0.0,0.0,0.0,0.0,0.0
01ec4efba9fe711a1bd89fe441d654926e42cda9,0,0.0,0.05087523765816561,0.0,0.0,0.0,0.0,0.0,0.0,0.0,0.0,0.0,0.0,0.0,0.0,0.0,0.0,0.0,0.0,0.0,0.03045302563430145,0.0
01ec6663a31a2ec868e23a416d39443f0d591b34,0,0.9370677731673582,0.0,0.0,0.0,0.0,0.0,0.0,0.018635014836795253,0.0,0.0,0.0,0.0,0.0,0.0,0.0,0.0,0.0,0.0,0.0,0.0,0.0
01eca3e806ae3822208a90263e1bffa3a9d9512d,0,0.9426002766251729,0.0,0.0,0.0,0.0,0.0,0.0,0.0,0.0,0.0,0.0,0.0,0.0266844563042028,0.07204803202134756,0.0,0.0,0.0,0.0,0.0,0.0,0.0
01ed2ec818341d2cb76bf6192dab7494f7353b5d,0,0.941908713692946,0.0,0.0,0.0,0.0,0.0,0.0,0.0,0.0,0.0,0.0,0.0,0.0,0.0,0.0,0.0,0.02087081684059014,0.0,0.0,0.0,0.0
01ed411bcd0955426647895df8cd3e8f64929ef5,1,0.9384508990318119,0.0,0.0,0.0,0.0,0.0,0.0,0.0,0.0,0.0,0.0,0.0,0.0,0.0,0.0,0.0,0.010000515490489201,0.0,0.0,0.0,0.0
01ed7984ba14cc0c464201c3bb4bbf989a69ed4f,1,0.9612724757952974,0.07997580157289776,0.0,0.014398064125831821,0.013430127041742287,0.0,0.014761040532365396,0.03145795523290986,0.015486993345432546,0.0,0.0,0.0,0.0,0.012704174228675136,0.0,0.0,0.0,0.0,0.01427707199032063,0.0,0.01560798548094374
01eda45836812454428d901915ff730b0d2a2ef7,0,0.9405255878284924,0.0,0.0,0.0,0.0,0.0,0.0,0.0,0.0,0.0,0.0,0.0,0.003883495145631068,0.0,0.0,0.03864077669902913,0.0,0.0,0.0,0.0,0.0
01edbde43822135f22860941689a274e8693f4a5,0,0.9474412171507607,0.0,0.008884983401679359,0.0641476274165202,0.0,0.006834602616676431,0.01864870142550283,0.0,0.0,0.0210896309314587,0.0,0.0,0.021382542472173402,0.0,0.0,0.0,0.0,0.0,0.0,0.0,0.007908611599297012
01edbffd1e09ca33478b21186713c5d8019b5d5f,0,0.946058091286307,0.022598870056497175,0.0,0.0,0.0,0.0,0.011299435028248588,0.011299435028248588,0.0,0.0,0.0,0.0,0.0,0.0,0.0,0.0,0.0,0.0,0.0,0.02824858757062147,0.0
01ede0640e86d9dd4f868375046f500475cd4b69,0,0.941908713692946,0.031882831914556126,0.0,0.0,0.0,0.0,0.05149896896314704,0.0,0.0,0.0,0.0,0.0,0.0,0.004811505313805319,0.0,0.0,0.0,0.0,0.0,0.0,0.0
01edfa1b3144677b7c5f0627cf7971cc38b1f8c1,0,0.9439834024896265,0.021679284239504472,0.020876347786189492,0.0,0.0,0.0,0.0,0.0,0.0,0.0,0.0,0.0,0.0,0.0,0.0,0.0,0.0,0.0,0.0,0.015485203028217482,0.0
01ee14f4813fe6c7e555e4b1b2f452a4403dc79d,1,0.9398340248962656,0.0,0.06216750265997872,0.0,0.0,0.017935856513147896,0.0,0.0,0.009829254699295738,0.0,0.0,0.0,0.010133252267315195,0.010031919744642043,0.0,0.0,0.0,0.0,0.0,0.0,0.0
01ee85b1a5bed3006a96cbeb8b6fa2bd636a1646,0,0.9426002766251729,0.0,0.02219363139273078,0.0,0.0,0.0,0.0,0.0,0.0,0.05821807655194596,0.0,0.0,0.0,0.0,0.0,0.0,0.0,0.0,0.0,0.0,0.0
01eeac840eb68fde48f90eed03e99b93405e92b9,1,0.9391424619640387,0.012873957822461991,0.07417851888180481,0.0,0.0,0.0,0.0,0.0,0.0,0.0,0.0,0.0,0.0,0.0,0.057381069151544874,0.0,0.0,0.0,0.0,0.0,0.0
01ef45b6ffc9010d0c3724431dc34680c9038541,0,0.9529737206085753,0.0,0.0,0.0,0.0,0.0,0.0,0.0,0.0,0.0,0.0,0.0,0.0,0.0,0.0,0.0,0.0,0.0,0.0,0.0,0.0
01ef4a0601861ebd3d2962b06008ed04966b73b1,0,0.9384508990318119,0.07213746111687157,0.013331358317286327,0.0,0.0,0.0,0.0,0.0,0.0,0.0,0.0,0.0,0.0,0.0,0.0,0.0,0.0,0.0,0.0,0.0,0.0
01ef736bfe0ad268d1368dbfa47a4bdaeb5fab98,0,0.9640387275242047,0.0,0.0,0.0,0.0,0.0,0.0169971671388102,0.014164305949008499,0.014164305949008499,0.0,0.0,0.0,0.0,0.0,0.0,0.0,0.0,0.0,0.0,0.0,0.0
01f00f36ec501fc307717e93808a13be98f2189d,0,0.0,0.027716994894237783,0.0,0.0,0.0,0.0,0.0,0.0,0.0,0.02698760029175784,0.0,0.0,0.0,0.0175054704595186,0.0,0.0,0.0,0.0,0.02698760029175784,0.0,0.0
01f0d0adf6290aec1df4f4f92c3749dde9470410,0,0.9412171507607192,0.0,0.013940971456302114,0.0,0.02331583359068249,0.0,0.0,0.0,0.0,0.0,0.0,0.0,0.0,0.0,0.013521859972647461,0.0,0.019962941721445273,0.0,0.0,0.0,0.024595226540786164
01f0e2618aff7a783776c2c0e889080ac8c83c77,0,0.9446749654218534,0.0,0.08232445520581114,0.0,0.0,0.0,0.0,0.0,0.0,0.0,0.0,0.0,0.0,0.0,0.0,0.0,0.0,0.0,0.0,0.0,0.0
01f1101f6186f92c95d789f21e6dccfba3a4a43b,1,0.0,0.0,0.0,0.0,0.0,0.0,0.015921931176168466,0.02465331278890601,0.0,0.0,0.0,0.0,0.229070364663585,0.0,0.0,0.0,0.0,0.029789419619928096,0.0,0.0,0.0
01f188a0cfd1d37fee2d68e81e78025b9b3be096,1,0.9398340248962656,0.016938068144660257,0.017330455823687137,0.0,0.0,0.0,0.0,0.0,0.0,0.0,0.0,0.0,0.0,0.0,0.0,0.0,0.0,0.0,0.0,0.009548100189654045,0.0
01f1a265ac0f9d284a435205362d8e152ff98114,1,0.9432918395573997,0.020169851380042462,0.0,0.0,0.09288747346072186,0.0,0.0,0.0,0.0,0.0,0.0,0.0,0.0,0.0,0.0,0.0,0.0,0.0,0.0,0.0,0.0
01f1ab0e244a99b8c233cf3f84ee7f516efb8308,1,0.0,0.0,0.0,0.0,0.0,0.0,0.012609117361784675,0.016488845780795344,0.0,0.0,0.0,0.0,0.0,0.0,0.0,0.0,0.0,0.0,0.0,0.0,0.0
01f1c3e629cac7298b7366dd27d3e5f02b0cadc7,0,0.9426002766251729,0.0,0.0,0.0,0.0,0.0,0.0,0.021758436944937832,0.0,0.0,0.0,0.0,0.0,0.0,0.0,0.0,0.0,0.0,0.06594138543516874,0.0,0.0
01f2548ab5e98555d2b813a1931cfd28e4887798,0,0.9363762102351314,0.0,0.0,0.0,0.0,0.0,0.0,0.0,0.0,0.0,0.0,0.0,0.0,0.0,0.09655172413793103,0.0,0.0,0.0,0.0,0.0,0.0
01f29c5536fcae4b6fa9602d7f70a87591b7a406,1,0.9391424619640387,0.0,0.0,0.0,0.0,0.0,0.0,0.0,0.0,0.0,0.0,0.0,0.0,0.0,0.0,0.0,0.0,0.0,0.0,0.0,0.0
01f2ab64be405e14a76902fcd6ef4a6245c6f416,1,0.0,0.0,0.0,0.0,0.0,0.0,0.0,0.0,0.0,0.0,0.0,0.0,0.0,0.0,0.0,0.0,0.0,0.0,0.0,0.0,0.0
01f3034481e1b9da1451834b40aac1b42c3dd018,1,0.9391424619640387,0.0,0.0,0.0,0.0,0.0,0.0,0.0,0.0,0.0,0.014950166112956811,0.0,0.0,0.0,0.0,0.0,0.0,0.0,0.0,0.0,0.024916943521594685
01f303cc5637fa9d4654143d369c95981152ff94,0,0.9550484094052559,0.0,0.0,0.03247631935047361,0.0,0.0,0.0,0.0,0.0,0.0,0.0,0.0,0.0,0.0,0.0,0.0,0.0,0.0,0.0,0.0,0.0
01f327d233cd8ee0db0f2a950fd9bec610261e54,0,0.9384508990318119,0.0,0.0,0.0,0.030470914127423823,0.012773160972606955,0.0,0.0,0.0,0.0,0.0,0.0,0.0,0.0,0.0,0.0,0.0,0.0,0.034318251769775314,0.0,0.015081563558017852
01f357c6dc469d4998fe417d49d22f24c93694c3,0,0.0,0.01242060691601976,0.0,0.25067043048694426,0.005222300635144672,0.0,0.0,0.0,0.0,0.0,0.0,0.0,0.0,0.0,0.0,0.0,0.030910374029640086,0.0,0.0,0.0,0.0
01f398f05f92b170d23722ddd276696ca0782592,1,0.9356846473029046,0.0,0.0,0.0,0.0,0.0,0.0,0.24242424242424243,0.0,0.0,0.0,0.0,0.0,0.0,0.0,0.0,0.0,0.0,0.0,0.0,0.0
01f3d7e95ef85d3ddf07a8067e459587a70f43c1,0,0.9356846473029046,0.0,0.0,0.0,0.0,0.0,0.0,0.0,0.0,0.0,0.0,0.0,0.009503695881731784,0.025343189017951427,0.0,0.0,0.0,0.039372454367174535,0.0,0.0,0.0
01f41b02e560b49329d652c080314ac027389490,0,0.9405255878284924,0.013596089214787657,0.029178124045218454,0.0,0.014818209593644974,0.050106935533150015,0.00458295142071494,0.005041246562786435,0.0,0.0,0.0,0.0,0.0,0.013137794072716162,0.007943782462572564,0.0,0.0,0.0047357164680721054,0.0,0.0,0.0
01f429e1d0acce2972e16c5e8a14bed2d9ce0086,0,0.9446749654218534,0.0,0.0,0.0,0.0,0.0,0.0,0.08759413396749902,0.0,0.0,0.0,0.0,0.0,0.019817677368212445,0.0,0.0,0.0,0.0,0.0,0.0,0.0
01f4409cae18213c0c5fce2915786b3ee1621687,1,0.9370677731673582,0.04635083226632523,0.05172855313700384,0.0,0.0,0.014852752880921895,0.0,0.0,0.0,0.0,0.0,0.0,0.0,0.0,0.0,0.0,0.0,0.0,0.0,0.0,0.0
01f4792f0c333d999c1c4de10b5da3b2ebd36718,0,0.9405255878284924,0.07426436244745446,0.059318075665576835,0.0,0.0,0.04016814572629612,0.0270901447921532,0.0,0.0,0.0,0.0,0.0,0.0,0.0,0.0,0.0,0.0,0.0,0.0,0.0,0.0
01f48dd2a4e3b783aaabfd612c98c7c2fb275304,0,0.9377593360995851,0.0,0.0,0.0,0.0,0.0,0.0,0.0,0.0,0.0,0.0,0.0,0.0,0.0,0.0,0.0,0.0,0.0,0.0,0.0,0.0
01f4c987cb37c5709b707f4f23b1e2c918f44018,0,0.9432918395573997,0.04263093788063337,0.0,0.0,0.0,0.0,0.0,0.02405602923264312,0.0,0.0,0.0,0.0,0.0,0.0,0.0,0.0,0.0,0.06562119366626065,0.0,0.0,0.0
01f4eb8bd4e2baae94e778632eb70f43ec1f4d62,0,0.0,0.0,0.0,0.0,0.0,0.0,0.0,0.0,0.0,0.0,0.0,0.0,0.0,0.020457018498367792,0.0,0.0,0.0,0.0,0.0,0.0,0.0
01f58c677be7e1504549671b1359e7a763a27ed1,1,0.0,0.2461472602739726,0.0,0.0,0.0,0.0,0.0,0.0,0.0,0.0,0.0,0.0,0.0,0.0,0.0,0.0,0.0,0.0,0.0,0.0,0.0
01f5961bda6402691180e80975e5af9f42bc57b2,0,0.941908713692946,0.0,0.0,0.0,0.0,0.0,0.0,0.013297394429469901,0.0,0.0,0.0,0.0,0.0,0.0,0.0,0.0,0.0,0.0,0.0,0.0,0.0
01f5a7b364306b2a8c03b60e05d5a2a4136b444a,1,0.9377593360995851,0.0,0.0,0.0,0.0,0.0,0.0,0.0,0.0,0.0,0.0,0.0,0.0,0.0,0.0,0.0,0.0,0.0,0.0,0.0,0.0
01f5d803e32a1e6fac514b943a34afebe9d70c5d,0,0.9446749654218534,0.037433598937583,0.021912350597609563,0.0,0.0,0.0,0.01900730411686587,0.0,0.0,0.0,0.0,0.0,0.0,0.0,0.0,0.0,0.0,0.0,0.0,0.010375166002656042,0.0
01f6304c13f626994072e610f8abdd40052d80e0,1,0.0,0.0,0.0,0.043942087884175765,0.0,0.0,0.0,0.0,0.020574041148082298,0.0,0.0,0.0,0.0,0.0,0.010414020828041656,0.0,0.0,0.0,0.03403606807213615,0.0,0.0
01f63c03db60371b8ea16fbb2e29eb2a74a8154f,0,0.9432918395573997,0.0,0.0,0.0,0.0,0.0,0.0,0.0,0.0,0.0,0.02152540618855428,0.0,0.0,0.0,0.0,0.0,0.0,0.0,0.0,0.0,0.0
01f66ce5d745948c4543776eea47cd4ea53a0374,0,0.9578146611341632,0.0,0.0,0.0,0.0,0.0,0.0,0.0,0.0,0.0,0.0,0.0,0.0,0.0,0.0,0.0,0.0,0.0,0.0,0.0,0.0
01f6fed42d488f128d6618e2607c2feaa3e6c0c7,0,0.0,0.0,0.0,0.0,0.0,0.0,0.0,0.0,0.0,0.0,0.0,0.0,0.0,0.0,0.0,0.0,0.0,0.0,0.0,0.0,0.0
01f70029b3b3d3964a8a053f2d772b65c97b7f00,0,0.9384508990318119,0.15520231213872832,0.020809248554913295,0.0,0.007803468208092485,0.0,0.025433526011560695,0.0,0.0,0.0,0.0,0.0,0.0,0.07572254335260116,0.0,0.0,0.0,0.0,0.0,0.0,0.0
01f719f52e22f2749d095efb9230a68fcb9a20ac,0,0.9384508990318119,0.0,0.0,0.0,0.0,0.0,0.0,0.0,0.0,0.0,0.04991251496454554,0.0,0.0,0.0,0.0,0.0,0.0,0.0,0.0,0.0,0.0
01f71cfc2f721d8aab3b423cbb07c2b285786b91,0,0.9453665283540802,0.0,0.0,0.0,0.0,0.0,0.0,0.0,0.0,0.0,0.0,0.0,0.0,0.0,0.0,0.0,0.0,0.0,0.0,0.0,0.0
01f73231afb39463844d5f525dfb01526d7dc1e8,1,0.9356846473029046,0.0,0.0,0.0,0.0,0.0,0.0,0.0,0.0,0.0,0.009036144578313253,0.0,0.0,0.0,0.0,0.0,0.0,0.0,0.0,0.0,0.0
01f73e8422c7c52d6d2a96b3e09a1d9223ae4c92,1,0.0,0.0,0.02372378733319212,0.0,0.0,0.04278754501165007,0.0,0.0,0.026689260749841136,0.0,0.0,0.0,0.0,0.0,0.021817411565346324,0.0,0.0,0.0,0.0,0.0,0.0
01f744a9f2f278ac134ff0bfbbc5ed95b67807cf,0,0.0,0.0,0.0218651912539235,0.0,0.0,0.0,0.0,0.0,0.0,0.0,0.0,0.0,0.0,0.0,0.0,0.0,0.0350055859977656,0.0,0.0,0.016332393467042614,0.0
01f7a2d50f327691364c8dc3349cd0b8400a18b0,0,0.9253112033195021,0.0187018701870187,0.022552255225522552,0.0,0.0,0.0,0.024752475247524754,0.030803080308030802,0.0,0.0,0.0,0.0,0.0,0.0,0.0,0.0,0.0,0.0,0.0,0.0,0.0
01f7d032e8ad271624110e61c354dae312c8b7a0,1,0.9432918395573997,0.0,0.0,0.0,0.015153228542349882,0.0,0.0,0.0,0.0,0.0,0.0,0.0,0.0,0.0,0.0,0.0,0.013909306796336085,0.0,0.0,0.0,0.0
01f82dff756eb831e59949ae609d72817194d142,0,0.9439834024896265,0.03838489774514945,0.12839014158363923,0.0,0.0,0.0,0.0,0.0,0.0183744100681699,0.0,0.0,0.0,0.0,0.0,0.0,0.0,0.009795490298898793,0.0,0.0,0.0,0.0
01f834a05fd422f3ee4e0c89ca56ff4b59cea3b1,0,0.9384508990318119,0.0,0.0,0.056074766355140186,0.018082080455099552,0.0,0.0,0.06359203575782202,0.0,0.0,0.0,0.0,0.005485574969524584,0.027224705404307194,0.0,0.0,0.0,0.0,0.0,0.0,0.0
01f85f5b28de45f61deba2ad533fb305c70b9c7a,0,0.0,0.0,0.0,0.0,0.0,0.0,0.0,0.0,0.0,0.0,0.0,0.0,0.0,0.0,0.0,0.0,0.0,0.0,0.0,0.0,0.0
01f89226c433aaad9e2a4a3360ed7c9455170c83,0,0.9412171507607192,0.0,0.0,0.0,0.013560036534813462,0.0,0.0,0.055294034989109814,0.0,0.0,0.0,0.0,0.01370055504812759,0.01074966626853088,0.0,0.017424295650952014,0.0,0.011663036605072718,0.0,0.0,0.0
01f8b75f1bf4c233712d8d30d656099f42272e16,0,0.9398340248962656,0.0,0.0,0.0,0.0,0.0,0.0,0.0,0.0,0.0,0.0,0.5270286797529505,0.0,0.0,0.0,0.0,0.0,0.0,0.0,0.0,0.0
01f8e65d9641fe4f241477178f0696b082eb01c0,0,0.9412171507607192,0.0,0.0,0.0,0.0,0.0,0.0,0.0,0.0,0.0,0.0,0.0,0.0,0.0,0.0,0.0,0.0,0.0,0.0,0.0,0.0
01f8f83ed8e7b14a7f70221c47841d6412ec7fc6,1,0.9398340248962656,0.0,0.026888039964736998,0.0,0.0,0.0,0.022333235380546577,0.06009403467528651,0.0,0.0,0.0,0.0,0.008668821627975316,0.017190714075815457,0.0,0.0,0.0,0.0,0.0,0.0,0.0
01f9619160c4c7c0e65995dcf8a1eaac217f7c4b,1,0.9432918395573997,0.0,0.0,0.10258677868671236,0.0,0.038912226398408134,0.0,0.0,0.0,0.0,0.0,0.0,0.050187928366128676,0.0,0.0,0.0,0.0,0.0,0.0,0.0,0.015034269290294052
01f9abdd9f6878e593305d77fcf71ab03184dfd6,1,0.0,0.015592515592515593,0.0,0.0,0.0,0.0,0.006237006237006237,0.006237006237006237,0.007276507276507277,0.0,0.0,0.0,0.01975051975051975,0.009355509355509356,0.0,0.0,0.0,0.035343035343035345,0.0,0.0,0.0
01fa1780ca5d1ac3310f50ed9bc7ed7252d67070,0,0.9432918395573997,0.022929037568346168,0.0,0.0,0.0,0.0,0.012522782056558292,0.0,0.0,0.0,0.0,0.0,0.0,0.0,0.0,0.0,0.01757892880239873,0.0,0.0,0.0,0.0
01fa4ef4e6c57b400d19908b2bfbcebeb6228db2,1,0.9405255878284924,0.0,0.0,0.0,0.0,0.0,0.0,0.0,0.0,0.0,0.0,0.0,0.0,0.0,0.0,0.0,0.0,0.0,0.0,0.0,0.0
01fa52edbd810b8723faa996507bacdd2739b425,1,0.9280774550484094,0.0,0.0,0.0,0.0,0.0,0.0,0.0,0.0,0.0,0.0,0.0,0.0,0.0,0.0,0.0,0.0,0.0,0.0,0.0,0.0
01fa7f5da985571d8e6267373f223b5e167f0af8,0,0.0,0.0,0.0,0.011699293409011931,0.0,0.03741457199119657,0.0,0.0,0.0,0.0,0.0,0.0,0.01610100776091741,0.0,0.0,0.016796015290165642,0.0,0.0,0.020966060465655044,0.0,0.0
01fb37f89c214cd1831d9b157d574f659207f21f,0,0.9439834024896265,0.012373013805678562,0.0,0.0,0.0,0.0,0.0,0.0,0.0,0.0,0.0,0.0,0.0,0.0,0.0,0.0,0.19705652513675437,0.0,0.0,0.0,0.0
01fb707c609389676e42e85fb078f4c3967b0038,0,0.9391424619640387,0.0,0.0,0.0,0.0,0.0,0.044042913608131,0.0,0.0,0.0,0.0,0.0,0.0,0.0,0.0,0.013269339356295878,0.0,0.0,0.0,0.0,0.0
01fb8b806357eb889dea24de9f85c98b31045e4e,0,0.9377593360995851,0.0,0.0,0.0,0.0,0.0,0.0,0.0,0.0,0.0,0.0,0.0,0.0,0.0,0.0,0.0,0.0,0.0,0.0,0.0,0.0
01fbae3c3360890aa7c32761d06c5a26c6371b9b,0,0.9412171507607192,0.057707038896927396,0.0416205634522087,0.0,0.0,0.0,0.0,0.0,0.0,0.0,0.0,0.0,0.0,0.017533407098476467,0.0,0.0,0.019916588645842198,0.0,0.0,0.0,0.0
01fc8f9c25b0631020ff81969399cdc749edc816,0,0.9405255878284924,0.0,0.0,0.0,0.0,0.0,0.0,0.0,0.0,0.0,0.0,0.0,0.010785356220568131,0.0,0.0,0.0,0.0,0.0,0.0,0.0,0.0
01fcc592da1debde4936d7738829da7e9133751e,0,0.0,0.010552975939214858,0.0,0.0,0.056986070071760236,0.0,0.0,0.013929928239763613,0.0,0.0,0.0,0.0,0.0,0.019839594765723934,0.0,0.0,0.0,0.0,0.0,0.0,0.017306880540312368
01fd252b70e155cbf828355e74942c7242c177f0,0,0.9363762102351314,0.14516293799162325,0.0,0.0,0.0,0.0,0.0,0.0,0.0,0.0,0.0,0.0,0.0,0.0,0.0,0.0,0.0,0.0,0.0,0.026969046889365616,0.0
01fe01617dc96c850dd3823cd92cc728eed2aa51,1,0.9439834024896265,0.0,0.0,0.0,0.0,0.0,0.0,0.0,0.0,0.0,0.0,0.0,0.0,0.0,0.0,0.0,0.0,0.024324324324324326,0.0,0.0,0.0
01fe2fa2674fee734f51d64c64361d618712f2fb,1,0.0,0.0,0.0,0.0,0.0,0.0,0.0,0.0,0.0,0.0,0.0,0.0,0.0,0.0,0.0,0.0,0.0,0.0,0.0,0.0,0.0
01fe4df07b85276ac127ab7c84b0d30ae64984f3,0,0.9370677731673582,0.0,0.0,0.0,0.0,0.0,0.0,0.0,0.0,0.0,0.0,0.0,0.0,0.0,0.0,0.09854894568409978,0.0,0.0,0.0,0.0,0.0
01fe8e6be9372af1d33b222849d329a3dd0d3d5b,0,0.9412171507607192,0.0,0.0,0.00988558352402746,0.0,0.0,0.0,0.035789473684210524,0.0,0.0,0.0,0.0,0.0117162471395881,0.0,0.0,0.0,0.0,0.0,0.0,0.0,0.0
01fea20f908cf53b0e402d86fb57dbba4511e06d,0,0.941908713692946,0.0,0.031055900621118012,0.0,0.03862577639751553,0.06677018633540373,0.0,0.0,0.0,0.0,0.0,0.0,0.0,0.09879658385093168,0.04503105590062112,0.0,0.0,0.0,0.0,0.0,0.045225155279503104
01fec9ee1bd4702ad3fbfe2d6a9858e95b941fb0,1,0.9370677731673582,0.0,0.0,0.018115942028985508,0.0,0.03710144927536232,0.0,0.0,0.0,0.0,0.0,0.0,0.0,0.0,0.0,0.0,0.0,0.0,0.0,0.0,0.0
01ff2db59a40b61ce722a7145ca6ac83ab3d5d58,0,0.941908713692946,0.0,0.0,0.0,0.0,0.0,0.0,0.019165560961226596,0.0,0.0,0.0,0.0,0.0,0.0,0.0,0.0145953118089341,0.0,0.0,0.01518502137697184,0.0,0.0
01ff4571a70d08abc185e648d184467ecaf797f9,1,0.0,0.01813818900416402,0.028089491142635332,0.0,0.0,0.0,0.0,0.0,0.0,0.0,0.0,0.0,0.0,0.0,0.0,0.0,0.0,0.0,0.0,0.0,0.0
01ff46877f5ed39b85a3e9d3ea413aea1a1569e7,0,0.9426002766251729,0.021258406474410123,0.016527983586002506,0.0,0.0,0.0,0.017382879288726776,0.0,0.0,0.0,0.0,0.0,0.0,0.0,0.0,0.0,0.0,0.0,0.0,0.10327140088909154,0.0
01ff59926891da1ce41420e4210503de19c08527,0,0.9377593360995851,0.004852320675105486,0.0,0.04810126582278481,0.009282700421940928,0.0,0.0,0.028059071729957807,0.0,0.0,0.0,0.0,0.0,0.0229957805907173,0.0,0.0,0.0,0.0,0.05928270042194093,0.0,0.039662447257383965
01ff8458df8e29b16f27bbd5677e56dc33b34da3,1,0.9412171507607192,0.0,0.05859738065061259,0.0,0.0061681453316434305,0.011195606252640473,0.0,0.06049852133502324,0.0,0.0,0.0,0.0,0.012758766370933672,0.04064216307562315,0.020659062103929024,0.013476975073933249,0.0,0.0,0.0,0.0,0.007097591888466414
01ff8b03c85bdf0c7d4250016820aa0cf20a2d38,0,0.9405255878284924,0.0,0.0,0.0,0.0,0.02288810708075539,0.0,0.0,0.0,0.0,0.0,0.0,0.015609203768854382,0.0,0.018763395204011483,0.05394476121153302,0.0,0.0,0.0,0.0,0.0
01ffc53274cfa6dfd9e41f2acb9d3217b64e969a,0,0.9488243430152143,0.0,0.0,0.0,0.0,0.0,0.056015693112467305,0.0,0.0,0.01961639058413252,0.0,0.0,0.0,0.0,0.021578029642545772,0.0,0.0,0.0,0.0,0.0,0.0
02000579d33e3102219ac9d62c0bc22508758cee,0,0.9446749654218534,0.0,0.0,0.0,0.0,0.0,0.0,0.0,0.0,0.0,0.0,0.0,0.0,0.0,0.0,0.0,0.0,0.0,0.0,0.0,0.0
02005e7655590c1e953b1a51ab8381848a2b579e,1,0.9405255878284924,0.0,0.010004708097928437,0.0,0.0,0.0,0.0,0.0,0.0,0.0,0.0,0.0,0.0,0.0,0.0,0.0,0.03072033898305085,0.0,0.0,0.0,0.0
0200eb5256322bfcf821220dbbf0c3d93a830bb7,0,0.946058091286307,0.0,0.018683274021352312,0.0,0.0,0.0,0.0,0.0,0.0,0.0,0.0,0.0,0.0,0.0,0.0,0.0,0.0,0.0,0.0,0.0,0.0
0201031fe9929429945fc1717c6f383bb13ab474,0,0.950207468879668,0.0,0.06397774687065369,0.0,0.0,0.0,0.0,0.0,0.0,0.0,0.0,0.0,0.0,0.0,0.0,0.0,0.0,0.0,0.0,0.0,0.0
020140e9e711365bdb19828148da240b6f3e8bb4,0,0.9439834024896265,0.01497672535923902,0.043513458814005264,0.0,0.0,0.0,0.0,0.0,0.04068002428658166,0.0,0.0,0.0,0.0,0.0,0.0,0.0,0.01436956081764825,0.0,0.0,0.0,0.0
0201567c0bb0a5d1c8aaf3a9951bc875eccb5bc0,0,0.946058091286307,0.0,0.0,0.0,0.0,0.0,0.0,0.0,0.0,0.0,0.0,0.0,0.0,0.0,0.0,0.0,0.0,0.0,0.0,0.0,0.0
02016fa138d70f38d4eac2b2c7021388bd35af90,0,0.9391424619640387,0.0,0.0,0.0,0.0,0.013513513513513514,0.0,0.0,0.0,0.0,0.0,0.0,0.0,0.0,0.0,0.0,0.0,0.0,0.0,0.017517517517517518,0.0
0201c4c5c29e03b4c4fa9e7e5d271dffb5ff746f,0,0.9384508990318119,0.0,0.0,0.0,0.0,0.0,0.0,0.0,0.0,0.0,0.0,0.0,0.0,0.0,0.0,0.0,0.0,0.0,0.0,0.0,0.0
0201f1fbb66eba8a2724226741af7ed53fe2a8f3,0,0.946058091286307,0.011601307189542484,0.0,0.0,0.0,0.0,0.01258169934640523,0.0,0.0,0.0,0.0,0.0,0.0,0.0,0.0,0.0,0.0,0.0,0.0,0.020588235294117647,0.0
020200dfded9aaf25646f999ed78ba21af6c5a5a,0,0.9398340248962656,0.0,0.0,0.0,0.01060070671378092,0.0,0.0,0.024734982332155476,0.0,0.0,0.0,0.0,0.0,0.008244994110718492,0.0,0.0,0.0,0.0,0.0,0.0,0.0
020217cb8e471f0f757f734809cfb14748746503,0,0.9426002766251729,0.0,0.0,0.0,0.0,0.0,0.0,0.0,0.0,0.0,0.0,0.0,0.0,0.0,0.0,0.0,0.0,0.0,0.0,0.0,0.04792344352825478
020222d80b5fd974ed9ac1c7f6541bef65f85265,0,0.9405255878284924,0.03302865043398111,0.053613948843997235,0.0,0.0,0.0,0.0165911360319533,0.0,0.0,0.0,0.0,0.0,0.0,0.0,0.0,0.0,0.0,0.0,0.0,0.0,0.0
0202341b27ac86104a21b8c59160cfa380e2d52e,0,0.9391424619640387,0.0,0.0,0.0,0.0,0.0,0.0,0.0,0.0,0.0,0.0,0.0,0.0,0.0,0.0,0.0,0.1211263619640583,0.0,0.0,0.0,0.0
02023b33e4b836b18420f53904b08a234d629400,0,0.9426002766251729,0.0,0.0,0.0,0.0,0.0,0.0,0.0,0.0,0.0,0.0,0.0,0.0,0.0,0.0,0.0,0.0,0.0,0.0,0.0,0.0
0202dba4fb9a69387bbe3de5a1ff157328df549d,0,0.0,0.0,0.0,0.0,0.0,0.0,0.0,0.0,0.0,0.0,0.0,0.0,0.0,0.0,0.0,0.0,0.0,0.0,0.0,0.0,0.0
0202e79977e54892b26ba0d0d8faadc6c6f47612,0,0.9481327800829875,0.0,0.0,0.0,0.0,0.0,0.0,0.0,0.0,0.0,0.0,0.0,0.0,0.0,0.0,0.0,0.0,0.0,0.0,0.0,0.0
0202fbd0729b9e03baa0c5cbe76777a402b2a5f3,0,0.9481327800829875,0.0,0.0,0.0,0.0,0.0,0.0,0.0,0.0,0.0,0.0,0.0,0.0,0.0,0.0,0.0,0.0,0.0,0.0,0.0,0.0
020362a410bd8f8e8650d6d9d20cd300fa9c5a98,1,0.9391424619640387,0.0,0.0,0.0,0.0,0.0,0.011533107973752238,0.0,0.0,0.0,0.0,0.0,0.0,0.0,0.022469675879896598,0.0,0.0,0.0,0.0,0.0,0.0
0203c65823d490f86d520bc9d187b30368c4b799,1,0.0,0.0,0.0,0.0,0.012945272743505045,0.0,0.0,0.0,0.0,0.009731273993393448,0.0,0.0,0.0,0.0236586019105437,0.0,0.0,0.0,0.0,0.0,0.03455048656369967,0.0
0203eb66a820b961e05eae21c565af821f230697,0,0.9384508990318119,0.0,0.0,0.0,0.0,0.0029239766081871343,0.0,0.0,0.0,0.0,0.0,0.0,0.0,0.0,0.0,0.0,0.0,0.0,0.0,0.0,0.0
0203f3fd1adf0d931e7564add74b544cee0c28bd,1,0.9453665283540802,0.0,0.014129736673089274,0.0,0.010276172125883108,0.012845215157353885,0.0,0.0,0.0,0.0,0.0,0.0,0.0,0.0,0.0,0.0,0.0,0.0,0.0,0.0,0.015414258188824663
020473a8e27e507988f4c3ae02c0e5683f13516b,0,0.0,0.0,0.0,0.0,0.0,0.0,0.0,0.0,0.0,0.0,0.0,0.0,0.0,0.0,0.0,0.0,0.0,0.0,0.0,0.0264797507788162,0.0
020476f3eb6db1a6cb0b7203269a1237339938ce,0,0.9377593360995851,0.0,0.0,0.0,0.0,0.0,0.0,0.0,0.04072007439883087,0.0,0.0,0.0,0.0,0.0,0.0,0.0,0.0,0.0,0.0,0.0,0.0
02054d164c58d0221fec90cf10e6621a835d2076,1,0.9391424619640387,0.0,0.0,0.0,0.0,0.0,0.0,0.0,0.0,0.0,0.0,0.0,0.0,0.0,0.0,0.0,0.0,0.0,0.0,0.0,0.0
0205ce6211c421b6931aa5ce88e275aaf512e0d2,0,0.9391424619640387,0.0,0.0,0.009240154301605814,0.0,0.0,0.0,0.0,0.0,0.0,0.0,0.0,0.0,0.02090248497353548,0.0,0.0,0.0,0.03663167967465088,0.0,0.0,0.0
0205d5118afb16550151e807090ed3cc31a5bcb0,1,0.9439834024896265,0.0,0.0,0.0,0.0,0.0,0.0,0.0,0.0,0.0,0.0,0.0,0.0,0.0,0.0,0.0,0.0,0.0,0.0,0.0,0.0
0205e563d78cef3002e404e9b0cfa6e6a5095331,0,0.9405255878284924,0.0,0.0,0.0,0.0,0.0,0.0,0.0,0.0,0.0,0.0,0.0,0.0,0.0,0.0,0.0,0.0,0.0,0.0,0.0,0.0
020631891ea0da03c9e976b5ab451348fff622e1,1,0.9343015214384509,0.0,0.0,0.0,0.0,0.0,0.0,0.0,0.0,0.021996980806555964,0.0,0.0,0.0,0.0,0.0,0.0,0.0,0.0,0.0,0.0,0.0
02063aeb02d9b863ffdad16f8dcdaff90e0ec0d9,0,0.9391424619640387,0.0,0.0,0.0,0.014927465134207021,0.019973368841544607,0.0,0.028733618333450138,0.0,0.0,0.0,0.0,0.0,0.0,0.02866353633751489,0.0,0.0,0.0,0.0,0.0,0.0
0206bea137f53a740464a210a879d19f5e31d7bf,0,0.9474412171507607,0.0,0.0,0.002434476328602507,0.0,0.0,0.0,0.0,0.0,0.0,0.0,0.0,0.020356365896612452,0.0,0.0,0.0,0.0,0.005179736869367037,0.16518180876411478,0.0,0.0
02070c28541ce9f3b92e6c442a354bbfb0d5b4f5,0,0.9412171507607192,0.0,0.016633209062231143,0.0,0.0,0.0,0.0,0.0,0.0,0.0,0.0,0.09291654717522226,0.0,0.0,0.0,0.0,0.0,0.0,0.0,0.0,0.0
020727eeaced789f249514bd220d5d6a8ae7224c,0,0.9377593360995851,0.0,0.0,0.0,0.0,0.007972606940256555,0.0,0.0,0.0,0.0,0.0,0.0,0.04032299279398988,0.005008432565032963,0.01395206214544897,0.15061072213420554,0.0,0.0,0.0,0.0,0.008688097306689836
020737e53d6fa35d642d6f52646caec6a670487f,0,0.9550484094052559,0.01303122798779056,0.0,0.0,0.0,0.0,0.02535806527353839,0.0,0.0,0.0,0.0,0.0,0.0,0.0,0.0,0.0,0.0,0.0,0.0,0.0,0.0
0207421a477576006d75a6f0a1bc813de388c866,1,0.0,0.0,0.0,0.0,0.0,0.0,0.0,0.0,0.0,0.0,0.0,0.0,0.0,0.023153463451970915,0.0,0.0,0.0,0.0,0.0,0.0,0.0
020757b8309456348cfba78105e087fd082491d3,0,0.966804979253112,0.0,0.0,0.0,0.0,0.0,0.0,0.0,0.0,0.0,0.0,0.0,0.0,0.0,0.0,0.0,0.0,0.0,0.0,0.0,0.0
0207608dcfd53c83ee6f22500f46c0c59bfae14d,0,0.9363762102351314,0.0,0.0,0.0,0.0,0.0,0.0,0.0,0.0,0.0,0.0,0.0878754171301446,0.0,0.0,0.0,0.0,0.0,0.0,0.0,0.0,0.0
0207a7b7e86a9a7ba243c8083ef50da629ad42dc,0,0.950207468879668,0.012956964368347987,0.0,0.0,0.0,0.0,0.0,0.0,0.0,0.04396112910689495,0.0,0.0,0.0,0.0,0.0,0.0,0.0,0.0,0.0,0.0,0.0
0207cc86e0ff022f56c5d8052d1b1a16be5b61bf,0,0.9439834024896265,0.0,0.0,0.043119011248437714,0.0,0.0,0.0,0.0,0.0,0.0,0.0,0.0,0.02451048465490904,0.02707957228162755,0.0,0.0,0.0,0.01735870018053048,0.0,0.0,0.0
0207da4afd3fd27be919866367909db2c46c437c,0,0.9474412171507607,0.0,0.0,0.0,0.0,0.0,0.01729056799515864,0.007867208437797181,0.0,0.03579147574997839,0.0,0.0,0.0,0.0,0.0,0.0,0.0,0.0,0.0,0.0,0.0394224950289617
0207e866e1f92e19a40992301dadfecf51b7aa7a,1,0.0,0.0,0.0,0.0,0.041082164328657314,0.0,0.0,0.0,0.0,0.0,0.0,0.0,0.0,0.0,0.0,0.0,0.0,0.0,0.0,0.0,0.0
020809e22919a58dff1e69447b4853faf1e7002e,0,0.9453665283540802,0.0,0.06937699458859442,0.0,0.03385597335923408,0.0,0.02400444012765367,0.0,0.024420702095185237,0.0,0.0,0.0,0.0,0.0,0.0,0.0,0.0,0.0,0.0,0.0,0.0
0208163a1d30ab421807affd8e7ee40b6e68be0f,0,0.9398340248962656,0.0,0.0,0.0,0.0,0.0,0.0,0.0633314054366686,0.0,0.0,0.0,0.0,0.0,0.0,0.0,0.0,0.0,0.0,0.0,0.0,0.0
02082bedacf081e11d78d666b4f25a35cda208fa,0,0.0,0.0,0.024849397590361446,0.0,0.058734939759036146,0.0,0.0,0.0,0.0,0.0,0.0,0.0,0.0,0.009036144578313253,0.0,0.0,0.0,0.0,0.0,0.0,0.0
020835dba1216371b19903311273b3b979f07141,1,0.9377593360995851,0.0,0.0,0.0,0.0,0.0,0.0,0.0,0.0,0.0,0.0,0.0,0.0,0.0,0.0,0.0,0.0,0.0,0.0,0.0,0.0
0208760de2a2e4d35bc9ae20c23d5009320b2554,0,0.0,0.0,0.0,0.0,0.0,0.0,0.0,0.0,0.0,0.0,0.0,0.0,0.0,0.0,0.0,0.0,0.0,0.0,0.0,0.017419706042460535,0.0
0208866de79ae95d478ae70fd38eaa365acc1bdc,1,0.9474412171507607,0.03639455782312925,0.013945578231292517,0.0,0.0,0.0,0.0,0.0,0.0,0.0,0.0,0.0,0.0,0.0,0.0,0.0,0.0,0.0,0.0,0.0,0.0
02088d2d7ac91b7bfb7d0d69b37744618a11a4fd,0,0.9446749654218534,0.061440348421216366,0.055529631357909476,0.0,0.0,0.0,0.0,0.05226318245450303,0.033908850521076374,0.0,0.0,0.0,0.013065795613625758,0.01882096749105615,0.0,0.0,0.0,0.0,0.0,0.0,0.0
0208d5944e228facfc84e7af5a84d89ceed1eb7b,0,0.9384508990318119,0.0,0.0,0.16953316953316952,0.0171990171990172,0.0,0.0,0.0,0.0,0.0,0.0,0.0,0.0,0.0,0.0,0.0,0.0,0.0,0.0,0.0,0.0
0208e3f84101402f1de1ecbaa7c0cb5cb80d5f55,0,0.9377593360995851,0.0,0.0,0.0,0.0,0.0,0.0,0.0,0.0,0.0,0.0,0.03240002551183111,0.0,0.0,0.0,0.0,0.0,0.0,0.0,0.0,0.0
0208feef15a26e8c93c776022a8f63c00c4fa7e9,0,0.0,0.0,0.0,0.0,0.0,0.0,0.0,0.008030047921253723,0.0,0.0,0.0,0.0,0.0,0.0,0.0,0.012252298925009713,0.0,0.0,0.0,0.007252946509519492,0.0
020907a336d2e224fc8fedfdf4c621f419ff0433,1,0.9384508990318119,0.0,0.0,0.0,0.0,0.0,0.0,0.0,0.0,0.0,0.0,0.0,0.0,0.0,0.0,0.0,0.0,0.07929824561403509,0.0,0.0,0.0
02090bf059ee6666cc6b58dd992ccc3aa75ff1bf,1,0.9363762102351314,0.0,0.0,0.0,0.0,0.0,0.0,0.0,0.0,0.0,0.025023047543790332,0.0,0.0,0.0,0.0,0.0,0.0,0.0,0.0,0.0,0.011194521269590411
0209113fb27b0d2e7e0ad2bf3d2db105ce3b5f07,0,0.9398340248962656,0.0,0.0,0.0,0.0,0.0,0.029881504379185988,0.0,0.0,0.0,0.0,0.0,0.0,0.0,0.0,0.0,0.0,0.0,0.0,0.023248325605358063,0.0
02092a68740803a98f1c6c2420948b6be224164e,0,0.9370677731673582,0.0,0.0,0.0,0.0,0.0,0.0,0.0,0.0,0.0,0.0,0.0,0.0,0.0,0.0,0.0,0.0,0.0,0.0,0.0,0.0
02093d09c7fdab1fdbfa09dce51ea4c8a94a2ce3,0,0.9356846473029046,0.0,0.0,0.0,0.0,0.0,0.0,0.0,0.0,0.0,0.0,0.0,0.0,0.0,0.0,0.0,0.0,0.0,0.0,0.0,0.0
0209598bee751bd59ddf3776c168c531b9c0e332,0,0.9363762102351314,0.0,0.0,0.006036217303822937,0.0,0.0,0.0,0.0,0.0,0.0,0.0,0.0,0.0,0.0,0.0,0.0,0.0,0.0,0.0,0.0,0.04748490945674044
0209d80c7d6207cac83e5acb5db1589f25c94bef,0,0.9453665283540802,0.0,0.06631049654305468,0.0,0.0,0.0,0.0,0.0,0.0,0.0,0.0,0.0,0.0,0.0,0.0,0.0,0.0,0.0,0.0,0.0,0.0
0209fedbc35d72598af3551005d40d87b87bd7d9,1,0.0,0.0,0.0,0.0,0.0,0.0,0.0,0.0,0.0,0.0,0.0,0.0,0.0,0.0,0.0,0.0,0.0,0.019212746016869727,0.0,0.0,0.0
020a402886f011ebf4ba4edf8911ed9ecd550007,1,0.9377593360995851,0.0,0.01905759162303665,0.0,0.03120418848167539,0.02261780104712042,0.0,0.015287958115183246,0.0,0.02031413612565445,0.0,0.0,0.0,0.0,0.016963350785340316,0.0,0.0,0.0,0.0,0.0,0.0
020a5fc37a6dafab2130e3a19c65ae953852b289,0,0.9564315352697096,0.0,0.0,0.0,0.0,0.021052631578947368,0.0,0.0,0.0,0.0,0.0,0.0,0.0,0.0,0.0,0.0,0.0,0.0,0.0,0.0,0.0
020a60a08dd5e2b34863f47f6e513916b7056396,0,0.9432918395573997,0.0,0.015612489991993595,0.0,0.0,0.0,0.011876167600747264,0.0,0.0,0.0,0.0,0.0,0.0,0.0,0.0,0.0,0.0,0.0,0.00974112623432079,0.0,0.0
020a61f8d46fd3261288586c3e8911ccbca038b5,0,0.941908713692946,0.01896766169154229,0.0,0.07276119402985075,0.0046641791044776115,0.0,0.0,0.04011194029850746,0.0,0.0,0.0,0.0,0.0,0.0,0.0,0.0,0.0,0.0,0.0,0.0,0.0
020a6e07a8918c1e4ecf5c378b5b473834dfd79b,1,0.9398340248962656,0.0,0.0,0.0,0.0,0.0,0.0,0.0,0.007678051363516018,0.0,0.0,0.0,0.04686258935663225,0.0,0.0,0.0,0.0,0.0,0.11808313476303944,0.0,0.0
020a8be74b83972c0c752939c95da44c8d99809d,0,0.9405255878284924,0.0,0.0,0.0,0.0,0.0,0.0,0.0,0.0,0.0,0.0,0.0,0.0,0.0,0.0,0.0,0.0,0.0,0.0,0.0,0.0
020ac54ad7c9072db38cf4247c6f33bc9ad2d34b,0,0.9391424619640387,0.0,0.0,0.016718771238276472,0.0,0.0,0.0,0.0,0.0491368764442028,0.0,0.0,0.0,0.0,0.0,0.0,0.0,0.0,0.0,0.0,0.0,0.0
020b23b16ffdc836b14126c8830e5edda0072019,0,0.9515905947441217,0.0,0.01763668430335097,0.0,0.0,0.0,0.0,0.0,0.0,0.029982363315696647,0.0,0.0,0.0,0.0,0.0,0.0,0.0,0.0,0.0,0.0,0.037037037037037035
020b40386d256fdacad51730cce7e43ecfd85cf6,0,0.9598893499308437,0.0,0.0,0.0,0.0,0.0,0.0,0.0,0.0,0.0,0.0,0.0,0.0,0.0,0.0,0.0,0.0,0.0,0.0,0.0,0.0
020b74cfcf14ac9a217fc6a191e93435e0abba07,1,0.9398340248962656,0.0,0.017686338206099984,0.0,0.0,0.025446670276123445,0.0,0.0,0.0,0.0,0.0,0.0,0.0,0.0,0.0,0.0,0.0,0.0,0.0,0.0,0.0
020ba1babb819a0182a33b7ff0dd12c4e5629617,0,0.9412171507607192,0.012525487911447713,0.06175356830760268,0.0,0.0,0.009175648121176813,0.03291581706961841,0.04180017477424993,0.01747742499271774,0.0,0.0,0.0,0.0,0.0,0.0,0.06816195747159919,0.0,0.0,0.0,0.013836294785901544,0.0
020be72b114fdf36e78dd2083e948019e34d2d4a,0,0.9398340248962656,0.0,0.0,0.0,0.0,0.0,0.0,0.0,0.0,0.0,0.0,0.0,0.0,0.0,0.0,0.0,0.0,0.0,0.030217028380634392,0.0,0.0
020c165ae6fa37febdf54ab642539396a1dfa94d,0,0.9398340248962656,0.0,0.0,0.0,0.0,0.0,0.0,0.0,0.0,0.0,0.0,0.0,0.0,0.0,0.0,0.0,0.0,0.0,0.0,0.0,0.0
020c25cd3a5db81752acdddd48df6ec53e6e5cdc,0,0.9515905947441217,0.0,0.059034978570441037,0.0,0.012719480160376054,0.03331950781141988,0.0,0.0,0.0,0.052398728051983964,0.0,0.0,0.0,0.0,0.031245679524402045,0.0,0.0,0.0,0.0,0.0,0.0
020c3d755e0f3ae2002a88725bd024cd4be34133,0,0.946058091286307,0.015954811217916955,0.0,0.0,0.0,0.0,0.0,0.0,0.0,0.0,0.0,0.0,0.0,0.0,0.0,0.0,0.0,0.058467941730254686,0.0,0.0,0.0
020c89bc98403e1acca082ce068e96ed1b97e78d,0,0.9426002766251729,0.013128346864743479,0.0,0.0,0.0,0.0,0.0,0.0,0.009155294524097427,0.0,0.0,0.0,0.018425749985604884,0.045114297230379456,0.0,0.0,0.0,0.0,0.0,0.0,0.0
020d2b6ca5210529e7f4f461ae9d5c7487b7b8d4,0,0.9384508990318119,0.0,0.0,0.0,0.0,0.0,0.0,0.0,0.0,0.0,0.0,0.0,0.0,0.0,0.0,0.0,0.0,0.0,0.0,0.0,0.0
020e1bfd14548e78e00e1d3db4e844f09e37919b,0,0.0,0.022620745873242306,0.0,0.0,0.0,0.019971469329529243,0.0,0.0,0.0,0.0,0.0,0.0,0.02404727939678011,0.0,0.0,0.0,0.0,0.07458732423069085,0.0,0.0,0.0
020e494c1c76efd9c478d27e797256897bcc61e9,0,0.0,0.0,0.08054948485794568,0.0,0.03246955978769903,0.0,0.0,0.0,0.023103340618170466,0.0,0.0,0.0,0.0,0.0,0.0,0.0,0.0,0.0,0.0,0.0,0.0
020e54b2922d006dc16cc1e68c6e3cecac5ba0fd,0,0.9398340248962656,0.0,0.0,0.0,0.0,0.0,0.0,0.0,0.0,0.0,0.0,0.0,0.0,0.0,0.0,0.0,0.0,0.0,0.0,0.0,0.0
020e8df228015f192cb02ab321048f33af363142,0,0.9467496542185339,0.0,0.0,0.0,0.0,0.0,0.0,0.0,0.0,0.0,0.0,0.0,0.0,0.0,0.0,0.0,0.0,0.0,0.0,0.0,0.0
020ea84a30b9d839eb04579dad7c9492c90d8b78,0,0.9522821576763485,0.0,0.0,0.0,0.0,0.0,0.0,0.0,0.0,0.0,0.0,0.0,0.0,0.0,0.0,0.0,0.0,0.0,0.0,0.0,0.0
020ebb3d35ff78ec4fd90a533dcfc8d9fd3ddadb,0,0.0,0.0,0.0,0.0,0.0,0.0,0.0,0.0,0.0,0.0,0.0,0.0,0.0,0.0,0.0,0.0,0.0,0.0,0.0,0.0,0.0
020edeb79311cd7dbb9838cc2084168f0e66cd34,0,0.0,0.07909454061251664,0.0,0.0,0.0,0.0,0.0,0.0,0.0,0.0,0.0,0.0,0.0,0.0,0.0,0.0,0.0,0.0,0.0,0.0,0.0
020f23e5702602747c911a70dde60f2e60e52550,0,0.9356846473029046,0.0,0.0,0.061634399245885,0.001957798564281053,0.0,0.0,0.0,0.008483793778551229,0.0,0.0,0.0,0.0023203538539627293,0.08686824740772968,0.0,0.0,0.0,0.0,0.15299833224566747,0.0,0.0
020f3ddf776e91a0f6c7cc27c523d59cf625541c,0,0.0,0.0,0.0,0.0,0.0,0.0,0.0,0.0,0.0,0.0,0.0,0.0,0.0,0.0,0.0,0.0,0.0,0.0,0.0,0.0,0.0
020f42bb7e5f651913f4bd00099fedb293d8165f,0,0.9405255878284924,0.0,0.0,0.0,0.0,0.0,0.0,0.0,0.0,0.0,0.0,0.0,0.0,0.0,0.0,0.0,0.0,0.0,0.0,0.0,0.0
020f8c3939758c0f8bbcb1d52ee4de803d3976dc,0,0.9432918395573997,0.0,0.0,0.0,0.0,0.0,0.0,0.0,0.0,0.0,0.0,0.0,0.0,0.0,0.0,0.0,0.0,0.0,0.0,0.0,0.0
020f9ded36737061c15d641be2485661fb8118de,1,0.941908713692946,0.0,0.010939900377077417,0.0,0.0,0.013733066430799312,0.0,0.0,0.0,0.0,0.0,0.0,0.0,0.09869186723150691,0.0,0.0,0.0,0.0,0.0,0.0,0.007029467901866766
020fb8b3c78784e230dbba99c0688b90db0b415f,0,0.9377593360995851,0.0,0.0,0.0,0.043112897332846185,0.0,0.0,0.0,0.0,0.0,0.0,0.0,0.0,0.013883814395323347,0.0,0.0,0.0,0.0,0.0,0.0,0.0
020fe7f40c06032ffa8aa351c85fe018bc9d7fa0,1,0.9495159059474412,0.0,0.025298664792691498,0.0,0.0,0.0,0.0,0.0,0.0,0.0,0.0,0.0,0.0,0.0,0.0,0.0,0.0,0.0,0.0,0.0,0.0
020fed9beff5944db815baf08ad60c5130403604,0,0.0,0.0,0.0,0.0,0.0,0.0,0.0,0.010390428211586901,0.0,0.0,0.0,0.0,0.004093198992443325,0.0,0.0,0.0,0.0,0.0,0.0,0.0,0.0
02105afcf241b5e8fda7bb5caa1645bb27f17ca0,1,0.9384508990318119,0.0,0.0,0.0152766308835673,0.0,0.0,0.019611890999174236,0.0,0.008876961189099917,0.01610239471511148,0.0,0.0,0.04355904211395541,0.017341040462427744,0.0,0.0,0.0,0.03303055326176713,0.0,0.0,0.0
02107310cc8e244c5826c6bdfe9dd7dc3c859094,1,0.9391424619640387,0.0,0.032805866460825936,0.0,0.0,0.0,0.0,0.0,0.0,0.0,0.0,0.0,0.0,0.0,0.0,0.0,0.0,0.0,0.0,0.0,0.0
0210896fee62779a7e2bf3ac102b8bf1a5cd344c,0,0.0,0.0,0.0,0.0,0.007575757575757576,0.0,0.0,0.0,0.0,0.0,0.0,0.0,0.0,0.0,0.0,0.0,0.007575757575757576,0.0,0.0,0.0,0.0
021089937b6f5571620608d61f9f1130b441ea1b,0,0.0,0.0,0.0,0.0,0.0,0.0,0.0,0.0,0.0,0.0,0.0,0.0,0.0,0.0,0.0,0.0,0.0,0.0,0.0,0.0,0.0
0210b5f9419f2dfe588531b7d6c917b055e7f45d,0,0.9439834024896265,0.0,0.0,0.0,0.0,0.0,0.0,0.0,0.0,0.0,0.0,0.0,0.0,0.0,0.0,0.0,0.06818934127772261,0.015226746110559417,0.0,0.0,0.0
0210b81c3385bb3d586e97d55a66ccea22968a2e,1,0.9398340248962656,0.07956581304668564,0.0,0.0,0.0,0.019285488460322478,0.0,0.0,0.0,0.0,0.03909790283486142,0.0,0.0,0.0,0.0,0.0,0.0,0.0,0.0,0.0,0.0
0210c320860bbbf997838035cb0c4575835ef05c,0,0.9398340248962656,0.0,0.0,0.0,0.0,0.0,0.0,0.0,0.0,0.0,0.0,0.0,0.0,0.0,0.0,0.0,0.0,0.0,0.0,0.0,0.0
0210d3081e929831ba7597bd8ba26123e7665ad8,0,0.0,0.0,0.0,0.0,0.0,0.0,0.0,0.0,0.0,0.0,0.0,0.0,0.0,0.0,0.0,0.0,0.0,0.0,0.0,0.0,0.0
02110d76fa844fc674808f503e28928b278af10a,0,0.9564315352697096,0.01558974358974359,0.022564102564102566,0.010666666666666666,0.03528205128205128,0.020307692307692308,0.0,0.0,0.0,0.03446153846153846,0.0,0.0,0.0,0.0,0.0,0.0,0.0,0.0,0.0,0.0,0.03076923076923077
0211200139edfc0c7d2e68f145741de4fc54ab49,0,0.9467496542185339,0.0,0.0,0.0,0.0,0.0,0.10834181078331638,0.0,0.0,0.0,0.0,0.0,0.0,0.0,0.0,0.0,0.0,0.0,0.0,0.0,0.0
02114db5b8e8cab92409faa81715b77bc90a11ec,0,0.9426002766251729,0.0,0.0,0.0,0.0,0.0,0.0,0.0,0.0,0.0,0.0,0.0,0.0,0.0,0.0,0.0,0.0,0.0,0.0,0.0,0.0
02116a4a81b60c52b032b3d0a5db609a0452b51a,0,0.0,0.015559545182525433,0.0,0.0,0.0,0.0,0.0,0.0,0.0,0.0,0.0,0.0,0.0,0.0,0.0,0.0,0.0,0.0,0.0,0.0,0.0
0211a2d1c9fd4fd965d104fe9e41b6d784c718e4,0,0.9488243430152143,0.0,0.0,0.0,0.0,0.0,0.0,0.0,0.0,0.0,0.0,0.0,0.0,0.0,0.0,0.0,0.0,0.0,0.0,0.0,0.0
0211dc7337bf8dbb80b9ea09ba0e403aca8c423b,0,0.0,0.0,0.0,0.027137162261922337,0.021615236970323342,0.0,0.0,0.0,0.0,0.0,0.0,0.0,0.0,0.01390816477188838,0.0,0.0,0.0,0.0,0.0,0.0,0.0
021200fc3bccb7f9de320dd7c79142cb12612d58,1,0.9446749654218534,0.0,0.0,0.0,0.0,0.0,0.17174515235457063,0.1523545706371191,0.0,0.0,0.0,0.0,0.0,0.0,0.0,0.0,0.0,0.0,0.0,0.1994459833795014,0.0
02126034b40bbf8b54879f00bfaaf21bae673d75,0,0.9391424619640387,0.024626865671641792,0.026492537313432835,0.0,0.0,0.0,0.0,0.0,0.0,0.0,0.0,0.0,0.0,0.0,0.0,0.0,0.0,0.0,0.0,0.0,0.0
0212afec88dad3812e100a54e89b7fa7af962054,1,0.9508990318118948,0.0,0.0,0.0,0.0,0.008874312723063568,0.0,0.0,0.0,0.028745056429053728,0.0,0.0,0.0,0.0,0.0,0.0,0.0,0.0,0.0,0.0,0.0
0212cfb2f84f729790d3bd725c9811bcbef24ec7,0,0.9391424619640387,0.0,0.0,0.0,0.0,0.0,0.02933188484519283,0.012493210211841391,0.0,0.0,0.0,0.0,0.0,0.007061379684953829,0.0,0.0,0.0,0.0,0.0,0.0,0.0
0212ee46710128982fa8c21659b5e1dc94591d9b,0,0.9398340248962656,0.028448859787762473,0.0,0.0,0.0,0.0,0.04425378189207496,0.0,0.0,0.0,0.0,0.0,0.0,0.0,0.0,0.0,0.0,0.0,0.0,0.019869044931135695,0.0
021343a714135c8ad3445435c01592e408e59ebe,0,0.9384508990318119,0.050505050505050504,0.0,0.0,0.0,0.01122334455667789,0.04152637485970819,0.019079685746352413,0.0,0.0,0.0,0.0,0.0,0.0,0.0,0.0,0.0,0.0,0.0,0.03928170594837262,0.0
021398a1d70346f3a6aa016ca77b6f2ee5c09576,0,0.950207468879668,0.0,0.0,0.0,0.006106071179344034,0.0,0.0,0.0,0.0,0.0,0.0,0.0,0.0,0.0,0.0,0.0,0.0,0.0,0.0,0.0,0.0
0213be585e8c1fd2e9687c290345adcf20417a6a,0,0.9405255878284924,0.0,0.0,0.0,0.0,0.0,0.0,0.0,0.01461038961038961,0.0,0.0,0.0,0.0,0.0,0.0,0.036627435064935064,0.0,0.0,0.0,0.0,0.0
0213e9fabdc4caab274099ca07da45c2c857a73b,0,0.9446749654218534,0.024469676965055892,0.03996127101487545,0.0,0.0,0.0,0.0,0.0,0.048763313088636566,0.0,0.0,0.0,0.0,0.0,0.0,0.0,0.0,0.0,0.0,0.0,0.0
0213ec9ae9a91e8110df104050d2647da899b93c,1,0.9515905947441217,0.07850960455613115,0.0,0.0,0.0,0.0,0.0,0.0,0.0,0.0,0.0,0.0,0.0,0.0,0.0,0.0,0.0,0.0,0.0,0.011454680009009299,0.0
02140047800ccb18ed356b2d0b04e061ced45b74,1,0.0,0.0,0.0,0.0,0.0,0.0,0.0,0.0,0.0,0.0,0.0,0.0,0.0,0.0,0.0,0.0,0.0,0.0,0.0,0.0,0.0
021426759d38146539a517adcc9b33aa045cfd31,0,0.0,0.0,0.016574585635359115,0.014449638759031025,0.0,0.0718232044198895,0.0,0.0,0.0,0.0,0.0,0.0,0.0,0.0,0.03314917127071823,0.0,0.0,0.0,0.0,0.0,0.03591160220994475
0214364d47de2acb6d85b7653b355ad03e90f6a6,0,0.9467496542185339,0.0,0.018363939899833055,0.0,0.0,0.0,0.0,0.0,0.015025041736227046,0.0,0.0,0.0,0.0,0.0,0.0,0.0,0.0,0.0,0.0,0.015025041736227046,0.0
021439dc4cb23900b3b31ae3756d7d2cbdf2a55e,0,0.0,0.0,0.0,0.0,0.0,0.0,0.0,0.0,0.0,0.0,0.0,0.0,0.0,0.0,0.0,0.0,0.0,0.0,0.0,0.0,0.0
02147955feee3c57079b4c4db30659b092d13aea,0,0.9508990318118948,0.0,0.0,0.0,0.01699807568954458,0.0,0.0,0.0,0.0,0.05195638229634381,0.0,0.0,0.0,0.0,0.0,0.0,0.0,0.013149454778704297,0.0,0.0,0.0
0214bb5f187567dff6868fd65fbb869303aff9c6,0,0.9446749654218534,0.0490299823633157,0.019988242210464434,0.0,0.0,0.0,0.02704291593180482,0.0,0.0,0.0,0.0,0.0,0.0,0.0,0.0,0.0,0.0,0.0,0.0,0.0,0.0
0214bb9c115e66494f15b074905415185f962eca,1,0.9349930843706777,0.0,0.0,0.0,0.0,0.0,0.0,0.0,0.0,0.0,0.0,0.0,0.0,0.0,0.022218107757822625,0.0,0.0,0.0,0.0,0.0,0.0
0214c133384571a982bedbadc40690f11edb7ff4,1,0.9398340248962656,0.0,0.0,0.0,0.0,0.0,0.01289180990899899,0.0,0.0,0.0,0.0,0.0,0.0,0.0,0.0,0.0,0.0,0.0,0.0,0.12727502527805865,0.0
0214c49fc755fc076b638b9880703de72556d0b6,1,0.941908713692946,0.0,0.012448132780082987,0.0,0.0,0.0,0.0,0.0,0.035269709543568464,0.0,0.0,0.0,0.10580912863070539,0.0,0.01037344398340249,0.0,0.0,0.0,0.0,0.0,0.0
0214e332548eede7c694654eb87737107f107897,0,0.0,0.046553267681289166,0.0,0.0,0.0,0.0,0.0,0.017009847806624886,0.0,0.0,0.0,0.0,0.0,0.0,0.0,0.0,0.0,0.0,0.0,0.03133393017009848,0.0
02150c62188137a960537a908ff4f304f9bb8572,0,0.0,0.0,0.0,0.0,0.0,0.0,0.0,0.015810276679841896,0.0,0.025691699604743084,0.0,0.0,0.06324110671936758,0.0,0.0,0.0,0.0,0.0,0.0,0.0,0.0
02150ec251151ca63158b3cacc543add93603dbe,0,0.9432918395573997,0.0,0.006698089804018854,0.0,0.0,0.02497312494831721,0.0,0.0,0.027205821549656825,0.06276358223765816,0.0,0.0,0.1357810303481353,0.0,0.0,0.0,0.0,0.009509633672372448,0.0,0.0,0.0092615562722236
02151280fee4ec1f788dfaa13ba8eb97db7f5d97,0,0.9426002766251729,0.0,0.0,0.0,0.0,0.0,0.0,0.0,0.0,0.0,0.0,0.0,0.0,0.0,0.0,0.0,0.0,0.0,0.0,0.0,0.0
02154016bb3b3daaaf228c273bcab86294ed8f4a,0,0.0,0.0,0.012193372543394062,0.012193372543394062,0.0,0.01907904174436953,0.0,0.0,0.01621001291062975,0.0,0.0,0.0,0.0,0.0,0.0,0.0,0.024960550853536077,0.0,0.15507100846363506,0.0,0.0
02154afdbbc1283f03af14879b3f9be44d362858,0,0.9426002766251729,0.0,0.040617066979105644,0.0,0.0,0.018746338605741066,0.004100761570005858,0.0,0.0,0.0,0.0,0.0,0.0,0.0,0.0,0.0,0.0,0.0,0.0,0.0,0.0
0215535bf9959fd7ef76e812afe112547771b4fd,1,0.9384508990318119,0.0,0.0,0.0,0.0,0.0,0.0,0.0,0.0,0.0,0.0,0.0,0.0,0.0,0.0,0.0,0.0,0.0,0.0,0.0,0.0
0215637f9ab1b0e2cda6b440560fb0d4b460454a,0,0.9405255878284924,0.0,0.0,0.0,0.0,0.0,0.0,0.01236446642571809,0.0,0.0,0.0,0.0,0.0,0.01959292372075328,0.0,0.0,0.0,0.0,0.02415826517024919,0.0,0.0
02156fdc2130b57a1e8bf24c2ba41044f5cedf54,0,0.9481327800829875,0.0,0.0,0.0,0.0,0.0,0.0,0.0,0.0,0.0,0.0,0.0,0.0,0.0,0.03402731139467204,0.0,0.0,0.0,0.0,0.0,0.03178867248712783
02159de38e3e58b629d69cbd0457d2f780753ac3,1,0.9384508990318119,0.0,0.0,0.0,0.016229508196721313,0.0,0.0,0.0,0.0,0.0,0.013934426229508197,0.020491803278688523,0.0,0.0,0.0,0.0,0.0,0.0,0.0,0.0,0.0
0215b45431d81e013ead82edfc62decd665535ff,0,0.9674965421853389,0.0,0.0,0.0,0.0,0.0,0.0,0.0,0.0,0.0,0.0,0.0,0.0,0.0,0.0,0.0,0.0,0.0,0.0,0.0,0.0
0215c7cca449324bf81f3affe68cb9541f69b1be,1,0.9391424619640387,0.0,0.0,0.0,0.05256154357950765,0.0,0.0,0.0,0.0,0.0,0.0,0.0,0.0,0.0,0.0,0.0,0.0,0.0,0.0,0.0,0.017964071856287425
0215da84e7f7d75124214363949c0d2239d50ddf,0,0.9356846473029046,0.036458333333333336,0.0,0.0,0.0,0.0,0.0,0.0,0.0,0.0,0.0,0.0,0.0,0.0,0.0,0.0,0.0,0.0,0.0,0.0,0.0
0216543c81490b1af2e5b872e8e0912a80ae3490,0,0.9370677731673582,0.0,0.0,0.0,0.0,0.0,0.0,0.0,0.0,0.0,0.0,0.0,0.0,0.0,0.0,0.0,0.0,0.0,0.0,0.006580427446569179,0.0
0216b16e6cf8aa893a8fdaf7c8298a8a99b5a2c0,0,0.9377593360995851,0.0,0.0,0.0,0.0,0.0,0.020066006600660068,0.049900990099009904,0.0,0.0,0.0,0.0,0.0,0.0,0.0,0.0,0.0,0.0,0.0,0.0,0.0
0216b6baf99323e8f870dbdab2e735ee144106f8,0,0.9612724757952974,0.0,0.0,0.0,0.0,0.0,0.0,0.0,0.0,0.0,0.0,0.0,0.0,0.0,0.0,0.0,0.0,0.0,0.0,0.0,0.0
0216f1e9e3ed6e6f4b45e8ee6a83aafcdbb24143,0,0.9432918395573997,0.0,0.0,0.0,0.0,0.0,0.0,0.0,0.0,0.0,0.0,0.0,0.0,0.0,0.0,0.0,0.0,0.0,0.0,0.0,0.0
0216fb67b48c54b361e613102b781386258dfe38,1,0.9349930843706777,0.0,0.0,0.0,0.0,0.0,0.0,0.0,0.0,0.0,0.0,0.0,0.01674641148325359,0.0,0.0,0.0,0.023923444976076555,0.02631578947368421,0.028708133971291867,0.0,0.0
021764a6b40dbc5d112468884cae80e8f2444b6b,0,0.9508990318118948,0.0,0.011227353916815515,0.0,0.0,0.0,0.0,0.0,0.0,0.01658586374075019,0.0,0.0,0.0,0.0,0.0,0.0,0.0,0.0,0.0,0.011227353916815515,0.0
021778ff81591a497d86a80abc5730d6d423722b,0,0.9391424619640387,0.0,0.0,0.0,0.0,0.0,0.02220934723831595,0.0,0.0,0.0,0.0,0.0,0.0,0.0,0.0,0.0,0.0,0.0,0.0,0.036886828891463885,0.0
0217b2735ddb293c3d694a15d3b4fd8d8f8eaf3d,0,0.9405255878284924,0.0,0.0,0.0,0.0,0.0,0.0,0.0,0.0,0.0,0.0,0.0,0.0,0.0,0.0,0.0,0.0,0.0,0.0,0.0,0.0
0217fe153c675faa8dd838b804aa969ccd4547de,0,0.9495159059474412,0.0,0.024322766570605187,0.0,0.02086455331412104,0.04069164265129683,0.0,0.010835734870317002,0.0,0.0,0.0,0.0,0.0,0.0,0.02190201729106628,0.0,0.0,0.0,0.0,0.0,0.0
021807b5c8869350277d37d4b7a4c777becf64c5,0,0.9384508990318119,0.0,0.0,0.0,0.0,0.0,0.006688711859311589,0.0,0.0,0.0,0.0,0.0,0.0,0.006049902299714415,0.0,0.0,0.0,0.0,0.0,0.0,0.0
021813490174dc9678b549148db6cebe726d1783,1,0.9384508990318119,0.0,0.0,0.0,0.0,0.0,0.0,0.006791677710045057,0.0,0.0,0.0,0.0,0.0342896899019348,0.013152663662867745,0.0210376358335542,0.009011396766498807,0.0,0.0,0.0,0.0,0.0
02187d7a87f8d7d5a29802005200f91f6d073fb0,0,0.9432918395573997,0.0,0.0,0.0,0.0,0.0,0.0,0.0,0.0,0.0,0.0,0.0,0.0,0.0,0.0,0.0,0.0,0.0,0.0,0.0,0.0
021886a226bd88f5fce39cb29c934af2b1c1aba0,0,0.0,0.0,0.0,0.0,0.0,0.015873015873015872,0.0,0.09523809523809523,0.0,0.0,0.0,0.0,0.0,0.0,0.0,0.002442002442002442,0.0,0.0,0.0,0.0,0.0
0218c2ab4764c8ca5cc0eb2eef5acd27586d9993,0,0.941908713692946,0.0,0.0,0.0749312186437935,0.0,0.0,0.0,0.07784431137724551,0.0,0.0,0.0,0.0,0.008415601229972487,0.0,0.0,0.0,0.0,0.0,0.0,0.0,0.0
0218ed2bdca391eefe4d7ac3c90dbae0802cbfe0,0,0.9412171507607192,0.0,0.0,0.0,0.019533711405166982,0.0,0.0,0.0,0.0,0.0,0.0,0.0,0.0,0.0,0.0,0.0,0.0,0.0,0.0,0.0,0.0
021900b0f2301fc52398f5d4c633eb62552da9e0,0,0.9377593360995851,0.0,0.0,0.0,0.0,0.0,0.05034802784222738,0.015081206496519721,0.0,0.0,0.0,0.0,0.0,0.008584686774941995,0.0,0.0,0.0,0.0,0.0,0.0,0.0
021940de5bb8d8ff0070bc71a037afba846d8311,1,0.9640387275242047,0.0,0.0,0.0,0.024416135881104035,0.0,0.0,0.0,0.0,0.0,0.0,0.0,0.0,0.0,0.0,0.0,0.0,0.0,0.0,0.024416135881104035,0.0
02197338f4446ed62055d0e03bbdb3755540d304,0,0.9467496542185339,0.0,0.0,0.0,0.040740740740740744,0.0,0.0,0.0,0.0,0.02351851851851852,0.0,0.0,0.0,0.0874074074074074,0.0,0.0,0.0,0.0,0.0,0.0,0.0
02197bb1a784803c97aa46f1d159285082726ae6,0,0.9370677731673582,0.0,0.0,0.0,0.0,0.0,0.0,0.0,0.0,0.0,0.0,0.0,0.0,0.0,0.0,0.0,0.0,0.0,0.0,0.0,0.0
021982a7bf95939fadd345822ff7ce05ca8610b6,0,0.0,0.0,0.0,0.0,0.0,0.0,0.0,0.0,0.0,0.0,0.0,0.0,0.0,0.0,0.0,0.0,0.0,0.0,0.0,0.0,0.0
0219d48a62d4039ae0de132d7840c061fbf14b87,0,0.9405255878284924,0.0,0.0,0.0,0.0,0.0,0.0,0.01545129074806859,0.0,0.0,0.0,0.0,0.03241002449594875,0.0,0.0,0.0,0.0,0.0,0.0,0.0,0.0
021a0224763af10206f054a5c70ed5a0d8689235,0,0.9356846473029046,0.0,0.0,0.0,0.0,0.0,0.0,0.005356459635250606,0.0,0.0,0.0,0.0,0.0,0.018492539216936617,0.0,0.0,0.0,0.0,0.0,0.0,0.0
021a1a1ff1e8f26035d839528b39b3305c6c3ab0,0,0.0,0.0,0.0,0.0,0.0,0.0,0.0,0.0,0.0,0.0,0.0,0.0,0.0,0.0,0.0,0.0,0.0,0.0,0.0,0.0,0.0
021a1d0e69800c1c5db141fe9151d0ebba72eff4,0,0.9412171507607192,0.016238868517548456,0.0,0.0,0.03771608171817706,0.0,0.0,0.0,0.0,0.0,0.0,0.0,0.0,0.0,0.0,0.0,0.0,0.0,0.0,0.0,0.040859088528025146
021a31e1f4f5c70617c87e8acccc4b3eea51c615,0,0.9391424619640387,0.0,0.0,0.0,0.0,0.0,0.0,0.0,0.0,0.0,0.0,0.0,0.0,0.0,0.0,0.0,0.0,0.0,0.0,0.0,0.0
021a3f12e881a4f84e7be430f1ad2e8d2f220d20,0,0.9405255878284924,0.023088542041286055,0.02337624973027404,0.0,0.0,0.023232395885780046,0.0,0.0,0.03071279579946774,0.0,0.0,0.0,0.0,0.0,0.0,0.0,0.0,0.0,0.0,0.0,0.0
021a93eccce10733278b9324cd62ec5507e132d0,0,0.941908713692946,0.0253592561284869,0.0,0.0,0.0,0.0,0.045308537616229924,0.0,0.0,0.0,0.0,0.0,0.0,0.0,0.0,0.0,0.0,0.0,0.0,0.03347421808960271,0.0
021aac19e09edf73b21ec6b846c4e15fd27b0f65,0,0.9398340248962656,0.0,0.0,0.0,0.0,0.0,0.0,0.0,0.0,0.0,0.0,0.0,0.0,0.0,0.0,0.0,0.0,0.008370315040203875,0.01131420536930445,0.0,0.0
021adbc62bc2d58a2caa2dc16485266d02c9838d,0,0.941908713692946,0.08100678111063596,0.06964383896389517,0.0,0.055470706823874394,0.04032011729488667,0.02174842690451463,0.0,0.0,0.0,0.0,0.0,0.0,0.0,0.0,0.0,0.018327326043130306,0.0,0.0,0.007086566070010385,0.06652819353656302
021b52a312da0f8d44c2d4d3dc2576b41454e20c,1,0.0,0.0,0.0,0.0,0.015894039735099338,0.0,0.0,0.0,0.0,0.031788079470198675,0.0,0.0,0.0,0.0,0.0,0.0,0.0,0.0,0.0,0.0,0.003973509933774834
021b7aeb4bdf7c9a72f191439a14dc7b2a80e471,1,0.9356846473029046,0.0,0.007805724197745013,0.014917606244579358,0.02194275802254987,0.011101474414570685,0.0,0.0,0.0,0.0,0.0,0.0,0.0,0.0,0.10893321769297484,0.0,0.0,0.0,0.0,0.0,0.10477016478751085
021bf5660ea2aa571e0f1483b86a97d9715b94b4,0,0.0,0.0,0.0,0.0,0.0,0.0,0.0,0.0,0.0,0.0,0.0,0.0,0.0,0.0,0.0,0.0,0.0,0.0,0.0,0.0,0.0
021c32324bdcf07107e7e6e8f8c3ba5907241716,1,0.9432918395573997,0.0233611442193087,0.0,0.0,0.02765196662693683,0.0,0.0,0.0,0.0,0.014541120381406437,0.0,0.0,0.0,0.038617401668653156,0.0,0.0,0.0,0.0,0.0,0.013110846245530394,0.0
021c379a816c034f606dd9104a22910e337dad30,0,0.9412171507607192,0.0,0.014521307647402218,0.0,0.0,0.0,0.03488032691185056,0.009997081144191476,0.0952276707530648,0.014594279042615295,0.0,0.0,0.0,0.0,0.0,0.0,0.0,0.0,0.0,0.0,0.0
021c45b038bb39ef8ca10d6eaf70d1b745221ab6,0,0.9377593360995851,0.0,0.0,0.0,0.0,0.0,0.0,0.0,0.0,0.0,0.0,0.0,0.0,0.0,0.0,0.0,0.0,0.0,0.0,0.0,0.0
021c53e0ea118d64173c0293f98b67908611cc8b,0,0.9377593360995851,0.0,0.0,0.0,0.15232974910394265,0.0,0.0,0.0,0.0,0.0,0.0,0.0,0.0,0.0,0.0,0.0,0.0,0.0,0.0,0.0,0.0
021c5655c2e4a689dab430a83f7b22dae1a7fb27,0,0.9557399723374828,0.0,0.0,0.0,0.03488372093023256,0.0,0.0,0.0,0.0,0.0,0.0,0.0,0.0,0.0,0.0,0.0,0.0,0.0,0.0,0.0,0.0
021c92b0cf501421aeed9cc7d833955d2d4ebd22,0,0.9391424619640387,0.0,0.0,0.0,0.0,0.0,0.0,0.0,0.0,0.0,0.0,0.0,0.0,0.0,0.0,0.0,0.0,0.0,0.0,0.0,0.0
021cadad3f965837e76947ad8dda88e05c461239,0,0.9405255878284924,0.0,0.0,0.0,0.0,0.0,0.0,0.0,0.0,0.0,0.0,0.0,0.0,0.0,0.022938501087601346,0.0,0.0,0.0,0.0,0.0,0.0
021ce4f2a5a4e0a5ff27bfd5058635f1be9f3f25,1,0.9446749654218534,0.0,0.0,0.0,0.0,0.0,0.0,0.0,0.014471629359708485,0.0,0.0,0.0,0.0,0.0,0.0,0.0,0.0,0.0,0.0,0.0,0.0
021d0e8b94750791d7bd6d761330d8070205a3f6,1,0.9384508990318119,0.0,0.0,0.0,0.0,0.0,0.0,0.0,0.0,0.0,0.0,0.0,0.0,0.0,0.0,0.0,0.0,0.0,0.0,0.0,0.0
021d3c3ecd1d35a45c747acb383110b9a50dc791,1,0.9384508990318119,0.0,0.0,0.0,0.0,0.0,0.0,0.0,0.0,0.0,0.0,0.0,0.0,0.0,0.0,0.0,0.0,0.0,0.0,0.0,0.0
021d7f5ea74fa9c83e4924fe7119da72437c6786,0,0.9446749654218534,0.0,0.0,0.0,0.0,0.0,0.04114906832298137,0.017857142857142856,0.0,0.0,0.0,0.0,0.0,0.0,0.0,0.0,0.0,0.0,0.0,0.0,0.0
021d8a9edb046b59a7a95f2f30aad343b82af049,0,0.9515905947441217,0.0,0.0,0.0,0.0,0.0,0.0,0.0,0.033017270572299355,0.05909244835760244,0.0,0.0,0.0,0.0,0.0,0.0,0.0,0.0,0.0,0.0,0.012868269556383339
021e02b2706a5d49ac8dff5aff8ce887c974f265,0,0.9550484094052559,0.0,0.0,0.0,0.0,0.0,0.0,0.0,0.0,0.0,0.0,0.0,0.0,0.0,0.0,0.0,0.0,0.0,0.0,0.0,0.0
021e07bde2d213e221a8370ca15b6c336fd0fd65,1,0.9363762102351314,0.0,0.0,0.0,0.0,0.0,0.0,0.006369426751592357,0.0,0.0,0.0,0.0,0.0,0.0,0.0,0.0,0.0,0.0,0.0,0.0,0.0
021e2d20c01930ba8a31ea529009f09cd425cab0,0,0.0,0.0,0.0,0.0,0.0,0.0,0.0,0.0,0.0,0.0,0.0,0.0,0.0,0.0,0.0,0.0,0.0,0.0,0.0,0.0,0.0
021e63e26fb670c67b2c94480c3a29e22b388f5b,1,0.9467496542185339,0.0,0.0,0.0,0.0,0.0,0.0,0.0,0.0,0.0,0.03509234828496042,0.0,0.0,0.0,0.0,0.0,0.0,0.0,0.0,0.0,0.0
021f1f3daf24dd4beb40d60b57edeb3120d20fff,0,0.9426002766251729,0.009320970954969135,0.0,0.0,0.0,0.0,0.0,0.0,0.0,0.0,0.0,0.0,0.0,0.02847937827402179,0.0,0.0,0.0,0.0,0.0,0.0,0.0
021f41d92d8e44523c5d831988c49f240b9c4bca,1,0.9467496542185339,0.0,0.0,0.0,0.0,0.0,0.0,0.0,0.0,0.0,0.0,0.0,0.0,0.0124972104440973,0.0,0.0,0.0,0.0,0.0,0.011649185449676412,0.0
021f5e5e9f7a3ccf02cf8e6b3ad1c7d3276b2009,1,0.9398340248962656,0.0,0.0,0.0,0.0,0.0,0.0,0.0,0.0,0.0,0.0,0.0,0.0,0.0,0.0,0.0,0.0,0.0,0.0,0.0,0.0
021f7f5b894a683da5d9a8788c0f81188d3cc423,1,0.0,0.0,0.0,0.0,0.0,0.0,0.0,0.0,0.0,0.0,0.0,0.0,0.0,0.0,0.0,0.0,0.0,0.0,0.0,0.0,0.0
021fad962ba2905c91def6b6b52cbb867cfd8047,1,0.0,0.0,0.0,0.0,0.0,0.0,0.0,0.0,0.0,0.0,0.0,0.0,0.0,0.0,0.0,0.0,0.0,0.0,0.0,0.0,0.0
021fb5baa22248a57b461dce3312547091651ee2,0,0.9405255878284924,0.0,0.0,0.0,0.0,0.0,0.0,0.0,0.0,0.0,0.0,0.0,0.0,0.0,0.0,0.0,0.0,0.0,0.0,0.0,0.0
021fc99e5279e232466a619af791de62dcbccdf3,1,0.9405255878284924,0.0,0.0,0.021155909857427563,0.0,0.0,0.0,0.0,0.0,0.0,0.0,0.0,0.011344473401808984,0.0,0.0,0.0,0.0,0.055802544841330674,0.0,0.0,0.0
02208d390305026136528990d326cf8a95934574,1,0.9384508990318119,0.0,0.0,0.0,0.0,0.0,0.0,0.0,0.0,0.0,0.0,0.0,0.04946599213041034,0.0,0.0,0.0,0.0,0.016676035225782274,0.0,0.0,0.0
0220ac25d02368cb73359ad05983e9ca5639e560,1,0.9398340248962656,0.0,0.0,0.0,0.0,0.0,0.0,0.0,0.0,0.0,0.0,0.0,0.0,0.0,0.0,0.0,0.028601416950931515,0.0,0.0,0.0,0.0
0220bfffc1f43608f995f7ce4f73751a24df68d1,0,0.0,0.02931323283082077,0.02051926298157454,0.0,0.0,0.0,0.020938023450586266,0.0,0.0,0.0,0.0,0.0,0.0,0.0,0.0,0.0,0.0,0.0,0.0,0.02680067001675042,0.0
0220e0e620cf2ba7da2ba1db13d1b4cfda0d9c59,0,0.9384508990318119,0.0,0.06004279646130753,0.010826865957650665,0.06502507106128837,0.044584970138290055,0.019513908849924946,0.0,0.009325796046117978,0.0,0.0,0.0,0.01315831496918016,0.057902973395931145,0.033917792469100316,0.025901440388361917,0.0,0.0,0.0,0.0,0.0061959055922838615
02218236d2707174ab00e008015cd6354615bdf4,1,0.0,0.0,0.0,0.0,0.0,0.0,0.0,0.0,0.0,0.0,0.0,0.0,0.0,0.0,0.0,0.0,0.0,0.0,0.0,0.0,0.0
0221e28edfa71674b02a734f585e7ca1490bc1e7,0,0.0,0.0,0.0,0.0,0.0,0.00764872521246459,0.008781869688385268,0.0,0.0,0.0,0.0,0.0,0.0,0.0,0.0,0.0,0.0,0.0,0.0,0.0,0.0
022202a3ce98b897c0c56fd8c7e4002af13c57b0,0,0.9377593360995851,0.0758566275924256,0.0,0.0,0.007439134355275023,0.0,0.00563570784490532,0.0,0.0,0.0,0.0,0.0,0.0,0.0,0.0,0.0,0.05027051397655546,0.0,0.0,0.0,0.006650135256988278
022236c7978c63b5022218982e62638c27299d5f,0,0.9398340248962656,0.0,0.0,0.0,0.0,0.0,0.0,0.0,0.0,0.0,0.0,0.0,0.023420973103656696,0.0,0.0,0.0,0.0,0.0,0.0,0.0,0.0
022251b0689d6a3f8c8db88809b6fa4fdf8d2e65,0,0.0,0.0,0.0,0.0,0.0,0.0,0.0,0.0,0.0,0.0,0.0,0.0,0.0,0.0,0.0,0.0,0.0,0.0,0.0,0.0,0.0
02225acdfdd33fd448d18ea3339985bf97fd5b17,0,0.9453665283540802,0.0,0.0,0.0,0.0,0.0,0.05536930896506975,0.03860711582134747,0.0,0.0,0.0,0.0,0.020763490861901157,0.0,0.0,0.012977181788688223,0.0,0.024224072672218017,0.0,0.0,0.0
0222615ba8f3e58b125e5190d9261d162ef68b35,0,0.9571230982019364,0.0,0.0,0.0,0.0,0.0,0.0,0.0,0.0,0.0,0.0,0.0,0.0,0.0,0.0,0.0,0.0,0.0,0.0,0.0,0.0
0222686df51b12edc5eeebfef7a54da16b6af819,0,0.9398340248962656,0.0,0.012546716497597437,0.0,0.011478910838227442,0.012546716497597437,0.0,0.014682327816337427,0.0,0.0,0.0,0.0,0.0,0.0,0.0,0.06326748531767218,0.0,0.05125467164975974,0.0,0.0392418579818473,0.0
0223a5b99edcc1d0586a0ad2ff93511d2e986175,0,0.9384508990318119,0.0,0.0,0.0,0.0,0.0,0.0,0.0,0.0,0.0,0.0,0.0,0.0,0.0,0.0,0.0,0.0,0.0,0.0,0.0,0.0
0223b56e1d315c414724847c68135c97b6a4705d,1,0.9453665283540802,0.0,0.0,0.0,0.0,0.0,0.0,0.0,0.0,0.0,0.0,0.0,0.0,0.0,0.0,0.0,0.0,0.0,0.0,0.0,0.0
0223c8fdaf50fd43cc5eb60675b2743b857a9e87,1,0.9363762102351314,0.0,0.0,0.00533997864008544,0.044499822000711994,0.00355998576005696,0.0,0.0,0.0,0.0,0.0,0.0,0.0,0.0,0.0352438590245639,0.0,0.0,0.0,0.0,0.0,0.03310786756852972
0224a65f2b31266e0aa49009d634ddc7e829eea7,1,0.9377593360995851,0.12134688691232529,0.0,0.0,0.01289707750952986,0.010419313850063533,0.0,0.0,0.0,0.0,0.0,0.0,0.0,0.008831003811944092,0.0,0.0,0.016899618805590853,0.0,0.0,0.014930114358322744,0.028462515883100382
0224f6a1f7281dbeeed9810190307219213f6475,0,0.9384508990318119,0.03680870353581142,0.01813236627379873,0.0,0.017044424297370808,0.035176790571169535,0.014324569356300998,0.0,0.0,0.0,0.0,0.0,0.0,0.010698096101541252,0.0,0.0,0.0,0.0,0.0,0.0,0.019038984587488667
0225360876500208312466c1537901250d1295fb,0,0.946058091286307,0.0,0.0,0.0,0.0,0.013636363636363636,0.0,0.0,0.0,0.0,0.0,0.0,0.0,0.0,0.0,0.0,0.0,0.0,0.0,0.0,0.0
022541796e9654be15ec5d7f2683756584db6ed7,0,0.9363762102351314,0.0,0.0,0.0,0.0,0.0,0.0,0.0,0.0,0.0,0.0,0.0,0.0,0.0,0.0,0.0,0.0,0.0,0.0,0.0,0.0
0225c1c077e0e5b1ef1baa4bb64599c133014b14,0,0.9370677731673582,0.0,0.0,0.0,0.0,0.0,0.0,0.0,0.0,0.0,0.0,0.0,0.0,0.0,0.0,0.0,0.0,0.0,0.0,0.03611042642346562,0.0
0225c9bad9010c27bfc1b7a1bac91ac1ca03407f,0,0.9412171507607192,0.0,0.015418502202643172,0.0,0.03524229074889868,0.0,0.0,0.0,0.0,0.0,0.0,0.0,0.0,0.0,0.0,0.0,0.0,0.0,0.0,0.0,0.019823788546255508
02262060784a8b55a35f4bcbdb7493da4bd9a40d,0,0.941908713692946,0.0,0.0,0.0,0.0,0.0,0.0,0.0,0.0,0.0,0.0,0.0,0.0,0.0,0.0,0.0,0.0,0.0,0.0,0.0,0.0
02267cde599a43fefacdb2af2b60f6ddd034088d,0,0.9453665283540802,0.0,0.0,0.0,0.0,0.0,0.0,0.0,0.0,0.0,0.0,0.0,0.0,0.0,0.0,0.0,0.0,0.0,0.0,0.0,0.0
02268093a0670209e30bf427b12fa08fdb2dafb6,1,0.9391424619640387,0.0,0.0,0.018820123054650743,0.0,0.0,0.0,0.0,0.0,0.0,0.0,0.0,0.0,0.0,0.0,0.010133912414042706,0.0,0.0,0.0,0.0,0.0
0226f8edf7b0848ac6127f82bfcee9657a452040,1,0.0,0.0,0.0,0.0,0.0,0.0,0.0,0.0,0.0,0.0,0.0,0.0,0.0,0.0,0.0,0.0,0.0,0.0,0.0,0.0,0.0
022711eb183a481c7afceb25bd3229cdb79d283c,1,0.0,0.0,0.0,0.0,0.0,0.0,0.0,0.0,0.0,0.0,0.0,0.0,0.0,0.0,0.0,0.0,0.0,0.0,0.0,0.0,0.0
022723ca1857b28e837999b52805056232572013,0,0.9391424619640387,0.0,0.0,0.0,0.06408952187182096,0.022550016954899967,0.0,0.0,0.0,0.0,0.0,0.0,0.0,0.0,0.030857917938284164,0.0,0.014581213970837573,0.0,0.0,0.010681586978636826,0.011698880976602238
0227282864aede9b86966e8a00a78e6fb7feff2a,0,0.941908713692946,0.0,0.0,0.0,0.029160935350756534,0.0,0.0,0.0,0.0,0.0,0.0,0.0,0.0,0.0,0.0,0.0,0.0,0.0,0.0,0.0,0.0
02277acb6fad38710e725d4e1cf11913f6a187e2,0,0.9426002766251729,0.03254769921436588,0.01526374859708193,0.0,0.0,0.0,0.0,0.0,0.0,0.0,0.0,0.0,0.0,0.0,0.0,0.0,0.0,0.0,0.0,0.0,0.0
0227967f111ef60664a88b88ff23cc2fab81d6ac,0,0.9398340248962656,0.0,0.0,0.06402587620186982,0.0,0.0,0.0,0.0,0.0,0.0,0.0,0.0,0.0,0.0,0.0,0.0,0.0,0.0,0.0,0.0,0.0
0227d075400c0c1feca431288a980b38c6ac77d2,0,0.9377593360995851,0.0,0.0,0.01790341578327444,0.0,0.0,0.0,0.0,0.0,0.0,0.0,0.0,0.020965842167255593,0.0,0.0,0.013898704358068316,0.0,0.0,0.0,0.0,0.0
0227f6adcb99c5934db130a8c7e6411199a082c7,0,0.9370677731673582,0.0,0.0,0.0,0.0,0.0,0.0,0.0038145539906103286,0.0,0.0,0.0,0.0,0.0,0.0,0.0,0.011150234741784037,0.0,0.0,0.0,0.0,0.0
0227f85f26d5b90d61d73be6bad15dac8caeedae,1,0.9515905947441217,0.0,0.0,0.0,0.0,0.0,0.0,0.0,0.03285968028419183,0.0,0.018206039076376555,0.0,0.0,0.0,0.0,0.0,0.0,0.0,0.0,0.0,0.0
0227fdf1ea394f4be5443de57a4bbeb34680a5ee,0,0.0,0.021766169154228857,0.0,0.0,0.0,0.0,0.0,0.0,0.0,0.0,0.0,0.0,0.0,0.0,0.0,0.0,0.0,0.0,0.0,0.0,0.0
022803b2c141808b7c66dbf913b9437eff8bebaf,0,0.950207468879668,0.0,0.0,0.0,0.0,0.0,0.0,0.0,0.0,0.0,0.0,0.0,0.0,0.0,0.0,0.0,0.0,0.0,0.0,0.0,0.0
0228b347ebe7a7beac186b02d2eb7e155c0cc85b,1,0.9405255878284924,0.0,0.0,0.0,0.0,0.0,0.0,0.0,0.0,0.0,0.011904761904761904,0.0,0.0,0.0,0.0,0.0,0.0,0.0,0.0,0.0,0.0
0228b5ba067a56c2126836c5c6583d7691c278fb,1,0.0,0.027717391304347826,0.0,0.0,0.06222826086956522,0.0,0.017663043478260868,0.0,0.0,0.0,0.0,0.0,0.0,0.0,0.0,0.0,0.0,0.0,0.0,0.0,0.0
0228c4ebee6a5422c3f2832624137c53e39a22e9,0,0.9439834024896265,0.0,0.0,0.0,0.028484231943031537,0.0,0.0,0.0,0.0,0.0,0.0,0.0,0.0,0.0,0.017293997965412006,0.0,0.0,0.0,0.0,0.008138351983723296,0.0335707019328586
0228cbc0f4dcc0fe76f830f6f7e3bdb02d78b033,1,0.9439834024896265,0.0,0.0,0.058629232039636665,0.0,0.04706853839801817,0.0,0.0,0.0,0.028075970272502065,0.0,0.0,0.0,0.0,0.029314616019818333,0.0,0.0,0.0,0.0,0.0,0.026837324525185797
0229290134502bb8bc77d85302bc836878c382bd,0,0.9391424619640387,0.0,0.0,0.0,0.0,0.0,0.0,0.0,0.10982121326948913,0.0,0.0,0.0,0.0,0.0,0.0,0.0,0.0,0.0,0.0,0.0,0.0
022953410c8df639b7aea0c51a53079d2b4c47fa,0,0.9370677731673582,0.0,0.0,0.0,0.0,0.0,0.0,0.0,0.0,0.0,0.0,0.0,0.0,0.0,0.0,0.05128474042999476,0.0,0.0,0.0,0.0,0.0
0229a22ed2b6ce6525f2f49a62319336a5df65f7,1,0.9543568464730291,0.0,0.0,0.0,0.0,0.0,0.0,0.0,0.0,0.0,0.0,0.0,0.0,0.010012989824637367,0.0,0.0,0.0,0.0,0.0,0.0,0.0
0229e3421e8869b8cf0d761466411950b11413b3,1,0.941908713692946,0.0,0.0,0.0,0.0,0.0,0.0,0.0,0.0,0.0,0.11022550544323484,0.0,0.0,0.0,0.0,0.0,0.0,0.0,0.0,0.0,0.0
022a1564c10b0fe3e28736a46d3c5e8c0cecec78,0,0.9661134163208852,0.0,0.0,0.0,0.0,0.0,0.0,0.0,0.0,0.0,0.0,0.0,0.0,0.0,0.0,0.0,0.0,0.0,0.0,0.0,0.0
022a1f102ba07f1e43e243a9cdea50b526000adc,0,0.9398340248962656,0.06934625466677258,0.023750893637302407,0.0,0.0,0.0,0.08531257446977521,0.01676066407180872,0.0,0.0,0.0,0.0,0.0,0.019461434585749463,0.0,0.0,0.0,0.0,0.0,0.0,0.0
022a680d3a2a8f4d39307e08cb2e2f130c848838,0,0.9384508990318119,0.035048622366288494,0.014181523500810372,0.0,0.0,0.0,0.023905996758508914,0.0,0.0,0.012763371150729336,0.0,0.0,0.021677471636952998,0.034440842787682335,0.0,0.0,0.0,0.0,0.0,0.03140194489465154,0.0
022a845c22acfce57c1f266df7fbb15b943165a2,1,0.9384508990318119,0.0,0.0,0.0,0.1703373945641987,0.015932521087160263,0.0,0.0,0.0,0.0,0.011012183692596064,0.0,0.0,0.0,0.0,0.0,0.0,0.0,0.0,0.0,0.0
022a9eeef59ef434d4ed701412afb57aff3ad17c,0,0.0,0.045871559633027525,0.0,0.0,0.0,0.0,0.0,0.0,0.0,0.0,0.0,0.0,0.0,0.0,0.0,0.0,0.0,0.0,0.0,0.0,0.0
022a9f8efbbe9cfe89e8347aee418abbcf667c87,0,0.9481327800829875,0.0,0.0,0.025925925925925925,0.0,0.0,0.0,0.0345679012345679,0.0,0.0,0.024074074074074074,0.0,0.0,0.0,0.0,0.0,0.0,0.0,0.0,0.0,0.0
022ad4077880607fee6969f961983c9dd5f6f625,0,0.9384508990318119,0.0,0.008204124642480807,0.008053590245371067,0.005193436700286015,0.10763209393346379,0.0,0.00684931506849315,0.0,0.0,0.0,0.0,0.0,0.0,0.0,0.0,0.0,0.0,0.0,0.0,0.01098901098901099
022ad9d0b706859826ca104b393a4d262fe705be,1,0.0,0.02660841938046068,0.036934074662430504,0.0,0.0,0.0,0.0,0.0,0.019459888800635424,0.0,0.0,0.0,0.0,0.04169976171564734,0.0,0.0,0.0,0.0,0.0,0.0,0.0
022ade13eabaac3d99eeaa9877cf7576626941b5,0,0.0,0.08033240997229917,0.0,0.0,0.0,0.0,0.0,0.024930747922437674,0.0,0.0,0.0,0.0,0.08310249307479224,0.0,0.0,0.0,0.0,0.01662049861495845,0.0,0.013850415512465374,0.0
022b0ac9054b6dc9646eae302768bb69a7aa6e20,0,0.0,0.0,0.0,0.0,0.0,0.0,0.0,0.0,0.0,0.0,0.0,0.0,0.0,0.0,0.0,0.0,0.0,0.0,0.0,0.0,0.0
022b13f1db1a757fb4da40c02d23ca6b5cddb59d,0,0.0,0.0,0.0,0.023195876288659795,0.015463917525773196,0.3015463917525773,0.0,0.0,0.0,0.0,0.0,0.0,0.010309278350515464,0.020618556701030927,0.0,0.0,0.0,0.0,0.0,0.0,0.023195876288659795
022b2e6510bc353882c2b2879d14bbc3faaf76db,0,0.9384508990318119,0.0213903743315508,0.0,0.0,0.0,0.0,0.0,0.0,0.0,0.0,0.0,0.0,0.0,0.0,0.0,0.0,0.0,0.0,0.0,0.0,0.0
022b534284103bc3086a4850c8605d1a4403bea8,1,0.9398340248962656,0.0,0.0,0.0,0.0,0.021422903993652473,0.0,0.0,0.0,0.0,0.0,0.0,0.0,0.027241470510446973,0.0,0.0,0.0,0.0,0.0,0.0,0.0
022b605116981adb319aaa46276bb941bb2a3e80,1,0.9398340248962656,0.0,0.0,0.0,0.0,0.012193487873509313,0.0,0.0,0.0,0.0,0.0,0.0,0.0,0.007570682031354683,0.007570682031354683,0.0,0.0,0.0,0.0,0.0,0.0
022b7da3ec9ae47270ff2157f9044362aa541735,0,0.9508990318118948,0.04866820124958895,0.014140085498191384,0.0,0.0,0.0,0.0,0.031239723775073988,0.0,0.06379480434067741,0.0,0.0,0.0,0.0,0.0,0.0,0.0,0.0,0.0,0.021374547846103254,0.0
022b8bd3db6c1863490e7528134a69aaf35e3883,0,0.9398340248962656,0.0,0.0,0.0,0.0,0.0,0.0,0.0,0.0,0.0,0.0,0.0,0.0,0.0,0.0,0.0,0.0,0.0,0.0,0.0,0.0
022ba0d1031ac132e1aa899559e393b33f4445bd,0,0.9391424619640387,0.0,0.04711702213932366,0.0,0.010583083286027086,0.031019382045251804,0.0,0.0,0.0,0.0,0.0,0.0,0.0,0.0,0.0,0.023680155705133404,0.0,0.053097883383342794,0.0,0.0,0.0
022bbba318445c2fe468a6321b4bafc2d5d11b99,0,0.941908713692946,0.0,0.06300144679731685,0.0,0.0,0.0,0.0,0.0,0.016440878600552412,0.0,0.0,0.0,0.0,0.0,0.025121662501644087,0.0,0.0,0.0,0.0,0.0,0.0
022bbefb4dc9fbb8feaaec41cb01aed18254bcb2,0,0.9405255878284924,0.09096544242987757,0.02092050209205021,0.0,0.00697350069735007,0.0,0.02572446923911359,0.0,0.0,0.0,0.0,0.0,0.0,0.00604370060437006,0.0,0.0,0.0,0.0,0.0,0.029288702928870293,0.0
022bd2baf01ae5b953d93695f9024ebe385d056d,1,0.9391424619640387,0.0,0.0,0.0,0.0,0.023807890222984563,0.0,0.0,0.24006861063464838,0.02250428816466552,0.0,0.0,0.011389365351629502,0.0,0.0,0.0,0.0,0.025728987993138937,0.0,0.0,0.0
022c28d671f2f3dd5e0c1ca607ad65390700494a,0,0.9432918395573997,0.0,0.0,0.0,0.005275498241500586,0.0,0.0,0.0,0.0,0.0,0.0,0.0,0.0,0.0,0.0,0.0,0.0,0.0,0.0,0.0,0.0
022c606e4f82a29540494da34c7aed8aef3fd834,0,0.950207468879668,0.0,0.0,0.0,0.0,0.0,0.0,0.0,0.02693943690500304,0.0,0.0,0.0,0.0,0.0,0.0,0.0,0.0,0.0,0.0,0.0,0.0
022c8cd89c4db486c0a19359bf1870d8b3b7757d,0,0.9363762102351314,0.0,0.0,0.0,0.0,0.015151515151515152,0.0,0.0,0.0,0.0,0.0,0.03354978354978355,0.017316017316017316,0.0,0.0,0.0,0.0,0.0,0.0,0.0,0.0
022c962070796496f451c160511a71891b8dd46b,0,0.9343015214384509,0.0,0.0,0.0,0.0,0.0,0.0,0.0,0.0,0.0,0.0,0.0,0.0,0.0,0.0,0.028037383177570093,0.0,0.0,0.0,0.0,0.0
022cb2141c9c835cb85790fafcfb2e5615ab291c,1,0.9363762102351314,0.0,0.0,0.0,0.0,0.0,0.0,0.0,0.0,0.0,0.0,0.0,0.0,0.0,0.0,0.0,0.0002858231707317073,0.0,0.0,0.0,0.0
022cf035d6c4090a9f848e33bec78df9ef71870d,0,0.9391424619640387,0.0,0.0,0.0,0.08854166666666667,0.0,0.0,0.0,0.0,0.05295138888888889,0.0,0.0,0.0,0.0,0.0,0.0,0.0,0.0,0.0,0.0,0.020833333333333332
022d0cd0b95a3962a8966ec6545e399f940f88e0,0,0.9481327800829875,0.0,0.0,0.0,0.0,0.0,0.0,0.0,0.0,0.0,0.02437703141928494,0.0,0.0,0.0,0.0,0.0,0.0,0.0,0.0,0.0,0.0
022d62ffd46eee6d5d7341598598e2a96618a50c,0,0.9349930843706777,0.0,0.0,0.12139917695473251,0.0,0.0,0.0,0.012345679012345678,0.0,0.0,0.0,0.0,0.0,0.0205761316872428,0.0,0.0,0.0,0.0,0.0,0.01748971193415638,0.0
022d6ef8994d7ad154d1025cd20eb4327bd7d75c,1,0.9363762102351314,0.4053912130229302,0.0,0.0,0.0,0.0,0.028181340801680378,0.0,0.0,0.0,0.0,0.0,0.0,0.011027481183266234,0.0,0.0,0.0,0.0,0.0,0.007001575354454752,0.0
022dc62a8ac52f985b37e431c4d95096a2ab6a84,1,0.9370677731673582,0.034974255933693334,0.00539997488383775,0.0,0.15798066055506718,0.13669471304784628,0.05512997613964586,0.0,0.0,0.0,0.0,0.0,0.0,0.0,0.12620871530830088,0.0,0.0,0.0,0.0,0.0,0.06461132738917494
022dd5193f6e5c8bccf15179e131de4ba1e8acef,1,0.9391424619640387,0.02702702702702703,0.0,0.0,0.0,0.0,0.0,0.0,0.0,0.0,0.0,0.0,0.0,0.0,0.0,0.0,0.06762709846410286,0.0,0.0,0.0,0.0
022ddd264f933d747b1da850771bd7abbd2e037d,1,0.0,0.012304250559284116,0.0,0.0,0.11297539149888143,0.015659955257270694,0.0,0.012304250559284116,0.0,0.0,0.0,0.0,0.0,0.0,0.0,0.0,0.0,0.0,0.0,0.0,0.0
022e0371e1d9ae2f6f74ce33bce58c631a5b0348,1,0.9349930843706777,0.0,0.0,0.019522776572668113,0.0,0.0,0.0,0.0,0.0,0.0,0.0,0.0,0.0,0.0,0.0,0.0,0.0,0.0,0.0,0.0,0.0
022e93574794c19a9a780f2f35313df418ce37fc,0,0.9446749654218534,0.0,0.0,0.0,0.0,0.0,0.0,0.0,0.0,0.0,0.0,0.0,0.0,0.0,0.0,0.0,0.0,0.0,0.0,0.0,0.0
022ed247d4b1d4dd1eaa90d9b5a3b4b3cccf768c,0,0.0,0.0,0.0,0.0,0.0,0.0,0.0,0.0,0.0,0.0,0.0,0.0,0.0,0.0,0.0,0.0,0.0,0.0,0.0,0.0,0.0
022f17765862ab9901c40a2d5cd30fe36a8c187c,0,0.9405255878284924,0.0,0.0,0.0,0.0,0.0,0.0,0.0,0.0,0.0,0.0,0.0,0.0,0.0,0.0,0.0,0.0,0.0,0.0,0.0,0.0
022f5e6274ba8a3b226322bbc5a7676f02f7d16d,0,0.9405255878284924,0.10047133384816126,0.09578462439751817,0.0,0.0,0.0,0.023726466593880648,0.0,0.11421191382845579,0.0,0.0,0.0,0.0,0.014193273506777088,0.0,0.0,0.0,0.0,0.0,0.0,0.0
022fac96f47373d25f6aaeddaf90b3295a613965,1,0.0,0.0,0.0,0.0,0.0,0.0,0.0,0.0,0.0,0.0,0.0,0.0,0.0,0.0,0.0,0.0,0.0,0.0,0.0,0.04976303317535545,0.0
022fda0d0c419bf739015d7f96f81e448a3bbf3e,0,0.941908713692946,0.016556880897276124,0.012818230372084743,0.0,0.0,0.0,0.0,0.0,0.0,0.0,0.0,0.0,0.0,0.0,0.0,0.0,0.023322058038098628,0.0,0.0,0.0,0.0
02308c02985146207f330aacaff75beb0e531a18,1,0.9384508990318119,0.0680217526967995,0.0,0.0,0.017206026566818224,0.0,0.0,0.0,0.0,0.0,0.0,0.0,0.0,0.00659712935722564,0.0,0.0,0.0,0.0,0.0,0.0,0.0
02312f4913582ae7d0b1a6602e32b5c5c3f366fb,0,0.0,0.0,0.036925848093665566,0.0,0.022215550885619936,0.0,0.0,0.0,0.07985589912939058,0.0,0.0,0.0,0.0,0.0,0.0,0.0,0.023416391474031822,0.0,0.0,0.0,0.0
0231b5386e52b23e3fd2ba8a7d56db7b5a04c780,0,0.9391424619640387,0.0,0.0,0.0,0.0,0.0,0.0,0.0,0.0,0.0,0.0,0.0,0.0,0.0,0.0,0.0,0.0,0.0,0.0,0.0,0.0
02321ddfdb593a2ecb28970d932c24f1e588fc2a,1,0.9405255878284924,0.06553911205073996,0.0,0.0,0.0,0.0,0.0,0.0,0.0,0.0,0.0,0.0,0.0,0.008456659619450317,0.0,0.0,0.0,0.0,0.0,0.0,0.0
02322d19432af107e6a5b4e7fa96e7924e09d250,0,0.0,0.0,0.0,0.0,0.0,0.0,0.0,0.037004091798612346,0.0,0.0,0.0,0.0,0.0,0.0,0.0,0.0,0.0,0.0,0.0,0.0,0.0
02326692f4551803da13c57eea633190eaa04be8,0,0.9405255878284924,0.0,0.0,0.018157058556513846,0.0,0.0,0.0,0.0,0.0,0.0,0.0,0.0,0.0,0.0,0.0,0.0,0.0,0.016795279164775308,0.0,0.0,0.0
02327eb695a4d9ee06cb6347269ec982f352895a,0,0.9384508990318119,0.0,0.0,0.0,0.0,0.0,0.0,0.0,0.0,0.0,0.0,0.0,0.0,0.0,0.0,0.0,0.0,0.0,0.0,0.0,0.0
0232add8c79e60c627cced18bbfee7194f9fbfef,0,0.9384508990318119,0.0,0.0,0.0,0.02805486284289277,0.0,0.0,0.0,0.0,0.0,0.0,0.0,0.0,0.0,0.0,0.0,0.0,0.0,0.0,0.0199501246882793,0.0
0232ca177f1c30194f459fb3bf2c3226f54c2b5f,0,0.9391424619640387,0.0,0.0,0.19073152049023362,0.0,0.0,0.0,0.0,0.0,0.0,0.0,0.0,0.0,0.0,0.0,0.0,0.0,0.0,0.0,0.0,0.0
02330de16e111d613635edfbb3a57c1a96568eab,0,0.9412171507607192,0.0,0.0,0.0,0.0,0.0,0.0,0.0,0.040690670592959444,0.0,0.0,0.0,0.0,0.0,0.0,0.0,0.0,0.0,0.0,0.0,0.0
02332a23135f8efead57c9b8036a9765ade9d844,0,0.0,0.0,0.0,0.014768330659620648,0.0,0.0,0.0,0.0,0.0,0.0,0.0,0.0,0.0,0.0,0.0,0.10686986883080117,0.0,0.0,0.0,0.0,0.0
0233380d36c85a6042861ac3a7525c73b5d23375,0,0.9363762102351314,0.0,0.0,0.0,0.0,0.0,0.0,0.0,0.0,0.0,0.0,0.0,0.020557029177718834,0.0,0.0,0.1246684350132626,0.0,0.0,0.0,0.0,0.0
02334dcb77bbd7cdc6f88f42fd8979cc2b8e1aa5,0,0.9356846473029046,0.0,0.0,0.0,0.0,0.01822146083164616,0.0,0.0024918237034729793,0.0,0.0,0.0,0.0,0.10450085656439807,0.0,0.0,0.12303379535897835,0.0,0.0,0.05186108082853138,0.0,0.0
02337e5a4de54d1ef4296d975aad213841eed416,0,0.9377593360995851,0.0546321722792311,0.0,0.0,0.0,0.0,0.0,0.0,0.0,0.0,0.0,0.0,0.0,0.0,0.0,0.0,0.06561641855759502,0.0,0.0,0.008816302933949994,0.0
0234591acdadbed9ab880767199aeff8fa961736,1,0.9363762102351314,0.0,0.0,0.0,0.0,0.0,0.0,0.0,0.0,0.0,0.0,0.0,0.0,0.0,0.0,0.0,0.0,0.0,0.03210353811244642,0.0,0.0
02346c105e95d1e274f92009b292687c37c7c514,1,0.0,0.0,0.0,0.0,0.0,0.0,0.0,0.0,0.0,0.0,0.0,0.0,0.0,0.0,0.04329004329004329,0.0,0.0,0.0,0.0,0.0,0.0
0234d457d2fb9aa3007dfcaf28410605964bf88d,0,0.9384508990318119,0.026582216570478334,0.046732857282598066,0.0,0.0,0.04783331703022596,0.0,0.0,0.0,0.0,0.0,0.0,0.0,0.0,0.05722390687665069,0.0,0.03037268903452998,0.0,0.0,0.0,0.04685513058789005
0234f1b389616f7aa26ebe5417757deabb13e341,1,0.9412171507607192,0.0,0.01772425923420376,0.0,0.0,0.0,0.0,0.0,0.0,0.0,0.0,0.0,0.0,0.0,0.0,0.0,0.0,0.0,0.0,0.0,0.0
02350cf9ac22ec86e96945ac238b28308397756f,0,0.9488243430152143,0.0,0.0,0.0,0.0,0.0,0.0,0.1217292377701934,0.0,0.0,0.0,0.0,0.0,0.0,0.0,0.0,0.0,0.0,0.0,0.0,0.0
023516b23432b162e5fbdd7e9ef7873cac62d012,0,0.9426002766251729,0.0,0.04807070489329597,0.0,0.0,0.0,0.0,0.0,0.0,0.0,0.0,0.0,0.0,0.02651433498598836,0.0,0.0,0.0,0.0,0.0,0.022203061004526837,0.0
023517bce08e63e64e8a6f57bb1194a461d23a11,0,0.9384508990318119,0.03176077265973254,0.03658989598811293,0.0,0.02776745913818722,0.0,0.038261515601783064,0.0,0.0,0.0,0.0,0.0,0.0,0.02962481426448737,0.0,0.0,0.0,0.0,0.0,0.05163447251114413,0.0
02354b7d1c0b3ec736273c44b621c871b9ad13fa,0,0.0,0.0,0.0,0.0,0.0,0.01415992384578772,0.0,0.0,0.0,0.0,0.0,0.0,0.0,0.0,0.013326987148976678,0.0,0.023500713945740125,0.0,0.0,0.0,0.0
02355303ce7d4799e9623cc57db3fa6c948ebd9d,0,0.9384508990318119,0.0,0.0,0.0,0.0,0.0,0.0,0.0,0.0,0.0,0.0,0.0,0.0,0.01892857142857143,0.0,0.0,0.0,0.0,0.0,0.0,0.0
02355f1e7d0158266486fabe6b246817508f820c,1,0.0,0.0,0.0,0.0,0.0,0.0,0.0,0.0,0.0,0.0,0.0,0.0,0.0,0.0,0.0,0.0,0.0,0.0,0.0,0.0,0.0
02358f28570dcd7b1d4d37323b243fdf3043ffd8,0,0.9363762102351314,0.0,0.0,0.14689826302729528,0.0,0.0,0.0,0.0,0.0,0.0,0.0,0.0,0.0,0.0,0.0,0.0,0.0,0.0,0.0,0.0,0.0
0235b63941d3f6c3484eed0c1a92af608f7a8e7e,0,0.9446749654218534,0.0,0.0,0.0,0.0,0.0,0.0,0.0,0.0,0.0,0.0,0.0,0.0,0.0,0.0,0.0,0.0,0.0,0.0,0.0,0.0
0235d9d0959f92d1aff81d206286cdab2cdefae8,1,0.0,0.0,0.0,0.0,0.0,0.0,0.0,0.0,0.0,0.0,0.0,0.0,0.0,0.0,0.0,0.0,0.0,0.0,0.0,0.0,0.0
0235fdaa4fe3a14c17f72264fdb99dfd6de57a20,0,0.941908713692946,0.0,0.0,0.0,0.0,0.0,0.0,0.0,0.0,0.0,0.0,0.0,0.0,0.0,0.0,0.027582477014602487,0.0,0.0,0.0,0.0,0.0
02362ef2c63569ef3477396ca142bfd3a66b95b9,0,0.946058091286307,0.0,0.03871748336358137,0.0,0.017846339987900785,0.0,0.0,0.0,0.0,0.0,0.0,0.0,0.0,0.0,0.0,0.0,0.0,0.0,0.0,0.0,0.0
0236559dcd778c2606a11e34947080e6a78a26ef,0,0.941908713692946,0.0,0.0,0.0,0.0,0.0,0.07464622641509434,0.0,0.0,0.0,0.0,0.0,0.0,0.0,0.0,0.0,0.0,0.0,0.0,0.0,0.0
023680f45b08b880797d9dba095b8a7b236ef3ef,0,0.0,0.0,0.0,0.0,0.0,0.0,0.0,0.0,0.0,0.0,0.0,0.02378391299151428,0.0,0.0,0.0,0.0,0.0,0.0,0.017210469702402295,0.0,0.013624955181068482
0236f9475e70589f28faa4ccf25fbba5cd021e6e,0,0.0,0.0,0.008032128514056224,0.0,0.0,0.0,0.0,0.010441767068273093,0.0,0.0,0.0,0.0,0.0,0.0,0.0,0.0,0.0,0.0,0.0,0.0,0.0
02371dcc547b54f70a4d1a39a1e9bd5f8f6436f8,0,0.0,0.0,0.02021818181818182,0.0,0.0,0.0,0.0,0.0,0.0,0.0,0.0,0.0,0.0,0.016290909090909092,0.0,0.0,0.0,0.0,0.0,0.0,0.02370909090909091
0237216e9c8162ce1a14780e4f7c753583db3bf6,0,0.941908713692946,0.045389393215480175,0.0,0.0,0.0,0.0,0.0,0.019589106545628284,0.0,0.0,0.0,0.0,0.0,0.0,0.0,0.03774486383182035,0.0,0.0,0.0,0.0,0.0
02372458c0eb7a605e2a1b0bfc94a02769adc9ba,1,0.0,0.0,0.023382272974442633,0.0,0.0,0.0,0.015769439912996192,0.0,0.0,0.0,0.0,0.0,0.0,0.01794453507340946,0.0,0.0,0.0,0.0,0.0,0.015225666122892877,0.011419249592169658
02372825b836eddda4ccfdf4f0694a934b69f154,0,0.9384508990318119,0.0,0.0,0.01808066759388039,0.0,0.0,0.0,0.0,0.0,0.0,0.0,0.0,0.0,0.0,0.0,0.0,0.0,0.0,0.0,0.0,0.0
02372cda164e4a183cc91839d9b1b1d11eb906b4,0,0.9377593360995851,0.02501405283867341,0.07251264755480608,0.02304665542439573,0.0,0.0,0.10652051714446319,0.027262507026419337,0.0,0.0,0.0,0.0,0.0,0.0,0.0,0.0,0.0,0.0,0.0,0.0,0.0
0237476e05283d5fd03e876976903097cde96c61,0,0.0,0.0,0.0,0.0,0.0,0.0,0.0,0.0,0.0,0.021645021645021644,0.0,0.0,0.0,0.0,0.0,0.0,0.0,0.0,0.0,0.0,0.0
023795e4089a7da00d61741865aa49e38a9be11d,0,0.9405255878284924,0.0,0.0,0.0,0.0,0.0,0.0,0.0,0.0,0.0,0.0,0.0,0.0,0.0,0.0,0.0,0.0,0.0,0.0,0.0,0.0
0237d624d62fd4ef3878bc19af05d151888f5ee0,0,0.9446749654218534,0.0,0.0,0.0,0.0,0.0,0.0,0.0,0.0,0.0,0.0,0.0,0.0,0.0,0.0,0.0,0.0,0.0,0.0,0.0,0.0
02383066224e23642e7c077b585b75fbd698305e,1,0.9398340248962656,0.0,0.0,0.0,0.0,0.0,0.0,0.0,0.0,0.0,0.0,0.0,0.0,0.0,0.0,0.0,0.0,0.0,0.0,0.0,0.0
02384c45e899448a1a5d589859ecc51fe02f32c9,1,0.9391424619640387,0.0,0.0,0.0,0.0,0.0,0.0,0.0,0.0,0.0,0.0,0.0,0.0,0.0,0.0,0.0,0.0,0.0,0.0,0.0,0.0
0238d4020475287ef2d752db863a34b430ad297f,1,0.9370677731673582,0.0,0.0,0.40772797527047916,0.0,0.0,0.0,0.0,0.0,0.0,0.0,0.0,0.0,0.0,0.0,0.0,0.0,0.0,0.0,0.0,0.0
0239006642aaad7d75222c552caeba9698801232,0,0.9377593360995851,0.0,0.0,0.0,0.0,0.0,0.0,0.0,0.0,0.0,0.0,0.0,0.0,0.0,0.0,0.0,0.0,0.0,0.0,0.0,0.0
023966f9ac83d4797ea43c77292d880ff9071add,1,0.0,0.0,0.0,0.0,0.0,0.0,0.0,0.0,0.0,0.0,0.0,0.0,0.0,0.0,0.0,0.0,0.02511331618277594,0.0,0.019723141002082566,0.0,0.0
0239e96ebce7d6ef9bd0ae451d6969ee66838e86,0,0.9467496542185339,0.0,0.0,0.0,0.0,0.0,0.0,0.0,0.0,0.0,0.0,0.0,0.0,0.0,0.0,0.0,0.0,0.0,0.0,0.0,0.0
023a09931f2b8b82dfc28104ba2d9e1ee16f4edf,1,0.0,0.0,0.0,0.0,0.0,0.0,0.0,0.0,0.0,0.0,0.0,0.0,0.0,0.0,0.0,0.0,0.0,0.0,0.0,0.0,0.0
023a31131f0fbd3e70fd3d09ff2dcd93dca136d5,1,0.941908713692946,0.0,0.0,0.016312355293622394,0.0,0.0,0.0,0.0,0.0,0.0,0.03851820669332772,0.0,0.0,0.0,0.0,0.0,0.0,0.0,0.0,0.0,0.0
023a3440fff832c296f179690f2d10729c260eb5,0,0.9398340248962656,0.0,0.0,0.0,0.015826366498321302,0.0,0.0,0.02236996033897338,0.0,0.0,0.0,0.0,0.0,0.0,0.0,0.014989395193121618,0.0,0.0,0.0,0.0,0.0
023a3fc3fa7d9cbd31d596da0f464ff999f3b21a,0,0.941908713692946,0.0,0.0,0.0,0.0,0.0,0.0,0.0,0.0,0.0,0.0,0.0,0.0,0.0,0.0,0.0,0.0,0.0,0.0,0.05076472502440612,0.0
023a688c3fdca93af34025f894cd42b60b52f735,1,0.9439834024896265,0.042756183745583036,0.0,0.0,0.0,0.0,0.0,0.0,0.0,0.0,0.0,0.0,0.0,0.0,0.0,0.0,0.0,0.0,0.0,0.01802120141342756,0.0
023b2ce2648602388959e5f0df8029e8b67f2a97,0,0.9398340248962656,0.0,0.05432796145539126,0.0,0.0,0.0,0.0,0.0,0.0,0.0,0.0,0.0,0.0,0.035554078750623025,0.026084067120784184,0.0,0.0,0.0,0.0,0.0,0.0
023b3865992730da22f9d930f8e5ee8e379a53b0,0,0.9405255878284924,0.0,0.0,0.0,0.0,0.0,0.0,0.0,0.0,0.0,0.0,0.0,0.0,0.0,0.0,0.0,0.0,0.0,0.0,0.0,0.0
023b7f76ec1229567308c65734f31da6ff6dc1ec,0,0.9370677731673582,0.0,0.006678452170496956,0.0,0.006089176978982518,0.0,0.0,0.0,0.0,0.0,0.0,0.0,0.07365939893930465,0.01571400510705166,0.013749754468670203,0.0,0.0,0.0,0.0,0.0,0.0
023c4c9a2886e6224104df076e9fd8032a81580d,1,0.9405255878284924,0.0,0.0,0.0,0.0,0.0,0.018585526315789472,0.0,0.0,0.01069078947368421,0.0,0.0,0.0,0.0,0.08103070175438597,0.0,0.0,0.0,0.0,0.0,0.0
023c7c24909c94d84862f501b1418bbb6e6b7ee7,1,0.0,0.0,0.0,0.0,0.0,0.0,0.0,0.0,0.0,0.0,0.0,0.0,0.0,0.0,0.0,0.0,0.0,0.0,0.0,0.0,0.0
023caafd8f8127c5b6d1dc37dcb92884b4650f17,0,0.0,0.0,0.0,0.0,0.0,0.0,0.0,0.0,0.0,0.0,0.0,0.0,0.0,0.0,0.0,0.0,0.0,0.0,0.0,0.0,0.0
023d06d74f6c36c4ae3fa1d0fa1bde6a0e6f0b4e,0,0.9377593360995851,0.0,0.0,0.0,0.0,0.0,0.0,0.0,0.0,0.0,0.0,0.0,0.0,0.0,0.0,0.0,0.0,0.0,0.0,0.0,0.0
023d070c2e4e0b53cf593a9d7290f7d6be946a3f,1,0.9370677731673582,0.0,0.0,0.0,0.0,0.0,0.0,0.0,0.0,0.0,0.0,0.0,0.011826953003423592,0.0,0.009181450357920945,0.0,0.0,0.017973856209150325,0.0,0.0,0.0
023d17c042bc23d392ca4ca16775e68747e5e7b8,0,0.9384508990318119,0.0,0.0,0.0,0.0,0.0,0.0,0.0,0.0,0.0,0.0,0.0,0.0,0.0,0.0,0.0,0.0,0.0,0.0,0.0,0.0
023d1aa5f78bbfcb6b00178a04001ff58633ac9e,0,0.941908713692946,0.0,0.0,0.008051529790660225,0.0,0.0,0.0,0.0,0.0,0.0,0.0,0.0,0.019030888596105987,0.00922266139657444,0.0,0.0,0.0,0.0,0.0,0.0,0.0
023d383ee442e0df0f6689256206777b686a0822,1,0.9370677731673582,0.0,0.0,0.0,0.0,0.0,0.0,0.0,0.0,0.0,0.0,0.0,0.0,0.0,0.0,0.0,0.0,0.0,0.0,0.0,0.0
023d5dd5e8c250d8b049a8bf64d189c1a07f6e8d,1,0.9412171507607192,0.010336538461538461,0.0,0.04633413461538462,0.0,0.0,0.0,0.009134615384615385,0.013521634615384616,0.012079326923076924,0.0,0.0,0.0,0.02998798076923077,0.015084134615384616,0.0,0.0,0.01856971153846154,0.0,0.0,0.0
023da5699e01bcf2c3d15792e24ac032e4c42ab8,1,0.9391424619640387,0.0,0.0,0.0,0.011347225087683103,0.0,0.0,0.0,0.0,0.0,0.0,0.0,0.0,0.0,0.0,0.0,0.10006189395502373,0.0,0.0,0.0,0.0
023dc42a5c1ceecd0d8b52056986c201a86b491c,1,0.0,0.0,0.025502008032128515,0.0,0.013002008032128514,0.020983935742971888,0.0,0.0,0.0,0.0,0.0,0.0,0.0,0.018775100401606425,0.0,0.0,0.0,0.0,0.0,0.0,0.0
023dd1ad86c6b6349b7bedea7697617c258346b2,0,0.950207468879668,0.0,0.014642082429501085,0.0,0.0,0.0,0.0,0.0,0.0,0.0,0.0,0.0,0.0,0.0,0.0,0.0,0.0,0.0,0.0,0.0,0.0
023deabfd714325b28e08e4bbeb33becf324553c,0,0.9384508990318119,0.0,0.0,0.0,0.0,0.0,0.0,0.0,0.0,0.0,0.0,0.0,0.008292499057670561,0.0,0.0,0.0,0.0,0.0,0.0,0.0,0.0
023e541e0fdd16723dccc07862633fe1dc187fed,0,0.0,0.0,0.0,0.0,0.0,0.0,0.0,0.020134228187919462,0.0,0.0,0.0,0.0,0.0,0.0,0.0,0.0,0.0,0.0,0.0,0.0,0.0
023e9b5e97497f04911cba6ec55a463a31c04dc8,0,0.0,0.0,0.0,0.0,0.0,0.0,0.0,0.014733840304182509,0.0,0.0,0.0,0.0,0.0,0.0,0.0,0.0,0.0,0.0,0.0,0.0,0.0
023e9bd478f9335fac0a8bcd7a3a7507a75ec475,0,0.9377593360995851,0.0,0.0,0.0,0.0,0.0,0.0,0.0,0.0,0.0,0.0,0.0,0.0,0.0,0.0,0.0,0.0,0.0,0.0,0.0,0.0
023eeeb68b579b081c78e8754222afa7db07b0dd,0,0.9412171507607192,0.0,0.0,0.0,0.0,0.008442568318151522,0.0,0.0,0.0,0.0,0.0,0.0,0.0,0.0,0.0,0.0,0.011923276308968377,0.0,0.0,0.0,0.014737465748352219
023f5c90113c28b9fa6eac9f06fbb2150b59e1ec,1,0.0,0.059832134292565946,0.023381294964028777,0.0,0.011270983213429257,0.0,0.0,0.0,0.0,0.0,0.0,0.0,0.0,0.0,0.0,0.0,0.0,0.0,0.0,0.0,0.0
023f809094a4e68a9b6615dc6fca4d46eeb13bf2,0,0.9391424619640387,0.0,0.0,0.0,0.0,0.0,0.0,0.0,0.0,0.0,0.0,0.0,0.0,0.0,0.0,0.0,0.0,0.0,0.0,0.0,0.0
023fc01dea8b83d0daf5967e5cb43a1a5323d227,1,0.9377593360995851,0.0,0.00580861581920904,0.0,0.0,0.0,0.007503531073446328,0.0,0.0,0.006461864406779661,0.0,0.0,0.0,0.0,0.005261299435028248,0.0,0.010752118644067797,0.0,0.0,0.0,0.0
023ff0110c1dbdce96dfb7fb9b5a62d5d7d39fd5,0,0.9356846473029046,0.0,0.0,0.01018047200370199,0.0,0.0,0.0,0.0,0.0,0.0,0.0,0.01978250809810273,0.011453031004164739,0.0,0.0,0.0,0.0,0.0,0.0,0.0,0.0
023ff5e788b12b0d43e4862ea1d3a454457b331b,0,0.9363762102351314,0.11446302361661782,0.03223582141010171,0.0,0.0,0.0,0.049818996724702636,0.0,0.0,0.0,0.0,0.0,0.0,0.03016721254956042,0.0,0.0,0.0,0.0,0.0,0.15497328046888467,0.0
024053aa55647d8f71aa0e22181909f4646a0e1b,0,0.9405255878284924,0.014456242789536881,0.03131401125420855,0.0,0.008523061709792104,0.2663574506156853,0.0,0.0,0.0,0.0,0.0,0.0,0.0,0.0,0.0,0.0,0.0,0.0,0.0,0.0,0.014479787158900949
0240c2c817e1ffc630fd3dda3229008d6cf4e87e,0,0.0,0.018473505104521146,0.0,0.0,0.0,0.0,0.041808458920758386,0.0,0.0,0.0,0.0,0.0,0.0,0.0,0.0,0.0,0.0,0.0,0.0,0.020904229460379193,0.0
0240c9dd4c389ed09e0ab166f80a903937c2b089,0,0.0,0.0,0.0,0.0,0.0,0.0,0.0,0.0,0.0,0.0,0.0,0.0,0.0,0.0,0.0,0.0,0.0,0.0,0.0,0.0,0.0
024138669af69cc5edb031352922a8536aee6232,0,0.0,0.0,0.0,0.0,0.012675116744496331,0.0,0.0,0.0,0.0,0.0,0.0,0.0,0.0,0.0,0.0,0.0,0.0,0.0,0.0,0.0,0.0
02416ea764b95e71e43465d4414b5393d811611b,0,0.946058091286307,0.0,0.0,0.0,0.0,0.0,0.0,0.0,0.0,0.0,0.0,0.0,0.0,0.0,0.0,0.0,0.0,0.0,0.0,0.0,0.0
024173eec35eda4f93e791e62b4a978961c59a96,0,0.941908713692946,0.0,0.008627450980392156,0.0,0.038431372549019606,0.0,0.0,0.027450980392156862,0.0,0.02588235294117647,0.01411764705882353,0.0,0.03137254901960784,0.0,0.13647058823529412,0.0,0.0,0.00784313725490196,0.0,0.0,0.0
0241974184f2bca344d900fb7228a88fc63e44b3,1,0.9370677731673582,0.0,0.0,0.0,0.0,0.0,0.0,0.0,0.0,0.0,0.0,0.0,0.0,0.0,0.0,0.0,0.0,0.0,0.0,0.0,0.0
02419cd8f26c52df4c158bc3a8ac82e13738b040,0,0.9564315352697096,0.010488200774129104,0.015108003496066925,0.0,0.04632288675240354,0.0,0.014733424896990885,0.0,0.0,0.029716568860032464,0.010363341241103758,0.0,0.0,0.018728929953801973,0.0,0.0,0.0,0.0,0.0,0.0,0.0
0242309977d951b93ba29da5d0bd780bd237d086,1,0.9384508990318119,0.007602209944751381,0.0,0.0,0.033723756906077346,0.0,0.0,0.0,0.0,0.0,0.08552486187845304,0.0,0.0,0.0,0.0,0.0,0.0,0.0,0.0,0.0,0.011624309392265194
0242563b05b01bb4b7a6ccc865bfde1f916db2ff,0,0.950207468879668,0.016795401472965692,0.0,0.0,0.0,0.0,0.0,0.0,0.0,0.020477815699658702,0.0,0.0,0.0,0.0,0.0,0.0,0.0,0.0,0.0,0.04917370217352254,0.0
0242d5bcc0eab79f33f732e0a526861cc5e992a2,0,0.9412171507607192,0.01677784515868203,0.011117849201536285,0.0,0.0,0.0,0.0,0.0,0.0,0.0,0.0,0.0,0.0,0.0,0.0,0.0,0.02021427127552052,0.0,0.0,0.17626844552253892,0.0
02430f7c7bd1dc1e07228a73abc673a9215ff7c6,1,0.0,0.0,0.0,0.0,0.0,0.0,0.0,0.0,0.0,0.0,0.0,0.0,0.0,0.0,0.0,0.0,0.0,0.0,0.0,0.0,0.0
024367bd1da278015e8ebd534cb790e15ee021fb,0,0.9405255878284924,0.0,0.0,0.0,0.0,0.0,0.0,0.0,0.0,0.0,0.0,0.0,0.0,0.0,0.0,0.0,0.0,0.0,0.0,0.0,0.0
0243a4d9dab8d9f157931f371f4be48cc6fda71a,1,0.950207468879668,0.0,0.0,0.0,0.0,0.0,0.0,0.0,0.0,0.0,0.0,0.0,0.0,0.0,0.0,0.0,0.0,0.0,0.0,0.0,0.0
0243ab99c8c7119b96ffd6aada25e622572b7ff8,1,0.9474412171507607,0.0,0.0,0.0,0.0,0.0,0.0,0.0,0.0,0.0,0.0,0.0,0.0,0.0,0.0,0.0,0.0,0.0,0.0,0.0,0.0
0243ea2e6d4205b5d0ee81f4c553ea9cbe594e53,0,0.9426002766251729,0.03191011235955056,0.015280898876404495,0.0,0.029662921348314608,0.0,0.0,0.0,0.0,0.0,0.0,0.0,0.0,0.0,0.0,0.0,0.014831460674157304,0.0,0.0,0.0,0.0
02441ee434b5ffacea21bd6704750a9c2a6200ac,0,0.9405255878284924,0.0,0.0,0.0,0.0,0.0,0.0,0.0,0.0,0.0,0.0,0.0,0.0,0.0,0.0,0.0,0.0,0.0,0.0,0.0,0.0
02442d64ec9a7c9ee2abc17a116c0285c624ebbb,1,0.9412171507607192,0.0,0.0,0.0,0.0,0.0,0.0,0.0,0.0,0.0,0.0,0.0,0.0,0.0,0.0,0.0,0.0,0.0,0.0,0.0,0.0
024444320cc4b53640255f6bac0f0c5f20fd62d5,0,0.9426002766251729,0.0,0.0,0.0,0.0,0.0,0.0,0.0,0.0,0.0,0.0,0.0,0.0,0.0,0.0,0.0,0.0,0.0,0.0,0.0,0.0
02444da1b2d5b981fecdfaf3b96a48a83c4fa8d1,1,0.0,0.011560693641618497,0.0,0.0,0.0,0.0,0.0,0.0,0.0,0.011560693641618497,0.0,0.0,0.0,0.028901734104046242,0.0,0.0,0.0,0.0,0.0,0.0,0.0
02445fd679c87c823d6aa7ded8e4158954b1a5a5,0,0.9398340248962656,0.0,0.0,0.0,0.0063371356147021544,0.0,0.0,0.0,0.0,0.0,0.0,0.0,0.0,0.0,0.0,0.0,0.0,0.0,0.0,0.0,0.05576679340937896
024488652dd76240477b55c20df6d662e20508f6,1,0.0,0.0,0.0,0.0,0.0,0.0,0.0,0.0,0.0,0.0,0.02033195020746888,0.0,0.0,0.0,0.0,0.0,0.0,0.0,0.0,0.0,0.0
02448dd83ac4e4d305e4bcc0c597a8556b9e67eb,1,0.946058091286307,0.0,0.0,0.0,0.0,0.0,0.0,0.0,0.0,0.0,0.0,0.0,0.0,0.0,0.0,0.0,0.0,0.0,0.0,0.0,0.014531210513014911
024530cac9df0927578b17c8fae0df66fdf2bfc7,1,0.9370677731673582,0.11426091987272201,0.0,0.0,0.0,0.0,0.0,0.0,0.0,0.0,0.0,0.0,0.0,0.0,0.0,0.0,0.0,0.0,0.0,0.02227364767139138,0.0
02456f6c67c2ac4b5cffd3b8f11e40ed72a27389,1,0.9398340248962656,0.0,0.0,0.0,0.0,0.0,0.0,0.0,0.0,0.0,0.0,0.0,0.0,0.0,0.0,0.0,0.0,0.0,0.0,0.0,0.0
0245aec132b12cd5dcc25e60522f6a6ef3d9891c,0,0.941908713692946,0.09560694920880823,0.0,0.0,0.0,0.0,0.0,0.0,0.0,0.0,0.0,0.0,0.03917229168972004,0.0,0.0,0.0,0.0,0.006750027664047803,0.0,0.0,0.0
0245b44e7f9c9abca5cecdd3353bb13d4352aa01,0,0.0,0.0,0.018876611418047883,0.0,0.0,0.0,0.0,0.03729281767955801,0.0,0.011049723756906077,0.0,0.0,0.0,0.014732965009208104,0.016574585635359115,0.0,0.0,0.0,0.0,0.0,0.031767955801104975
0245d4c6d1cfe4f7f297506918d9c61ff82cd69c,1,0.9384508990318119,0.0724881995954147,0.02124072825354012,0.0,0.03354686446392448,0.0,0.0,0.0,0.0,0.0,0.0,0.0,0.0,0.027815239379635873,0.0,0.0,0.017700606877950102,0.0,0.0,0.0,0.0
0245ee668ebba5b583c31b25f2c8bfe5e7760f43,1,0.9356846473029046,0.0,0.0,0.0,0.0,0.0,0.0,0.0,0.0,0.0,0.0,0.0,0.0,0.0,0.012713547874453715,0.0,0.04012713547874454,0.0,0.0,0.0,0.0
0245f916a5bc4eb5418a5f9d82415c9ce3097c84,0,0.941908713692946,0.0,0.0,0.0,0.0,0.00834158065884349,0.0,0.0,0.12835194872519912,0.010792214524718412,0.0,0.0,0.01585842876667138,0.0,0.010580140440171545,0.0,0.0,0.018332626419718178,0.0,0.0,0.0
02465d47f6f7a527d4ce90c4acde65f37dad6426,1,0.9405255878284924,0.0,0.0,0.0,0.011808980015572281,0.0,0.0,0.0,0.0,0.0,0.0,0.0,0.0,0.0,0.0,0.0,0.0,0.0,0.0,0.0,0.1418375291980275
0246663928b4c9d0127a4da9fa15dfd8de5762e5,0,0.0,0.022222222222222223,0.0,0.0,0.0,0.0,0.0,0.0,0.0,0.0,0.0,0.06535947712418301,0.0,0.0,0.0,0.0,0.0,0.0,0.0,0.05588235294117647,0.0
0246c5ee2f41995cb77531eafd0443a6adf24767,0,0.9605809128630706,0.0,0.0,0.0,0.0,0.0,0.0,0.0,0.0,0.0,0.0,0.0,0.0,0.0,0.0,0.0,0.0,0.0,0.0,0.0,0.0
0246ffad487a075517dbe5e036e2a4fdb9dcc8e7,0,0.9384508990318119,0.032829337565783975,0.0,0.0,0.0,0.0,0.0,0.0,0.0,0.0,0.0,0.0,0.0,0.0,0.0,0.0,0.0,0.0,0.0,0.04477487260880461,0.0
024721b3d06f652cf0ecf45b7efc8f7fc83e1671,0,0.9474412171507607,0.0,0.033873343151693665,0.0,0.0,0.0,0.0,0.0,0.0,0.0,0.0,0.0,0.0,0.0,0.0,0.0,0.0,0.0,0.0,0.0,0.0
0247232c9f5e62a1a4b8324c5edf7a80e347cf60,1,0.9432918395573997,0.0,0.0,0.0,0.0,0.0,0.0,0.0,0.0,0.0,0.0,0.0,0.0,0.0,0.0,0.0,0.0,0.0,0.0,0.0,0.0
02472f52d2d63e28c11f54cb6d6e2e8ed4cadc5f,0,0.9426002766251729,0.0,0.0,0.0,0.0,0.0,0.0,0.0,0.0,0.0,0.0,0.0,0.0,0.0,0.0,0.0,0.0,0.0,0.0,0.0,0.0
024737dbe00ceea105a51fe9956347ec417cd9e8,0,0.9391424619640387,0.07606103958035289,0.019074868860276584,0.0,0.0,0.0,0.0,0.0,0.0,0.0,0.0,0.0,0.0,0.0,0.0,0.0,0.0,0.0,0.0,0.010014306151645207,0.0
02476a231dd5c5e65808ee80cf7c5223ee5e2b2d,0,0.9384508990318119,0.01932644469957903,0.015977803291236128,0.0,0.0,0.0,0.008897818599311137,0.014829697665518561,0.0,0.0,0.0,0.0,0.0,0.0,0.0,0.0,0.0,0.0,0.0,0.0,0.0
0247b6322e3598f47ff3bda5762bf60c9b156320,1,0.0,0.0,0.0,0.0,0.056558363417569195,0.03489771359807461,0.0,0.0,0.0,0.0,0.0,0.0,0.0,0.0,0.0,0.0,0.0,0.0,0.0,0.0,0.0
0247f8750acf2a259ac7b0a63d9d993f65a8235e,0,0.9391424619640387,0.12766730699340637,0.15336690722184726,0.0,0.0,0.0,0.028139764290535278,0.0,0.0,0.0,0.0,0.0,0.0,0.0,0.0,0.0,0.0,0.0,0.0,0.0,0.0
024807475b57e85f734c80d871a9030900781185,0,0.0,0.0,0.0,0.0,0.0,0.0,0.0,0.0,0.0,0.0,0.0,0.0,0.0,0.0,0.0,0.0,0.0,0.0,0.0,0.0,0.0
02480fe8b9253ab0d05a5167fedab6a9d617e7a1,0,0.9412171507607192,0.0,0.0,0.0,0.0,0.0,0.0,0.0,0.0,0.0,0.0,0.0,0.0,0.0,0.0,0.0,0.0,0.0,0.0,0.0,0.0
02483d52cae3cc95f1f2b511ed4bebb55e3f5a95,1,0.9349930843706777,0.0,0.0,0.0,0.02543873772339398,0.0,0.0,0.0,0.0,0.0,0.0,0.0,0.0,0.016261471582675897,0.0,0.0,0.014490420222186443,0.0,0.0,0.0,0.0
02485ae551fc1a320f453253b2133f6e69480120,0,0.9405255878284924,0.0,0.0,0.0,0.0,0.0,0.0,0.0,0.0,0.014033140410687386,0.0,0.0,0.0,0.022080393245064615,0.0,0.0,0.0,0.0,0.0,0.0,0.0
02486dbc998ae73cf9ba137b03a3f29d23a9d5c2,0,0.941908713692946,0.05301117922827263,0.0,0.0,0.0,0.0,0.0,0.0,0.0,0.0,0.0,0.0,0.0,0.0,0.0,0.0,0.0,0.0,0.0,0.0,0.0
02493adf975e9c7627dc3b2e3acd533b27c44894,0,0.9377593360995851,0.0,0.0,0.02508361204013378,0.0,0.0,0.0,0.0,0.0,0.0,0.0,0.0,0.0,0.0,0.0,0.0,0.0,0.0,0.0,0.0,0.0
02494dd2e1e735f19eb3f9466d7938613c72429d,0,0.9508990318118948,0.0,0.0,0.0,0.0,0.0,0.0,0.0,0.0,0.0,0.005146457601846953,0.0,0.0,0.0,0.0,0.0,0.0,0.0,0.0,0.0,0.0
02496cb27d9c470e61fd713b47488d23cc73175b,0,0.9536652835408023,0.0,0.0,0.0,0.0,0.0,0.0,0.0,0.0,0.0,0.0,0.0,0.0,0.0,0.0,0.0,0.0,0.0,0.0,0.0,0.0
024978edc721187c22802f5a93e77b28b0c45f7a,0,0.941908713692946,0.03790028374543981,0.0,0.0,0.0,0.0,0.05289825699229834,0.0,0.0,0.0,0.0,0.0,0.0,0.0,0.026145115524929062,0.0,0.0,0.0,0.0,0.0,0.0
0249a3fdd5dd4771a3ef2a17db6e1d5a057bed9a,1,0.9432918395573997,0.0,0.0,0.0,0.0,0.0,0.0,0.043478260869565216,0.0,0.0,0.0,0.0,0.0,0.0,0.0,0.0,0.0,0.0,0.0,0.0,0.0
0249b0a1b5b68d6b45fc0f7c76bda9b4a0c9176b,1,0.9377593360995851,0.0,0.0,0.0,0.0,0.0,0.0,0.0,0.0,0.0,0.0,0.0,0.0,0.0,0.0,0.0,0.0,0.03079416531604538,0.0,0.0,0.0
0249f524de2079cd772ce4a2988d36cc60970365,1,0.9405255878284924,0.0,0.0,0.0,0.0,0.0,0.0,0.0,0.0,0.0,0.0,0.0,0.0,0.0,0.0,0.0,0.0,0.0,0.0,0.0,0.0
024a20672989b3f85e0808e241fe0880135240d7,1,0.9370677731673582,0.0,0.0,0.0,0.0,0.0,0.0,0.14343231001509812,0.0,0.0,0.0,0.0,0.001509813789632612,0.0,0.0,0.0,0.0,0.0,0.0,0.00754906894816306,0.0
024a218c1c7b0516f4831a1cfbba266002142144,0,0.9405255878284924,0.0,0.0,0.00866367693432409,0.0,0.0,0.0,0.048010300391720405,0.0,0.0,0.0,0.0,0.010496797494735234,0.0044955099457701835,0.0,0.0,0.0,0.0,0.018091154102152826,0.00788896526891224,0.0
024a35b202e0e0d3e56389a20675d52de46eb92a,0,0.9384508990318119,0.0,0.0,0.0,0.0,0.0,0.0,0.0,0.0,0.0,0.0,0.0,0.0,0.0,0.0,0.0,0.0,0.0,0.0,0.0,0.0
024a451f20f375e2aac7743d6f6da4191a9efd65,0,0.9398340248962656,0.011877828054298642,0.018665158371040724,0.0,0.0,0.0,0.0,0.0,0.0,0.0,0.0,0.0,0.0,0.0,0.0,0.0,0.0,0.0,0.0,0.0,0.0
024a8f50ba7fe9ca3368737ecb5ea1e9154ee958,1,0.9405255878284924,0.0,0.03268795574553684,0.0,0.0,0.0,0.0,0.0,0.0,0.0,0.0,0.0,0.0,0.0,0.0,0.0,0.0,0.0,0.0,0.0,0.0
024ac64db34d115c2d26396471e6a00a14279099,0,0.9398340248962656,0.017905959540732642,0.0,0.0,0.0,0.0,0.0,0.0,0.0,0.017085839256424276,0.0,0.0,0.0,0.0,0.0,0.0,0.0,0.0,0.0,0.0,0.0
024ad3b644297a5f57d2d1a8b029d8b8e9c65082,0,0.0,0.0,0.0,0.014654161781946073,0.0,0.0,0.0,0.02637749120750293,0.0,0.0,0.0,0.0,0.0,0.0,0.0,0.0,0.0,0.0,0.0,0.0,0.0
024aead549ab592de2fb595be3d72ab2fb42275e,0,0.946058091286307,0.04715248009797918,0.0612369871402327,0.0,0.0,0.0,0.0,0.0,0.0,0.0,0.0,0.0,0.0,0.0,0.0,0.0,0.0,0.0,0.0,0.023882424984690752,0.0
024aee90b304b25d15a580986bee2c490c1d2c46,0,0.9391424619640387,0.0,0.0,0.0,0.0,0.0,0.0,0.0,0.0,0.0,0.0,0.0,0.0,0.01670564650851988,0.008853992649515537,0.0,0.0,0.018209154694286668,0.0,0.0,0.0
024af79aadab9af566f192697fc2737bc1446bf7,0,0.9405255878284924,0.0,0.0,0.0,0.0,0.12439807383627609,0.0,0.0,0.0,0.0,0.0,0.0,0.0,0.0,0.1709470304975923,0.0,0.0,0.0,0.0,0.0,0.0
024afd14b233ecafd5d78bdb784ca788d09ebc47,0,0.9474412171507607,0.0,0.0,0.0,0.0,0.0,0.030407343660355707,0.0,0.0,0.0,0.0,0.0,0.0,0.0,0.0,0.0,0.0,0.0,0.0,0.0,0.0
024b1a90fd53b055e1cfe2cdacb5d720cc2f6465,1,0.946058091286307,0.0,0.0,0.0,0.027823240589198037,0.0220949263502455,0.0,0.0,0.0,0.0,0.0,0.0,0.0,0.0,0.03600654664484452,0.0,0.0,0.0,0.0,0.0,0.0
024b408d22fdd1a62757fa14bbaf4d13a2b06595,0,0.0,0.0,0.08854707960922885,0.0,0.0,0.0,0.0,0.0,0.0,0.018707129494907503,0.0,0.0,0.0,0.0,0.0,0.0,0.0,0.0,0.0,0.0,0.0
024b4e3498529909739678a1a304e2ce14823760,0,0.9398340248962656,0.016094130375980526,0.028807140925074384,0.0,0.0,0.0,0.14511766296997566,0.0,0.0,0.0,0.0,0.0,0.0,0.0,0.0,0.0,0.0,0.0,0.0,0.029145252907763052,0.0
024bb4fbf52cf12ff1b1862edb1347ea2275ce37,1,0.9377593360995851,0.0,0.009545628102329133,0.0,0.011454753722794959,0.0,0.0,0.0,0.0,0.08552882779686903,0.030927835051546393,0.0,0.0,0.0,0.0,0.0,0.0,0.0,0.0,0.0,0.0
024bed82803b2c521ea9272eea18122c69d5279c,1,0.9363762102351314,0.0,0.0,0.0,0.0,0.0,0.0,0.05848179705654531,0.0,0.0,0.0,0.0,0.04608830364058869,0.06564678543764524,0.0,0.0,0.0,0.0,0.0,0.0,0.0
024c0c905b7fcdfdbfb291c5cfca3f4e1e8e83ef,0,0.0,0.0,0.0,0.0,0.0,0.0,0.0,0.0,0.0,0.0,0.0,0.0,0.0,0.0,0.0,0.0,0.0,0.0,0.0,0.0,0.0
024c87575b3eb96556f496c95d8bf67b83335da1,1,0.9412171507607192,0.0,0.0,0.18678938819707633,0.0,0.0,0.0,0.0,0.0,0.0,0.0,0.0,0.0,0.0,0.0,0.0,0.0,0.0,0.0,0.0,0.0
024d01f25e20dbed8b0e67f06504fa3c9f2fa764,1,0.9439834024896265,0.0,0.0,0.0,0.0,0.0,0.0,0.0,0.0,0.0,0.0,0.0,0.0,0.0,0.0,0.0,0.0,0.0,0.0,0.0,0.0
024d0e32a568414f1ac8cf381c6a47fb02bc5a73,0,0.9488243430152143,0.0,0.0,0.05886599655689454,0.0,0.0,0.0,0.0,0.0,0.027711445548953186,0.0,0.0,0.0,0.0,0.0,0.022991059032598436,0.0,0.0,0.0,0.0,0.013772421835952686
024d2cad6166ad2cb06f1ea7f5915eb14fc08d58,1,0.9363762102351314,0.04559650218613367,0.0,0.0,0.0,0.0,0.0,0.0,0.0,0.0,0.0,0.0,0.0,0.0,0.0,0.0,0.0,0.0,0.0,0.011034769935457007,0.0
024d471ae502029a81e5e56b0418de238e35882e,0,0.0,0.0,0.0,0.0,0.0,0.0,0.0,0.0,0.0,0.0,0.0,0.0,0.0,0.0,0.0,0.0,0.0,0.0,0.0,0.0,0.0
024d536b512ba39324f184ae2803e8faabecfc55,1,0.9412171507607192,0.0,0.0,0.010356094589355928,0.10062579609015894,0.0,0.0,0.0,0.0,0.0065348618264385,0.0,0.0,0.0,0.0,0.03788004651935537,0.0,0.058702996068006864,0.0,0.0,0.0,0.0
024d99e59fe87b35ce334af94f956a4d27bae8d7,0,0.9356846473029046,0.0,0.0,0.0,0.0,0.0,0.0,0.0,0.0,0.0,0.0,0.010677344010677344,0.0,0.0,0.0,0.0,0.0,0.0,0.0,0.0,0.0
024dafcb227af455f06ccbe504bb7dc366264d2c,0,0.946058091286307,0.0,0.0,0.0,0.0,0.0,0.0,0.0,0.0,0.0,0.0,0.0,0.0,0.0,0.0,0.0,0.0,0.0,0.0,0.0,0.0
024e05dd25cded8d694ec5d937820011232a98a4,0,0.9377593360995851,0.0,0.0,0.0,0.0,0.0,0.0,0.007624398073836276,0.0,0.0,0.0,0.0,0.0,0.0,0.0,0.032504012841091494,0.0,0.0,0.0,0.0,0.0
024e5ed54d87e9cff9e95d83becd8cfe4fab39f2,1,0.9453665283540802,0.0,0.0,0.0,0.0,0.0,0.0,0.0,0.0,0.0,0.0,0.0,0.0,0.0,0.0,0.0,0.0,0.0,0.0,0.0,0.0
024ea20e26c39a24b3700d5064e3751719b50360,0,0.9384508990318119,0.0,0.0,0.0,0.0,0.0,0.0,0.0,0.0,0.010719754977029096,0.0,0.0,0.0,0.0,0.0,0.0,0.0,0.0,0.0,0.0,0.0
024ede5fcbd86519cbdb6a018c9909ba57fe1cd1,0,0.9405255878284924,0.013237473704341174,0.012538248231019315,0.0,0.021974803977816027,0.02814233122968063,0.0,0.0,0.0,0.0,0.0,0.0,0.0,0.0,0.0,0.0,0.012562153375406388,0.0,0.0,0.0,0.0
024efaba5c14469fc51af6333236eddd6473404e,1,0.9412171507607192,0.0,0.0,0.0,0.0,0.0,0.0,0.0,0.0,0.0,0.0,0.0,0.0,0.0,0.0,0.0,0.0,0.0,0.0,0.0,0.0
024f686f08630bbd748a1bcb162bc394d7718d62,0,0.9432918395573997,0.0,0.0,0.0,0.0,0.0,0.0,0.0,0.0,0.0,0.0,0.0,0.0,0.0,0.0,0.0,0.0,0.0,0.0,0.0,0.0
024fb51d2ae6660e34d55ea2613abc2fa264659b,0,0.0,0.0,0.0,0.0,0.0,0.0,0.0,0.0,0.0,0.0,0.0,0.0,0.0,0.0,0.0,0.0,0.0,0.0,0.0,0.0,0.0
024fc886f135a1c0b3c002d9183b475383764ad2,0,0.9391424619640387,0.07662487128233085,0.012538615300745048,0.0,0.0,0.0,0.011206008843661033,0.0,0.0,0.0,0.0,0.0,0.0,0.0,0.0,0.0,0.0,0.0,0.0,0.028045308619540858,0.0
024fda1a1fd76215fab4d8f50259000c03f75790,1,0.9412171507607192,0.0,0.0,0.0,0.0,0.0,0.0,0.0,0.0,0.0,0.0,0.0,0.0,0.0,0.0,0.0,0.0,0.0,0.0,0.0,0.0
024ff6fd42aa33d1ccb0f63f001be99bc462cc04,0,0.9377593360995851,0.021650087770626096,0.0,0.0,0.009362200117027502,0.0,0.0,0.0,0.0,0.0,0.0,0.0,0.016968987712112346,0.04798127559976594,0.0,0.0,0.0,0.0,0.0,0.008191925102399064,0.0
02500a8fd3a7d964f5fd2a2db4b5779194026cff,1,0.0,0.041207287512706234,0.0,0.0,0.0,0.0,0.0,0.0,0.0,0.0,0.0,0.0,0.0,0.0,0.0,0.0,0.0,0.0,0.0,0.02228477597935726,0.0
025023ec6c5af26bde81a50b9988a79090846602,1,0.9377593360995851,0.0,0.0,0.0,0.0,0.0,0.0,0.0,0.0,0.0,0.0,0.0,0.0,0.0,0.0,0.01635139467778134,0.0,0.0,0.0,0.0,0.0
025030be2c4550fa7bc189e89896319616503710,1,0.9384508990318119,0.0,0.0,0.0,0.0,0.0,0.009742120343839542,0.0,0.0,0.014326647564469915,0.0,0.0,0.0,0.0,0.0,0.0,0.0,0.0,0.0,0.0,0.0
0250a470b6c92c0911217e9a91a6e322dd345819,0,0.9398340248962656,0.0,0.0,0.0,0.0,0.0,0.0,0.0,0.0,0.0,0.0,0.0,0.0,0.0,0.0,0.0,0.0,0.0,0.0,0.0,0.0
0250cfcbb87e4c313352a207dcf88f44b0ceaf8d,0,0.941908713692946,0.0,0.0,0.0,0.0,0.0,0.0,0.0,0.0,0.0,0.0,0.0,0.0,0.0,0.0,0.0,0.0,0.0,0.0,0.0,0.0
025145dcec6ff9748588db550feaea3abc75d516,1,0.9467496542185339,0.0182799656483867,0.012759170653907496,0.0,0.0,0.0,0.0,0.0,0.032265979634400685,0.04637467795362532,0.0,0.0,0.0,0.0,0.0,0.0,0.0,0.0,0.0,0.0,0.0
0251ae809f58a4da12f1c03fb43aebe3f9035d2d,0,0.9432918395573997,0.0,0.0,0.0,0.0,0.0,0.0,0.0,0.0,0.0,0.0,0.0,0.0,0.0,0.0,0.0,0.0,0.0,0.0,0.0,0.0
0251c93c402a6c11f2ebd96a789fb12020b85dd4,1,0.9405255878284924,0.03095928015860912,0.025011438157694067,0.0,0.0,0.0,0.01509836815616898,0.0,0.0,0.0,0.0,0.0,0.0,0.0,0.0,0.0,0.0,0.0,0.0,0.03034924508159219,0.0
025210309df39e02875b045dd9ac262d4e9cca81,0,0.0,0.04477611940298507,0.0,0.0,0.0,0.0,0.0,0.0,0.0,0.0,0.0,0.0,0.0,0.0,0.0,0.0,0.0,0.03539445628997868,0.0,0.0,0.0
02521c7bdf2e741ed1bf69db3ed072440edb41cc,0,0.9412171507607192,0.041127265484963156,0.014240191196972715,0.0,0.015733917546305518,0.0,0.0461063533160725,0.0,0.0,0.0,0.0,0.0,0.0,0.0,0.0,0.0,0.02628958374825732,0.0,0.0,0.00846444931288588,0.0
025234a735b6b7b766ec338c48e00f961ba44448,0,0.9384508990318119,0.0,0.0,0.0078588766853325,0.06597130428513062,0.0918551274964551,0.0,0.020740705135908095,0.0,0.0,0.0,0.0,0.0,0.004253887380134105,0.018769977649066308,0.0,0.0,0.0,0.0,0.0,0.0
02524bf467816fda7fc3be593b76e7b8cc77c499,0,0.9384508990318119,0.06508973616739724,0.0,0.0,0.0,0.0,0.0,0.0,0.0,0.0,0.0,0.0,0.0,0.04011248035729054,0.0,0.0,0.0,0.0,0.0,0.0,0.0
025281ef0466bc22ece68418d0de10ef6a9d7656,1,0.9398340248962656,0.0,0.0,0.0,0.0,0.0,0.0,0.0,0.01904858918203117,0.0,0.0,0.0,0.0,0.0,0.0,0.0,0.0,0.0,0.0,0.0,0.0
0252db555d4c32d9a3b6d09100f6fea73171a9c7,0,0.9377593360995851,0.0,0.0,0.0,0.05789235639981909,0.0,0.0,0.0,0.0,0.0,0.0,0.0,0.0,0.0,0.0,0.0,0.0,0.0,0.0,0.0,0.0
0253161dce6a7987f679ee0b3c18b4736c971fe7,0,0.941908713692946,0.0,0.0,0.0,0.0,0.0,0.0,0.0,0.0,0.0,0.0,0.0,0.0,0.0,0.0,0.0,0.0,0.0,0.0,0.0,0.0
02534c0318494efc7fd0963c6434d50987442170,0,0.9432918395573997,0.0,0.0,0.0,0.0,0.0,0.0,0.0,0.0,0.0,0.0,0.0,0.0,0.0,0.0,0.0,0.0,0.0,0.0,0.0,0.0
0253530ce574c9d9a85108a92bc01473c2d39fdd,1,0.9253112033195021,0.0,0.030787104269532385,0.0,0.0,0.010746442056346209,0.0,0.0,0.0,0.0,0.0,0.0,0.0,0.0,0.03557943653790299,0.0,0.0,0.0,0.0,0.0,0.0
025365252304566d9aaaabd321534cd7a4d28182,0,0.950207468879668,0.0,0.0,0.0,0.0,0.0,0.0,0.0,0.0,0.0,0.0,0.0,0.0,0.015435501653803748,0.0,0.0,0.0,0.0,0.0,0.0,0.0
02536597383f92c1d4feb377ca74b720e602d3c3,0,0.9405255878284924,0.0,0.0,0.0,0.0,0.0,0.0,0.0,0.0,0.0,0.0,0.0,0.0,0.0,0.0,0.0,0.0,0.0,0.0,0.0,0.0
025381066a6c5a538f91c106041cd2c03ec2b9ed,1,0.0,0.0,0.017094017094017096,0.0,0.03418803418803419,0.0,0.0,0.0,0.0,0.0,0.0,0.0,0.0,0.0,0.0,0.0,0.0,0.0,0.0,0.0,0.017094017094017096
02538916c9718ba55115c0961bf8d812b1190c5b,1,0.9426002766251729,0.0,0.0,0.0,0.0,0.0,0.0,0.0,0.0,0.06660412757973734,0.0,0.0,0.0,0.0,0.0,0.0,0.0,0.0,0.0,0.0,0.0
02539679fe3f17fd1efc87b2ee1fefbdf12a0da1,0,0.9412171507607192,0.0,0.0,0.0,0.0,0.0,0.0,0.0,0.0,0.0,0.0,0.0,0.0,0.0,0.0,0.0,0.0,0.0,0.0,0.0,0.0
02539cc1f4141187d6117fa7e7ea43b748db3a98,0,0.9370677731673582,0.0,0.0,0.0,0.0,0.0,0.0,0.0,0.0,0.0,0.0,0.0,0.0,0.0,0.0,0.0,0.0,0.0,0.0,0.0,0.0
02539cc92bc358c05f0b976c9473eea6c0533d7b,0,0.9405255878284924,0.0,0.0,0.0,0.0,0.0,0.0,0.0,0.0,0.0,0.0,0.0,0.0,0.0,0.0,0.0,0.0,0.0,0.0,0.0,0.0
0253b3fd4272993bb27ce8457e6db370c554941f,1,0.9384508990318119,0.0,0.0,0.0,0.0,0.0,0.0,0.0,0.0,0.0,0.029044241810199257,0.0,0.0,0.0,0.0,0.0,0.0,0.0,0.0,0.0,0.0
0253eaac69cc77fd5dace3d89b6b1b48a7c2f6f7,1,0.0,0.0,0.0,0.0,0.0,0.0,0.0,0.0,0.043390920048212135,0.05303334672559261,0.0,0.0,0.0,0.0,0.0,0.0,0.0,0.0,0.0,0.0,0.0
025433e5a8e350975fd2ceb73764a2d69552dc68,1,0.9412171507607192,0.0,0.0,0.0,0.0,0.0,0.014016882211724618,0.0,0.0,0.0,0.0,0.0,0.0,0.0,0.0,0.0,0.0,0.0,0.0,0.0,0.0
02545cf5d3a24e463d5463056c973ba6fe555dce,0,0.9405255878284924,0.020662847790507366,0.06141571194762684,0.0,0.0,0.0,0.012888707037643207,0.0,0.0,0.01886252045826514,0.0,0.0,0.0,0.0,0.0,0.0,0.0,0.0,0.0,0.011988543371522095,0.0
0254a940fa100fddb447d0dc71da791d14ed7be2,0,0.0,0.01637524285317791,0.017207882320288647,0.0,0.0,0.0,0.0,0.0,0.0,0.0,0.0,0.0,0.0,0.0,0.0,0.0,0.07021926172633916,0.0,0.0,0.0,0.0263669164585068
0254c079b98fdd34cd879991ab89a42578f17616,1,0.9370677731673582,0.0,0.0,0.04361301748948417,0.0,0.0,0.0,0.0,0.0,0.0,0.012508301970334293,0.0,0.0,0.0,0.0,0.0,0.0,0.0,0.0,0.0,0.0
0254e55fc7e5b44cf083a14d1ac3cdffe1215360,1,0.9370677731673582,0.0,0.0,0.0,0.02138758476786646,0.0,0.0,0.0,0.0,0.0,0.0,0.0,0.0,0.0,0.049730481655364284,0.0,0.0,0.0,0.0,0.0,0.06103286384976526
025502571e4cc34d4da8ff8cce76cd26bc82ac50,1,0.0,0.0,0.0,0.033391915641476276,0.0,0.0,0.0,0.01845342706502636,0.0,0.0,0.0,0.0,0.019332161687170474,0.0,0.0,0.0,0.012302284710017574,0.0,0.14411247803163443,0.0,0.0
0255134bd2e88ffc7305c1e696f9955d1d8e3bcd,1,0.0,0.0,0.0,0.0,0.0,0.0,0.0,0.0,0.0,0.0,0.0,0.0,0.0,0.0,0.0,0.0,0.0,0.0,0.0,0.0,0.0
025552704707f084b877c60764ad4c7d3cb3c590,0,0.9370677731673582,0.0,0.0,0.0,0.0,0.0,0.0,0.0,0.0,0.0,0.0,0.0,0.0,0.0,0.0,0.0,0.0,0.0,0.0,0.0,0.0
0255884c83d66fe10ef69cb260b9dde4327fe0bd,0,0.9370677731673582,0.05862939235099981,0.04033197437390798,0.0,0.0077654824305960005,0.025480489225393126,0.0,0.0,0.0,0.0,0.0,0.0,0.008978839060376626,0.011211415259172975,0.0,0.0,0.0,0.0,0.0,0.0,0.03504173946806445
0255a700a2c170c1ecd9fb4adea736e027ae8a3e,0,0.9439834024896265,0.0,0.0,0.0,0.0,0.0,0.0,0.0,0.0,0.0,0.0,0.0,0.0,0.0,0.0,0.0,0.0,0.0,0.0,0.0,0.05844155844155844
0255da19b4ca15b13bab018ecd8b0195a6534694,0,0.9398340248962656,0.0,0.0,0.0,0.0,0.0,0.0,0.0,0.0,0.0,0.0,0.0,0.0,0.0,0.0,0.0,0.0,0.0,0.0,0.0,0.0
02560289ecf0f2ad35a5544736105eb74c15d98f,0,0.0,0.0,0.0,0.0,0.0,0.0,0.0,0.0,0.0,0.0,0.0,0.0,0.0,0.0,0.0,0.0,0.0,0.0,0.0,0.0,0.0
02561d580409400556ee52d072bad9509f6449d8,1,0.9439834024896265,0.015503875968992248,0.0,0.0,0.0,0.0,0.0,0.0,0.0,0.0,0.0,0.0,0.0,0.0,0.0,0.0,0.0,0.0,0.0,0.0,0.0
025653ba8c4a7f12c6a8932d07e32bd282838b3c,0,0.946058091286307,0.026877215597808573,0.0,0.0,0.0,0.0,0.0,0.0,0.0,0.0,0.0,0.0,0.0,0.0,0.024041250402835966,0.0,0.0,0.018111504995165967,0.0,0.0,0.0
0256bbc7a6f281a6e92c92c39e9e73bb13eb7ea5,1,0.9398340248962656,0.0,0.0,0.0,0.0,0.0,0.0,0.0,0.0,0.0,0.025826658451427398,0.0,0.0,0.0,0.0,0.0,0.0,0.0,0.0,0.0,0.0
0256d516e5ac7af6201fcea27c09175b8b3e0b36,0,0.9377593360995851,0.0,0.0,0.0,0.0,0.0,0.0,0.0413625304136253,0.0,0.0,0.0,0.0,0.0,0.0,0.0,0.0,0.0,0.0,0.0,0.0,0.0
02572b65813ef31dcbfb11329d8b5c3ed47ceec4,0,0.946058091286307,0.0,0.0,0.0,0.0,0.0,0.0,0.0,0.009615384615384616,0.0,0.0,0.0,0.0,0.0,0.0,0.0,0.0,0.0,0.0,0.0,0.0
025745f861a0e050bef7ee7fe89f9ac7931265f2,0,0.9377593360995851,0.0,0.0,0.07362637362637363,0.0,0.0,0.0,0.05054945054945055,0.0,0.0,0.0,0.0,0.03626373626373627,0.01868131868131868,0.0,0.0,0.0,0.0,0.0,0.0,0.0
02578326d62c3b278cf5b879f4f259b7cad2ee4a,1,0.946058091286307,0.0,0.0,0.0,0.0,0.0,0.0,0.0,0.0,0.0,0.0,0.0,0.0,0.0,0.0,0.0,0.0,0.0,0.0,0.0,0.0
0258054fe482b5b54a66d2ce9acd94034698df49,0,0.0,0.0,0.0,0.0,0.0,0.0,0.0,0.0,0.0,0.0,0.0,0.0,0.0,0.0,0.0,0.0,0.0,0.0,0.0,0.0,0.0
025814036c56fc53f3c2957a6428878fd9cf738a,1,0.9426002766251729,0.0,0.0,0.0,0.0,0.0,0.19558823529411765,0.0,0.0,0.0,0.0,0.0,0.0,0.0,0.0,0.0,0.0,0.0,0.0,0.0,0.0
0258c841f959a25fe9797493d8c416730cc268f4,0,0.9453665283540802,0.0,0.0,0.0,0.0,0.0,0.0,0.0,0.0,0.0,0.0,0.0,0.0,0.0,0.0,0.0,0.0,0.0,0.0,0.053397549994764947,0.0
0258ee11bc57624f5ee6b8ae97735e6c20e9694d,0,0.9453665283540802,0.0,0.0,0.0,0.0,0.0,0.0,0.028314269641852616,0.030939433714607164,0.0,0.0,0.0,0.0,0.0,0.0,0.0,0.0,0.0,0.0,0.0,0.0
0258f9d8095a75e5d21eeb7bce61199e155bf499,1,0.0,0.0,0.0,0.0,0.0,0.0,0.0,0.0,0.0,0.0,0.0,0.0,0.0547945205479452,0.0,0.0,0.0,0.0,0.0,0.0,0.0,0.0
025949b242344031764c05fc6f6418c1d6833017,1,0.9405255878284924,0.024955696862295425,0.0,0.0,0.0,0.0,0.0,0.0,0.0,0.0,0.0,0.0,0.0,0.0,0.0,0.0,0.0,0.0,0.0,0.007255290315855311,0.0
0259bc9ba12ac746920f084c958c7c2c6c513c90,1,0.0,0.0,0.0,0.0,0.0,0.0,0.0,0.0,0.0,0.0,0.0,0.0,0.0,0.0,0.0,0.0,0.0,0.0,0.0,0.0,0.0
0259ede78dc1d6cda26c4fc25105eddcf3e6a43c,0,0.0,0.0,0.0,0.0,0.0,0.0,0.056778679026651215,0.04519119351100811,0.0,0.0,0.0,0.0,0.0,0.0,0.0,0.0,0.0,0.0220162224797219,0.0,0.0,0.0
0259f623039dab238acef7aefad7c8ea8e285202,0,0.0,0.036930961712390714,0.02336448598130841,0.0,0.02562556526982213,0.0,0.0,0.0,0.0,0.0,0.0,0.0,0.0,0.0,0.0,0.0,0.0,0.0,0.0,0.0,0.0
025a1044350a0a84d23381787187932645ad0f1c,0,0.9453665283540802,0.0,0.0,0.0,0.0,0.026171637248934874,0.0,0.0,0.0,0.023737066342057214,0.0,0.0,0.0,0.0,0.0,0.0,0.0,0.0,0.0,0.0,0.0
025a3e452eb0f343b8a814677100821841faa194,0,0.9467496542185339,0.0,0.022016040257902186,0.0,0.041673219059600565,0.0,0.0,0.0,0.0,0.0,0.0,0.0,0.0,0.0,0.0,0.0,0.029407139487340778,0.0,0.0,0.0,0.040729674477119046
025a76f038f7f7ee52180b5139cbc00f830de8b4,0,0.9432918395573997,0.0,0.0,0.0,0.0,0.0,0.0,0.0,0.0,0.0,0.0,0.0,0.0,0.0,0.0,0.0,0.0,0.0,0.0,0.0,0.0
025ab650e196fd65cb89b722869bfaa61d0fca0b,1,0.0,0.0,0.04081632653061224,0.0,0.0,0.0,0.0,0.0,0.05272108843537415,0.0,0.0,0.0,0.0,0.0,0.0,0.0,0.0,0.0,0.0,0.0,0.0
025b049ff92ce6ee8c0e90af1933a2511b156f92,0,0.9370677731673582,0.0,0.0,0.060574412532637074,0.0,0.0,0.0,0.005221932114882507,0.0,0.0,0.0,0.0,0.060574412532637074,0.015665796344647518,0.0,0.0,0.0,0.0,0.08616187989556136,0.0,0.0
025b26e28121e15326ebdb931f1680efd927e8c0,0,0.9515905947441217,0.0,0.0,0.0,0.0,0.0,0.0,0.0,0.0,0.0,0.0,0.0,0.0,0.0,0.0,0.0,0.0,0.0,0.0,0.0,0.0
025bc3e4e35a33e89cb36a97278689d40f395117,1,0.946058091286307,0.0,0.0,0.0,0.0,0.0,0.0,0.0,0.0,0.0,0.0,0.0,0.0,0.0,0.0,0.0,0.0,0.0,0.0,0.0,0.0
025bd8d1f6904eb45e631b0c328f2e62222534cf,1,0.9405255878284924,0.0,0.0,0.0,0.0669162377164249,0.0,0.0,0.0,0.004445484323818437,0.0,0.0,0.0,0.0,0.0,0.0,0.0,0.0,0.0,0.0,0.0,0.0
025bfc30ef892a8d97a0f216e3f6bc3991dc15a2,0,0.9377593360995851,0.0,0.0,0.0,0.0,0.0,0.0,0.0,0.0,0.0,0.0,0.0,0.0287971202879712,0.0,0.0,0.0,0.0,0.011398860113988602,0.0,0.0,0.0
025c30c350d87d9223e92cb360123d23830a11d8,0,0.9730290456431535,0.0,0.0,0.0,0.0,0.0,0.0,0.0,0.0,0.0,0.0,0.0,0.0,0.0,0.0,0.0,0.0,0.0,0.0,0.0,0.0
025c390ed246dd35b08212d4f5bd155cb5c1b389,0,0.9412171507607192,0.0,0.0,0.015771488653290106,0.0,0.0,0.0,0.026899150092000352,0.0,0.0,0.016910540611583282,0.0,0.0,0.0,0.0,0.01962674143520547,0.0,0.0,0.0,0.0,0.0
025c407e0786e4a6a43f9e38e5e55706924d4f70,1,0.9384508990318119,0.016013071895424835,0.0,0.0,0.0,0.0,0.0,0.0,0.0,0.021895424836601306,0.0,0.0,0.0,0.0,0.0,0.0,0.0,0.0,0.0,0.0,0.0
025c5c8fe949a5cff8bc817657fb829b08dfd2f3,0,0.9508990318118948,0.01882530120481928,0.09885972461273666,0.0,0.0,0.0,0.0,0.0,0.011295180722891566,0.0,0.0,0.0,0.0,0.0,0.0,0.0,0.046686746987951805,0.0,0.0,0.010327022375215147,0.0
025c62222a064063932f6f84215065c213fff765,0,0.9467496542185339,0.0,0.0,0.0,0.0,0.0,0.0,0.0,0.0,0.0,0.0,0.0,0.0,0.0,0.0,0.0,0.0,0.0,0.0,0.0,0.0
025c7bdc84259b3ba92d154f3afa67e3284e8c3e,0,0.9405255878284924,0.0,0.0,0.019138755980861243,0.01594896331738437,0.0,0.0,0.0,0.0,0.004784688995215311,0.0,0.0,0.0,0.03189792663476874,0.0,0.0,0.0,0.0,0.0,0.0,0.0
025c9bf8e68bd8be6a4ab4017218c2bc1daa3df6,1,0.9377593360995851,0.03182760797042647,0.0,0.0,0.0,0.0,0.0,0.0,0.0,0.0,0.0,0.0,0.0,0.0,0.0,0.0,0.0,0.0,0.0,0.0,0.0
025c9e76b58222e7ec60fb078384ceb4ce9c7308,0,0.9432918395573997,0.0,0.0,0.0,0.0,0.0,0.0,0.02219626168224299,0.04088785046728972,0.0,0.0,0.0,0.0,0.0,0.0,0.02336448598130841,0.0,0.0,0.0,0.0,0.0
025cddad7382aa1be165dfc409697ea9731d2e4e,0,0.9640387275242047,0.05431059790586163,0.0,0.0,0.0,0.0,0.0,0.0,0.0,0.0,0.0,0.0,0.0,0.0,0.0,0.0,0.0,0.0,0.0,0.023877091691946375,0.0
025d2c6a2fb02a1671271bfe2e4c933c6546454c,0,0.0,0.0,0.0,0.0,0.0,0.0,0.0,0.0,0.0,0.0,0.0,0.0,0.0,0.0,0.0,0.0,0.0,0.0,0.0,0.0,0.0
025d5169748065e0397290e93a3bddd145bab125,0,0.9426002766251729,0.0,0.0,0.0,0.0,0.0,0.0,0.0,0.0,0.0,0.0,0.0,0.0,0.0,0.0,0.0,0.0,0.0,0.0,0.0,0.0
025d781783537331f6dd9375e5ce2e075cc8e93d,0,0.9370677731673582,0.0,0.0,0.011349306431273645,0.0,0.0,0.0,0.005044136191677175,0.0,0.0,0.0,0.0,0.01008827238335435,0.0,0.0,0.0,0.0,0.0037831021437578815,0.018915510718789406,0.0,0.0
025dd82989f277050563aa8ac4ace6ed0d93db3f,1,0.9405255878284924,0.0,0.0769980506822612,0.0,0.0,0.0,0.0,0.0,0.0,0.0,0.0,0.0,0.0,0.0,0.0,0.0,0.0,0.0,0.0,0.0,0.0
025deba39faf23f28847646ac171a895e8b133aa,0,0.9398340248962656,0.0,0.01275370768501986,0.0,0.0,0.0028422548555187117,0.0,0.0,0.19549611922894727,0.0,0.0,0.0,0.016142550012753706,0.0,0.0,0.0,0.0,0.0,0.0,0.0,0.013518930146121051
025dfd2d024f22803403585cb558232cc7fb30fa,0,0.9398340248962656,0.0,0.0,0.013398294762484775,0.0,0.0,0.0,0.0,0.0,0.0,0.0,0.0,0.0,0.0,0.0,0.0,0.0,0.0,0.0,0.0,0.0
025e476b4e8f4aec3bf263c737b65fd856acd0c2,0,0.0,0.0,0.0,0.0,0.0,0.0,0.007058823529411765,0.0,0.0,0.0,0.0,0.0,0.0,0.0,0.0,0.0,0.0,0.0,0.0,0.005456922162804516,0.0
025e6220704a1004d442d9a5aa13fe18bf73438e,0,0.0,0.0,0.0,0.0,0.0,0.0,0.0,0.0,0.0,0.0,0.0,0.0,0.0,0.0,0.0,0.0,0.0,0.0,0.0,0.0,0.0
025e6afd4a81eeced813533096661a16febb7b35,0,0.941908713692946,0.048452943704340355,0.0,0.0,0.0,0.0,0.0,0.0,0.0,0.0,0.0,0.0,0.0,0.0,0.0,0.0,0.01482595616673829,0.0,0.01310700472711646,0.01020627417275462,0.0
025e7219afa820d7c33730a31c5d0ea3897db5ce,0,0.9343015214384509,0.0,0.0,0.0,0.0,0.033662721250950156,0.0,0.0,0.0,0.0,0.0,0.0,0.01998045390378977,0.0,0.01270496253664893,0.0,0.02714735584754045,0.0,0.0,0.0,0.0
025edb29b8b8745ef9ce4ecb86c66f4ced5bbde1,1,0.0,0.0,0.0,0.0,0.01119815668202765,0.0,0.0,0.05290322580645161,0.009769585253456222,0.0,0.0,0.0,0.014700460829493087,0.045299539170506914,0.0,0.05580645161290323,0.0,0.0,0.00880184331797235,0.0,0.03788018433179723
025ef41c4a6d10b38cf295fb3c669c00112a8f06,0,0.9446749654218534,0.0,0.0,0.0,0.0,0.0,0.0,0.0,0.0,0.0,0.0,0.0,0.0,0.020292504570383913,0.0,0.0,0.0,0.0,0.0,0.0,0.0
025f4a36d1a339a7d7b2cbdfa643414cf7dead2a,1,0.9356846473029046,0.0,0.0,0.052039381153305204,0.0,0.0,0.0,0.0,0.0,0.0,0.0,0.0,0.030942334739803096,0.0,0.0,0.0,0.0,0.0,0.0,0.0,0.0
025f5de1db3f109f6911ef3e39ac7bb3b8caf84e,0,0.9426002766251729,0.0,0.0,0.0,0.0,0.0,0.0,0.0,0.0,0.0,0.0,0.0,0.0,0.0,0.0,0.0,0.0,0.0,0.0,0.0,0.0
025f67b007fd72c2a4f3f63040134503147022ca,0,0.9384508990318119,0.0,0.0,0.0,0.012463935372186959,0.0,0.0,0.04143104443162147,0.0,0.0,0.0,0.0,0.0,0.0,0.0,0.0,0.0,0.010848240046162723,0.0,0.0,0.0
02601b43b5ac83034f71f215689928eba003e070,0,0.9432918395573997,0.0,0.0,0.0,0.0,0.0,0.0,0.0,0.0,0.0,0.0,0.0,0.0,0.0,0.0,0.0,0.0,0.0,0.0,0.0,0.0
0260642c9e3bc64a181b44a56ab0dc75d1f5996e,1,0.9356846473029046,0.0,0.0,0.0,0.0,0.0,0.0,0.0,0.0,0.0,0.008665328120046497,0.0,0.0,0.0,0.0,0.0,0.0,0.0,0.0,0.0,0.0
02608371bc77884defd932375efc5835e1e54b5b,0,0.941908713692946,0.0,0.0,0.0,0.0,0.0,0.0,0.0,0.0,0.3695150115473441,0.0,0.0,0.0,0.0,0.0,0.0,0.0,0.0,0.0,0.0,0.0
02608dc467f32ee591208e225dcb37ffaded9456,0,0.9426002766251729,0.006688884716485167,0.0,0.0,0.0,0.0,0.0,0.01334256477656778,0.0,0.025675929402929027,0.0,0.0,0.055975403680060085,0.0,0.0,0.0,0.0,0.014175741644761547,0.0,0.0,0.0
0260a442875ee396efefbf8ca608ad65afd024b8,1,0.9384508990318119,0.07395370957514268,0.0,0.0,0.0,0.0,0.0,0.0,0.0,0.0,0.0,0.0,0.0,0.0,0.0,0.0,0.0,0.0,0.0,0.0,0.0
0260c655a55ae98c97aa490647b89953cdaabddf,0,0.9439834024896265,0.0,0.03342989117670085,0.0,0.0,0.0,0.027636420574649653,0.0,0.0,0.0,0.0,0.0,0.0,0.0,0.0,0.0,0.0,0.0,0.0,0.0,0.0
026116f31829383d4a7ddae90048df53649a44c9,0,0.9467496542185339,0.019401537198716515,0.03298261323781807,0.0,0.019700022386389075,0.0,0.0,0.0,0.0,0.0,0.0,0.0,0.0,0.0,0.0,0.0,0.04663831057383777,0.0,0.0,0.0,0.0
02615dd062cbca5109c4ce6838c5b66970ada9a3,1,0.9432918395573997,0.0,0.0,0.0,0.0,0.0,0.0,0.023489696884450382,0.0,0.0,0.0,0.0,0.0,0.0,0.0,0.0,0.0,0.0,0.0,0.0,0.0
02615f5e00e7f6f88e8dbf65d0a19b63634080be,0,0.9439834024896265,0.0,0.009408602150537635,0.018145161290322582,0.0,0.0,0.0,0.0,0.0,0.0,0.0,0.0,0.0,0.0,0.0,0.0,0.0,0.0,0.0,0.0,0.0
02616dfa763a245eea6f45a12bf212643b5f0534,0,0.9536652835408023,0.0,0.0,0.0,0.0,0.0,0.0,0.030241111565181854,0.0,0.0,0.0,0.0,0.0,0.0,0.0,0.0,0.0,0.0,0.0,0.0,0.0
02617b090046e4a78cadc6783c7085d0dca3fcca,0,0.9412171507607192,0.014139509830325882,0.0,0.0,0.0,0.0,0.0,0.02504713169943442,0.0,0.0,0.0,0.0,0.0,0.014004847831941825,0.0,0.01252356584971721,0.0,0.0,0.0,0.0,0.0
0261fc8e83519117f64d7e3228f6a5cd08d1ee4d,0,0.9426002766251729,0.0,0.0,0.021450126417094855,0.0,0.012804828317429247,0.0,0.0,0.0,0.01231547182122176,0.0,0.0,0.012804828317429247,0.0,0.0,0.022918195905717316,0.0,0.0,0.0,0.0,0.0
02622fa731aba6e55700de92cdbbe5d5adefb869,0,0.9432918395573997,0.10099918984607076,0.0,0.0,0.0,0.0,0.0,0.0,0.0,0.0,0.008731659015212891,0.0,0.0,0.0,0.0,0.0,0.0,0.0,0.0,0.0,0.0
02624623c14583cdc2373c2f36b5dc1c434789f8,0,0.9412171507607192,0.0,0.0,0.0,0.0,0.0,0.0,0.0,0.0,0.0,0.0,0.0,0.0,0.0,0.0,0.0,0.0,0.0,0.0,0.0115814696485623,0.0
0262531da6c2f6091f99c5f34bfc4d23da4267d2,0,0.9412171507607192,0.0,0.0,0.0,0.0,0.0,0.0,0.0,0.0,0.0,0.0,0.0,0.0,0.0,0.0,0.0,0.0,0.02083947704708542,0.0,0.0,0.0
0262e95addf0786da5809d3bcadc0d24316b40ac,1,0.9356846473029046,0.0,0.0,0.0,0.0,0.05262681978479067,0.0,0.0,0.0,0.0,0.0,0.0,0.0,0.0,0.0,0.02039063206438195,0.0,0.006827018717786419,0.0,0.0,0.0
02632c05e312087df1e36882684bbc05887a1e18,0,0.9384508990318119,0.0,0.01657652595350144,0.0,0.0,0.030905387370934886,0.0,0.0,0.0,0.0,0.0,0.0,0.028166046217602023,0.01685748402050994,0.0,0.0,0.03469832127554962,0.0,0.0,0.0,0.0
02632d5a68adddd12c96243c1896f41109833495,0,0.941908713692946,0.0,0.0,0.0,0.0,0.0,0.0,0.0,0.0,0.0,0.0,0.0,0.0,0.0,0.0,0.0,0.0,0.0,0.0,0.0,0.0
0263e9f646e96d6909cb26a1e29f10c7669168f5,0,0.9391424619640387,0.004267161410018553,0.0,0.0,0.0,0.0,0.0,0.0,0.0,0.0,0.0,0.0,0.0,0.0,0.0,0.0,0.004916512059369202,0.0,0.0,0.0,0.0
0263fb3cb672408c38942543eafdc4ca3cc2c8f6,0,0.9495159059474412,0.0,0.013642564802182811,0.0,0.010914051841746248,0.0,0.0,0.0,0.0,0.0,0.0,0.0,0.0,0.01227830832196453,0.027285129604365622,0.0,0.0,0.017735334242837655,0.0,0.0,0.0
0263fb8c928625f91f54fd2fabb0066b400aa720,1,0.0,0.0,0.08803912850155625,0.0,0.01511783014673188,0.019341929746554024,0.0,0.0,0.03268119164072921,0.0,0.0,0.0,0.0,0.0,0.024455313472654512,0.0,0.0,0.0,0.0,0.0,0.03823921742996887
02643165a2a189faaf8b53c6dfb098838318ece3,1,1.0,0.0,0.026143790849673203,0.0,0.0,0.0,0.0,0.0,0.0,0.0,0.0,0.0,0.0,0.0,0.0,0.0,0.016339869281045753,0.0,0.0,0.0,0.0
0264ab82481866d0a4853b5b5dd51d010e0b491b,0,0.9432918395573997,0.0,0.0,0.0,0.0,0.0,0.0,0.0,0.07316468253968254,0.01062334656084656,0.0,0.0,0.0,0.0,0.0,0.0,0.0,0.0,0.042534722222222224,0.0,0.0
0265cac1d4c4943f3eaf1f30860ff9f39c80a36b,0,0.9412171507607192,0.0,0.0,0.0,0.0,0.0,0.03407255103539433,0.03098839770891467,0.0,0.0,0.0,0.0,0.0,0.0,0.0,0.0,0.0,0.0,0.0,0.0,0.0
02660bdddb152c0419ab359123f494413e863457,1,0.9384508990318119,0.0,0.0,0.0,0.003778544438968293,0.0,0.0,0.0,0.004271398061442418,0.0,0.0,0.0,0.0,0.0,0.0,0.0,0.0,0.0,0.0,0.0,0.0
02664d623f4452d1b3e899c7d0b12df26c5cf9b5,0,0.9377593360995851,0.19642857142857142,0.036172161172161175,0.0,0.0,0.04945054945054945,0.007509157509157509,0.0,0.0,0.0,0.0,0.0,0.0,0.0,0.005402930402930403,0.0,0.0,0.0,0.0,0.004578754578754579,0.024175824175824177
0266845e73e7a755e012004c05c59d6e5fb707e2,0,0.9391424619640387,0.0,0.0,0.0,0.0,0.0,0.0,0.0,0.0,0.0,0.0,0.03852134222801826,0.0,0.0,0.0,0.0,0.0,0.0,0.0,0.0,0.0
02668ac1e03586d8152be7640e8d6aa21bb71f3a,0,0.9391424619640387,0.0,0.0,0.0,0.0,0.0,0.0,0.0,0.0,0.0,0.03559563360227812,0.0,0.0,0.0,0.0,0.0,0.0,0.0,0.0,0.0,0.0
0266e01556a251fb26a2cb5f7c00f84b88a52885,0,0.9467496542185339,0.0,0.0,0.0,0.0,0.0,0.0,0.0,0.022326674500587545,0.0,0.0,0.0,0.0,0.0,0.0,0.0,0.0,0.0,0.0,0.0,0.0
0266eae9c50ee061195e378de9099e8af63ef74d,0,0.9550484094052559,0.020644821224633226,0.0,0.0,0.0,0.0,0.0,0.0,0.0,0.0,0.0,0.0,0.0,0.0,0.0,0.0,0.0,0.0,0.0,0.0,0.0
0266ed539bcd4342351b09889f3be0d9e357f3ed,0,0.9398340248962656,0.0,0.0,0.0,0.0,0.0,0.0,0.0,0.0,0.0,0.0,0.0,0.0,0.0,0.0,0.0,0.0,0.06551602676998944,0.0,0.0,0.0
0266f83f250dd6d15e42d340b69868a69b694f0a,0,0.9412171507607192,0.07007061379684953,0.0,0.0,0.0,0.0,0.0,0.0,0.0,0.0,0.0,0.0,0.0,0.031504617055947856,0.0,0.0,0.014665942422596416,0.0,0.0,0.0,0.0
02670f56ee5d9a048bc9b3f839922b10e8c586ca,0,0.9453665283540802,0.0,0.0,0.0,0.0,0.0,0.0,0.0,0.0,0.0,0.0,0.0,0.0,0.0,0.0,0.0,0.0,0.0,0.0,0.0,0.0
026761f114955814475e3d74b05ddd977c15088a,1,0.9405255878284924,0.024849543777907202,0.12075325179576782,0.0,0.0,0.0,0.012424771888953601,0.0,0.0,0.0,0.0,0.0,0.0,0.0,0.0,0.0,0.054164239953407106,0.0,0.0,0.0,0.0
026772044a52ffa62f5580961715f09a13501c92,0,0.9377593360995851,0.0915032679738562,0.09487027134085958,0.0,0.007922360863537333,0.0,0.0,0.0,0.0,0.0,0.0,0.0,0.0,0.0,0.0,0.0,0.009308774014656367,0.0,0.0,0.0,0.0
02680300e6d9da6f15ed162a5fa0071208bcaa37,0,0.9391424619640387,0.0,0.03009259259259259,0.0,0.0,0.0,0.0,0.0,0.0,0.0,0.0,0.0,0.0,0.0,0.0,0.0,0.0,0.0,0.0,0.0,0.0
0268395805e5df9231311be174544fb2d885b7ae,0,0.9550484094052559,0.0,0.0,0.0,0.0,0.0,0.0,0.0,0.0,0.09404865334491747,0.0,0.0,0.0,0.0,0.0,0.0,0.0,0.0,0.0,0.0,0.0
02683bb87808f301ef9654f3dd2b3565db7003d0,0,0.9426002766251729,0.0,0.0,0.0,0.0,0.0,0.03156730672564592,0.0,0.0,0.0,0.0,0.0,0.0,0.07167990348848899,0.0,0.0,0.0,0.0,0.0,0.028752387654569216,0.0
0268afbc3edd7c22a180ad828987c7b14d7a5b2e,0,0.0,0.0,0.0,0.0,0.0,0.0,0.0,0.0,0.0,0.0,0.0,0.0,0.004132231404958678,0.0,0.0,0.0,0.0,0.002066115702479339,0.0,0.0,0.0
0268c4ff8eba994c93fc0e49644bac7b49caa068,0,0.9377593360995851,0.0,0.0,0.09156004806672793,0.135788506397116,0.05721354350745741,0.0,0.0,0.016158902947621404,0.0049904573407789634,0.0,0.0,0.0,0.0,0.0038382695977945856,0.0,0.0,0.0,0.0,0.0,0.05350957800240334
0268d6f008d1736697cc86e632a9b98b640fb36b,0,0.9495159059474412,0.0,0.0,0.0,0.0,0.0,0.0,0.0,0.0,0.0,0.0,0.0,0.0,0.0,0.0,0.0,0.0,0.0,0.0,0.0,0.0
02691164e54d3e82163ba69b92186990abbf72a0,1,0.9439834024896265,0.0,0.026395804873749613,0.0,0.0,0.0,0.0,0.0,0.03653108888203411,0.02666020358700921,0.0,0.0,0.0,0.0,0.033137972061869296,0.0,0.026616137134799277,0.0,0.0,0.0,0.0
02693b87311c556d150b62da4bcecc7dc0e25809,0,0.9384508990318119,0.0,0.0,0.0,0.0,0.0,0.0,0.0,0.0,0.0,0.0,0.0,0.0,0.0,0.0,0.01888229023907416,0.0,0.0,0.0,0.0,0.0
026991c3751b5208ddb18bf68f17bd7ea7f47fcf,0,0.0,0.0,0.0,0.0,0.0,0.007936507936507936,0.0,0.03439153439153439,0.0,0.0,0.0,0.0,0.0,0.0,0.0,0.0,0.0,0.0,0.0,0.0,0.0
026a1bff4d8212e9602b41c2229e150f4cc05349,1,0.9363762102351314,0.0,0.0,0.0,0.0,0.0,0.0,0.0,0.0,0.0,0.0,0.0,0.0,0.0,0.0,0.0,0.0,0.0,0.0,0.0,0.0
026a320c58f4bf68b569336d50df1608ad30026f,0,0.0,0.0,0.0,0.0,0.020079231562381287,0.0,0.0,0.0,0.0,0.0,0.0,0.0,0.0,0.034188961849460034,0.013458511966136648,0.0,0.0,0.0,0.0,0.0,0.0
026a3c543cfbe99550c262e2168f7d36ca91feb2,0,0.9453665283540802,0.0296420581655481,0.0,0.0,0.0,0.0,0.0,0.0,0.0,0.0,0.0,0.0,0.0,0.0,0.0,0.0,0.0,0.0,0.0,0.0,0.03131991051454139
026a43666fc845704bbdf9327b79d7adfb757c37,0,0.9398340248962656,0.0,0.0,0.010798955613577023,0.0,0.0,0.0,0.002652741514360313,0.0,0.0,0.0,0.0,0.0,0.0,0.0,0.0,0.0,0.04714360313315927,0.0,0.0,0.0
026aaaeed7e17f88aace077b58b78a0a4421a67b,0,0.9426002766251729,0.0,0.0,0.0,0.021710811984368215,0.015631784628745114,0.0,0.0,0.0,0.0,0.0,0.0,0.0,0.0,0.0,0.0,0.0,0.0,0.0,0.0,0.0
026ac2f66a3d3f4b7433cf23013db7abfbdf1f5a,0,0.0,0.0,0.0,0.0,0.0,0.09696556068878623,0.0,0.0,0.0,0.0,0.0,0.0,0.23188786224275515,0.0,0.0,0.0,0.0,0.0,0.0,0.0,0.0
026acae7aedde8be2c0dea43b01d9117d67ade05,0,0.9343015214384509,0.0,0.0,0.215311004784689,0.007974481658692184,0.0,0.0,0.0,0.0,0.0,0.0,0.0,0.0,0.0,0.0,0.0,0.0,0.0,0.33811802232854865,0.0,0.0
026ad12153fc05e25b5f535e31e2b82f35ccd33d,1,0.941908713692946,0.018193867100427738,0.01783239954214109,0.0,0.0,0.0,0.0,0.0,0.0,0.0,0.0,0.0,0.0,0.010542803783360444,0.0,0.0,0.0,0.0,0.0,0.0,0.0
026b1df6bdca9784bd2e605cb54e2533357fb2cb,1,0.9405255878284924,0.0,0.02008968609865471,0.0,0.0,0.0,0.0,0.0,0.0,0.0,0.0,0.0,0.0,0.0,0.0,0.0,0.0,0.0,0.0,0.0,0.0
026b24ab97b988405eb9ae07bd7a1660da1aed78,1,0.9426002766251729,0.0,0.0,0.0,0.0,0.0,0.0,0.0,0.0,0.0,0.0,0.0,0.0,0.04682310082502947,0.0,0.0,0.0,0.0,0.0,0.0,0.0
026b3a53b1eff43b284e3252c82ce87ca6baecd9,0,0.0,0.0,0.035864173979397174,0.01564288439526898,0.047310186951545215,0.0,0.0,0.0,0.0,0.0,0.0,0.0,0.0,0.0,0.0,0.0,0.02060282334986646,0.0,0.0,0.0,0.03700877527661198
026ba4e23360cfb7477c5c6fcaa2ee45855a6145,1,0.9474412171507607,0.0,0.0,0.0,0.0,0.0,0.0,0.0,0.011095217845130862,0.06038581977036379,0.0,0.0,0.025515135114238217,0.0,0.0,0.0,0.0,0.013762709243437584,0.0,0.0,0.0
026ba6189f5892436f4ddb3e4d0ad2834fdbfd10,1,0.0,0.006092937608318891,0.0,0.0,0.0,0.002003899480069324,0.0,0.0,0.0,0.0,0.0,0.0,0.0,0.0,0.001895580589254766,0.0,0.01337738301559792,0.0,0.0,0.0,0.014866767764298093
026ba9cb46b94864ad61c917a7ff63753f24c184,0,0.0,0.0,0.0,0.0,0.0,0.0,0.0,0.0,0.02982456140350877,0.0,0.0,0.0,0.0,0.0,0.0,0.0,0.0,0.0,0.0,0.0,0.0
026bc3d57c12a7739efd8436a1a0a24db79bde4a,0,0.9695712309820194,0.061671193481386805,0.0,0.0,0.0,0.0,0.0,0.0,0.0,0.0,0.0,0.0,0.0,0.0,0.0,0.0,0.0,0.0,0.0,0.0,0.0
026c265602765002569df3521f4211c54cfdb77d,0,0.9467496542185339,0.0,0.0,0.0,0.0,0.0,0.0,0.0,0.0,0.0,0.0,0.0,0.0,0.0,0.009626519976838449,0.0,0.0,0.0,0.0,0.0,0.0
026c92009e83679c9e715f89d2ba680cb45fab96,0,0.9515905947441217,0.022878342865976193,0.028907095377956406,0.0,0.023496676456948525,0.013448755603648168,0.026124594218580925,0.0,0.0,0.0,0.0,0.0,0.04251043437934766,0.04111918379965992,0.0,0.0,0.0,0.0,0.0,0.016540423558509817,0.0
026cc58ba340e7baa92d121cb8c95192e1b6a72c,1,0.9495159059474412,0.0,0.0,0.0,0.060619872379216046,0.0,0.0,0.0,0.0,0.0,0.0,0.0,0.0,0.0,0.0,0.0,0.0,0.0,0.0,0.0,0.0
026cd75d6ddfb86e86cd60cce860cda808c6a7ad,0,0.9391424619640387,0.02809454696247149,0.0,0.0,0.0,0.0,0.0,0.0,0.0,0.0,0.0,0.0,0.0,0.0,0.0,0.0,0.0,0.0,0.0,0.0,0.0
026cdb046fc7b959fa81bed70395eb805398a68f,1,0.9370677731673582,0.0,0.0,0.0,0.0,0.0,0.0,0.0,0.0,0.0,0.0,0.0,0.0,0.0,0.0,0.0,0.0,0.0,0.048507462686567165,0.0,0.0
026d274eced515c38755c9cfa8f1b065357e6725,0,0.9384508990318119,0.0,0.02154046997389034,0.0,0.0,0.0,0.03328981723237598,0.0,0.0,0.0,0.0,0.0,0.0,0.024804177545691905,0.0,0.0,0.0,0.0,0.0,0.048302872062663184,0.0
026d3be8247cb4b959bc57fa2147fcb6c1d068ff,1,0.0,0.0,0.0,0.0,0.0,0.0,0.0,0.0,0.0,0.0,0.0,0.0,0.0,0.0,0.0,0.0,0.0,0.0,0.0,0.0,0.0
026d4fe02549b5784bb0b6acbf74f1225e6cf2cc,1,0.9363762102351314,0.020434227330779056,0.0,0.0,0.0,0.0,0.0,0.14431673052362706,0.0,0.0,0.0,0.0,0.0,0.0,0.0,0.0,0.0,0.0,0.0,0.0,0.0
026d89aa5681fdbe880e512b2ed29c21ab3bdf06,0,0.9432918395573997,0.0,0.013430457546096062,0.0,0.0,0.0,0.0,0.0,0.0,0.0,0.0,0.0,0.023901661734577737,0.0,0.023446391987252447,0.0,0.0,0.0,0.0,0.0,0.0
026d8b7c905447f4bbf32acf3c7f9fb3d1093b80,0,0.9405255878284924,0.0,0.0,0.0,0.0,0.0,0.0,0.0,0.22595078299776286,0.0,0.0,0.0,0.0,0.0,0.015100671140939598,0.0,0.0,0.0,0.0,0.0,0.0
026decd3b78ee0cad80cfe10d3790d18eb27ae7b,1,0.9377593360995851,0.01152073732718894,0.0,0.043202764976958526,0.0,0.0,0.0,0.0,0.0,0.0,0.0,0.0,0.00825652841781874,0.0,0.0,0.0,0.006336405529953917,0.004416282642089093,0.0,0.0,0.004608294930875576
026e03a1ae471ed8c7064988db4cd8a96e6c7721,0,0.9377593360995851,0.0,0.0,0.0,0.0,0.0309478591160221,0.0,0.0,0.018646408839779006,0.0,0.0,0.0,0.027926450276243093,0.0,0.0,0.0,0.0,0.010618093922651934,0.0,0.0,0.0
026e246b749c42fd3be16461d596bce222dee995,0,0.9349930843706777,0.020881006864988557,0.0,0.0,0.0,0.040903890160183067,0.0,0.0,0.3273741418764302,0.0,0.0,0.0,0.018592677345537757,0.025886727688787185,0.0,0.0,0.0,0.07851830663615561,0.0,0.0,0.0
026e6ac8963f89db82b93d5cc8e9ea3d7ab9ac5b,0,0.9405255878284924,0.0,0.0,0.0,0.0,0.0,0.0,0.0,0.0,0.0,0.0,0.0,0.0,0.0,0.0,0.014301783705608228,0.0,0.0,0.0,0.0,0.0
026eb52d15cce6d6baafc8fe69f7679bd103d2d6,0,0.9391424619640387,0.0,0.0,0.0,0.0,0.0,0.0,0.0,0.0,0.0,0.0,0.0,0.0,0.0,0.0,0.0,0.0,0.0,0.0,0.0,0.0
026f2c9eaf7df3e2da8ba799daac9903d91b7dda,1,0.0,0.0,0.0,0.0,0.0,0.0,0.0,0.0,0.0,0.0,0.0,0.0,0.0,0.0,0.0,0.0,0.0,0.0,0.0,0.0,0.0
026fa3febf4d07d47273c8959cd795f8c45e47c6,0,0.0,0.0,0.0,0.0,0.0,0.0,0.0,0.0,0.0,0.03514018691588785,0.0,0.0,0.0,0.0,0.0,0.0,0.0,0.0,0.0,0.0,0.0
027015860ea694cae0aafbc7e1fd56bc3f4a5ae7,0,0.9405255878284924,0.0,0.0,0.0,0.0,0.0,0.0,0.0,0.0,0.0,0.0,0.0,0.0,0.0,0.0,0.040675844806007506,0.0,0.01034947530567055,0.0,0.0,0.0
02707f7ddc2919401dba33dac7c3f12e6cb93b6d,0,0.9515905947441217,0.0,0.0,0.0,0.0,0.0,0.0,0.0,0.053763440860215055,0.0,0.0,0.0,0.0,0.0,0.0,0.0,0.0,0.04864311315924219,0.0,0.0,0.0
02709145ec4c4e66f7ec2241233ae960a10f09e0,0,0.9384508990318119,0.0,0.0,0.0,0.0,0.0,0.020226664567920667,0.0,0.0,0.0,0.0,0.0,0.0,0.0,0.0,0.0,0.0,0.0,0.0,0.0,0.0
02709403cd287422c2c119e1378e79c43be4ee4f,1,0.9377593360995851,0.0,0.0,0.0,0.0,0.0,0.0,0.0,0.0,0.0,0.0,0.0,0.0,0.0,0.0,0.0,0.0,0.0,0.0,0.0,0.0
027095c359829e77b894d31a2c3579a7fb7a9371,0,0.0,0.010580034851879512,0.0,0.0,0.0,0.0,0.0,0.01755041075429425,0.023400547672392333,0.0,0.0,0.0,0.0,0.037839183470251433,0.0,0.009335324869305451,0.0,0.028254916604431166,0.0,0.0,0.0
0270d5d00da41bf0b719203575dc6abcdeb13636,0,0.9391424619640387,0.0,0.0,0.0,0.01425438596491228,0.0,0.0,0.0,0.0,0.0,0.0,0.0,0.0,0.0,0.0,0.0,0.09520123839009288,0.0,0.0,0.0,0.0
0271241e23e833febc00e45096bc2522082ef0f6,0,0.9398340248962656,0.0,0.0,0.0,0.0,0.0,0.0,0.0,0.0,0.0,0.0,0.0,0.0,0.0,0.0,0.0,0.0,0.0,0.0,0.0,0.0
027138f65fe3bfcc1d531ffbcb84e5c3a20c5129,0,0.941908713692946,0.0387409200968523,0.0,0.0,0.0,0.0,0.0,0.0,0.0,0.0,0.0,0.0,0.0,0.0,0.0,0.0,0.0,0.0,0.0,0.0,0.0
02713f2cee826894844a06921e476b22ee2b2e03,1,0.9426002766251729,0.0,0.0,0.0,0.0,0.0,0.0,0.0,0.0,0.02564102564102564,0.0,0.0,0.0,0.0,0.0,0.0,0.0,0.0,0.0,0.0,0.0
0271461b2daac7deca28f83628cccfce42d9e316,1,0.0,0.01808785529715762,0.0,0.0,0.029931093884582257,0.06503014642549526,0.0,0.0,0.0,0.008828596037898364,0.0,0.0,0.0,0.0,0.02239448751076658,0.0,0.0,0.0,0.0,0.0,0.027777777777777776
027150afc15d26e53f8d5ea354591080c21b0028,0,0.0,0.0,0.06418331885317116,0.0,0.0,0.011946133796698523,0.0,0.0,0.0,0.0,0.0,0.0,0.0,0.0,0.026064291920069503,0.0,0.021937445699391833,0.0,0.0,0.0,0.0
02717e0990766c959ff569156c2311e8031fc106,1,0.9426002766251729,0.0,0.0,0.0,0.0,0.0,0.0,0.0,0.0,0.0,0.0,0.0,0.0,0.0,0.0,0.0,0.0,0.0,0.0,0.0,0.0
0271841f4974ab754fb7efff5206598318b9cfe8,0,0.9384508990318119,0.0,0.0,0.08232159534142723,0.0,0.0,0.0,0.0,0.0,0.0,0.0,0.0,0.0,0.010904795912761632,0.0,0.006647255946821953,0.0,0.0,0.0,0.0,0.0
02718ba97d078d549d1bd115aefc833762c9a9e7,0,0.9439834024896265,0.0540607257467292,0.0,0.0,0.0,0.0,0.0,0.0,0.0,0.0,0.0,0.0,0.0,0.0,0.0,0.0,0.0,0.0,0.0,0.0,0.0
027207c4c867b12ba283641b3ecef5e369dc3cb5,1,0.9384508990318119,0.0,0.0,0.010037878787878788,0.01571969696969697,0.0,0.0,0.0,0.0,0.0,0.0,0.0,0.014204545454545454,0.0,0.0,0.0,0.0,0.0,0.0,0.0,0.010037878787878788
0272e0eb39ee745c740c31003701c90481f1faab,1,0.9363762102351314,0.0,0.0,0.015436325158720279,0.0260176770820366,0.007593676086144654,0.0,0.0,0.0,0.0,0.0,0.0,0.0,0.0044815137557575,0.04332129963898917,0.0,0.02439935267023528,0.0,0.0,0.0,0.057886219345201044
0272e775cebaf83f1adea5e1e08c902f924a26e1,1,0.9356846473029046,0.0,0.0,0.0,0.0,0.0,0.0,0.0,0.0,0.011041009463722398,0.0,0.0,0.0,0.0,0.01892744479495268,0.0,0.0,0.0,0.0,0.0,0.025236593059936908
027357dd44bb6ad96357d32a270cacb3283284f9,0,0.9391424619640387,0.0,0.0,0.0,0.016351952545724174,0.0,0.0,0.0,0.0,0.0,0.0,0.0,0.0,0.0,0.0,0.0,0.0,0.0,0.0,0.0,0.0
027377a4f8e815762ca52930a7b6448fb96dfb64,0,0.941908713692946,0.0,0.0,0.0,0.0,0.0,0.0,0.0,0.0,0.0,0.0,0.0,0.0,0.0,0.0,0.0,0.0,0.0,0.05039116428900138,0.0,0.0
0273859e3cb20ea3c0d8deb10369b549623ca418,1,0.0,0.0,0.0,0.0,0.0,0.0,0.0,0.0,0.0,0.01594802126402835,0.0,0.0,0.0,0.0,0.0,0.0,0.0,0.0,0.0,0.0,0.0
027386167be256f89aecbd2232d84a9051aabd90,0,0.9391424619640387,0.0,0.0,0.0,0.0,0.0,0.0,0.0,0.01684766656882888,0.0,0.0,0.0,0.0,0.0,0.0,0.0,0.0,0.0,0.0,0.0,0.0
02739365291c9034a08d2b8d54d32d00464f0a0b,0,0.9439834024896265,0.0,0.0,0.0,0.0,0.0,0.03670546105640107,0.0,0.0,0.0,0.0,0.0,0.0,0.0,0.0,0.0,0.0,0.0,0.0,0.0,0.0
0273991c6fd6817e678c080230877d682915f8ff,0,1.0,0.0,0.020608899297423888,0.0,0.0,0.0,0.0,0.0,0.0,0.0,0.0,0.0,0.0,0.0,0.0,0.0,0.0,0.0,0.0,0.0,0.0
0273b0fa8c372660b41d2a02415bbb156269615d,1,0.9398340248962656,0.0,0.0,0.0,0.0,0.0,0.0,0.0,0.0,0.0,0.0,0.0,0.0,0.0,0.012181303116147308,0.0,0.0,0.0,0.0,0.0,0.0
02744455d8dec2fbb331791a838c63e3da57686d,0,0.9439834024896265,0.020539293755835027,0.14295128782470207,0.0,0.0,0.0,0.028172881542094567,0.0,0.0,0.0,0.0,0.0,0.0,0.01647536932286232,0.0,0.0,0.0,0.0,0.0,0.0,0.0
02745d0b22b83bc418e1d389aed3456bac7b64f9,1,0.9377593360995851,0.0,0.0,0.0,0.0,0.0,0.0,0.0,0.0,0.0,0.0,0.0,0.0,0.0,0.0,0.0,0.0,0.0,0.0,0.0,0.01679349252164786
0274b0dafcc5d6766194e71c3c00cbd0ef0492b5,0,0.9543568464730291,0.0,0.0,0.0,0.0,0.0,0.0,0.0,0.0,0.0,0.0,0.0,0.0,0.0,0.0,0.0,0.0,0.0,0.0,0.0,0.0
0274be4c20a338e2a6aceedfbc667b2a36a5b0bb,0,0.0,0.0,0.0,0.0,0.0,0.0,0.0,0.0,0.0,0.0,0.0,0.0,0.0,0.0,0.0,0.0,0.0,0.0,0.0,0.0,0.0
02751d0b64af3882d699067aa94343b354782304,0,0.9384508990318119,0.0,0.0,0.0,0.0,0.0,0.0,0.0,0.0,0.0,0.0,0.0,0.0,0.0,0.0,0.0,0.0,0.0,0.0,0.0,0.0
02751f994a1db353607db296010d280799dc4518,1,0.9412171507607192,0.0,0.01010611419909045,0.0,0.011116725618999495,0.0,0.0,0.0,0.0,0.0,0.0,0.0,0.0,0.0,0.0,0.0,0.0,0.0,0.0,0.0,0.0
0275288e496a427bd87db9819efc99697b8ad3ee,1,0.9426002766251729,0.0,0.08533299114590016,0.0,0.0,0.0,0.0,0.0,0.0,0.03580136019504684,0.0,0.0,0.0,0.0,0.0,0.0,0.0,0.0,0.0,0.0,0.0
0275322569b5e376c7b2c94a05cd0e96547579f6,0,0.0,0.0,0.0,0.009142345682958795,0.0,0.0,0.0,0.0,0.0,0.0,0.0,0.0,0.0,0.0,0.0,0.0,0.0,0.008055493398970687,0.02659591471406195,0.0,0.0
02759490dc3ae752ea0256ca84324e5ea6a8eed8,0,0.0,0.0,0.0,0.0,0.0,0.0,0.0,0.0,0.0,0.0,0.0,0.0,0.0,0.0,0.0,0.0,0.0,0.0,0.0,0.0,0.0
02763238ff99f10bf158b978f88a5797cefd2953,1,0.941908713692946,0.045019317990928946,0.022845624055098268,0.0,0.0,0.0,0.0,0.0,0.0,0.0,0.0,0.0,0.0,0.0,0.0,0.0,0.0,0.0,0.0,0.0,0.0
0276cd0ac9d8af0b644eb255a02f61e5d62929b5,0,0.9426002766251729,0.0,0.021818939255864818,0.0,0.013148644778295623,0.0,0.0,0.0,0.0,0.020959720884213814,0.0,0.0,0.0,0.0,0.0,0.0,0.0,0.0,0.0,0.0,0.0
0276d0796f0edf96575b491853b29d6ea959b56d,0,0.9612724757952974,0.0,0.0,0.0,0.0,0.0,0.2569060773480663,0.0,0.0,0.0,0.0,0.0,0.0,0.0,0.0,0.0,0.0,0.0,0.0,0.0,0.0
0276dce8b02337c412f8884741b1bcb4d20f49aa,0,0.9363762102351314,0.0,0.0,0.0,0.0,0.0,0.0,0.0,0.0,0.0,0.0,0.0,0.0,0.0,0.0,0.0,0.0,0.0,0.0,0.0,0.0
0276e69cd4db3f15a0d2376c09a2fcb0d6684f1d,0,0.9370677731673582,0.0,0.0,0.0,0.02174817279695763,0.02578881692316834,0.0,0.0,0.0,0.0,0.0,0.0,0.0,0.0,0.0,0.0,0.0,0.0,0.0,0.0,0.01598431279339236
0276f93fc094e39a56f8c656255d99b42cc7e1b7,1,0.9370677731673582,0.0,0.0,0.0,0.0,0.011621315192743764,0.0,0.0,0.0,0.0,0.0,0.0,0.0,0.0,0.0,0.0,0.0,0.0,0.0,0.0,0.0
02776116210b15bd8e05ed1d854cc958f9cc4f1b,1,0.9508990318118948,0.0,0.0,0.0,0.0,0.0,0.0,0.0,0.0,0.0,0.0,0.0,0.0,0.0,0.0,0.0,0.0,0.0,0.0,0.0,0.0
0277c90448fb236778a776a28bd2e84d1bf8f1c4,0,0.9439834024896265,0.0,0.0,0.008136808716039168,0.021376361881119847,0.010481312922355537,0.0,0.0,0.0,0.0,0.0,0.0,0.0,0.2264515239277341,0.0,0.0,0.0,0.01737691352916839,0.0,0.0,0.0
027850656bf28d8c4b908be33b83dfe11fbcd03d,0,0.0,0.0,0.0,0.0,0.0,0.0,0.0,0.0,0.0,0.0,0.0,0.0,0.0,0.0,0.0,0.0,0.0,0.0,0.0,0.0,0.0
02785ec0285df15b0c41ec8a2be6fee9ad40c5e9,1,0.9377593360995851,0.013110455588331694,0.0,0.0,0.02196001311045559,0.03179285480170436,0.0,0.0,0.0,0.0,0.0,0.0,0.0,0.0,0.0,0.0,0.0,0.0,0.0,0.0,0.0
0278a4129964bc640609aabcba8a8245cc24581b,0,0.9412171507607192,0.3185840707964602,0.0,0.0,0.0,0.0,0.0,0.0,0.0,0.0,0.0,0.0,0.0,0.0,0.0,0.0,0.0,0.0,0.0,0.0,0.0
027963ca9555e40a7bf0b1ada7227be3f2c059ec,0,0.0,0.0,0.018958772193800783,0.0,0.0,0.0,0.0,0.0,0.0,0.0,0.0,0.0,0.0,0.0,0.0,0.0,0.0,0.0,0.0,0.0,0.0
027986cdc0750e001e3849b670f00dc6ad732d9b,0,0.9481327800829875,0.0,0.14152552006365807,0.0,0.0,0.0,0.0,0.0,0.0,0.0,0.0,0.0,0.0,0.0,0.0,0.0,0.0,0.0,0.0,0.0,0.0
0279a86d6ceeaf37960ba7b78bbc895fea7770a5,1,0.9426002766251729,0.0,0.0,0.0,0.0,0.0,0.03182560037304733,0.0,0.014921893215201678,0.0,0.0,0.0,0.0,0.0,0.0,0.0,0.0,0.0,0.0,0.0,0.0
0279c929ff673c8af69bd4f90fdbcd4d765ae4c7,0,0.9363762102351314,0.0,0.0,0.017660401814646794,0.0,0.0,0.0,0.0,0.0,0.0,0.0,0.0,0.0,0.004779650032404407,0.0,0.0,0.0,0.0,0.0,0.0,0.0
027a2bac5bd14bd03a044ce07cc8b0a8a11ff5ad,1,0.9356846473029046,0.0,0.0,0.012462840155499658,0.007203292933912646,0.0,0.0,0.005259547221587012,0.0,0.0,0.0,0.0,0.0,0.0,0.0,0.0,0.0,0.0,0.0,0.0,0.0
027a6f61b5580e1520f67de3792f26f502643fbf,0,0.9937759336099585,0.015625,0.015625,0.0,0.0,0.0,0.0,0.0,0.0,0.0,0.0,0.0,0.0,0.0,0.0,0.0,0.0,0.0,0.0,0.0,0.0
027a743aa1acc65795e4b7d314629b61432d33c8,0,0.9426002766251729,0.0,0.0,0.0,0.010601471224578106,0.006923409779316313,0.0,0.0,0.0,0.0,0.007572479446127218,0.0,0.0,0.0,0.0,0.0,0.0,0.0,0.0,0.0,0.0
027a84218b9edf3afd974c00a1b636350b7025f7,0,0.0,0.0,0.0,0.0,0.0,0.0,0.0,0.0,0.0,0.0,0.0,0.0,0.0,0.0,0.0,0.0,0.0,0.0,0.0,0.0,0.0
027af567140af5663ae42dc9451cf4dc1d4540a4,0,0.941908713692946,0.1743119266055046,0.0326605504587156,0.0,0.0,0.0,0.009541284403669725,0.0,0.0,0.0,0.0,0.0,0.0,0.0,0.0,0.0,0.0,0.0,0.0,0.0,0.0
027bde6a4f1c7f9d6bdd407fdf469dc0f7dab3b9,1,0.946058091286307,0.02691107644305772,0.0,0.0,0.0,0.0,0.0,0.0,0.0,0.0,0.0,0.0,0.0,0.0,0.0,0.0,0.0,0.0,0.0,0.10413416536661467,0.0
027c123d2b084b15859c9b025a398d1f2323cbc2,0,0.0,0.0,0.0,0.0,0.0,0.0,0.0,0.026125432858791844,0.0,0.0,0.0,0.0,0.02651019622931897,0.0,0.0,0.022662562524047712,0.0,0.036013851481338975,0.0,0.0,0.0
027c99a8d6f01c13dea5e4690f490f82e00c4d55,1,0.0,0.04131697869593286,0.0,0.005810200129115558,0.018076178179470628,0.06132989025177534,0.0,0.024531956100710135,0.0,0.0,0.0,0.0,0.004519044544867657,0.02194964493221433,0.0,0.0,0.0,0.0,0.0,0.0,0.008392511297611363
027ca292aa7c05f41b5e27c2779535a52a1ee575,1,0.9432918395573997,0.0,0.04548789435069699,0.0,0.0,0.0,0.0,0.0,0.0,0.0,0.0,0.0,0.0,0.0,0.0,0.0,0.0,0.0,0.0,0.0,0.0
027ca828834bf49a2f5c5812e26824e1a4f08f0d,0,0.9446749654218534,0.016746187669566846,0.0,0.0,0.02965665637571335,0.0,0.0,0.016746187669566846,0.0,0.0,0.0,0.0,0.0,0.021049677238282348,0.0,0.0,0.0,0.0,0.0,0.0,0.0
027cab6213c28c0b7b50275e7eb86b2ec6199a41,1,0.9446749654218534,0.0,0.0,0.0,0.0,0.0,0.0,0.0,0.0,0.0,0.0,0.0,0.0,0.0,0.0,0.0,0.0,0.0,0.0,0.025573770491803278,0.0
027cb11b8b11bc1c606d72e981e088a70617705c,0,0.941908713692946,0.05559515324305061,0.0,0.0,0.0,0.0,0.0,0.0,0.0,0.0,0.0,0.0,0.0,0.0,0.0,0.0,0.0,0.0,0.0003563791874554526,0.0,0.0
027cb1dccde918591d7f4fcc7a08158b611ab640,0,0.0,0.0,0.0,0.07748586631193881,0.018401507593393193,0.0,0.0,0.0,0.0,0.0,0.0,0.0,0.025385212282452056,0.018623212504156966,0.0,0.0,0.0,0.0,0.0,0.0,0.0
027cdce1da1f8ee65e1ff3bac02ae1c111c819a5,1,0.941908713692946,0.02350570852921424,0.0,0.0,0.010745466756212223,0.0,0.0,0.0,0.0,0.07368320061402667,0.0,0.0,0.0,0.0,0.0,0.0,0.0,0.0,0.0,0.0,0.0
027d1a199e3f5f45e05d95df16d77b9b62214633,0,0.941908713692946,0.0,0.0,0.0,0.0,0.010476689366160294,0.0,0.0751702462022001,0.0,0.20298585646935569,0.0,0.0,0.0,0.01650078575170246,0.0,0.0,0.0,0.020429544264012573,0.0,0.0,0.0
027d5cdc2009a0e7e8de78c57365bf51fe0cb002,1,0.9377593360995851,0.0,0.012738853503184714,0.0,0.0,0.0,0.0,0.0,0.0,0.0,0.0,0.0,0.0,0.0,0.0,0.0,0.0,0.0,0.0,0.0,0.0
027d9793b0babc7b6bcede5219bf3b3264163b71,1,0.9515905947441217,0.0,0.0,0.0,0.0,0.0,0.0,0.0,0.0,0.0,0.0,0.0,0.0,0.0,0.0,0.0,0.0,0.0,0.0,0.0,0.0
027d983341275ec516937b041fe01cdf8d24a993,0,0.9426002766251729,0.0,0.0,0.0,0.0,0.0,0.0,0.0,0.0,0.0,0.0,0.0,0.0,0.0,0.0,0.0,0.0,0.0,0.0,0.0,0.0
027dddfabe01f1c5e9864248ede3decebbfb282b,1,0.0,0.0,0.0,0.0,0.0,0.0,0.0,0.0,0.0,0.0,0.004998823806163255,0.0,0.0,0.0,0.0,0.0,0.0,0.0,0.0,0.0,0.0
027de93204c5f50dce9a9188ab0b705deff5e2b1,0,0.9384508990318119,0.0,0.0,0.0,0.0,0.0,0.0,0.0,0.0,0.0,0.0,0.0,0.0,0.0,0.0,0.0,0.0,0.0,0.0,0.0,0.0
027e04fb222e1a979c391440a9d0f40de048f72b,1,0.9432918395573997,0.0,0.0,0.0,0.0,0.0,0.0,0.0,0.0,0.0,0.0,0.0,0.0,0.0,0.0,0.0,0.0,0.0,0.0,0.0,0.0
027e2610a10c927b93ca49d1f8363c8cc1c6620f,0,0.9343015214384509,0.0,0.0,0.0,0.0,0.0,0.0,0.0244140625,0.0,0.0,0.0,0.0,0.0244140625,0.0,0.0,0.00732421875,0.0,0.0224609375,0.0,0.0,0.0
027e30649d7c6261ec770827f510e66719a7d6b3,1,0.0,0.05760542168674699,0.022213855421686746,0.0,0.0,0.0,0.0,0.0,0.0,0.0,0.0,0.0,0.0,0.0,0.0,0.0,0.0,0.0,0.0,0.07228915662650602,0.0
027e461f53e9618ba7da627dca7e0b74e6dc3fae,1,0.9467496542185339,0.0,0.0,0.0,0.0,0.0,0.017241379310344827,0.0,0.0,0.0,0.0,0.0,0.0,0.0,0.0,0.0,0.0,0.0,0.0,0.018740629685157422,0.0
027e95f3d5066b1615f64d1b631a7467908b1a69,0,0.9412171507607192,0.0,0.0,0.0,0.0,0.0,0.0,0.0,0.0,0.049351225463014306,0.0,0.0,0.0,0.0,0.0,0.0,0.0,0.0,0.0,0.0,0.0
027ee99c9c5a25eeb26770c8581f6f5b1c175382,1,0.9377593360995851,0.0,0.0,0.0,0.0,0.030008110300081103,0.0,0.0,0.0,0.0,0.0,0.0,0.0,0.0,0.15571776155717762,0.0,0.0,0.0,0.0,0.0,0.025547445255474453
027efb71091fd9fa11212c8d7b2689e4508717bd,1,0.9508990318118948,0.05026211717097397,0.0,0.0,0.0,0.0,0.019175940402832704,0.0,0.0,0.0,0.0,0.0,0.0,0.0,0.0,0.0,0.0,0.0,0.0,0.0,0.0
027f02eb141f4c162e168dabf0d09fb1107bbb9f,0,0.9384508990318119,0.0,0.0,0.0,0.022620169651272386,0.0,0.02120640904806786,0.0,0.0,0.0,0.0,0.0,0.0,0.017907634307257305,0.0,0.0,0.0,0.0,0.0,0.014608859566446749,0.0
027f155eedf3c7696caa70971a887531efe4f765,0,0.9654218533886584,0.0,0.0,0.0,0.0,0.0,0.0,0.0,0.0,0.0,0.041280353200883003,0.0,0.0,0.0,0.0,0.0,0.0,0.0,0.0,0.0,0.0
027f84c05e698fc46b0a3e6abf3f8337e27e68fa,0,0.0,0.0,0.0,0.0,0.0,0.0,0.0,0.0,0.0,0.0,0.0,0.0,0.0,0.0,0.0,0.0,0.0,0.0,0.0,0.0,0.0
027f898068b3aed3d4adb43d1cceb77136498e82,1,0.9398340248962656,0.0,0.010713090056913292,0.0,0.0,0.017115835286240375,0.03833277535989287,0.0,0.0,0.013056578506863073,0.0,0.0,0.0,0.0,0.021133244057582858,0.0,0.0,0.0,0.0,0.0,0.0
027fc425f5aaec444f62954a322e6d786cbfc41f,1,0.9405255878284924,0.06783144912641316,0.0,0.0,0.0,0.0,0.0,0.0,0.0,0.0,0.0,0.0,0.0,0.0,0.0,0.0,0.0,0.0,0.0,0.0,0.0
027fcde691d8063522a2f8d05bcb5557d14de6c7,0,0.9398340248962656,0.16510075411052047,0.029484485103226606,0.0,0.0,0.0,0.11571269625417234,0.0,0.0,0.0,0.0,0.0,0.0,0.0,0.0,0.0,0.0,0.0,0.0,0.05711460007417481,0.0
027ff4e4106d54b8d1aa9c74e1254d0227c01f54,0,0.9432918395573997,0.02553850122533213,0.0,0.0,0.0,0.0,0.0,0.0,0.030439829743325163,0.022442925319231265,0.0,0.0,0.0,0.0,0.0,0.0,0.0,0.0,0.0,0.0,0.0
027fff088d14e13aba0a3f14aca85b93cdb35087,0,0.9370677731673582,0.0,0.0,0.0,0.0,0.0,0.0,0.0,0.0,0.0,0.0,0.0,0.012690355329949238,0.0,0.0,0.0,0.0,0.0,0.03959390862944162,0.0,0.0
028010fedef92ac3afad8d61a6e4cc320b183cb8,0,0.9405255878284924,0.0,0.07092198581560284,0.0,0.0,0.02304964539007092,0.030278232405891982,0.0,0.0,0.0,0.0,0.0,0.0,0.0,0.0,0.0,0.0,0.0,0.0,0.0,0.0
02802e7d82503dda5fd48cb362508c243f314efa,0,0.9363762102351314,0.0,0.0,0.0,0.0,0.0,0.0,0.0,0.0,0.0,0.0,0.0,0.0,0.0,0.0,0.0,0.0,0.0,0.0,0.0,0.0
0280441d1c4791c29a1e340c33953187d0f5d785,0,0.0,0.020791824667395077,0.02410180602866508,0.0,0.01940998778841828,0.0,0.0,0.0,0.0,0.0,0.0,0.0,0.0,0.0,0.0,0.0,0.01645349958223536,0.0,0.0,0.014975255479143903,0.0
02807cd092c94c3b1beaffba498b1c9776bff652,0,0.9405255878284924,0.0,0.0,0.00945220193340494,0.0,0.0,0.0,0.0,0.0,0.0,0.0,0.0,0.0,0.0,0.0,0.0,0.0,0.0,0.0,0.0,0.0
028091e7fb8ede5611a159b3a9d701d39116ed97,1,0.9398340248962656,0.0,0.0570173273436343,0.0,0.014365404551513057,0.016438761909463397,0.0,0.0,0.0,0.0925112306856889,0.0,0.0,0.0,0.0,0.0,0.0,0.0,0.0,0.0,0.0,0.0
028126b5b506af859cbdccc64b2a48e31763052d,1,0.9377593360995851,0.0,0.0,0.0,0.0,0.0,0.0,0.00969787392763894,0.0,0.0,0.0,0.0,0.0,0.0,0.0,0.0,0.0,0.0,0.0,0.0,0.0
0281453cf7813a3be288e20f833e644705016955,1,0.9377593360995851,0.0,0.0,0.0,0.05200945626477541,0.0,0.0,0.0,0.0,0.0,0.0,0.0,0.0,0.0,0.0,0.0,0.0,0.0,0.0,0.0,0.016548463356973995
028150b071501e2df6dc03349692b56ef1fccec6,0,0.0,0.0,0.0,0.0,0.0,0.009349060725207515,0.0,0.013193534294451725,0.0,0.0,0.0,0.0,0.0,0.0,0.021930974224552206,0.045784185233726515,0.0,0.0,0.0,0.0,0.03748361730013106
0281845f2461306cbfe9a7aa7584cb8362f574c4,1,0.0,0.07218479307025986,0.09684793070259866,0.0,0.0,0.08108758421559191,0.021174205967276226,0.0,0.0,0.0,0.0,0.0,0.0,0.01900866217516843,0.04920596727622714,0.0,0.0,0.0,0.0,0.0,0.0
0281984484ae4c6ca44084a1d0a2ce69b28b52b4,1,0.9412171507607192,0.0,0.0,0.0,0.14280155642023346,0.0,0.0,0.0,0.0,0.0,0.0,0.0,0.0,0.0,0.0,0.0,0.0,0.0,0.0,0.0,0.0
0281a63d2303ff1cea7ed67c9e9de99795b3977e,0,0.9405255878284924,0.05237154150197629,0.023715415019762844,0.0,0.0,0.0,0.0,0.0,0.0,0.0,0.0,0.0,0.0,0.0,0.0,0.0,0.0,0.0,0.0,0.0,0.0
0281b2225567acf9ec66d1b6b5cc82a4e0332bfe,1,0.9412171507607192,0.0,0.0,0.0,0.0,0.0,0.0,0.0,0.0,0.01479408236705318,0.0,0.0,0.0,0.0,0.0,0.0,0.0,0.0,0.0,0.0,0.0
0281b5d5dfb74f6c7e5874f5c6d6d5f3fc33a0d9,0,0.9377593360995851,0.027899384135935297,0.0,0.0,0.0,0.0,0.0,0.0,0.0,0.0,0.0,0.0,0.005639237218965645,0.0,0.0,0.0,0.0,0.0,0.0,0.009275061215404022,0.0
0281ecfec1d277282068adf6c9ca49bbe6e1e87c,0,0.0,0.0,0.0,0.0,0.0,0.0,0.0,0.0,0.0,0.0,0.0,0.0,0.021885521885521887,0.0,0.0,0.0,0.0,0.0,0.0,0.0,0.0
028279f7a848ac3aaf34086e309d1573959750a3,0,0.9508990318118948,0.03851364428101413,0.0,0.0,0.0,0.0,0.0,0.0,0.0,0.0,0.0,0.0,0.0,0.0,0.010257402748209793,0.0,0.0,0.0,0.0,0.0,0.0
02827d5d75cc8d9dfae5ba05095832129b799ab4,0,0.0,0.0,0.0,0.3714491824302661,0.0,0.0,0.0,0.011942930426418724,0.0,0.0,0.0,0.0,0.008816928502725233,0.0,0.0,0.0,0.0,0.0,0.0,0.0,0.0
0282913b7058115037ed94807680848990709e0f,0,0.9495159059474412,0.028477833588119675,0.0,0.0,0.0,0.0,0.0,0.0,0.0,0.01679405983839266,0.0,0.0,0.0,0.0,0.0,0.0,0.0,0.0,0.0,0.0,0.0
028295e35392f523cdee9391366db64cd8973e79,0,0.0,0.0,0.0,0.0,0.0,0.0,0.0,0.0,0.0,0.0,0.0,0.0,0.0,0.0,0.0,0.0,0.0,0.0,0.0,0.0,0.0
0282a357df1924d293465c06616090a3a3c30b9e,0,0.0,0.03431521409049499,0.0,0.0,0.0,0.0,0.012754327361068934,0.0258123291831157,0.0,0.0,0.0,0.0,0.0,0.0,0.0,0.0,0.0,0.0,0.0,0.05982386881263286,0.0
0282e4d80333fa8897743c77bde7f81cb3e54200,0,0.9474412171507607,0.0,0.0,0.0,0.0,0.0,0.0,0.0,0.0,0.0,0.0,0.0,0.0,0.0,0.0,0.0,0.0,0.0,0.0,0.0,0.0
0282eb559e2463f8beb8eff9018ee1ac17c838a9,0,0.9467496542185339,0.0,0.0,0.0,0.0,0.0,0.0,0.0,0.03366931160197298,0.0,0.0,0.0,0.0,0.0,0.0,0.0,0.01415397812567017,0.0,0.0,0.0,0.0
02834227787eeb78e5d22e908c4c9e46126d5df4,1,0.9398340248962656,0.0,0.0,0.0,0.0,0.0,0.030190610208519892,0.0,0.0,0.0,0.0,0.0,0.0,0.0,0.0,0.0,0.0,0.0,0.0,0.0,0.014711526160931304
028352343b9c93cc0de9bff1889981cd76133a66,0,0.9398340248962656,0.0,0.10903143739778302,0.0,0.0,0.0,0.03347265128111939,0.0,0.0,0.0,0.0,0.0,0.0,0.0,0.01093948755224423,0.0,0.05391604579320371,0.0,0.0,0.0,0.0
0284279180302c2840e33d657b7f0a2f74eea3c0,1,0.9432918395573997,0.0,0.0,0.0,0.0,0.0,0.0,0.0,0.0,0.02843601895734597,0.0,0.0,0.0,0.0,0.0,0.0,0.0,0.0,0.0,0.0,0.0
028449576d37f04b2b56919f8d003ca45e75e8b5,0,0.9370677731673582,0.0,0.0,0.0,0.05509181969949917,0.0,0.0,0.0,0.0,0.0,0.0,0.0,0.0,0.0,0.0,0.0,0.0,0.0,0.0,0.0,0.028380634390651086
02845146c5178378e46bb20494d7ae77d7ddb86b,0,0.9488243430152143,0.0,0.0,0.0,0.01188707280832095,0.0,0.0,0.0,0.0,0.1822684497275879,0.0,0.0,0.0,0.0,0.0,0.0,0.0,0.037642397226349676,0.0,0.0,0.0
0284b768cc683055e0ed6e40b2d96b78c35efc7e,0,0.0,0.0,0.0,0.0,0.0,0.012314948251015327,0.0,0.0,0.0,0.0,0.0,0.0,0.0,0.0,0.0,0.0,0.0,0.0,0.0,0.0,0.0
0285129afca99cee6779dfa9e38baea9ae9b46dc,0,0.9356846473029046,0.0,0.0,0.13633333333333333,0.0,0.0,0.0,0.006666666666666667,0.0,0.0,0.0,0.0,0.0,0.0,0.0,0.0,0.0,0.09866666666666667,0.11233333333333333,0.0,0.0
0285490bb23814cf0dc18a5668261e243572d4eb,1,0.9432918395573997,0.0,0.0,0.014522120905099628,0.0,0.0,0.0,0.0,0.0,0.0,0.0,0.0,0.0,0.0,0.0,0.0,0.0,0.0,0.0,0.0,0.0
02856833cb7140483a76b16bc8a5e10b28439c0a,0,0.9508990318118948,0.0,0.0,0.0,0.03333333333333333,0.016377171215880892,0.0,0.0,0.0,0.0,0.0,0.0,0.0,0.0,0.0,0.0,0.0,0.0,0.0,0.0,0.021339950372208438
02858a9110189e753d8bda49efd273a456a1e638,1,0.9405255878284924,0.0,0.006349206349206349,0.0,0.0,0.01763668430335097,0.006349206349206349,0.0,0.2126984126984127,0.0,0.0,0.0,0.0,0.025749559082892417,0.0,0.0,0.02328042328042328,0.0,0.0,0.0,0.01904761904761905
0285bf5cda0823b93e656d17446329c28646baf5,0,0.9515905947441217,0.011161436428340343,0.07281893669794026,0.0,0.012536395988353283,0.0,0.0,0.0,0.0,0.01143103634206837,0.0,0.0,0.0,0.0,0.0,0.0,0.0,0.0,0.0,0.0,0.0
0285f1a7d09818f36a71e57fd9f86037b63e258e,0,0.9467496542185339,0.0,0.01709873138444567,0.0,0.0,0.0,0.0,0.0,0.0,0.0,0.0,0.0,0.0,0.0,0.0,0.0,0.0,0.0,0.0,0.018753447324875896,0.0
028616a8d1ea8eaf76fba22dd2d2d3d0aee5f8b7,0,0.0,0.0,0.0,0.009948910997579994,0.0,0.004571121269158376,0.0,0.0,0.030115622479161063,0.012637805861790804,0.0,0.0,0.047862328582952404,0.0,0.0,0.0,0.0,0.007528905619790266,0.0,0.0,0.0
02866c460ba95c1a2beb07b0a9f5c9750feb2504,1,0.946058091286307,0.0,0.056818181818181816,0.0,0.056818181818181816,0.0,0.0,0.0,0.0,0.0,0.0,0.0,0.0,0.0,0.045454545454545456,0.0,0.0,0.0,0.0,0.0,0.0
028672b1911c2253a946d896b02e23e2e12966b3,0,0.941908713692946,0.0,0.0,0.0,0.0,0.0,0.019832345123696585,0.04252709057452464,0.0,0.0,0.0,0.0,0.0,0.0,0.0,0.0,0.0,0.0,0.0,0.0,0.0
0286758559e5bed68010a59a8d46c645ddbdb9ed,0,0.9412171507607192,0.0,0.0,0.0,0.0,0.0,0.0,0.0,0.0,0.0,0.0,0.0,0.0,0.0,0.0,0.0,0.0,0.0,0.0,0.0,0.0
028685a7ffec68167b57386e7fba6f2f12251ba8,0,0.9384508990318119,0.0,0.0,0.0,0.0,0.0,0.0,0.0,0.0,0.0,0.014373199854590195,0.0,0.0,0.0,0.0,0.0,0.0,0.0,0.0,0.0,0.0
0286e48cc4d059a2e93ae6178f692b0697a1593e,0,0.9384508990318119,0.0,0.0,0.0,0.024761336515513127,0.0,0.0,0.0,0.011336515513126491,0.0,0.0,0.0,0.019391408114558473,0.0,0.0,0.0,0.0,0.050119331742243436,0.0,0.0,0.0
0286f661b131a9f5ae28cb845d4159020daeb5bd,0,0.0,0.0,0.02097554921186546,0.0,0.0,0.0233337470522527,0.0,0.0,0.2898101030160109,0.011294526498696786,0.0,0.0,0.0,0.0,0.044681643291547724,0.0,0.0,0.01092217947126722,0.0,0.0,0.0
02870636e65d4df06d0cb6a96ca06a0d9c20fdf6,0,0.9522821576763485,0.0,0.0,0.0,0.0,0.0,0.0,0.0,0.0,0.0,0.0,0.0,0.0,0.0,0.0,0.0,0.0,0.0,0.0,0.0,0.0
02871c1a88aae30bcf48f13482edb772341cc153,0,0.9446749654218534,0.012421273617914626,0.0,0.0,0.012596221133659902,0.0,0.013296011196641007,0.0,0.0,0.0,0.0,0.0,0.0,0.0,0.0,0.0,0.0,0.0,0.0,0.0,0.0
02871cd952d607ba69b64e2e107773012c708113,0,0.9412171507607192,0.0,0.0,0.0,0.0,0.0,0.0,0.0,0.0,0.0,0.0,0.0,0.0,0.0,0.0,0.0,0.013801203934811334,0.0,0.0,0.0,0.014975774482454853
028741109272d928850963c761b180ce86efe7d7,1,0.9363762102351314,0.04234972677595628,0.0,0.0,0.031420765027322405,0.0,0.0,0.0,0.0,0.0,0.0,0.0,0.0,0.0778688524590164,0.0,0.0,0.0,0.0,0.0,0.0,0.050546448087431695
02875d7cff09b0cedae75bf180ef3335b0ef1d8f,0,0.9377593360995851,0.0,0.0,0.0,0.0,0.0,0.0,0.0,0.0,0.0,0.0,0.0,0.011707988980716254,0.0,0.0,0.0,0.0,0.04430670339761249,0.0,0.0,0.0
028763fcd1aacc8a244ee6caad5c1624981dd619,0,0.9391424619640387,0.0,0.0,0.0,0.0,0.0,0.0,0.0,0.0,0.0,0.03556964254270118,0.0,0.0,0.0,0.0,0.0,0.0,0.0,0.0,0.0,0.0
028776666ff9c11e77c539b77fbc88ee9ef765f6,1,0.9446749654218534,0.019095313708725213,0.0,0.0,0.0,0.0,0.0,0.0,0.0,0.0,0.0,0.0,0.0,0.0,0.0,0.0,0.0,0.0,0.0,0.0,0.0
0287898e3656771ab1460cb93f52d47da52f9215,0,0.9405255878284924,0.0,0.0,0.0951048951048951,0.023776223776223775,0.0,0.0,0.02027972027972028,0.0,0.0,0.0,0.0,0.044755244755244755,0.0,0.032867132867132866,0.007692307692307693,0.0,0.0,0.0,0.0,0.0
0287df5070fb3a406e35a4a351c65369452b9729,0,0.9453665283540802,0.0,0.01385301714017375,0.0,0.08922282225874618,0.0,0.0,0.0,0.0,0.0,0.0,0.0,0.0,0.0,0.013148626438131016,0.0,0.0,0.0,0.0,0.0,0.0
0288a992a06d822a2b737f91c729ee81492789c1,1,0.9363762102351314,0.0,0.0,0.0,0.0,0.0,0.0,0.0,0.0,0.0,0.013882567137005006,0.0,0.0,0.0,0.0,0.0,0.0,0.0,0.0,0.0,0.0
0288d30b5e76ae9d38ea21b6f63f35de0dd71137,1,0.9384508990318119,0.0,0.0,0.0,0.0,0.0,0.0,0.0,0.0,0.0,0.030295968305756232,0.0,0.0,0.0,0.0,0.0,0.0,0.0,0.0,0.0,0.0
0288e0b94696c28ee8ec8d6127688d20802f0964,0,0.9384508990318119,0.0,0.0,0.0,0.0,0.0,0.0,0.0,0.0,0.0,0.0,0.07910750507099391,0.0,0.0,0.0,0.01744421906693712,0.0,0.0,0.0,0.0,0.0
0288f2e316e6e199e2818c495c606cbfc145d9fa,1,0.9370677731673582,0.0,0.0,0.0,0.0,0.0,0.0,0.0,0.0,0.0,0.0,0.0,0.0,0.0,0.0,0.0,0.0,0.0,0.0,0.0,0.0
02892e8de896d0ef23ff8225c20abe5c3d31110d,1,0.9370677731673582,0.0,0.0,0.0,0.0,0.0,0.0,0.0,0.0,0.0,0.0,0.0,0.0,0.0,0.0,0.0,0.0,0.0,0.0,0.0,0.0
02893de48e144df2b3d8e6aaac067d9ffbc21188,0,0.941908713692946,0.0,0.0,0.0,0.0,0.0,0.0,0.0,0.0,0.0,0.0,0.0,0.0,0.0,0.0,0.0,0.0,0.0,0.0,0.0,0.0
02894e83ed10f4241f05594bf0f9373851b9be58,0,0.9398340248962656,0.0,0.024270043982830797,0.0,0.0,0.0,0.0,0.0,0.030523024746966245,0.0,0.0,0.0,0.0,0.0,0.0,0.0,0.013565788776429442,0.011605108367336124,0.0,0.0,0.039849504530761484
02897439b9a3126f8b4fa3ab794c578f9fbb48c5,0,0.9405255878284924,0.0,0.0,0.0,0.06542056074766354,0.0,0.0,0.05836713101745724,0.0,0.025921354258508198,0.0,0.0,0.0,0.010403808852054311,0.0,0.0,0.026097690001763357,0.0,0.0,0.0,0.11602891906189385
02899ab2c2a69332a7399d9c38da3adcd2053e0f,0,0.9426002766251729,0.0,0.0,0.0,0.0,0.0,0.0,0.0,0.0,0.0,0.0,0.0,0.0,0.0,0.0,0.0,0.0,0.0,0.0,0.0,0.0
028a159f652e3619ec13397900a8e9da12181abd,0,0.9508990318118948,0.0,0.0,0.0,0.0,0.0,0.0,0.014751552795031056,0.0,0.0,0.0,0.0,0.0,0.0,0.0,0.0,0.0,0.0,0.0,0.0,0.0
028a60c70878f7c3d87f3351e355f687e3edd99a,0,0.9391424619640387,0.0,0.0,0.013769363166953529,0.0,0.022375215146299483,0.0,0.0,0.0,0.0,0.0,0.0,0.010327022375215147,0.0,0.022375215146299483,0.0,0.0,0.01721170395869191,0.0,0.0,0.0
028a69b8cfbd801808df82c9fd085c7501790567,0,0.950207468879668,0.0,0.0,0.0,0.0,0.0,0.0,0.0,0.0,0.0,0.0,0.0,0.0,0.0,0.0,0.0,0.0,0.0,0.0,0.0,0.0
028a76a326935710af06cf8a43998a9932e15382,1,0.0,0.0,0.05043859649122807,0.0,0.02412280701754386,0.06798245614035088,0.0,0.0,0.0,0.0,0.0,0.0,0.0,0.0,0.0,0.0,0.0,0.0,0.0,0.0,0.0
028a8d0345f5c580bb6a84e3f0e5125a2f9aeb7a,0,0.0,0.0,0.021693121693121695,0.00837742504409171,0.020017636684303352,0.015608465608465608,0.021516754850088183,0.0,0.09788359788359788,0.0,0.0,0.0,0.0,0.01798941798941799,0.009435626102292769,0.0,0.0,0.0,0.0,0.0,0.0
028aa4dda89a1d87c57d9ca458975c681f14d7c0,0,0.9377593360995851,0.0,0.0,0.0,0.0,0.0,0.0,0.0,0.0,0.0,0.0,0.0,0.0,0.0,0.0,0.0,0.0,0.0,0.0,0.0,0.0
028acc20f0d5f66d09b38070cd590f5e2daf9c4c,0,0.9356846473029046,0.009462528387585163,0.0,0.0,0.0,0.0,0.04617713853141559,0.0,0.0,0.0,0.0,0.0,0.0,0.0,0.0,0.0,0.0,0.0,0.0,0.022710068130204392,0.0
028b5081502357fa6d5b12a9d155b2fddc7a4220,1,0.0,0.0,0.0,0.0,0.2756756756756757,0.0,0.0,0.0,0.0,0.0,0.016216216216216217,0.0,0.0,0.0,0.0,0.0,0.0,0.0,0.0,0.0,0.0
028b7eb74d43c2b4520ddcb19f76bb3f7d45556e,0,0.9467496542185339,0.0,0.0,0.0,0.0,0.0,0.0,0.0,0.0,0.09119407238529495,0.0,0.0,0.0,0.0,0.0,0.0,0.0,0.0,0.0,0.0,0.0
028b91859a012251da23c3dbfd2215154a789f9f,1,0.9398340248962656,0.0,0.0,0.0,0.0,0.0,0.0,0.0,0.0,0.0,0.0,0.0,0.0,0.0,0.0,0.0,0.012630933632106881,0.0,0.0,0.0,0.0
028b97a06928502ff35184de4d68e1d2f844db12,0,0.9432918395573997,0.0,0.0,0.0,0.0,0.0,0.0,0.0,0.0,0.0,0.0,0.0,0.0,0.0,0.0,0.0,0.0,0.0,0.0,0.0,0.0
028c08d20e28f3cd7934a6d701a220c9f09039b8,0,0.9384508990318119,0.046594556044217285,0.013550457625104005,0.0,0.0268631879234518,0.0,0.0,0.0,0.0,0.0,0.0,0.0,0.0,0.014382503268750743,0.0,0.0,0.02353500534886485,0.0,0.0,0.1273029834779508,0.0
028c6a21fbb055fa47fedadd75f0b092f0764328,0,0.9522821576763485,0.0,0.0,0.0,0.0,0.0,0.0,0.0,0.0,0.0,0.0,0.0,0.0,0.0,0.0,0.0,0.0,0.0,0.0,0.0,0.0
028cf08fd4c8e1e20394cd4258e533652af73f07,0,0.9467496542185339,0.0,0.011568428184281844,0.0,0.0,0.0,0.0,0.0,0.0,0.0,0.0,0.0,0.0,0.0,0.0,0.0,0.0,0.0,0.0,0.0,0.0
028d0bb3edfa941600ecaa415f7ca0b5a27f64d1,1,0.9474412171507607,0.0,0.0,0.0,0.0,0.0,0.0,0.0,0.0,0.0,0.0,0.0,0.0,0.0,0.0,0.0,0.0,0.0,0.0,0.0,0.0
028d0f7a2200375e62235c2f109b94701e08f37f,0,0.9529737206085753,0.0,0.0,0.0,0.0,0.0,0.0,0.0,0.014844804318488529,0.0,0.0,0.0,0.0,0.0,0.0,0.0,0.0,0.0,0.0,0.0,0.0
028d187c77760b6b71c92cebcb5d1f7664d396bb,1,0.9488243430152143,0.0,0.0,0.0,0.019730416096893924,0.0,0.0,0.0,0.0,0.0,0.0,0.0,0.0,0.0,0.0,0.0,0.0,0.0,0.0,0.0,0.0
028d20cdfcdf66694f23507734602cf0935a3457,1,0.9412171507607192,0.0,0.0,0.04376487822743087,0.0,0.01977659769273027,0.0,0.0,0.0,0.0,0.0,0.0,0.0,0.0,0.0,0.0,0.0,0.0,0.0,0.0,0.0
028d25f8afdaad3c783ec2dc5e781c362297f373,1,0.0,0.005857356150223958,0.0,0.0,0.0,0.0,0.0,0.0,0.0,0.0,0.0,0.0,0.0,0.0,0.0,0.0,0.0,0.0,0.0,0.0,0.0
028df52d57932bff8003e69d78605b3dfbf6d40c,1,0.941908713692946,0.0,0.0,0.0,0.0,0.009280742459396751,0.0,0.0,0.0,0.060324825986078884,0.0,0.0,0.0,0.0,0.0,0.0,0.0,0.0069605568445475635,0.0,0.0,0.0
028e570472c605c3351ef37d8ce2e0e95ad63116,0,0.9550484094052559,0.0,0.0,0.0,0.0,0.0,0.0,0.0,0.0,0.0,0.0,0.0,0.0,0.0,0.0,0.0,0.0,0.0,0.0,0.0,0.0
028e6925326f2e426ccf7f4058bfbd8c33df6c27,0,0.9412171507607192,0.0,0.0,0.0,0.0,0.0,0.0,0.0,0.0,0.028002731973851107,0.0,0.0,0.0,0.0,0.0,0.0,0.0,0.0,0.0,0.0,0.0
028e908ded29869ca123f84662c8447bbd8ba05d,0,0.9377593360995851,0.0,0.0,0.0,0.0,0.0,0.0,0.0,0.0,0.0,0.0,0.0,0.028229082047116164,0.0,0.0,0.00710804224207961,0.0,0.0,0.0,0.0,0.0
028ea7b0463a95d2916766924ff04ccf94a8a26c,1,0.9391424619640387,0.0,0.0,0.0,0.0,0.0,0.0,0.011262318160488035,0.0,0.0,0.0,0.0,0.0,0.0,0.0,0.09666823087752228,0.0,0.0,0.0,0.0,0.0
028ec1fc45b68be24c2ff65ee346a79ad870583f,0,0.9384508990318119,0.0,0.0,0.0,0.0,0.0,0.0,0.0,0.0,0.0,0.0,0.0,0.0,0.0,0.0,0.0,0.0,0.0,0.0,0.0,0.0
028f4af973eba93155bc80b5c3f674a7488862b0,1,0.9391424619640387,0.0,0.0,0.0,0.0577319587628866,0.0,0.0,0.0,0.0,0.0,0.0,0.0,0.0,0.019734904270986744,0.011192930780559647,0.0,0.0,0.0,0.0,0.0,0.033873343151693665
028f5fdb4bae444b704b8a012031ffe519b876f5,0,0.9405255878284924,0.0,0.0,0.0,0.0,0.0,0.0,0.0,0.0,0.0,0.0,0.0,0.0,0.0,0.0,0.0,0.0,0.0,0.0,0.0,0.022855839416058395
028f94bbada3b856fac7aaa3953cd61face4c819,1,0.9391424619640387,0.0,0.0,0.0,0.0,0.0,0.0,0.0,0.0,0.0,0.0,0.0,0.0,0.0,0.0,0.0,0.0,0.0,0.0,0.0,0.0
028fa345f7d316ba085cb746f4f8fd3c94809f52,0,0.9432918395573997,0.0,0.0,0.0,0.0,0.0,0.0,0.0,0.0,0.0,0.0,0.0,0.0,0.0,0.0,0.0,0.0,0.0,0.0,0.0,0.0
028ff42cee4f7f48debc5cb88e297baa82b5af0c,0,0.9391424619640387,0.0,0.0,0.0,0.0,0.0,0.0,0.0,0.0,0.0,0.0,0.0,0.0,0.0,0.0,0.0,0.0,0.0,0.0,0.0,0.0
02900bf259645c5301bd3495ea820e40eab8f1cd,1,0.9377593360995851,0.0,0.0,0.0,0.016639131460939344,0.0,0.0,0.0,0.0,0.0,0.0,0.0,0.0,0.0,0.0,0.0,0.0,0.0,0.0,0.0,0.0
02906305ba54f392576f49b09f05f7aa353aef93,1,0.9391424619640387,0.024878879141023963,0.013945266465889746,0.0,0.0163676836454105,0.0,0.0,0.0,0.0,0.03987167736021998,0.0,0.0,0.0,0.025337174283095457,0.0,0.0,0.0,0.0,0.0,0.0,0.0
0290be5f357d7f406006be223e0ab12813602263,1,0.9412171507607192,0.0,0.007826396300249021,0.0,0.00664057867899917,0.0,0.0,0.012213921498873473,0.0,0.0,0.0,0.0,0.0,0.0,0.0,0.0,0.0,0.06486422388236689,0.0,0.0,0.0
02918947955ffceae8984bfd2f8be42020882a56,0,0.9363762102351314,0.0,0.0,0.09505477198754068,0.03135827529485878,0.0,0.0,0.0,0.0,0.0,0.0,0.0,0.0,0.009029503377314247,0.0,0.0,0.0,0.0,0.0,0.0,0.0
02918f0d0b00b45392f66016830e64eeb46d7e04,1,0.9426002766251729,0.0,0.008488063660477453,0.0,0.0,0.0,0.0,0.0685107995452823,0.0,0.0,0.0,0.0,0.0070481242895036,0.0,0.016218264494126562,0.0,0.0,0.0,0.0,0.0,0.0
0291e7ee24d45dec4fe7cae316f58064972e4482,0,0.9384508990318119,0.0,0.0,0.0,0.0,0.0,0.0,0.0,0.0,0.0,0.0,0.0,0.0,0.0,0.0,0.0,0.0,0.0,0.0,0.0,0.0
029271b477633469d8103f130bf6e3d03ff0822d,0,0.9398340248962656,0.062516179135387,0.0,0.0,0.0,0.0,0.016308568470100957,0.0,0.0,0.0,0.0,0.0,0.0,0.012684442143411856,0.0,0.0,0.0,0.0,0.0,0.058374320476313746,0.0
0292794c197a1d7396a4f07e48b601c418bc8334,1,0.9363762102351314,0.05268429487179487,0.0,0.0,0.0,0.023237179487179488,0.0,0.0,0.0,0.03365384615384615,0.0,0.0,0.0,0.01422275641025641,0.0,0.0,0.0,0.0,0.0,0.0,0.0
0292842d7fa886fe64e6164d85edd363cbff5063,1,0.0,0.0,0.024390243902439025,0.0,0.0,0.0,0.0,0.01951219512195122,0.0,0.0,0.0,0.0,0.0,0.03902439024390244,0.01707317073170732,0.0,0.0,0.0,0.0,0.0,0.0
0292b83b222bd13152f079697057934d62eaddc4,1,0.0,0.0,0.0,0.0,0.0,0.0,0.0,0.0,0.0,0.0,0.0,0.0,0.0,0.0,0.0,0.0,0.0,0.0,0.0,0.0198090692124105,0.0
029316867145ed356b5b9c3dd23e9d48d3dc675e,0,0.9398340248962656,0.0,0.0,0.0,0.0,0.0,0.0,0.0,0.0,0.0,0.0,0.0,0.0,0.020290917980686957,0.0,0.0,0.0,0.0,0.0,0.0,0.0
02931c852c17fce72a2f9da58e56eeda10c89d77,0,0.950207468879668,0.0,0.0,0.0,0.0,0.0,0.0,0.0,0.0,0.0,0.0,0.0,0.0,0.0,0.0,0.0,0.0,0.0,0.0,0.0,0.0
02935c0e514f66d17f347f498bcb29239f915eb4,0,0.0,0.0,0.028770774537472562,0.0,0.0,0.0,0.0,0.0,0.05315145813734713,0.0,0.0,0.0,0.0,0.0,0.0,0.0,0.0,0.0,0.0,0.0,0.0
0293f99f877778d2ced0fc2e3ca08808abbd51c9,0,0.0,0.0,0.029602152883846097,0.0,0.0,0.0,0.0,0.010873518074041749,0.04309404320314204,0.0,0.0,0.0,0.0,0.0,0.0,0.0,0.011382646010618953,0.0,0.0,0.0,0.0
02947c49bea68de161b30d4f436029aa77f3f5a5,1,0.9391424619640387,0.05156723963599596,0.009437141894169195,0.012807549713515335,0.04920795416245366,0.0,0.0,0.0,0.0,0.0,0.0,0.0,0.0,0.0,0.0,0.0,0.0,0.0,0.0,0.0,0.0
0294ad4c3a43e9ce04f6fd826e3113028680c77a,1,0.9405255878284924,0.0,0.0,0.0,0.07991481730553687,0.03138309796009863,0.0,0.0,0.0,0.0,0.010759919300605245,0.0,0.0,0.0,0.0,0.0,0.0,0.0,0.0,0.0,0.0
0294b7319426bc233de1ee9f862dd1eacc1a923e,0,0.9391424619640387,0.0,0.0,0.0,0.043258922941102285,0.0,0.06041114894690377,0.0,0.0,0.0,0.0,0.0,0.0,0.0,0.0,0.0,0.0,0.0,0.0,0.0,0.0
02952e3d805d19136c060684f737afef71875166,0,0.9363762102351314,0.0,0.0,0.0,0.0,0.0,0.0,0.0,0.0,0.0,0.0,0.0,0.0,0.0,0.01357509018416556,0.20628441237896336,0.0,0.0,0.04727548889310803,0.0,0.0
029534bbd2ac8a7f826d895a1668d853dd3aa45a,0,0.0,0.0,0.0,0.0,0.0,0.0,0.0,0.0,0.0,0.0,0.0,0.0,0.0,0.0,0.0,0.0,0.0,0.0,0.0,0.0,0.0
02957c56889f6b66dfb9f6d34e5489d0858c9f89,0,0.0,0.0,0.009991673605328892,0.0,0.0,0.0,0.0,0.0,0.0,0.0,0.0,0.0,0.0,0.0,0.0,0.0,0.0,0.0,0.0,0.0,0.0
0295dfc3df28c7922aecb528bc01997f1f9ea63e,1,0.0,0.0,0.0,0.0,0.0,0.0,0.0,0.0,0.0,0.0,0.0,0.0,0.0,0.0,0.0,0.0,0.0,0.0,0.0,0.0,0.0
02962d475de14df2d1d95de0a55b6b7f3aca9a39,0,0.9432918395573997,0.0,0.03179824561403509,0.0,0.0,0.0,0.0,0.0,0.0,0.0,0.0,0.0,0.0,0.0,0.0,0.0,0.0,0.0,0.0,0.0,0.0
0296568ae017267008af5272b3bc56c49af235dd,0,0.946058091286307,0.07207097715119105,0.03366553232863393,0.0,0.04120077783179388,0.0,0.0,0.0,0.0,0.0,0.0,0.0,0.0,0.0,0.0,0.0,0.0,0.0,0.0,0.022241127856101117,0.0
029675ea23026f1674f89a48da5e438e79c34432,0,0.0,0.0,0.0,0.0,0.0,0.0,0.0,0.012543173968369388,0.0,0.0,0.0,0.0,0.0,0.0,0.0,0.0,0.017269587347754953,0.0,0.0,0.0,0.0
02968bf88b3eb28fed168ab4ea04ae50bacc92c1,0,0.9412171507607192,0.0,0.0,0.0,0.0,0.0,0.0,0.0,0.0,0.0,0.0,0.0,0.0,0.0,0.0,0.0,0.0,0.0,0.0,0.0,0.0
0296bf04c83365470379a8fe5853bbb6a2c8f6f4,0,0.9398340248962656,0.0,0.0,0.0,0.0,0.0,0.0,0.0,0.0,0.0,0.0,0.0,0.0,0.0,0.0,0.0,0.0,0.0,0.0,0.0,0.0
0296d90dbb94c99df675fb74cfb54d9ef57daa22,0,0.950207468879668,0.0,0.0,0.0,0.0,0.0,0.0,0.0,0.0,0.0,0.0,0.0,0.0,0.0,0.0,0.0,0.0,0.0,0.0,0.0,0.0
029703d544d1429927a3d4fdc0ccc9fc5d461925,1,0.0,0.0,0.0,0.0,0.0,0.0,0.0,0.0,0.0,0.0,0.08445945945945946,0.0,0.0,0.0,0.0,0.0,0.0,0.0,0.0,0.0,0.0
02973cc9ae48f755f4b8e485d3d4296cd1c5ae93,1,0.9432918395573997,0.0,0.0,0.0,0.0,0.0,0.0,0.0,0.0,0.0,0.0,0.0,0.0,0.0,0.0,0.0,0.0,0.0,0.0,0.0,0.0
0297451c3a82b656362421040c3275c117437ab9,0,0.9439834024896265,0.0,0.0,0.0,0.0,0.0,0.0,0.0,0.0,0.0,0.0,0.0,0.0,0.0,0.0,0.0,0.0,0.0,0.0,0.0,0.0
029749f836c27d79b3eaead6fbd06b008737e2dc,0,0.9854771784232366,0.0,0.0,0.0,0.0,0.0,0.0,0.0,0.0,0.0,0.0,0.0,0.0,0.0,0.0,0.0,0.0,0.0,0.0,0.0,0.0
029764ba7a2020e653685dde83c34be77d9f1fd1,1,0.0,0.0,0.0,0.0,0.0,0.0,0.0,0.0,0.0,0.0,0.0,0.0,0.0,0.0,0.0,0.0,0.0,0.0,0.0,0.01090909090909091,0.0
02979b69d75ec14728cd8462c3cfbb0b53dcc577,0,0.9391424619640387,0.0,0.021120315396709922,0.0,0.0,0.0,0.0,0.0,0.0,0.0,0.0,0.0,0.0,0.0,0.0,0.0,0.0,0.0,0.0,0.029662309623823716,0.0
0297da60088618d193cdd0ccde44e5545cd8f9cd,1,0.9405255878284924,0.01756272401433692,0.0,0.0,0.0,0.0,0.0,0.0,0.0,0.0,0.0,0.0,0.0,0.0,0.0,0.0,0.0,0.0,0.0,0.0,0.0
0298395a2d56d4045ebc65bfcc46f62605e7871c,0,0.0,0.0,0.0,0.0,0.0,0.0,0.0,0.0,0.0,0.0,0.0,0.0,0.0,0.0,0.0,0.0,0.0,0.0,0.0,0.0,0.0
0298540c7f0ce125f22f7619fa243c1d5a2b76ed,0,0.9481327800829875,0.0,0.04842706074952436,0.0,0.0,0.0,0.0,0.0,0.07459846909428787,0.010928719968143003,0.0,0.0,0.018339896464758195,0.011061457457634618,0.0,0.0,0.0,0.0,0.0,0.0,0.0
0298a1188588d6d8a295389a5aa6feb7e3a235a8,0,0.9405255878284924,0.08667736757624397,0.0,0.0,0.0,0.0,0.025682182985553772,0.0,0.0,0.0,0.0,0.0,0.0,0.0,0.0,0.0,0.0,0.0,0.0,0.0,0.0
0298ed6f47d8a027b0f4b15e2b6d47bd2d3975bf,0,0.9391424619640387,0.0,0.0,0.0,0.0,0.0,0.0,0.0,0.0,0.0,0.0,0.0,0.0,0.0,0.03313953488372093,0.1063953488372093,0.0,0.0,0.0,0.0,0.0
02991d82e1a66e37fdda5f338531bdf239b8474f,0,0.9508990318118948,0.0,0.0,0.0,0.0,0.0,0.0,0.0,0.0,0.0,0.0,0.0,0.0,0.0,0.0,0.0,0.0,0.0,0.0,0.0,0.0
029958a256d18e374e28967375e33ee236f2faa9,1,0.0,0.0,0.0,0.02720820189274448,0.0,0.0,0.0,0.0,0.0,0.0,0.0,0.0,0.0,0.0,0.0,0.0,0.0,0.0,0.0,0.0,0.0
02995979afdf3c07b592c11469d3b0ebfe9e54d1,0,0.9398340248962656,0.0,0.0,0.0,0.0,0.0,0.0,0.0,0.0,0.0,0.0,0.0,0.0,0.0,0.0,0.0,0.0,0.0,0.0,0.0,0.0
02995d4e89185a01504647d226e63d20516208c3,1,0.0,0.0,0.0,0.0,0.0,0.0,0.0,0.0,0.0,0.0,0.0,0.0,0.0,0.0,0.0,0.0,0.0,0.0,0.0,0.0,0.0
02995dbccc0d35d25eb491f7ed35daf85e8c8b9c,0,0.946058091286307,0.10808114399733953,0.0,0.0,0.0,0.0,0.015630196208846026,0.0,0.0,0.0,0.0,0.0,0.0,0.0,0.0,0.0,0.0,0.0,0.0,0.17891586298636514,0.0
0299943cc9bdef6cecb1a306a436026f197920bd,1,0.9391424619640387,0.0,0.050955414012738856,0.0,0.0,0.0,0.0,0.0,0.0,0.0,0.0,0.0,0.0,0.0,0.0,0.0,0.0,0.0,0.0,0.0,0.0
029998c89ca8ac4c0ab66dedb9211985a7876481,0,0.9453665283540802,0.0,0.0,0.0,0.0,0.0,0.0,0.0,0.0,0.0,0.0,0.0,0.0,0.04146660846791794,0.0,0.0,0.0,0.0,0.0,0.0,0.0
0299b7cf4b81efb353c80582590b425dc110b196,0,0.9405255878284924,0.0,0.0,0.0,0.0,0.0,0.0,0.0,0.0,0.04354904354904355,0.0,0.0,0.0,0.0,0.0,0.0,0.0,0.0,0.0,0.0,0.0
0299fdf752b57f05cb320900219c380dcb2b84c4,1,0.9446749654218534,0.024742268041237112,0.0,0.0,0.0,0.0,0.0,0.0,0.0,0.0,0.0,0.0,0.0,0.0,0.0,0.0,0.0,0.0,0.0,0.0,0.0
029a340b1a42e187372eeedbcacef3b947bbf099,0,0.9391424619640387,0.015278424073212346,0.017062199472622927,0.0,0.048859934853420196,0.08942143632697379,0.0,0.0,0.0,0.0,0.0,0.0,0.007367767954087172,0.0,0.11602295641383589,0.0,0.0,0.0,0.0,0.0,0.05545214828602451
029a451e1a051d7f162c622500cb053db39561d0,0,0.9481327800829875,0.0,0.0,0.0,0.0,0.0,0.0,0.0,0.0,0.03104575163398693,0.0,0.0,0.0,0.0,0.0,0.0,0.0,0.0,0.0,0.0,0.0
029a53605043810e7efb0e801d60a343a144e218,0,0.9412171507607192,0.02441411279938192,0.008859129539016224,0.0,0.0,0.0,0.0,0.0,0.0,0.0,0.0,0.0,0.0,0.0,0.0,0.0,0.0,0.0,0.0,0.0,0.0
029a94265e7776963f21dc8e05aee7d3504a1740,1,0.0,0.07293279653143388,0.0,0.0,0.0,0.0,0.017807370703004026,0.0,0.0,0.0,0.0,0.0,0.0,0.0,0.0,0.0,0.0,0.0,0.0,0.0,0.0
029a9f5675d9c26bb043f04d3a78b2f7eb54c287,0,0.9412171507607192,0.0,0.0,0.0,0.0,0.0,0.0,0.0,0.0,0.028442437923250564,0.0,0.0,0.0,0.0,0.016704288939051917,0.0,0.0,0.0,0.0,0.0,0.0
029af9f7a2a9c414435a0940e043487a76c2d301,0,0.9522821576763485,0.08350951374207188,0.0,0.0,0.0,0.0,0.02466525722339676,0.0,0.0,0.0,0.0,0.0,0.0,0.019027484143763214,0.0,0.0,0.0,0.0,0.0,0.0,0.0
029b01e1748782081f38a74fd9491cfe2ad907ac,0,0.0,0.0,0.0,0.0834561961666796,0.0,0.0,0.0,0.0,0.0,0.0,0.0,0.0,0.15469077364786218,0.0,0.09303949716768836,0.0,0.0,0.006324202684876232,0.0,0.0,0.0
029b3aff4aa043d086f9b0a4d57040b1106b2787,1,0.9384508990318119,0.0,0.0,0.0,0.013567839195979899,0.0,0.0,0.0,0.0,0.0,0.0,0.0,0.0,0.0,0.0,0.0,0.027386934673366833,0.0,0.0,0.0,0.0
029ba52395807b9cb8f933ec71b2482a78c83c45,1,0.9384508990318119,0.0,0.0,0.0,0.0,0.0,0.0,0.0,0.0,0.0,0.0,0.0,0.0,0.0,0.0,0.0,0.0,0.0,0.0,0.0,0.0
029bb226e8f1253fe957bf5e6ccc285c10449696,0,0.9370677731673582,0.0,0.0,0.0,0.0,0.0,0.0,0.0,0.025490770583064752,0.0,0.0,0.0,0.0,0.0,0.040140638734251395,0.0,0.0,0.0,0.0,0.0,0.0
029bb92bced058f89d9b23020a72b29686198122,0,0.9453665283540802,0.0,0.0,0.0,0.0,0.0,0.0,0.0,0.013422818791946308,0.0,0.0,0.0,0.04194630872483222,0.0,0.0,0.0,0.0,0.0,0.0,0.0,0.0
029bcec86b6c02f3ef1d42e7fa20aa2ca942df3b,1,0.9377593360995851,0.016133577567986473,0.014794983795970128,0.0,0.04396223756516838,0.0,0.0,0.0,0.0,0.0,0.0,0.014372269973228125,0.0,0.0,0.013456390023953784,0.0,0.0,0.0,0.0,0.0,0.0
029c25f3c258dbea717f8ba5b8069b3d38b69d8c,0,0.9426002766251729,0.0,0.02391304347826087,0.0,0.0,0.0,0.0,0.0,0.0,0.0,0.0,0.0,0.0,0.0,0.017391304347826087,0.0,0.0,0.0,0.0,0.0,0.017391304347826087
029c84abe48f6532319060c02459e8aceecec67f,1,0.9405255878284924,0.0,0.0,0.0,0.0,0.0,0.0,0.0,0.0,0.0,0.0,0.0,0.0,0.0,0.0,0.0,0.0,0.0,0.0,0.0,0.0
029cc0cafff9e80ea72c4022e496474bf74274c2,1,0.9412171507607192,0.0,0.0,0.0,0.02585746340420985,0.0,0.0,0.0,0.022972539801260818,0.0,0.0,0.0,0.0,0.0,0.01752323966235709,0.0,0.0,0.0,0.0,0.0,0.01698899455069986
029ce7489de2764c538fa4efe9f0bfa9d8ebc810,1,0.0,0.03363812690495982,0.0,0.0,0.0,0.0,0.0,0.0,0.0,0.00831255195344971,0.0,0.0,0.0,0.0,0.0,0.0,0.024050983651981158,0.0,0.0,0.0,0.0
029d2eb858f52447dcdc55ad04c98f00a503c4aa,0,0.9426002766251729,0.0,0.0,0.0,0.0,0.021362353889560662,0.0,0.014107214832728738,0.0,0.0,0.0,0.0,0.0,0.0,0.0,0.006449012494961709,0.0,0.0,0.0,0.0,0.0
029d56ca6593d0ebfcb1f3b6f1690fead97cc131,0,0.9432918395573997,0.0,0.03241491085899514,0.0,0.024311183144246355,0.0,0.024311183144246355,0.0,0.0,0.019448946515397084,0.0,0.0,0.0,0.03241491085899514,0.0,0.0,0.0,0.0,0.0,0.0,0.0
029d71dfdbaa3e53c4291f5f8bc052c353a126e8,0,0.9481327800829875,0.20133882595262617,0.0,0.0,0.0,0.007209062821833162,0.0,0.0,0.0,0.0,0.0,0.0,0.0,0.0,0.0,0.0,0.0,0.0,0.0,0.0607621009268795,0.0
029d8df256b3f2a6c59ad9b0f71156ff0400cc65,0,0.9474412171507607,0.0,0.0,0.0,0.0,0.0,0.0,0.015544831089662179,0.0,0.015494030988061977,0.0,0.019558039116078233,0.0,0.0,0.0,0.0,0.0,0.0,0.0,0.0,0.0
029e3231331a7d557714c7c489c146e75bbbdaec,0,0.941908713692946,0.04053558327219369,0.04273661041819516,0.0,0.0,0.0,0.01999266324284666,0.0,0.0,0.0,0.0,0.0,0.0,0.0,0.0,0.0,0.0,0.0,0.0,0.06052824651504035,0.0
029e45f5ca20ea73da4dfa6f8ad544e6947df932,1,0.9432918395573997,0.0,0.0,0.0,0.0,0.0,0.0,0.0,0.0,0.0,0.0,0.0,0.0,0.0,0.0,0.0,0.0,0.0,0.0,0.0,0.0
029e5478eaddcfc913ca54f5893dbbe1e31646fb,0,0.9426002766251729,0.0,0.0,0.0,0.0,0.0,0.0,0.0,0.0,0.0,0.0,0.0,0.0,0.0,0.0,0.0,0.0,0.0,0.0,0.0,0.0
029eb40f970a0db601fbd47dd52b6e3a8adae9be,0,0.9453665283540802,0.0,0.0,0.0,0.0,0.0,0.0,0.0,0.0,0.0,0.0,0.0,0.0,0.0,0.0,0.0,0.0,0.0,0.0,0.0,0.0
029ef3323267f40c99e4348e0cc921f489c80a11,1,0.0,0.0,0.0,0.0,0.0,0.0,0.021604938271604937,0.0,0.0,0.0,0.0,0.0,0.0,0.0,0.0,0.0,0.0,0.0,0.0,0.0,0.0
029f16dc1bff5d047481aa112810ed945a232e43,0,0.9398340248962656,0.03188565145684442,0.0,0.0,0.018416712479384277,0.0,0.0,0.0,0.0,0.0,0.0,0.0,0.0,0.0,0.0,0.0,0.0,0.0,0.0,0.0,0.026525563496426607
02a078e1172ac1624495ae6d62309108ebd8a373,0,0.9522821576763485,0.0,0.0,0.0,0.0,0.0,0.0,0.026960110041265476,0.0,0.0,0.0,0.0,0.02200825309491059,0.0,0.0,0.07235213204951857,0.0,0.0,0.0,0.0,0.0
02a095b59d5d808eb7a74ad4a26d4ac2450111dd,0,0.9363762102351314,0.0,0.011427885841119393,0.0,0.0,0.0,0.016309482745692046,0.007963526747551703,0.0,0.0,0.0,0.0,0.0,0.0,0.0,0.0,0.0,0.0,0.0,0.0,0.0
02a0fb753f3bfd1fd48874b54823fab31f8017d7,0,0.9377593360995851,0.017411491584445733,0.0,0.0,0.05107370864770749,0.0,0.0,0.04178757980266976,0.0,0.0,0.011027278003482298,0.0,0.0,0.0,0.0,0.0,0.0,0.0,0.0,0.0,0.0
02a1287b05be74bb5dde37882943e8135c010273,0,0.9412171507607192,0.0,0.0,0.0,0.0,0.0,0.0,0.0,0.0,0.0,0.0,0.0,0.0,0.0,0.0,0.0,0.0,0.0,0.0,0.0,0.0
02a15b45a8a1f3a5b902d534540ee59022a5c008,0,0.9426002766251729,0.0,0.0,0.10126582278481013,0.0,0.0,0.005391467416783873,0.11181434599156118,0.0,0.0,0.0,0.0,0.02390998593530239,0.0,0.0,0.0,0.0,0.0,0.0,0.0,0.0
02a1ebe18330975dcc5c2912b18f564e826f8e86,1,0.9377593360995851,0.0,0.0,0.0,0.0,0.0,0.0,0.0,0.0,0.0,0.0,0.0,0.0,0.0,0.0,0.0,0.0,0.0,0.0,0.0,0.00966183574879227
02a2150da13a1517d4c6b178c286598ff81c5b08,1,0.9432918395573997,0.0,0.0,0.0,0.0,0.0,0.0,0.0,0.0,0.013213637280613274,0.0,0.0,0.0,0.0,0.0,0.0,0.0,0.0,0.0,0.009330240064555174,0.008119830542666935
02a22b362bfa430cce8f543500ca654c03d496bd,1,0.0,0.0,0.0,0.024566314316231446,0.0,0.005193178888438731,0.009207763986593495,0.04080880998858237,0.0,0.0,0.0,0.0,0.0,0.0,0.0,0.0,0.0,0.002209863356782439,0.0,0.0,0.0
02a22c3422e60abf0b0fd414a3ab40cc9928beb3,0,0.9439834024896265,0.0,0.015532544378698224,0.0,0.0,0.0,0.015384615384615385,0.0,0.0,0.0,0.0,0.0,0.0,0.0,0.0,0.0,0.0,0.0,0.0,0.019970414201183433,0.0
02a22ce25b3e033aed14669ac6db2f11aa3b7b9a,0,0.9426002766251729,0.0,0.0,0.0,0.0,0.0,0.0,0.0,0.0,0.0,0.0,0.0,0.14476190476190476,0.0,0.0,0.0,0.0,0.0,0.0,0.0,0.0
02a23d70f45d63898c7a7348238222b0580b7489,1,0.941908713692946,0.0,0.0,0.0,0.0,0.0,0.0,0.0,0.0,0.0,0.0,0.0,0.0,0.0,0.0,0.0,0.0,0.0,0.0,0.0,0.0
02a242c9f557227ad69b0df1a33077b006de14aa,0,0.9384508990318119,0.0,0.0,0.0,0.0,0.0,0.0,0.0,0.0,0.0,0.0,0.0,0.0,0.0,0.0,0.0,0.0,0.0,0.0,0.0,0.0
02a26a34c6dbf03504e3ab0149b173705aa8a076,1,0.9349930843706777,0.05776173285198556,0.0,0.0,0.0,0.0,0.0,0.0,0.0,0.0,0.0,0.0,0.0,0.0,0.0,0.0,0.0,0.0,0.0,0.1299638989169675,0.0
02a2a426c066a397ab0e381895a42a0fa7eb5bbf,1,0.9384508990318119,0.0,0.0,0.0,0.0,0.0,0.0,0.0,0.0,0.0,0.0,0.0,0.0,0.0,0.017419644864014386,0.0,0.0,0.0,0.03809844908968307,0.0,0.008878399640368621
02a2c087c5c9a6f1203b84c791c510d66f86fdec,0,0.9384508990318119,0.0,0.0,0.0,0.0,0.0,0.0,0.0,0.0,0.0,0.0,0.035452322738386305,0.0,0.0,0.0,0.0,0.0,0.0,0.0,0.0,0.0
02a3327357cf92a6f45318b6e929469ee58c79f5,1,0.9363762102351314,0.06956971333371632,0.0,0.0,0.01171942322054346,0.0,0.0,0.0,0.0,0.0,0.0,0.0,0.0,0.0,0.0,0.0,0.0,0.0,0.0,0.0,0.0
02a340b54677144fb948a846d32ee60e62801160,0,0.9481327800829875,0.0,0.045655375552282766,0.0,0.06406480117820323,0.0,0.0,0.0,0.0,0.014285714285714285,0.0,0.0,0.0,0.0,0.0,0.0,0.0,0.0,0.0,0.0,0.0
02a3761f2d16df93a861899761243e54a35dd904,1,0.9432918395573997,0.0,0.0,0.0,0.0,0.0,0.016875181844631947,0.0,0.017942003685384542,0.0,0.0,0.0,0.0,0.0,0.0,0.0,0.0,0.0,0.0,0.013771700126078945,0.0
02a38020b53035bfe7bcd11700b8c0d2e55705c5,1,0.9384508990318119,0.0,0.021313868613138685,0.0,0.0,0.0,0.0,0.0,0.0,0.0,0.0,0.0,0.0,0.0,0.0,0.0,0.0,0.0,0.0,0.0,0.0
02a3e320725702a19e023fb11a50ddd86b30966f,1,0.9453665283540802,0.0,0.0,0.0,0.0,0.0,0.0,0.0,0.0,0.0,0.0,0.0,0.0,0.0,0.0,0.0,0.0,0.0,0.0,0.0,0.0
02a401ee1ec8efd40088dbec55eb812468c771f9,1,0.0,0.0,0.0,0.0,0.0,0.0,0.019261006289308175,0.0,0.0,0.0,0.0,0.0,0.0,0.0,0.0,0.0,0.0,0.0,0.0,0.024764150943396228,0.0
02a4055c3c6e29bbb440ad2baaa0461d333ad3d4,1,0.9384508990318119,0.0,0.0,0.0,0.0,0.0,0.0,0.0,0.0,0.0,0.0,0.0,0.0,0.0,0.0,0.0,0.0,0.0,0.0,0.0,0.0
02a41d923f54f4fadb7f9d3462aae01439223caf,0,0.941908713692946,0.0,0.021889720144084236,0.0,0.0,0.0,0.0,0.0,0.0,0.06705458575782765,0.0,0.0,0.0,0.0,0.0,0.0,0.0,0.0,0.0,0.0,0.0
02a4277b5891dd0bade7f1e90d31bad648f4ea35,1,0.9432918395573997,0.0,0.0,0.0,0.0,0.0,0.0,0.0,0.0,0.0,0.01262720047537696,0.0,0.0,0.0,0.0,0.0,0.01210725692639085,0.0,0.0,0.02562578920002971,0.0
02a44385dfd4693119ca4cdb25d0e3ed18de612c,0,0.0,0.0,0.0,0.0,0.0,0.0,0.005080440304826418,0.0,0.0,0.0,0.0,0.0,0.0,0.02032176121930567,0.0,0.0,0.0,0.0,0.0,0.0,0.0
02a47e792ed4c192961f8996d5e276d115314f7d,1,0.0,0.0,0.02598468271334792,0.0,0.0,0.0,0.0,0.0,0.0,0.01012035010940919,0.0,0.0,0.0,0.0,0.04814004376367615,0.0,0.0,0.0,0.0,0.0,0.0
02a490c36f4190213713ea67b79ddfa17f37f388,1,0.9522821576763485,0.0,0.0,0.0,0.0,0.0,0.0,0.0,0.0,0.0,0.0,0.0,0.0,0.0,0.0,0.0,0.0,0.0,0.0,0.0,0.0
02a4b1ef8e86465e604b23b74733d6850e509b1a,0,0.9446749654218534,0.09297003884838487,0.006279601937097546,0.0,0.0028204991751370335,0.0,0.05816614336650524,0.0,0.0,0.0,0.0,0.0,0.0,0.003618753658666383,0.0,0.0,0.0,0.0,0.0,0.0,0.0
02a5926eb31a8eb7c24633a7bb77179f477cca95,1,0.9370677731673582,0.0,0.0,0.0,0.0,0.0,0.0,0.011303692539562924,0.0,0.0,0.0,0.0,0.0,0.0,0.0,0.059532780708364735,0.0,0.0,0.0,0.0,0.0
02a594f88d1d2deb7d98416ee6c72963b9d4e79d,1,0.9391424619640387,0.0,0.0,0.0,0.016790442363577657,0.0,0.0,0.0,0.0,0.0,0.0,0.0,0.0,0.0,0.01517597675169519,0.0,0.0,0.0,0.0,0.0,0.0
02a5b920c8b0eceee1941a5862b03a8b15010a7e,0,0.9515905947441217,0.0,0.0,0.01518288474810214,0.0,0.0,0.0,0.0,0.0,0.0,0.0,0.0,0.0,0.0,0.0,0.0,0.0,0.08074534161490683,0.0,0.0,0.0
02a5b9621e2d85274c5e8a24981e624f2e9f80de,1,0.9398340248962656,0.10061652281134402,0.0,0.0,0.0069050554870530205,0.027866831072749693,0.0,0.0,0.0,0.0,0.0,0.0,0.0,0.02367447595561036,0.0,0.0,0.0,0.0,0.0,0.0,0.04759556103575832
02a5d688e1e52db3e95e6b973e30aafc989be7f8,0,0.9370677731673582,0.024329950559458757,0.0,0.0,0.0,0.0,0.0,0.16478011969815248,0.0,0.0,0.0,0.0,0.01723913609159511,0.013140775435857403,0.0,0.0,0.0,0.0,0.0,0.0,0.0
02a63ea2c058f7f01953664ac074592b15524f39,0,0.9557399723374828,0.0642570281124498,0.0,0.0,0.0,0.0,0.06104417670682731,0.0,0.0,0.0,0.0,0.0,0.0,0.03293172690763052,0.0,0.0,0.0,0.0,0.0,0.0,0.0
02a676ceb631550b1dc3e9752802308614504b53,0,0.946058091286307,0.0,0.013016157989228007,0.0,0.03411131059245961,0.0,0.0,0.0,0.01526032315978456,0.0,0.0,0.0,0.0,0.0,0.0,0.0,0.0,0.0,0.0,0.0,0.0
02a6c95686fbd7476ce860afc8cb70da6e8223dc,0,0.9543568464730291,0.0,0.0,0.0,0.01159361334282518,0.0,0.0,0.0,0.0,0.011695311705481541,0.0,0.0,0.0,0.0,0.0,0.0,0.0,0.0,0.0,0.0,0.013525882233296043
02a6f120f3df7b8a84ea3a599a268259d3e5cefb,1,0.0,0.01744186046511628,0.0,0.0,0.01744186046511628,0.01744186046511628,0.0,0.0,0.0,0.029069767441860465,0.0,0.0,0.0,0.0,0.0,0.0,0.0,0.0,0.0,0.0,0.0
02a6fe4c4f0cc202fe4f1cddc0ef0292520866bb,0,0.9398340248962656,0.0,0.0,0.0,0.0,0.0,0.01789119234046006,0.0,0.09229583350237332,0.0026370238143535235,0.0,0.0,0.0,0.0,0.0,0.0,0.0,0.0,0.0,0.0,0.0
02a70e7e27d85425ba683355dd8751d833c9ba2d,0,0.0,0.0,0.0,0.0,0.0,0.0,0.0,0.0,0.0,0.0,0.0,0.0,0.0,0.0,0.0,0.0,0.0,0.0,0.0,0.0,0.0
02a76fff0a5c5753641f3674327f00516556290c,1,0.9384508990318119,0.0,0.0,0.0,0.0688622754491018,0.0,0.0,0.0,0.0,0.0,0.0,0.0,0.0,0.0,0.0,0.0,0.0,0.0,0.0,0.0,0.0
02a782e00c6bd72236221b71fecd15803281fdbc,0,0.9377593360995851,0.0,0.0,0.0,0.0,0.0,0.0,0.0,0.0,0.0,0.0,0.0,0.0,0.0,0.0,0.0,0.0,0.0,0.0,0.0,0.0
02a79e5304676f295334b8e0f220f63507ed019a,0,0.0,0.0,0.0,0.0,0.0,0.0,0.0,0.0,0.0,0.0,0.0,0.0,0.0,0.0,0.0,0.0,0.0,0.0,0.0,0.0,0.0
02a7a602e2066d053aa74120b9b4d72844d474de,0,0.9474412171507607,0.023598443778302187,0.06613942215702533,0.0,0.010714969066904776,0.0,0.0,0.0,0.0,0.0,0.0,0.0,0.0,0.010842528222463167,0.0,0.0,0.0,0.0,0.0,0.0,0.0
02a7bd38347c80ff630c8a6ef2866189a5cfe865,0,0.9370677731673582,0.0,0.0,0.0,0.0,0.0,0.0,0.009082483781278962,0.0,0.0,0.0,0.0,0.0,0.025393883225208528,0.0,0.0,0.0,0.0,0.0,0.0,0.0
02a7c051a62d81cb21f5cdee379f46e1ac92c208,0,0.9349930843706777,0.0,0.0,0.0,0.0,0.10388782664117271,0.0,0.5493945188017846,0.0,0.0,0.0,0.0,0.0,0.0,0.0,0.0,0.0,0.0,0.0,0.0,0.0
02a7efec5d0458d2b9aa6a20b15731471bd7d594,0,0.9377593360995851,0.0,0.0,0.0,0.0,0.0,0.0,0.08628107859559234,0.0,0.0,0.0,0.0,0.0,0.0,0.0,0.00894997865142707,0.0,0.009212730318257957,0.01620849344763031,0.0,0.0
02a832231532852e5ecf2debee992ea0d4fdf547,0,0.9453665283540802,0.0,0.0,0.0,0.0,0.0,0.0,0.0,0.0,0.0,0.0,0.0,0.0,0.0,0.0,0.0,0.0,0.0,0.0,0.0,0.0
02a84fa741528fd81045106103bcf2b56340db54,0,0.9439834024896265,0.0,0.0,0.0,0.0,0.0,0.0,0.028657824204522026,0.0,0.01834925434678029,0.0,0.0,0.09826128788399423,0.0,0.0,0.0,0.0,0.019874922685726066,0.0,0.0,0.0
02a863db4c374d82869d3ea132fd29e6fb84b74f,0,0.0,0.017551020408163264,0.0,0.0,0.0,0.0,0.015510204081632653,0.0,0.0,0.0,0.0,0.0,0.0,0.0,0.0,0.0,0.0,0.0,0.0,0.0,0.0
02a8d8f3ecebf807e4773c500acbcf5f901fbc2e,0,0.0,0.03323485967503693,0.0,0.0,0.0,0.0,0.0,0.0,0.0,0.0,0.0,0.0,0.0,0.0,0.0,0.0,0.0,0.0,0.0,0.0,0.0
02a8f8ebb426257e79075212b39aa5ee7775c1f7,1,0.0,0.0,0.0,0.0,0.0,0.0,0.0,0.0056179775280898875,0.0,0.0,0.0,0.0,0.0,0.020599250936329586,0.0,0.0,0.0,0.0,0.0,0.0,0.0
02a9101780b44fe6d8b89de708e7a03b155d143e,1,0.9453665283540802,0.0,0.0,0.0,0.013321873657069187,0.0,0.0,0.0,0.0,0.0,0.0,0.0,0.0,0.0,0.0,0.0,0.0,0.0,0.0,0.0,0.0
02a9791d07a39761c72c07b19b2862f683d5b6b4,0,0.0,0.0,0.0,0.0,0.0,0.0,0.0,0.0,0.0,0.0,0.0,0.0,0.0,0.0,0.0,0.0,0.0,0.0,0.0,0.0,0.0
02a98f80a0b7ba440f334a9f74d4f234b85dad7a,0,0.9398340248962656,0.0,0.021366517961962903,0.0,0.021836111763324725,0.0,0.04954214604367222,0.0,0.0,0.0,0.0,0.0,0.0,0.10518901150504813,0.0,0.0,0.0,0.0,0.0,0.0,0.0
02a9df4ccd87dedb0af4a05876306e43f073c57f,0,0.9495159059474412,0.0,0.044585987261146494,0.0,0.035120311394196746,0.0,0.0,0.0,0.025035385704175513,0.0,0.0,0.0,0.0,0.0,0.0,0.0,0.01786978060863411,0.0,0.0,0.0,0.012561924982307147
02aa0c2da8ca47b12bac191185a4cd3ef0e480b5,1,0.9377593360995851,0.0,0.0,0.0,0.0,0.0,0.0,0.0,0.0,0.0,0.0,0.0,0.0,0.0,0.0,0.0,0.0537773746274459,0.0,0.0,0.0,0.0
02aa52d3f1ef7597741700f05d1593f9f68ce2d2,1,0.9481327800829875,0.0,0.0,0.0,0.0,0.0,0.0,0.0,0.0,0.007932310946589107,0.0,0.0,0.0,0.0,0.0,0.0,0.0,0.0,0.0,0.0,0.0
02aa54cebf0bd2d424f252ee03baed1cfb707c44,1,0.946058091286307,0.0,0.048763736263736264,0.0,0.0260989010989011,0.0,0.011675824175824176,0.0,0.0,0.0,0.0,0.0,0.0,0.0,0.019917582417582416,0.0,0.0,0.0,0.0,0.0,0.0
02aa5b46eed7864dc3ff0c23b565cb6ef3263782,0,0.9412171507607192,0.0,0.0,0.0,0.0228874009890158,0.0,0.018926961620935625,0.0,0.0,0.030961445888582555,0.0,0.0,0.0,0.0,0.0,0.0,0.0,0.020108529167213687,0.0,0.0,0.0
02aaa144abf45664c86a3e8cc7445089ed3610bc,0,0.9488243430152143,0.0,0.0,0.0,0.0,0.0,0.0,0.0,0.0,0.0,0.0,0.0,0.0,0.0,0.0,0.0,0.0,0.0,0.0,0.014490282986703034,0.0
02aabffd75128d3df13f143be1000886156674ad,1,0.9398340248962656,0.0,0.0,0.0,0.0,0.0,0.0,0.0,0.0,0.0,0.0,0.0,0.0,0.0,0.0,0.0,0.0,0.0,0.0,0.0,0.0
02aaf97d59178c9f179902cf89ab4f14537b0d25,0,0.9453665283540802,0.0,0.0,0.0,0.0,0.0,0.0,0.0,0.0,0.0,0.0,0.0,0.0,0.0,0.0,0.0,0.0,0.0,0.0,0.0,0.0
02ab60cee78d3672af9a3c1bebe302f73353151c,1,0.9391424619640387,0.014884535405494144,0.03491299113494582,0.016854547444456604,0.0,0.0,0.0,0.0,0.0,0.0,0.0,0.0,0.0,0.011053956440844916,0.0,0.0,0.0,0.0,0.0,0.0,0.0
02ab95a5c4bced58bf92a7586637e2fe313aecc2,0,0.9481327800829875,0.0378716744913928,0.0,0.013145539906103286,0.0,0.0,0.0,0.0,0.0,0.0,0.0,0.0,0.0,0.0,0.0,0.0,0.0,0.0,0.0,0.0,0.0
02abb33d874334b3ccb91e99365dd1a6f7a37b86,0,0.9481327800829875,0.0,0.0,0.0,0.0,0.0,0.0,0.0,0.0,0.0,0.0,0.0,0.0,0.0,0.0,0.0,0.0,0.0,0.0,0.0,0.0
02ac391aaf7dcd3c6ecdb625aa313d0ca1b3174f,0,0.9377593360995851,0.0,0.0,0.0,0.0,0.0,0.0,0.0,0.0,0.0,0.0,0.06383232106704775,0.011789924973204717,0.0,0.0,0.01321900678813862,0.0,0.0,0.0,0.0,0.0
02ac787dd8f65ff80edaadbc3864d79303c15aa2,0,0.0,0.0,0.0,0.0,0.0,0.01951746489016925,0.023982715160244868,0.04097947425279078,0.0,0.0,0.0,0.0,0.0,0.02405473532589125,0.0,0.0,0.0,0.0,0.0,0.0,0.0
02acd71be2c81352696c9ffaf937b7dbe14bbdf8,0,0.9370677731673582,0.0,0.0,0.0,0.05762081784386617,0.0,0.0,0.0,0.0,0.0,0.0,0.0,0.0,0.0,0.0,0.0,0.0,0.0,0.0,0.0,0.0
02acfe63b443ba1bce1f2bd15314cde72fd5122a,1,0.0,0.0,0.0,0.0537280701754386,0.022478070175438597,0.0,0.0,0.0,0.014802631578947368,0.014802631578947368,0.0,0.0,0.012609649122807017,0.0,0.0,0.0,0.0,0.0,0.0,0.0,0.0
02ad0e006e2054711b7d21c7e43e3c607dc44877,0,0.9377593360995851,0.0,0.18581907090464547,0.0,0.0,0.0,0.0,0.0,0.0,0.0,0.0,0.0,0.0,0.0,0.018337408312958436,0.0,0.0,0.0,0.0,0.0,0.0
02add4574480559b3b9f7fb3b6e032badd192bef,1,0.9377593360995851,0.0,0.0,0.0,0.0,0.0,0.0,0.0,0.0,0.0,0.0,0.0,0.0,0.0,0.0,0.0,0.0,0.0,0.0,0.0,0.0
02adf831ef50b9f36d5ca391570d6e9df944272f,1,0.9384508990318119,0.0,0.0,0.0,0.0,0.012282734646581691,0.0,0.0,0.0,0.0,0.0,0.0,0.0,0.013904982618771726,0.0,0.0,0.0,0.0,0.0,0.031054461181923523,0.0
02ae3ac9a2381be8500dbe2cd4c04700e9609b17,0,0.9398340248962656,0.10439921208141825,0.0,0.0,0.0,0.0,0.0,0.0,0.0,0.0,0.0,0.0,0.0,0.0,0.0,0.0,0.0,0.0,0.0,0.026920551543007223,0.025607353906762966
02ae6422be23a3f6e30c6cb4e5071016f5dbfa4f,1,0.9391424619640387,0.0,0.2688400661469407,0.0,0.0,0.0,0.0,0.0,0.0,0.0,0.0,0.0,0.0,0.0,0.0,0.0,0.0,0.0,0.0,0.0,0.0
02aee87839783763abb71ef38a091ebb916b8174,0,0.9398340248962656,0.0,0.0,0.0,0.0,0.0,0.0,0.0,0.0,0.0,0.0,0.0,0.01213307240704501,0.0,0.0,0.0,0.0,0.01487279843444227,0.0,0.0,0.0
02af0ad35f3f3a4c3b5278399570742c4ec94fc8,1,0.0,0.0,0.0,0.0,0.0,0.0,0.0,0.0,0.0,0.0,0.0,0.0,0.0,0.0,0.0,0.0,0.0,0.0,0.0,0.0,0.0
02af2abba9df1cbbccaac0235bd303a4b00f6f86,1,0.9412171507607192,0.0,0.0,0.0,0.029339853300733496,0.05093724531377343,0.0,0.0,0.0,0.0,0.0,0.0,0.0,0.0,0.0,0.0,0.0,0.0,0.0,0.0,0.0
02af9bd16b2ca9e7b78746b32aaad4a90eeb871f,1,0.9377593360995851,0.04026402640264026,0.0,0.0,0.0,0.0,0.014374770810414375,0.0,0.0,0.0,0.0,0.0,0.0,0.0,0.0,0.0,0.0,0.0,0.0,0.0,0.0
02afbf5e53e7639f57ad33ca8159fdc8e31fc10b,0,0.9453665283540802,0.0,0.0,0.0,0.0,0.0,0.0,0.0,0.0,0.0,0.0,0.0,0.0,0.0,0.0,0.0,0.03133903133903134,0.0,0.0,0.0,0.0
02b02f9fbf759f1f16ea0a9b92b36086584df203,0,0.9405255878284924,0.0,0.03998244673070359,0.0,0.0,0.016188015017797066,0.014757748630682464,0.0092967315162449,0.0,0.0,0.0,0.0,0.0,0.0,0.0,0.0,0.0,0.0,0.0,0.0,0.0
02b08f13076f62d490dd5769c62ebfe4c1ef8cc5,0,0.9391424619640387,0.0,0.0,0.0,0.019327632657842334,0.0,0.0,0.0,0.0,0.0,0.0,0.0,0.0,0.0,0.0,0.0,0.016984889305376595,0.0,0.0,0.0,0.05435164577720511
02b0d7180354a31c49a4403437545f10ad0187aa,1,0.9356846473029046,0.03393501805054152,0.016454493634809043,0.0,0.004864145924377732,0.006764202926087782,0.0,0.0,0.0,0.0,0.0,0.0,0.0,0.0,0.0,0.0,0.04575337260117804,0.0,0.0,0.009842295268858065,0.0
02b0e77579bfaa152604da33098b8d2f637020e4,0,0.9446749654218534,0.0,0.0,0.0,0.0,0.0,0.0,0.0,0.0,0.0,0.0,0.0,0.0,0.0,0.0,0.0,0.0,0.0,0.0,0.0,0.0
02b1043f15c850b4436497a6dbb374b95635224d,0,0.9384508990318119,0.0,0.0,0.0,0.005404068946029952,0.0,0.0,0.027302910426674203,0.0,0.0,0.0,0.0,0.0,0.008794857304323256,0.013810398417632099,0.0,0.0,0.0,0.2267942921729302,0.0,0.007911839502684374
02b13d1d7f028bca8da494ca3c11a12025deb171,0,0.9446749654218534,0.0,0.0,0.0,0.0,0.0,0.0,0.0,0.0,0.0,0.0,0.0,0.0,0.0,0.0,0.0,0.0,0.0,0.0,0.0,0.0
02b15a9fdd10c71b377fc267dcad4df40076fb11,1,0.9412171507607192,0.0,0.0,0.0,0.0,0.0,0.0,0.0,0.0,0.0,0.0,0.0,0.0,0.0,0.0,0.0,0.0,0.0,0.0,0.0,0.0
02b1619c636343384741f9ece914c45497ef34d4,0,0.9432918395573997,0.0,0.0,0.0,0.0,0.0,0.0,0.0,0.0,0.0,0.0,0.0,0.0,0.0,0.0,0.0,0.0,0.0,0.0,0.0,0.0
02b16e22bb271e535983fb976a3166e82edd3888,1,0.9453665283540802,0.0,0.0,0.03056768558951965,0.0,0.0,0.0,0.026200873362445413,0.0,0.0,0.0,0.0,0.0,0.0,0.0,0.0,0.2445414847161572,0.0,0.0,0.0,0.0
02b1c10b0ba8ddb1b0290e037c8f4e35bd7b5e3e,0,0.9384508990318119,0.0,0.0,0.010719279167313966,0.018383304852156803,0.014499508052405364,0.0,0.0,0.0,0.006887266324892548,0.0,0.0,0.0,0.0,0.0,0.0,0.0,0.0,0.0,0.0,0.029827559422091036
02b2865a47f5d6c505af6448724cc5303c087b74,1,0.9377593360995851,0.0,0.01768048831824879,0.0,0.0,0.0,0.0,0.0,0.0,0.005683014102294254,0.0,0.0,0.0,0.0,0.4954746369185435,0.0,0.0,0.0,0.0,0.0,0.009892654178067775
02b29234ed408e8fa4cd972a7bf5c065b82214b9,1,0.9467496542185339,0.0,0.0,0.0,0.0,0.0,0.0,0.0,0.0,0.16597870953725832,0.0,0.0,0.03714968498805127,0.035194438409732784,0.051922659135346515,0.0,0.0,0.0,0.0,0.0,0.19704540517054095
02b2c1db3c5b724fa9f75774e96bd97016c32be4,0,0.9398340248962656,0.0,0.0,0.0,0.0,0.0,0.0,0.0,0.0,0.0,0.0,0.0,0.0,0.0,0.0,0.0,0.0,0.0,0.0,0.0,0.0
02b2cd5570141e7566c93feb28dfa03058f6f6bb,1,0.0,0.0,0.0,0.0,0.0,0.0,0.0,0.0,0.0,0.0,0.0,0.0,0.0,0.0,0.0,0.0,0.0,0.0,0.0,0.0,0.0
02b2d2e835ae0307b68ca54180189d2d4c1f3726,1,0.9522821576763485,0.0,0.025574786876776025,0.0,0.0,0.0,0.019504004133298888,0.0,0.017092913114612935,0.0,0.0,0.0,0.0,0.024197020580384053,0.0,0.0,0.0,0.0,0.0,0.0,0.0
02b2e0d2e8f8b65e7545a4a46b40993f52f47df6,0,0.0,0.0,0.0,0.0,0.0,0.0,0.02574171029668412,0.0318499127399651,0.0,0.020942408376963352,0.0,0.0,0.0,0.033595113438045374,0.0,0.0,0.0,0.0,0.0,0.0,0.0
02b3189dc099c23e69d154d9fad914970a7f7c21,0,0.9515905947441217,0.0,0.01773049645390071,0.0,0.012547735951991271,0.0,0.0,0.0,0.0,0.0,0.0,0.0,0.0,0.0,0.0,0.0,0.01745771958537916,0.0,0.0,0.0,0.0
02b358ecc5ae5732670c845196080ca73d859d1c,0,0.9439834024896265,0.0,0.0,0.0,0.0,0.0,0.0,0.0,0.0,0.0,0.0,0.0,0.0,0.0,0.0,0.0,0.0,0.0,0.0,0.0,0.0
02b38f3d98fdf56a1cb8d38e9dfa6308675dc9ff,1,0.9370677731673582,0.0607524321382407,0.0,0.0,0.0,0.0,0.0,0.0,0.008572011701476291,0.0,0.0,0.0,0.0,0.0,0.0,0.0,0.019865296958976802,0.0,0.0,0.0,0.0
02b3e2adee209260935bd2401e08ce1f7287a3d9,1,0.9384508990318119,0.0,0.05784688364738437,0.0,0.0,0.0,0.0,0.0,0.0,0.0,0.0,0.0,0.0,0.0,0.019765449993411517,0.0,0.07458163130847278,0.0,0.0,0.0,0.012122809329292397
02b3f67731eb7311fb995c294862a0fa3ddeb599,0,0.9377593360995851,0.0,0.0,0.0,0.0,0.0,0.0,0.0,0.0,0.0,0.0,0.0,0.0,0.0,0.0,0.0,0.0,0.0,0.0,0.0,0.0
02b4064945d77cbc2a30d85ed12819bd0a94d506,0,0.9432918395573997,0.0,0.0,0.0,0.028362819432743613,0.028924459421510812,0.0,0.0,0.0,0.0,0.0,0.0,0.0,0.0,0.0,0.0,0.0,0.0,0.0,0.0,0.014209491715810166
02b40dd79be8bb95e9fa9babded6f7440c0908f9,1,0.0,0.026400569013848792,0.011003723693569306,0.0,0.0,0.0,0.013932471444709426,0.0,0.0,0.0,0.0,0.0,0.0,0.015522363081042634,0.023346303501945526,0.0,0.0,0.0,0.0,0.014685578009288314,0.021756411865612318
02b41143cf1b5f3ada925c7190d1e15035bfb2a8,0,0.9370677731673582,0.0,0.0,0.0,0.0,0.018334039847392965,0.0,0.0,0.0,0.0,0.0,0.0,0.0,0.0,0.0,0.0,0.0,0.0,0.0,0.0,0.33456973293768544
02b423a630b1103ab0a74167644689d06f234551,1,0.9391424619640387,0.0,0.12832699619771862,0.0,0.02091254752851711,0.0,0.0,0.0,0.0,0.0,0.0,0.0,0.0,0.0,0.0,0.0,0.0,0.0,0.0,0.026615969581749048,0.03326996197718631
02b426d8a321fa4fc12fc00fa37a70c44c1f4f31,0,0.0,0.0,0.0,0.0,0.0,0.0,0.0,0.0,0.0,0.0,0.0,0.0,0.0,0.0,0.0,0.0,0.0,0.0,0.0,0.0,0.0
02b43813fdb2a1ecdb440f285b0ffee0fc4ef2df,0,0.9384508990318119,0.0,0.0,0.0,0.0,0.0,0.0,0.0,0.0,0.0,0.0,0.0,0.0,0.0,0.0,0.0,0.0,0.0,0.0,0.0,0.0
02b440780ebc444dfa3d49c4de30b363fd16dfa0,1,0.0,0.0,0.0,0.0,0.0,0.0,0.0,0.0,0.0,0.0,0.0,0.0,0.0,0.0,0.0,0.0,0.0,0.0,0.0,0.0,0.0
02b463340472861851b385b06e698598b56ed709,1,0.0,0.04396804806445006,0.030245101385949342,0.0,0.0,0.0071687034887690316,0.0107871919164334,0.0,0.0,0.0,0.0,0.0,0.0,0.0,0.0,0.0,0.0,0.0,0.0,0.027650713456680548,0.0
02b5055e5b9a384c864d6258ea496a5a92619bd9,0,0.9439834024896265,0.03967027305512622,0.025244719216898505,0.0,0.0,0.0,0.0,0.0,0.0,0.0,0.0,0.0,0.0,0.0,0.04173106646058733,0.0,0.0,0.0,0.0,0.0,0.0
02b58e7d3b9a9a0754ca35316ce278fcbea27d4a,0,0.9426002766251729,0.0,0.013168020521590423,0.0,0.0,0.0,0.07156904660111159,0.0,0.0,0.0,0.0,0.0,0.0,0.0,0.0,0.0,0.0,0.0,0.0,0.0,0.0
02b611ddd6e8c8a4af331673476659008dff7b6e,0,0.9370677731673582,0.0,0.0,0.0,0.0,0.0,0.0,0.0,0.0,0.0,0.0,0.0,0.0,0.0,0.0,0.0,0.0,0.0,0.0,0.0,0.0
02b61630493e0891948cef1ad859823de2475554,0,0.9384508990318119,0.0,0.0,0.0,0.0,0.0,0.0,0.0,0.0,0.0,0.0,0.0,0.0,0.0,0.0,0.0,0.0,0.0,0.0,0.0,0.0
02b68202bb9a42ef5721a1240dad73424165fea2,0,0.9426002766251729,0.0,0.0,0.0,0.0,0.030921985815602838,0.0,0.0,0.0,0.0,0.0,0.0,0.0,0.0,0.0,0.0,0.01971631205673759,0.0,0.0,0.0,0.04794326241134752
02b6d0e3031bdb2c71f78481024d1294954f3000,0,0.9426002766251729,0.0,0.0,0.0,0.0,0.027871939736346517,0.0,0.0,0.0,0.0,0.0,0.0,0.0,0.0,0.04519774011299435,0.0,0.0,0.0,0.0,0.0,0.0
02b7034981fee9ff46546115c8104144d4a0eca5,0,0.9508990318118948,0.0,0.0,0.0,0.0,0.0,0.04466501240694789,0.0,0.0,0.0,0.0,0.0,0.0,0.0,0.0,0.0,0.0,0.0,0.0,0.0,0.0
02b763b2c126fad56369a9e214d9194d74cd7f67,0,0.9557399723374828,0.0,0.029411764705882353,0.0,0.0,0.0,0.029411764705882353,0.0,0.0,0.0,0.0,0.0,0.0,0.0,0.0,0.0,0.0,0.0196078431372549,0.0,0.0,0.0
02b7b66390a80dd38ffb883ec513d2f7c674eebc,0,0.950207468879668,0.0,0.0,0.0,0.0,0.0,0.0,0.0,0.0,0.0,0.0,0.0,0.0,0.0,0.0,0.0,0.0,0.0,0.0,0.0,0.0
02b7e5aa1f0d9c1c05ca7cd68fa21f582ae25e00,0,0.0,0.0,0.0,0.0,0.0,0.0,0.0,0.0,0.0,0.0,0.0,0.0,0.008754208754208754,0.0234006734006734,0.0,0.0,0.0,0.0,0.0,0.0,0.0
02b7ec2b4d2bbb45b83f22481536f4ea4bad567d,1,0.9426002766251729,0.0,0.0,0.0,0.0,0.0,0.0,0.0,0.0,0.0,0.0,0.0,0.0,0.0,0.0,0.0,0.0,0.0,0.0,0.0,0.0
02b7edbf517a104037c0ff70d8cf95d0e72ca0a8,1,0.9370677731673582,0.0,0.0,0.0,0.0,0.0,0.0,0.0,0.0,0.0,0.0,0.0,0.01657547473447055,0.0,0.0,0.0,0.0,0.0,0.014805278403604764,0.0,0.0
02b80b6bf8d1052fccd8ee4945f82d4177933084,1,0.0,0.0,0.0,0.01327433628318584,0.0,0.0,0.0,0.0,0.0,0.0,0.0,0.0,0.0,0.0,0.0,0.0,0.011430678466076696,0.0,0.0,0.0,0.0
02b861285219bf71a390b3e4311ce1368815f5aa,0,0.0,0.0,0.0,0.0,0.0,0.0,0.0,0.0,0.0,0.0,0.0,0.0,0.0,0.0,0.0,0.0,0.0,0.0,0.0,0.0,0.0
02b91300f66af0a2037d26c2ee896c27d4250c35,0,0.9363762102351314,0.0,0.0626552269135245,0.0,0.21776924813727705,0.038496274554075414,0.0,0.0,0.0,0.0,0.0,0.0,0.0,0.0,0.006999322646195529,0.0,0.0,0.0,0.0,0.0,0.050688643034545046
02b93522f589cdd287a4bf7ae62366eb63a0b019,0,0.9439834024896265,0.0,0.04057835820895522,0.0,0.013759328358208955,0.04640858208955224,0.0,0.0,0.0,0.0,0.0,0.0,0.01189365671641791,0.0,0.0,0.0,0.0,0.0,0.0,0.0,0.0
02b9a111692050047307ca7ac8d8e5ef188ab7de,1,0.0,0.0,0.0,0.0,0.0,0.0,0.0,0.0,0.0,0.039814200398142006,0.0,0.0,0.0,0.07631055076310551,0.0,0.0,0.0,0.0,0.0,0.0,0.0
02b9cee33ac01fe2ca2f692f34dc039f7898d5fe,1,0.9398340248962656,0.01096438575430172,0.0,0.008323329331732693,0.04649859943977591,0.0,0.0,0.0,0.0,0.0,0.0,0.0,0.0,0.0,0.01328531412565026,0.0,0.012004801920768308,0.0,0.0,0.0,0.01648659463785514
02b9de20695a6ed8774be0482e1b3fb89d84363a,1,0.0,0.0,0.02574457344775366,0.0,0.045936395759717315,0.01287228672387683,0.0,0.0,0.0,0.0,0.0,0.0,0.0,0.0,0.0,0.0,0.02233720343260979,0.0,0.0,0.0,0.029404341241797072
02b9efb0627b6e70247309c6a6e9365adff9ea28,0,0.9426002766251729,0.05006501950585176,0.0,0.0,0.0,0.0,0.013328998699609884,0.0,0.0,0.0,0.0,0.0,0.0,0.013654096228868661,0.0,0.0,0.0,0.0,0.0,0.0,0.0
02ba9e149b959d278f08812e09299df2c8fcc830,0,0.9993084370677732,0.0,0.0,0.0,0.0,0.0,0.017861285084667132,0.0,0.0,0.0,0.0,0.0,0.0,0.0,0.0,0.0,0.0,0.0,0.0,0.0,0.021572720946416143
02babae6551bbb8d65fadbb19398a2ca030196c1,0,0.0,0.0,0.012679991403395659,0.0,0.01298087255534064,0.015258972705781216,0.0,0.0,0.0,0.0,0.0,0.0,0.0,0.0,0.0,0.0,0.0,0.0,0.0,0.0,0.0
02bb03f4f12972956ef0858e6a36c0ae0093c70f,1,0.9474412171507607,0.0,0.0,0.0,0.0,0.0,0.0,0.0,0.0,0.0,0.0,0.0,0.0,0.0,0.0,0.0,0.0,0.0,0.0,0.0,0.0
02bb1fc3e9b05fab18b3ccef5ba8976a12982b62,0,0.946058091286307,0.0,0.0,0.0,0.0,0.0,0.0,0.0,0.0,0.09965034965034965,0.0,0.0,0.0,0.0,0.0,0.0,0.0,0.0,0.0,0.0,0.0
02bb2fe6cafb31a23ac605ea425c7bdf6c27f277,1,0.9391424619640387,0.043454863446791336,0.0,0.022601910399569488,0.01574061617112875,0.0,0.0,0.0,0.0,0.0,0.0,0.020045741961522937,0.0,0.0,0.0,0.0,0.0,0.0,0.0,0.0,0.0
02bb6005a99602b16cf46bee1270c4e2dbbac39c,0,0.9474412171507607,0.07502095557418273,0.0,0.0,0.01802179379715004,0.0,0.0,0.0,0.0,0.0,0.0,0.0,0.0,0.0,0.0,0.0,0.0,0.0,0.0,0.0,0.0
02bb6ea293e5626ac3c7ba6cf0d24ef64c234fd4,0,0.9481327800829875,0.01855329377300383,0.0,0.0,0.0,0.0,0.0,0.0,0.0,0.0,0.0,0.0,0.0,0.0,0.0,0.0,0.01367084804326598,0.0,0.0,0.022534364906482387,0.0
02bb85ed1e5a380abe89df4536e207be567996f7,0,0.9481327800829875,0.0,0.0,0.0,0.0,0.0,0.017061611374407582,0.0,0.0,0.0,0.0,0.0,0.0,0.0,0.0,0.0,0.0,0.0,0.0,0.0,0.0
02bb989eea4515e0bb2131b163cabd24af483c5f,0,0.9363762102351314,0.0,0.0,0.1557377049180328,0.0,0.0,0.0,0.0,0.0,0.0,0.0,0.0,0.0,0.0,0.0,0.0,0.0,0.0,0.0,0.0,0.0
02bcb9bcbe9550ff2de0a7061162d3c60a0eb3e5,0,0.9467496542185339,0.0,0.03232720128594392,0.0,0.0,0.0,0.0,0.0,0.0,0.0,0.0,0.0,0.0,0.0,0.0,0.0,0.0,0.0,0.0,0.0,0.0
02bcde79a03acfe83eed6917fd2c642d33c706af,0,0.9446749654218534,0.0,0.0,0.0,0.0,0.0,0.0,0.0,0.0,0.0,0.0,0.0,0.0,0.0,0.0,0.0,0.0,0.0,0.0,0.0,0.0
02bceb9bb2ffe4cc51b525f4ac0b86ac8be3553a,1,0.9550484094052559,0.026387625113739762,0.02286169244767971,0.0,0.0,0.01308007279344859,0.0,0.0,0.0,0.02240673339399454,0.0,0.0,0.0,0.0,0.0,0.0,0.0,0.0,0.0,0.0,0.0
02bd0fad58a03c025f15e7970f48911d282965a6,0,0.9488243430152143,0.0,0.0,0.0,0.0,0.0,0.0,0.0,0.0,0.0,0.0,0.0,0.0,0.0,0.0,0.0,0.0,0.0,0.0,0.0,0.03874775468308956
02bda80aad3620bbfedaf3f6ae6351ce5677f931,0,1.0,0.0,0.0,0.0,0.0,0.0,0.0,0.0,0.0,0.0,0.0,0.0,0.0,0.0,0.0,0.0,0.0,0.0,0.0,0.0,0.0
02bdbb0dc94b94a3c3a73b3c8e793235534719fe,1,0.0,0.0,0.0,0.0,0.0,0.0,0.0,0.0,0.0,0.0,0.0,0.0,0.0,0.0,0.0,0.0,0.0,0.0,0.0,0.0,0.0
02bdddd52666164fe2ba2679527d7fd87f363cdd,1,0.9398340248962656,0.0,0.0,0.03237650200267023,0.0,0.0,0.0,0.0,0.0,0.03271028037383177,0.0,0.0,0.0,0.0,0.020360480640854474,0.0,0.0,0.0,0.0,0.0,0.0
02be0d59967bf0b0fa728a2aa387b36531db877c,0,0.941908713692946,0.0,0.0,0.0,0.0,0.0,0.0,0.0,0.0,0.0,0.0,0.0,0.0,0.0,0.0,0.0,0.0,0.0,0.0,0.0,0.0
02be25f46646dc035be90329bd531148361e2a4c,0,0.9467496542185339,0.0,0.0,0.0,0.0,0.0,0.0050704225352112674,0.0,0.0,0.0,0.0,0.0,0.0,0.0,0.0,0.0,0.0,0.0,0.0,0.0,0.0
02be58758536496cd7a73244120192a06ae7556a,0,0.946058091286307,0.0,0.0,0.0,0.0,0.0,0.0,0.0,0.0,0.0,0.0,0.0,0.0,0.0,0.0,0.0,0.0,0.0,0.0,0.0,0.0
02beb37fdc62ccc68cf4dfc4fe15f6f8800a53a9,1,0.9377593360995851,0.0,0.11608809257185516,0.0,0.0,0.0,0.0,0.0,0.0,0.0,0.0,0.0,0.0,0.0,0.0,0.0,0.0,0.0,0.0,0.0,0.07428144830160507
02bebe6a056b0c621ada2182340089064b60772b,1,0.0,0.11550676608671638,0.0,0.0,0.0,0.0,0.0,0.0,0.0,0.0,0.0,0.0,0.0,0.0,0.0,0.0,0.0,0.0,0.0,0.0,0.0
02bef0179165dc6f2defc97709c63b67a0590e0b,0,0.9384508990318119,0.03234624145785877,0.0,0.0,0.0,0.0,0.0,0.0,0.0,0.0,0.0,0.0,0.0,0.0,0.0,0.0,0.0,0.0,0.015945330296127564,0.0,0.13849658314350796
02bf2d6bd74d3068094ee36ab27f348770cd9030,1,0.9384508990318119,0.03295019157088123,0.0,0.0,0.0,0.014942528735632184,0.0,0.0,0.0,0.0,0.0,0.0,0.0,0.010344827586206896,0.0,0.0,0.010727969348659003,0.0,0.0,0.01839080459770115,0.0
02bf504d9bf63b9901b196264856b68c92445b1e,0,0.9377593360995851,0.016892695693552225,0.0,0.0,0.0,0.01046871282417321,0.0,0.0,0.0,0.0,0.0,0.0,0.0,0.0,0.0,0.0,0.0,0.0,0.0,0.0,0.008803235783963836
02bf682ee44e5c344ae7f4ab94788d71980bc22f,1,0.9426002766251729,0.0,0.0651685393258427,0.0,0.0,0.0,0.0,0.0,0.0,0.0,0.0,0.0,0.0,0.0,0.0,0.0,0.0,0.0,0.0,0.0,0.0
02bf6dab61dbc303ea5eba2699e6313354276ce2,0,0.9426002766251729,0.0,0.0,0.0,0.0,0.0,0.0,0.04184100418410042,0.0,0.0,0.0,0.0,0.03556485355648536,0.0,0.0,0.0,0.0,0.07740585774058577,0.0,0.0,0.0
02bfdae84f065c5d4f04731bace922c6fac98c91,1,0.9384508990318119,0.05448605763621515,0.03943530509858826,0.013884027534710068,0.0112005600280014,0.015517442538793606,0.019017617547544045,0.0077003850192509625,0.0,0.0,0.008750437521876094,0.0,0.0,0.007350367518375919,0.0,0.0,0.0,0.0,0.0,0.0,0.009567145023917863
02c09d79a920a393becf05f22378ad9eb8f77351,0,0.9391424619640387,0.0,0.0,0.0,0.0,0.0,0.0,0.0,0.0,0.0,0.0,0.0,0.0,0.0,0.0,0.059543624161073824,0.0,0.0,0.0,0.0,0.0
02c0bcd8f939bafff87522e59ecf489f7cbf468e,1,0.0,0.0,0.015728288124002735,0.015728288124002735,0.0,0.0,0.0,0.022110781855482105,0.0,0.0,0.0,0.0,0.0598358787326191,0.026327786642352406,0.0,0.0,0.0,0.0,0.0,0.0,0.0
02c104fdd26d2699ffa605bc4eef64e208276c35,0,0.9529737206085753,0.01048136645962733,0.0,0.0,0.01281055900621118,0.017080745341614908,0.0,0.0,0.0,0.20885093167701863,0.0,0.0,0.0,0.0,0.0,0.0,0.0,0.0,0.0,0.0,0.0
02c105c6e0e04c78c0979d99b2fdaac3e0318da5,0,0.9446749654218534,0.0,0.0,0.0,0.0,0.0,0.0,0.0,0.0,0.0,0.0,0.0,0.0,0.0,0.0,0.0,0.0,0.0,0.0,0.0,0.0
02c1451676d515704ff88630e8ec65fc14a2c759,0,0.9391424619640387,0.0,0.0,0.0,0.0,0.0,0.0,0.0,0.0,0.0,0.0,0.0,0.0,0.0,0.0,0.0,0.0,0.0,0.0,0.0,0.0
02c1879194be8f6ab7cfae1761acde1fc10ac63f,0,0.0,0.0,0.0,0.0,0.0,0.0,0.0,0.0,0.0,0.0,0.0,0.0,0.0,0.0,0.0,0.0,0.06458333333333334,0.0,0.0,0.0,0.0
02c19e4856451ee4e9d4dfa8205ddb2c526e1c90,0,0.941908713692946,0.0,0.0,0.0,0.0,0.0,0.0,0.0,0.0,0.0,0.0,0.0,0.0,0.0,0.0,0.0,0.0,0.0,0.0,0.0,0.0
02c1e2945361e841133340e07e699ca07ec87579,0,0.9398340248962656,0.0,0.031067961165048542,0.011764705882352941,0.009366076527698459,0.0,0.007195888063963449,0.0,0.0,0.0,0.0,0.0,0.0,0.011650485436893204,0.0,0.0,0.0,0.0,0.0,0.0,0.0
02c1f82fbb18b368f274a0594cc849751c12c073,1,0.0,0.0,0.0,0.0,0.0,0.0,0.0,0.0,0.0,0.0,0.0,0.0,0.0,0.0,0.0,0.0,0.0,0.0,0.0,0.0,0.0
02c20f5066dc3119952c93c15af574c7ba50d515,0,0.9405255878284924,0.0,0.0,0.0,0.0,0.0,0.0,0.0,0.0,0.0,0.0,0.0,0.0,0.0,0.0,0.0,0.0,0.0,0.0,0.0,0.0
02c2245aa5e8656001f182fd916d3d79946017c7,0,0.9412171507607192,0.0,0.0,0.0,0.0,0.0,0.0,0.01191588785046729,0.0065420560747663555,0.0,0.0,0.0,0.0,0.0,0.0,0.0,0.0,0.03154205607476635,0.0,0.0,0.0
02c22a07914fbe7c066aa71a962ab0f56f747fef,0,0.9426002766251729,0.0,0.0,0.0,0.0,0.0,0.0,0.019406422917052767,0.0,0.0,0.0,0.0,0.0,0.0,0.0,0.025575176722882634,0.0,0.0,0.0,0.0,0.0
02c2588a8b988219b897bc9d1827758a045ff482,1,0.9356846473029046,0.0,0.0,0.0,0.0,0.0,0.0,0.0,0.0,0.0,0.0,0.0,0.0,0.0,0.0,0.0,0.0,0.0,0.0,0.0,0.0
02c273dcf339983e99e0e396c72a6ba1b6e9382f,1,0.9467496542185339,0.0,0.0,0.0,0.0,0.0,0.0,0.0,0.0,0.0,0.0,0.0,0.0,0.0,0.0,0.0,0.0,0.0,0.0,0.0,0.0
02c28db1a30d59f8fe2f5e05d2ef3673f0f8a601,0,0.9384508990318119,0.0,0.0,0.0,0.0,0.0,0.0,0.0,0.0,0.0,0.0,0.0,0.005232281591882036,0.017123830664341207,0.0,0.0,0.0,0.0,0.0,0.0,0.0
02c2a26e3b728af92232b61fad73247ca1c1aea5,1,0.9370677731673582,0.0,0.0,0.0249944702499447,0.0,0.0,0.0,0.0,0.0,0.017695200176952003,0.0,0.0,0.0,0.0,0.0,0.0,0.0,0.0,0.0,0.0,0.0
02c2aebbd2e8cc1c9ce7ea9512f7d3cb9e698c87,0,0.9356846473029046,0.0,0.0,0.007987763426240652,0.0,0.0,0.0,0.018524813052345344,0.0,0.0,0.0,0.0,0.0,0.0,0.0,0.13783140720598233,0.0,0.015125764785859959,0.0,0.0,0.0
02c2b73b6a2d9e39e73969b40e92b622921b6656,0,0.9426002766251729,0.0,0.0,0.0,0.0,0.0,0.0,0.0,0.0,0.0,0.0,0.0,0.01815541031227306,0.012345679012345678,0.0,0.0,0.0,0.0,0.0,0.0,0.01888162672476398
02c2ee79d05d920aa1e17dc9c7b644afb50b5729,1,0.9398340248962656,0.0,0.04261186727159506,0.0,0.0,0.0,0.0,0.0,0.0,0.03745218396939774,0.0,0.0,0.0,0.0,0.0,0.0,0.0,0.0,0.0,0.0,0.0
02c308e0e23f922cc97f62b09afd5da860f2c994,1,0.9398340248962656,0.017094017094017096,0.0,0.0,0.03386346424321108,0.0,0.0,0.0,0.0,0.0,0.0,0.0,0.0,0.0,0.0,0.0,0.0,0.0,0.0,0.0,0.03159147462944931
02c368c7595e68ba05413e292ab362fc1f426e3d,1,0.9432918395573997,0.0,0.0,0.0012042389210019267,0.0,0.0,0.0008257638315441783,0.0,0.02470410129369667,0.0,0.0,0.0,0.0,0.00044728874208642996,0.0,0.0,0.0,0.0,0.0,0.0,0.0
02c3cbf3dcac0c2d85f15fa1415870155b2506af,1,0.9426002766251729,0.0,0.009797220323536113,0.0,0.0,0.0,0.0,0.0,0.0,0.017316017316017316,0.0,0.0,0.0,0.0,0.0,0.0,0.0,0.0,0.0,0.0,0.0
02c3d2598648751f92b82a56186c375f132b1191,1,0.0,0.0,0.0,0.0,0.0,0.0,0.0,0.0,0.0,0.0,0.0,0.0,0.0,0.0,0.0,0.0,0.0,0.0,0.0,0.0,0.0
02c3ef10156badadf23f2018964aebaf4a98ef34,0,0.9612724757952974,0.0,0.0,0.0,0.0,0.0,0.0,0.0,0.0,0.0,0.0,0.0,0.0,0.0,0.0,0.0,0.0,0.0,0.0,0.0,0.0
02c4094d03050eba786ab223ccd229b71b867fe7,0,0.9508990318118948,0.0,0.0,0.0547515677761698,0.0899662325132658,0.0,0.0,0.08948383984563435,0.0,0.0,0.0,0.0,0.0,0.0,0.0,0.0,0.0,0.012542209358417752,0.0,0.0,0.0
02c44ec03b12ac7303ebd4377afc99ac59aa7126,0,0.946058091286307,0.0,0.0,0.0,0.0,0.0,0.0,0.0,0.0,0.022869955156950672,0.0,0.0,0.0,0.0,0.0,0.0,0.0,0.0,0.0,0.0,0.030493273542600896
02c474243e7c7628a9a072be94abf9337fdfafa0,1,0.0,0.007492690058479532,0.01882309941520468,0.0,0.0,0.0,0.03819444444444445,0.0,0.0,0.0,0.0,0.0,0.0,0.0,0.0,0.0,0.0,0.0,0.0,0.008771929824561403,0.0
02c49c7ea0cab5ad81216c97be6d462750e3d2e1,0,0.0,0.0,0.0,0.0,0.0,0.0,0.0,0.0,0.0,0.0,0.0,0.0,0.0,0.0,0.0,0.0,0.0,0.0,0.0,0.0,0.0
02c4b19a2b4b6bd96dcdb66f97dd17b8c5b41c02,0,0.9508990318118948,0.016441262264651285,0.016706443914081145,0.0,0.027313709891275524,0.012463537523203394,0.0,0.0,0.01882789710952002,0.0,0.0,0.0,0.0,0.014319809069212411,0.0,0.0,0.0,0.0,0.0,0.01405462741978255,0.0
02c4c895fa18e8c02970c3507805022460def10b,1,0.9377593360995851,0.00514003986153362,0.0,0.0,0.00514003986153362,0.0,0.0,0.0,0.0,0.0,0.0,0.0,0.0,0.008706598132801847,0.0,0.0,0.0,0.0,0.0,0.0623098709745096,0.06084128815692856
02c4f2634e72f286a2c65f1200348ccf05f267ed,1,0.9398340248962656,0.0,0.0,0.0,0.021231422505307854,0.0,0.0,0.0,0.0,0.0,0.0,0.0,0.0,0.0,0.0,0.0,0.0,0.0,0.0,0.0,0.0
02c54f0a691c93bb78632c3ec61c693c3867490c,0,0.9370677731673582,0.06989908934285011,0.0,0.0,0.008860447944868325,0.008122077282795964,0.013044548363278365,0.015751907457543686,0.0,0.0,0.0,0.0,0.0,0.027565838050701452,0.0,0.0,0.0,0.0,0.009352695052916565,0.0,0.0
02c554569685919e66fafebc2047d60bfe23f400,0,0.9356846473029046,0.008997188378631678,0.02717900656044986,0.0,0.0,0.0,0.0,0.0,0.0,0.0,0.0,0.0,0.0,0.0,0.0,0.0,0.0,0.0,0.0,0.006373008434864105,0.03711340206185567
02c574669db7e6aec0b0d5a7dddb4a87a2ebc63f,0,0.9412171507607192,0.0,0.0,0.0,0.0,0.0,0.0,0.0,0.0,0.0,0.0,0.0,0.0,0.0,0.0,0.0,0.0,0.0,0.0,0.0,0.0
02c58eea1dd39410f4c69ea1edaa214d7889eea0,0,0.9405255878284924,0.0,0.014079785450888367,0.012068387529332886,0.01910828025477707,0.0,0.017767348307073418,0.0,0.0,0.0,0.0,0.0,0.030170968823332214,0.15789473684210525,0.04257458933959102,0.0,0.0,0.0771035869929601,0.0,0.0,0.011733154542406973
02c59e72ad7ebb7fc35471f0cd0398f2ab59f73c,1,0.9384508990318119,0.0,0.031315240083507306,0.0,0.0,0.10647181628392484,0.0,0.0,0.0,0.0,0.0,0.0,0.0,0.0,0.0,0.1732776617954071,0.0,0.0,0.0,0.0,0.0
02c5a637123c0e4d1c0f2b982341a662f9674afd,0,0.9370677731673582,0.0,0.0,0.0,0.002576788291074005,0.0,0.0,0.0,0.0,0.0,0.0,0.0,0.0,0.0,0.0,0.0,0.009791795506081221,0.0,0.0,0.0681302824159967,0.0
02c601ebc84b8b2b5de516b4c2f12da48a634bcd,0,0.9391424619640387,0.0,0.0,0.005014009733077717,0.0,0.0,0.0,0.0,0.0,0.0,0.0,0.0,0.0058250995428402895,0.0,0.0,0.03214865064149831,0.0,0.0,0.0,0.0,0.0
02c6091250558cc598dcd5ab829ec8f9cf10b115,0,0.9405255878284924,0.0,0.0,0.0,0.0,0.0,0.0,0.0,0.0,0.0,0.0,0.0,0.012438183725460811,0.0,0.0,0.03941255806983366,0.0,0.0,0.011539037913981717,0.0,0.0
02c615bdf031d71ae9f25d0fcc66c174ace2f0c1,0,0.9363762102351314,0.008460236886632826,0.0,0.0,0.0,0.0,0.0,0.0,0.0,0.0,0.0,0.0,0.0,0.0,0.0,0.0,0.0,0.0,0.0,0.0,0.0
02c62696c97e5d3a63283677c934f6542acd65ca,0,0.9453665283540802,0.0,0.0,0.0,0.0,0.0,0.0,0.0,0.0,0.0,0.0,0.0,0.0,0.0,0.0,0.0,0.0,0.0,0.0,0.0,0.0
02c67472cb67b0ce7c9ce45a3a8c435b176dc9f2,1,0.9412171507607192,0.0,0.0,0.0,0.0,0.02650602409638554,0.029259896729776247,0.0,0.011015490533562823,0.0,0.0,0.0,0.011015490533562823,0.0,0.0,0.0,0.0,0.033734939759036145,0.0,0.0,0.0
02c69b7e3510611d9f7f30b47b9be1b5371deb07,1,0.0,0.0473326359832636,0.0,0.0,0.03608786610878661,0.0,0.0,0.0,0.0,0.0,0.0,0.0,0.0,0.0,0.0,0.0,0.0,0.0,0.0,0.0,0.0
02c6bfcb59f163d4cb47c50dac6ad0cbdc74334e,0,0.9398340248962656,0.014567035338548692,0.008632317237658484,0.0,0.0,0.0,0.0,0.018343674130024277,0.0,0.0,0.0,0.0,0.0,0.0,0.0,0.0,0.0,0.0,0.0,0.0,0.039924467224170486
02c6fd3eecc4503c6646978f1ac0747df378d519,1,0.0,0.0,0.0,0.013294422827496757,0.0,0.0,0.0,0.0,0.0,0.0,0.0,0.0,0.0,0.0,0.0,0.0,0.013456549935149158,0.0,0.039234760051880674,0.0,0.0
02c71430d76e694a6e5eed467be8cc7f8c720d3a,1,0.9377593360995851,0.0,0.0,0.05045317220543807,0.0,0.0,0.0,0.0,0.0,0.0,0.0,0.0,0.022809667673716012,0.0,0.0,0.0,0.0,0.0,0.0,0.0,0.0
02c72418195f1571e45c2af78f040ba32d2e2462,0,0.9426002766251729,0.012186115214180207,0.0,0.0,0.0,0.0,0.0,0.0,0.0,0.0,0.0,0.0,0.0,0.0,0.0,0.0,0.0,0.0,0.0,0.0,0.0
02c7534e4e4e15d2447bb22973111df630198ecf,0,0.9398340248962656,0.0,0.0,0.04335917398449561,0.011337793197324081,0.0,0.0,0.0,0.0,0.0,0.0,0.0,0.0,0.017894789263126442,0.0383293770023738,0.0,0.0,0.011868992878604273,0.0,0.0,0.0
02c7668785bf1e25b82783172a95a8820de3aa42,1,0.0,0.0,0.0,0.0,0.0,0.0,0.0,0.0,0.0,0.0,0.0,0.0,0.0,0.0,0.0,0.0,0.0,0.0,0.0,0.0,0.0
02c7694e907936d873e4d504740277efff2f24a3,0,0.946058091286307,0.02463235294117647,0.0,0.0,0.0,0.0,0.0,0.0,0.034926470588235295,0.015073529411764706,0.0,0.0,0.0,0.0,0.016544117647058824,0.0,0.0,0.0,0.0,0.0,0.0
02c7de6d304d1658fb0ccaacef2a9a0462c683ef,0,0.9426002766251729,0.0,0.0,0.0,0.03364589078874793,0.0,0.03695532266960838,0.10535024820739107,0.0,0.0,0.0,0.0,0.0,0.0,0.0,0.0,0.0,0.0,0.0,0.0,0.0
02c7ee41c794f1ec0253c2d49f29ffec6b269008,1,0.9515905947441217,0.0,0.0,0.0,0.0,0.0,0.0,0.0,0.0,0.0,0.0,0.0,0.0,0.0,0.0,0.0,0.0,0.0,0.0,0.02145922746781116,0.0
02c80881c13c205bc0284d98c2cdd50f5d1d2b3c,1,0.9377593360995851,0.0,0.0,0.0,0.010582010582010581,0.010582010582010581,0.0,0.0,0.0,0.042328042328042326,0.0,0.0,0.0,0.0,0.0,0.0,0.0,0.0,0.0,0.0,0.0
02c8b7af6c61f51a22d650660340fcde36ad3082,0,0.9391424619640387,0.007894736842105263,0.005263157894736842,0.0,0.0,0.0,0.007894736842105263,0.0,0.0,0.0,0.0,0.0,0.0,0.0,0.0,0.0,0.0,0.0,0.0,0.0,0.0
02c8e228e12d8e880b69d1c7abcdb067f33418c7,0,0.0,0.0,0.0,0.0,0.0,0.0,0.0,0.0,0.0,0.0,0.0,0.0,0.0,0.0,0.0,0.0,0.0,0.0,0.0,0.0,0.0
02c8e760ed06527fadbcd42dbdd9c51fc8127d67,0,0.9363762102351314,0.0,0.0,0.010714285714285714,0.0,0.0,0.0,0.0,0.0,0.0,0.0,0.0,0.0,0.0,0.0,0.0,0.0,0.0,0.0,0.0,0.0
02c8f2bcd05a496e145610ace8294a26c10ded90,0,0.9398340248962656,0.0,0.0,0.0,0.0,0.0,0.0,0.0,0.0,0.0,0.0,0.0,0.0,0.0,0.0,0.0,0.0,0.0,0.0,0.0,0.0
02c947f2642d656ce7ee24acc6185c0e46702b65,1,0.0,0.0,0.0,0.013769817968291251,0.0,0.0,0.02759835584263065,0.0,0.0,0.0,0.009365825014679977,0.0,0.0,0.0,0.0,0.008719906048150323,0.0,0.0,0.0,0.0,0.0
02c94a038a359cac81ce8ef62991b82dad967fb8,0,0.941908713692946,0.021032980709396392,0.0,0.0,0.0,0.0,0.0,0.0,0.0,0.0,0.0,0.0,0.0,0.0,0.0,0.0,0.0,0.0,0.0,0.0,0.0
02c94ae09d2412122b29d88fbd1eb77dc383c96a,0,0.0,0.0,0.0,0.0,0.0,0.0,0.0,0.0,0.0,0.0,0.02586206896551724,0.0,0.0,0.0,0.0,0.0,0.0,0.0,0.0,0.0,0.0
02c97d5daaf98a86188f9a22a31627b6b8721f37,0,0.9384508990318119,0.01553958602051471,0.0,0.0,0.010871568085498435,0.0,0.0,0.0,0.0,0.0,0.0,0.0,0.0,0.004606596646397641,0.0,0.0,0.03838830538664701,0.0,0.0,0.0,0.0
02c9a213a6981c73d8026f8b3b12f8ad78850dd5,1,0.9467496542185339,0.0,0.0,0.0,0.03016393442622951,0.0,0.0,0.0,0.0,0.0,0.0,0.0,0.0,0.0,0.0,0.0,0.0,0.0,0.0,0.0,0.025573770491803278
02c9b48c710d0007fb317c2069e8411b721e62c7,0,0.9336099585062241,0.034271384786848706,0.0,0.014767344664251881,0.0,0.0,0.0,0.0,0.0,0.0,0.0,0.0,0.0,0.0,0.0,0.0,0.0,0.0,0.0,0.0,0.0
02c9d68dead386f3c0443d140221d293477624b4,0,0.9384508990318119,0.0,0.0,0.035863950881980314,0.0,0.0,0.0,0.0,0.0,0.0,0.0,0.0,0.0,0.0,0.0,0.0,0.0400545755774291,0.0,0.013448981580742618,0.0,0.0
02c9d88ce42845c9c8481ba023418c8baac41926,0,0.9405255878284924,0.0,0.0,0.0,0.00841072367268267,0.0,0.0,0.0,0.0,0.0,0.0,0.0,0.0,0.018924128263536007,0.0,0.0,0.08375678990713159,0.0,0.0,0.0,0.01734711757490801
02c9e1078d55b9c7a6cf6722d66e7f63a45cbf45,0,0.9405255878284924,0.0,0.0,0.0,0.0,0.0,0.0,0.0,0.0,0.0,0.0,0.0,0.0,0.0,0.0,0.0,0.0,0.0,0.0,0.0,0.0
02ca069b1a6705209651467847370a01c69b137f,0,0.9398340248962656,0.0,0.0,0.0,0.0,0.0,0.1039777247414479,0.012012728719172633,0.0,0.0,0.01360381861575179,0.0,0.0,0.024025457438345266,0.0,0.0,0.0,0.0,0.0,0.018138424821002388,0.0
02ca20def5d9ef66bb6cd94135ce858e5c82df23,0,0.9370677731673582,0.0,0.0,0.06749233041699806,0.0,0.0,0.0,0.0,0.0,0.0,0.0,0.0,0.0,0.0,0.0,0.09794341552096353,0.0,0.0,0.0,0.0,0.0
02caa083823d5e50349e159efb889ef6cea92c36,0,0.9439834024896265,0.0,0.0,0.0,0.0,0.0,0.0,0.0,0.0,0.0,0.0,0.0,0.0,0.0,0.0,0.0,0.0,0.022747546833184657,0.0,0.0,0.0
02cad80d5de8e2032601d943319f5aa5543c2423,1,0.9398340248962656,0.031275118743149435,0.0,0.0,0.0092802338326635,0.0,0.0,0.0,0.0,0.0,0.0,0.0,0.0,0.0,0.0,0.0,0.0,0.0,0.0,0.015491413956887103,0.007234198027036902
02cadd0723fde2ad15ea10cbf3443d4fc7663fe3,1,0.9384508990318119,0.0,0.03811556639731666,0.0,0.0,0.0,0.0,0.0,0.0,0.0,0.0,0.0,0.0,0.0,0.0,0.0,0.0,0.0,0.0,0.0,0.0
02cadd893229d6c8bff06350b92f3a3f69d8502e,1,0.9398340248962656,0.02413305024769993,0.0,0.0,0.0,0.022009907997169145,0.0,0.0,0.0,0.0,0.0,0.0,0.0,0.0,0.0,0.0,0.0,0.0,0.0,0.0,0.024610757254069356
02cb07d0fa8d5668af6ec7bc432fd4a9798aa816,0,0.9370677731673582,0.0,0.0,0.0,0.0,0.0,0.0,0.0,0.0,0.0,0.0,0.0,0.0,0.0,0.0,0.0,0.0,0.0,0.0,0.0,0.0
02cb0b6d4343e9923d4c913b05775ca34ed6c19a,1,0.9377593360995851,0.0,0.01585048497752543,0.0,0.015140761769576532,0.0,0.0,0.0,0.013721315353678732,0.0,0.0,0.0,0.0,0.0,0.011592145729832031,0.0,0.0,0.0,0.0,0.0,0.0
02cb2ae40642bc4b806f0fe5504db575a75a0350,0,0.0,0.0,0.0,0.0,0.016564664492249057,0.0,0.0,0.0,0.0,0.0,0.0,0.0,0.0,0.0,0.0,0.03027082493495071,0.0,0.016308132077546084,0.0,0.0,0.0
02cc2fe790b48a82a520adca52aa31f2740c317a,0,0.9405255878284924,0.04467733039161611,0.0,0.0,0.0,0.0,0.0,0.0,0.0,0.0,0.0,0.0,0.0,0.0,0.0,0.0,0.0,0.0,0.0,0.014340871483728626,0.0
02ccbec9f66e685eea76f2503b4e4e725255de8d,1,0.9391424619640387,0.0,0.0,0.0,0.0,0.0,0.0,0.0,0.0,0.0,0.0,0.0,0.03153153153153153,0.0,0.0,0.0,0.0,0.0,0.0,0.0,0.0
02ccc36b3eb036f354c42301dfa36b5cd7c3c8d1,1,0.0,0.0,0.0,0.0,0.0,0.0,0.0,0.0,0.0,0.0,0.0,0.0,0.0,0.0,0.0,0.0,0.0,0.0,0.0,0.0,0.0
02ccf45baa7fe62f0935b8a6a64ff8869a7b0387,1,0.9384508990318119,0.0002898830804908687,0.0,0.00014494154024543435,0.0,0.0,0.0,0.0,0.0,0.0,0.8176635423712436,0.0,0.0,0.0,0.0,0.0,0.0,0.0,0.0,0.0,0.0
02cd06be4891a18b8d29541f70332b8de1fe4fd8,0,0.9398340248962656,0.03653113087674714,0.0,0.0,0.0,0.0,0.007941550190597205,0.0,0.0,0.0,0.0,0.0,0.0,0.0,0.0,0.0,0.0,0.01905972045743329,0.0,0.0,0.0
02cd7dfa3d5d9b10f7c65c7b70ab53e93668a4a8,1,0.9405255878284924,0.0,0.0,0.0,0.0,0.0,0.0,0.0,0.0,0.0,0.06677410313901345,0.0,0.0,0.0,0.0,0.0,0.015765134529147982,0.0,0.0,0.0,0.0
02cd966319d1b5697199f70b4dfa81f2b6bfcc0d,1,0.9384508990318119,0.0,0.0,0.0,0.0,0.0,0.0,0.0,0.0,0.0,0.0,0.0,0.0,0.0,0.0,0.0,0.0,0.006535100230803143,0.0,0.0,0.0
02cd9c8004bfa351192a7b605cd549d0d8413b58,0,0.9384508990318119,0.0,0.0,0.0,0.0,0.0,0.0,0.0,0.0,0.0,0.006192498230714791,0.0,0.0,0.0,0.0,0.0,0.0,0.0,0.0,0.0,0.0
02cde05cb323230ad24e55839d433bd092713a09,0,0.9391424619640387,0.0,0.0,0.0,0.0,0.0,0.0,0.0,0.0,0.0,0.0,0.0,0.0,0.0,0.0,0.0,0.0,0.0,0.0,0.0,0.0
02cde92dd6145276f00060c6d9737efb15299516,0,0.9391424619640387,0.025313751668891857,0.06376502002670227,0.0,0.0,0.011802403204272362,0.0,0.0,0.0,0.0,0.0,0.0,0.0,0.0,0.0,0.0,0.0,0.0,0.0,0.0,0.0
02ce074515e012d9eff1c83ecd4031fab5a62b91,0,0.9391424619640387,0.0,0.0,0.0,0.0,0.0,0.12964311726147124,0.023306627822286964,0.0,0.0,0.0,0.0,0.0,0.0,0.0,0.0,0.0,0.0,0.0,0.0,0.0
02ce1ee67f09d6dbb075400ea1d8ee573be2bbe5,0,0.9391424619640387,0.0,0.008427449406638766,0.0,0.0,0.0,0.022702516768904432,0.0,0.11649372241013588,0.0,0.0,0.0,0.013931089835464082,0.0,0.0,0.0,0.0,0.0,0.0,0.0,0.0
02ce244868d3311ff1d36712130e007aec337e01,0,0.9564315352697096,0.0,0.0,0.0,0.0,0.0,0.0,0.0,0.0,0.0,0.0,0.0,0.0,0.0,0.0,0.0,0.0,0.0,0.0,0.0,0.0
02ce51864083525e56c3c29557b6c6a71aac4a14,1,0.0,0.0,0.0,0.0,0.007423445716053201,0.0,0.0,0.0,0.0,0.006062480668110114,0.0,0.0,0.0,0.0,0.0,0.0,0.0,0.0,0.0,0.0,0.0
02ce73ac8330f5b56067d08c515d3b8918d8587f,0,0.9426002766251729,0.0,0.0,0.0,0.0,0.0,0.0,0.0,0.0,0.0,0.0,0.0,0.0,0.0,0.0,0.0,0.0,0.0,0.0,0.0,0.0
02cea40948ade450ff23b5a22fd9c5e687a76c1c,1,0.941908713692946,0.0,0.32509505703422054,0.0,0.0,0.0,0.0,0.0,0.0,0.026615969581749048,0.0,0.0,0.0,0.0,0.0,0.0,0.0,0.0,0.0,0.0,0.0944233206590621
02cee4e978c4486aaa4be310090e132523d76137,0,0.0,0.039816232771822356,0.02730985196528841,0.0,0.0,0.0,0.0,0.027054619703930576,0.0,0.0,0.0,0.0,0.0,0.0,0.0,0.0,0.0,0.0,0.0,0.0,0.0
02cf37eab3503964d439e4dfb9d62d41183378d7,1,0.9515905947441217,0.011872146118721462,0.0,0.0,0.0,0.0,0.0,0.0,0.0,0.0,0.0,0.0,0.0,0.0,0.0,0.0,0.0,0.0,0.0,0.16210045662100456,0.0
02cf5d0800480b21d1fe777a789dd340664c4bed,1,0.9522821576763485,0.024011821204285185,0.0,0.0,0.0,0.0,0.0,0.02105652013298855,0.014776505356483192,0.0,0.0,0.0,0.0,0.0,0.0,0.0,0.0,0.0,0.0,0.0,0.0
02cf91dbdf23f1428f428bfb03cd68344413c302,0,0.9363762102351314,0.0,0.0,0.0,0.0,0.0,0.0,0.0,0.0,0.0,0.0,0.0,0.0,0.0,0.0,0.0,0.0,0.0,0.0,0.0,0.0
02cf986a454402b3c69891cdd09b282162af2092,1,0.9439834024896265,0.0,0.0,0.0,0.0,0.0,0.0,0.0,0.0,0.0,0.0,0.0,0.0,0.0,0.0,0.0,0.010218087540033552,0.0,0.0,0.0,0.0
02d04cb08097e1afceaa0f55b11da84440590742,1,0.9557399723374828,0.0,0.0,0.0,0.0,0.0,0.0,0.0,0.0,0.0,0.0,0.0,0.0,0.0,0.0,0.0,0.0,0.0,0.0,0.0,0.0
02d04e25e0db11baf09c1161b129041c8d3da87e,1,0.9370677731673582,0.061177456526293736,0.0,0.0,0.0,0.0,0.0,0.0,0.0,0.0,0.0,0.0,0.0,0.0,0.0,0.0,0.0,0.0,0.0,0.0,0.011313639220615965
02d08ffbed8509dd42bc7df8c69e14b5a04b708c,0,0.9412171507607192,0.0,0.0,0.0,0.023082414531609422,0.01294915523122075,0.0,0.0,0.0,0.0,0.0,0.0,0.0,0.0,0.0,0.0,0.0,0.012988815737288807,0.013226778773697153,0.0,0.0
02d0f885fc2e03cfdfb3f400dcafe8e303a39790,0,0.9391424619640387,0.01132342533616419,0.0,0.0,0.0,0.0,0.0,0.0,0.0,0.0,0.0,0.0,0.0,0.0,0.0,0.0,0.0,0.0,0.0,0.0,0.0
02d108e606c76fcde8e94612768f806d24af6128,1,0.0,0.0,0.0,0.0,0.0,0.0,0.0,0.014682850430696946,0.0,0.0,0.0,0.0,0.0,0.0,0.0,0.0,0.0,0.0,0.0,0.0,0.0
02d123a74619ef2cb5c736845650161f592465cc,1,0.9488243430152143,0.0,0.03407104333271341,0.0,0.0,0.0,0.0,0.0,0.0,0.14480193416403198,0.0,0.0,0.0,0.0,0.0,0.0,0.0,0.0,0.0,0.0,0.0
02d174518b384712e6fe1b33a1f36ba56d346f41,0,0.9356846473029046,0.0,0.0,0.007158036013868695,0.0,0.0,0.0,0.005592215635834918,0.0,0.0,0.0,0.0,0.006039592886701711,0.007940946202885582,0.0,0.0,0.0,0.009394922268202661,0.0,0.0,0.0
02d1c97f52bab87f12fbe937fc36f7f2cdecb036,0,0.0,0.03446389496717724,0.021334792122538294,0.0,0.0,0.0,0.0,0.0,0.0,0.0,0.0,0.0,0.0,0.0,0.0,0.0,0.0,0.0,0.0,0.015317286652078774,0.0
02d226d01e60e189784db93eb13de47cb7c741cb,0,0.9405255878284924,0.09739066519661889,0.0,0.0,0.0,0.0,0.0,0.0,0.0,0.0,0.0,0.0,0.0,0.0,0.0,0.0,0.0,0.0,0.0,0.008820286659316428,0.0
02d299053b1140eef0bdb3e819978dc328d207c6,0,0.9426002766251729,0.0,0.0,0.0,0.0,0.0,0.0,0.0,0.0,0.0,0.0,0.0,0.0,0.0,0.0,0.0,0.0,0.0,0.0,0.0,0.0
02d2d1eb3e8d7172256ad7c59923bf0b05a98127,1,0.941908713692946,0.0,0.0,0.0,0.0,0.0,0.0,0.0,0.0,0.0,0.0,0.0,0.0,0.0,0.0,0.0,0.0,0.0,0.0,0.0,0.0
02d352616ceed7e68e2703475414193697bbec1f,0,0.9391424619640387,0.0,0.0,0.0,0.0,0.0,0.0,0.0,0.0,0.0,0.0,0.0,0.0,0.0,0.0,0.0,0.0,0.0,0.0,0.0,0.0
02d367213ff1ae138ccb7f99efe6dcd15b644f0b,0,0.9384508990318119,0.0,0.0,0.0,0.0,0.002010338885697875,0.0,0.0,0.0,0.0,0.0,0.0,0.00402067777139575,0.0,0.0,0.0,0.0,0.0,0.0,0.0,0.0
02d3da79cdd2ce1f15b36bac142bd781dde7e331,0,0.9432918395573997,0.0,0.0,0.0,0.0,0.0,0.0,0.0,0.0,0.0,0.0,0.0,0.0,0.0,0.0,0.0,0.0,0.0,0.0,0.0,0.0
02d3eb5d3edd96892b02c2911e52db5efbac165e,1,0.946058091286307,0.0,0.016632016632016633,0.0,0.0,0.0,0.0,0.0,0.0,0.0,0.0,0.0,0.0,0.0,0.0,0.0,0.0,0.0,0.0,0.0,0.0
02d406ba9c76dad85282d4552b0b8b8efa999456,0,0.9446749654218534,0.0,0.0,0.0,0.0,0.0,0.0,0.0,0.0,0.007978146261759788,0.0,0.0,0.0,0.0,0.0,0.0,0.0,0.0,0.0,0.0,0.0
02d41f48a71fa6e08e720fa8cdd7bbe61646eb79,1,0.9467496542185339,0.01910551454624403,0.0,0.0,0.0,0.0,0.0,0.0,0.0,0.0,0.0,0.0,0.0,0.0,0.0,0.0,0.0,0.0,0.0,0.0,0.0
02d42ee68f688cba65af3bed39205e68dc1a59e9,0,0.9384508990318119,0.0,0.0,0.0,0.0,0.0,0.0,0.0,0.0,0.0,0.0,0.0,0.0,0.0,0.0,0.0,0.0,0.0,0.0,0.0,0.0
02d470eebbec8566305c88836c2a9334282b7211,0,0.9377593360995851,0.0,0.1570593149540518,0.0,0.0,0.0,0.0,0.0,0.010164299637983848,0.0,0.0,0.0,0.0,0.0,0.0,0.0,0.0,0.0,0.0,0.0,0.007866889445836814
02d4957d792491362fb1cfd62607f1fd98b0a0cf,0,0.0,0.005944100164411281,0.0,0.0,0.08865562160111294,0.0,0.0,0.0,0.0,0.0,0.006323510813203491,0.0,0.0,0.0,0.0,0.0,0.006070570380675351,0.0,0.0,0.0,0.0
02d4b36f56604fe4b890dc81c133a5dcd55de99d,0,0.0,0.0,0.0,0.0,0.0,0.0,0.0,0.0,0.0,0.0,0.0,0.0,0.0,0.0,0.0,0.0,0.0,0.0,0.0,0.0,0.0
02d4d159ab626079e97d279ef63ff6e3c985abed,1,0.0,0.0,0.0,0.0,0.01818181818181818,0.0,0.0,0.0,0.0,0.0,0.0,0.0,0.0,0.0,0.0,0.0,0.0,0.0,0.0,0.0,0.0
02d510ea747b2468798b97fa54e5485fe60b7e74,1,0.9391424619640387,0.0,0.0,0.0,0.0,0.0,0.0,0.01759480696959344,0.06576699692517936,0.0,0.0,0.0,0.0030748206354629312,0.0,0.006491288008199521,0.0,0.0,0.01614280833618039,0.0,0.0,0.0
02d513ef077e239a45cff2502d46b596dcd837a9,1,0.0,0.0,0.0,0.0,0.0,0.0,0.0,0.0,0.0,0.0,0.028073572120038724,0.0,0.0,0.0,0.03823814133591481,0.0,0.0,0.0,0.0,0.0,0.0
02d52d8c6e4dae94af5b78b3c054f9c04ab0ce4d,1,0.9384508990318119,0.0,0.0,0.0,0.0,0.0,0.0,0.0,0.0,0.0,0.0,0.0,0.0,0.0,0.0,0.0,0.0,0.0,0.0,0.0,0.0
02d532ae7a0880a82d02c806edf2e90b0a98f7e3,0,0.9515905947441217,0.0,0.0,0.0,0.018357487922705314,0.0,0.0,0.0,0.0,0.07053140096618357,0.01932367149758454,0.0,0.0,0.0,0.0,0.0,0.0,0.0,0.0,0.0,0.0
02d54662ae71705711940cdd3f39fef543924d43,0,0.9377593360995851,0.054060017652250665,0.0,0.017266107678729038,0.0,0.014563106796116505,0.0,0.04584068843777581,0.0,0.0,0.0,0.0,0.013901147396293027,0.0,0.0,0.0,0.0,0.0,0.0,0.0,0.0
02d54b7561f3c3e9c32e1389d9e4e6a41cdc1bd3,0,0.9398340248962656,0.0,0.0,0.0,0.0,0.0,0.0,0.0,0.0,0.0,0.0,0.0,0.017738359201773836,0.0,0.0,0.015521064301552107,0.0,0.0,0.0,0.0,0.0
02d587fc84bf2c678c2fc81c6621a6f8110c45d0,1,0.9391424619640387,0.016978252575352917,0.01564288439526898,0.0,0.0,0.0,0.022701259061426938,0.0,0.010873712323540634,0.0,0.0,0.0,0.024418161007249143,0.010492178557802366,0.0,0.0,0.0,0.0,0.0,0.0,0.0
02d58a7d7e866897afa6c6283ebf80c94c0826e7,0,0.9377593360995851,0.0,0.0,0.0,0.0,0.0,0.0,0.0,0.0,0.0,0.0,0.0,0.0,0.0,0.0,0.0,0.0,0.04044440892015027,0.0,0.0,0.0
02d58df07bb0e7910a863453df2b48faa79b6544,1,0.0,0.0,0.0,0.0,0.0,0.0,0.0,0.0,0.0,0.0,0.0,0.0,0.0,0.0,0.0,0.0,0.0,0.0,0.0,0.0,0.0
02d5cb603ca84d0443d10b08b505c788f54fdea9,1,0.941908713692946,0.0,0.0,0.0,0.017857142857142856,0.0,0.0,0.0,0.0,0.0,0.0,0.0,0.0,0.0,0.0,0.0,0.0,0.0,0.0,0.0,0.0
02d5f226aa4f5211bf9563b0b73fdfa3ea004594,0,0.9398340248962656,0.0,0.0,0.013977172958735733,0.0,0.0076207199297629495,0.0,0.13980684811237928,0.0,0.0,0.0,0.0,0.0077260755048287975,0.0,0.0,0.0,0.0,0.0,0.016540825285338016,0.0,0.0
02d5faf55d040765a2763e94f4accb6eb784b6dc,0,0.9384508990318119,0.0,0.0,0.0062339567290062336,0.0,0.0,0.0,0.0,0.0,0.0,0.0,0.0,0.0,0.0,0.0,0.0,0.0,0.0,0.0,0.0,0.0034836817015034835
02d5fe3c468f56cc698415d094f75bdc56590de1,1,0.9446749654218534,0.0,0.0,0.0,0.0,0.0,0.0,0.0,0.0,0.0,0.0,0.0,0.0,0.0,0.0,0.0,0.0,0.0,0.0,0.0,0.0
02d62a81ae10532e9f7fc915bf4022f089b73acf,0,0.9432918395573997,0.0,0.0,0.02018068755133169,0.0,0.02452188196644374,0.0,0.0,0.0,0.0,0.0,0.0,0.02065000586647894,0.0,0.0,0.0,0.0,0.0,0.0,0.0,0.0
02d646cab8d1e1f4f20eb4fc4b1182facb4e0a54,0,0.9467496542185339,0.0,0.0,0.0,0.030823006037496027,0.016841436288528758,0.09278678106132825,0.0,0.0,0.0,0.0,0.0,0.0,0.0,0.0,0.0,0.0,0.0,0.0,0.0,0.0
02d65f838cf5a042e7340e4b2389f1d9a5b8b17e,0,0.9585062240663901,0.0,0.0,0.0,0.017392778437023224,0.016816409560942533,0.0,0.0,0.0,0.0,0.0,0.0,0.0,0.0,0.0,0.0,0.0134260044075267,0.0,0.0,0.0,0.0
02d69949b7c02ba16eb1bd79557df97cd75b80ca,0,0.9363762102351314,0.0,0.0,0.0,0.0,0.0,0.0,0.07420318725099602,0.0,0.0,0.0,0.0,0.0,0.0,0.0,0.021746347941567067,0.0,0.0,0.0,0.0,0.0
02d74eb134a5bffcf9adde153be9000d277e4543,1,0.0,0.013856995803309843,0.0,0.0,0.0,0.0,0.0,0.0,0.0,0.0,0.0,0.0,0.0,0.0,0.0,0.0,0.0,0.0,0.0,0.0,0.0
02d787ab7bdac40f196ef159a4f535a09341bbd8,0,0.9432918395573997,0.0,0.0,0.0,0.0,0.0,0.0,0.0,0.0,0.0,0.0,0.0,0.0,0.0,0.011828486939379004,0.0,0.0,0.0,0.0,0.0,0.02168555938886151
02d7953fa9e1bef387cb673f5b05b45222a4e20a,1,0.9370677731673582,0.0,0.0,0.0,0.0,0.0,0.0,0.0,0.0,0.0,0.0,0.0,0.0,0.0,0.0,0.0,0.0,0.0,0.0,0.0,0.0
02d7cae951219250b5d192649dcb4f2adf8fe3f3,1,0.0,0.0,0.0,0.0,0.0,0.018701510820743162,0.03046141282155982,0.0,0.0,0.0,0.0,0.0,0.0,0.025724785626786442,0.0,0.0,0.0,0.0,0.0,0.0,0.03323805634953042
02d80938b6d7c88fd723eac4c3fbc77b106c4694,1,0.9474412171507607,0.0,0.0,0.0,0.019887298002499616,0.0,0.0,0.0,0.0,0.0,0.0,0.0,0.0,0.0,0.0,0.0,0.0,0.0,0.0,0.0,0.0
02d8167d9aa514aed78f3884cff2f56100ce70d6,0,0.9453665283540802,0.0,0.0,0.0,0.0,0.0,0.0,0.0,0.0,0.0,0.0,0.0,0.0,0.0,0.0,0.0,0.0,0.0,0.0,0.0,0.0
02d8490d5bed56093c8672d5164f40a740ca0ead,0,0.9384508990318119,0.0,0.0,0.007663857856407519,0.0,0.0,0.0,0.0,0.0,0.0,0.0,0.0,0.025774964731002402,0.0,0.0,0.09047927708087086,0.0,0.0,0.0,0.0,0.0
02d87c2f7354c6150d0230c39d42520c3d7cff9e,0,0.9405255878284924,0.0,0.0,0.0,0.0,0.0,0.0,0.0,0.0,0.0,0.0,0.0,0.0,0.0,0.0,0.0,0.02709773874042235,0.0,0.0,0.0,0.0
02d8995229bb155aa0e12745bf8625ae67301dbd,1,0.941908713692946,0.0,0.0,0.0,0.0,0.0,0.0,0.0,0.0,0.0,0.0,0.0,0.0,0.0,0.0,0.0,0.0,0.0,0.0,0.0,0.0
02d8c33b0c3900c4907705a344f6967a98f8a7b9,1,0.0,0.0,0.0,0.0,0.0,0.0,0.0,0.0,0.0,0.1101813110181311,0.0,0.0,0.0,0.0,0.0,0.0,0.0,0.0,0.0,0.0,0.0
02da08306b035f83a21274a0b57d1e9e1768f54e,0,0.9426002766251729,0.0,0.0,0.0,0.0,0.0,0.0,0.0,0.0,0.014861995753715499,0.0,0.0,0.0,0.0,0.0,0.0,0.0,0.0,0.0,0.0,0.0
02da208dc4c7471257b80d3b5732e4bf3d5a3cbb,1,0.9412171507607192,0.04,0.0,0.0,0.0,0.0,0.0,0.0,0.0,0.0,0.0,0.0,0.0,0.0,0.0,0.0,0.0,0.0,0.0,0.0,0.0
02da43a97d6b93a47d371bda309925f8c1b98dfd,0,0.9508990318118948,0.0,0.0,0.0,0.0,0.0,0.0,0.0,0.0,0.0,0.0,0.0,0.0,0.0,0.0,0.0,0.0,0.0,0.0,0.0,0.0
02da606bfddfedb830acee68095518097756ad38,0,0.9426002766251729,0.0,0.054987946274824936,0.0,0.0,0.0,0.0,0.0,0.0,0.0,0.0,0.0,0.0,0.03225806451612903,0.0,0.0,0.0,0.0,0.0,0.0,0.0
02da913a737d43664febdf2e0d93b5422828790d,0,0.0,0.0,0.0,0.0,0.0,0.0,0.0,0.0,0.0,0.0,0.0,0.0,0.0,0.0,0.0,0.0,0.0,0.26409174106309063,0.0,0.0,0.0
02daa77f21485eb8c5399acf683f3025d61295b2,1,0.9467496542185339,0.0,0.029228855721393034,0.0,0.0,0.0,0.0,0.0,0.0,0.0,0.0,0.0,0.0,0.0,0.0,0.0,0.0,0.0,0.0,0.0,0.0
02daba64790ef8dd6549c7d2827b75fb5c421541,0,0.9384508990318119,0.0,0.0,0.0,0.0,0.0,0.0,0.0,0.0,0.0,0.0,0.0,0.0,0.0,0.0,0.0,0.0,0.0,0.0,0.0,0.0
02dad6355c53e476da0d73614f358a8e2a61161f,0,0.9398340248962656,0.0,0.0,0.0,0.0,0.0,0.0,0.0,0.0,0.0,0.0,0.0,0.0,0.0,0.015360466420002243,0.0,0.0,0.014351384684381657,0.0,0.0,0.0
02db41515ecf2e625dc3197f368270b219a2b863,0,0.9474412171507607,0.07756563245823389,0.025855210819411296,0.0,0.04852824184566428,0.0,0.0,0.0,0.0,0.0,0.0,0.0,0.0,0.0,0.0,0.0,0.0,0.0,0.0,0.0,0.024661893396976928
02dbcab2137dc4faa95452e1e54681df25521ee6,0,0.9377593360995851,0.0,0.0,0.0,0.0,0.0,0.0,0.0,0.0,0.0,0.0,0.0,0.0,0.0,0.0,0.0,0.0,0.0,0.0,0.0,0.0
02dbe750731a8b332a41919293bf69d054495307,0,0.9384508990318119,0.0,0.041135121062223376,0.0,0.0,0.0,0.0,0.0,0.0,0.0,0.0,0.0,0.0,0.0,0.0,0.0,0.0,0.0,0.0,0.0,0.0
02dc14140b51f64c1a1cd3af058cd64954efc574,1,0.9356846473029046,0.0,0.0,0.0,0.0,0.0,0.0,0.0,0.0,0.0,0.0,0.0,0.0,0.0,0.0,0.0,0.0,0.0,0.04249459814430369,0.0,0.0
02dc1554632bf7cea24cf649ee0128b93f27b120,1,0.9557399723374828,0.0,0.0,0.0,0.0,0.0,0.0,0.0,0.0,0.0,0.0,0.0,0.0,0.0,0.0,0.0,0.0,0.0,0.0,0.0,0.0
02dca29c44ea1d1a1a5abab5bcfa34c7b8e0cb84,0,0.0,0.0,0.0174503150751333,0.0,0.0,0.0,0.0,0.0,0.0,0.0,0.0,0.0,0.0,0.0,0.0,0.0,0.0,0.0,0.0,0.0,0.018904507998061076
02dcc2c0761d656285ce1f18f964ae606156c932,0,0.9412171507607192,0.0,0.0,0.0,0.0,0.0,0.0,0.0,0.0,0.0,0.0,0.0,0.0,0.0,0.0,0.0,0.0,0.0,0.0,0.0,0.0
02dcd248e4a2ac5c6d376d1ac6c8f99273011e75,0,0.9384508990318119,0.004485310607759588,0.0,0.0,0.0,0.011587052403378933,0.0,0.0,0.0,0.0,0.0,0.0,0.0,0.0,0.0,0.0,0.0,0.0,0.0,0.0,0.0
02dd2f4adb789a1b77f88e2ffad66b1736785573,1,0.9391424619640387,0.0,0.0,0.0,0.018058063619947214,0.048340047228781775,0.0,0.0,0.0,0.0,0.0,0.0,0.0,0.0,0.0,0.0,0.0,0.0,0.0,0.0,0.03569940269481872
02dd766b9f935a092c81d0ef82eefccb1de822c9,0,0.9481327800829875,0.0,0.0,0.0,0.0347985347985348,0.0,0.0115995115995116,0.025030525030525032,0.0,0.018925518925518924,0.0,0.0,0.0,0.0,0.0,0.0,0.0,0.0,0.0,0.0,0.0
02ddc765f2210c4b8bf7fbd232e32429899c5d40,0,0.0,0.0,0.0,0.0,0.0,0.0,0.0,0.0,0.0,0.0,0.0,0.0,0.0,0.0,0.0,0.0,0.0,0.0,0.0,0.0,0.0
02dde934c48ab8acd59761a138b9f3292f1bc467,0,0.9377593360995851,0.0,0.0,0.0,0.0,0.0,0.0,0.0,0.0,0.0,0.0,0.0,0.0,0.0,0.0,0.0,0.0,0.0,0.0,0.0,0.0
02ddf614c5694edca2cd461feb427a35f5358226,0,0.9356846473029046,0.0,0.0,0.0,0.0,0.0,0.00248015873015873,0.05109126984126984,0.0,0.0,0.0,0.0,0.0,0.0,0.0,0.0,0.0,0.0,0.0,0.0,0.0
02de4b88313384e10c7518e0809d07554a3a7eb8,0,0.9377593360995851,0.0,0.0,0.0,0.0,0.0,0.0,0.0,0.0,0.0,0.0,0.0,0.013057929724596391,0.0,0.0,0.0,0.0,0.0,0.0,0.0,0.0
02de58be6d6a0cf8cc971fa42de8220f2d4d696b,0,0.9426002766251729,0.0,0.0,0.0,0.0,0.0,0.0,0.007199602780536246,0.06616186693147964,0.02904667328699106,0.0,0.0,0.010923535253227408,0.0,0.007696127110228402,0.0,0.0,0.0,0.0,0.0,0.0
02de8028f8efbd6bf95ff42a20943a8a890c0560,1,0.9453665283540802,0.0,0.016230366492146597,0.0,0.014136125654450262,0.0,0.0,0.0,0.0,0.0,0.0,0.0,0.0,0.0,0.0,0.0,0.013612565445026177,0.0,0.0,0.0,0.01832460732984293
02de9aa226fbe37298da5a5102f12a69bccfa2ca,0,0.9398340248962656,0.0,0.3173449612403101,0.0,0.005329457364341085,0.0,0.0,0.0,0.027616279069767442,0.0,0.0,0.0,0.0,0.009689922480620155,0.029069767441860465,0.0,0.0,0.0,0.0,0.0,0.0
02deb3c6698d3bfde114faecee5b1f23ba1be5e5,0,0.9515905947441217,0.0,0.0,0.0,0.0,0.0,0.0,0.0,0.0,0.0,0.0,0.0,0.0,0.0,0.0,0.0,0.0,0.0,0.0,0.0,0.0
02dec6841f7e888881b3c88947a195cf466bb58e,0,0.9446749654218534,0.0,0.0,0.0,0.0,0.0,0.0,0.0,0.0,0.0,0.0,0.0,0.0,0.0,0.0,0.0,0.0,0.0,0.0,0.0,0.0
02defdc4c3c4a95e65d080075ff64ddd85b3cb48,0,0.9391424619640387,0.19260686505387853,0.0012845215157353885,0.0,0.0,0.0,0.0,0.003282666095768215,0.0,0.0,0.0,0.0,0.0,0.015628345108113895,0.0,0.0,0.0,0.0,0.0,0.0,0.0
02df2c427e2692bbf0dbb1d2d4aef88208bef9dc,1,0.9377593360995851,0.0,0.0,0.0,0.0,0.0,0.0,0.0,0.0,0.0,0.0,0.0,0.0,0.0,0.0,0.0,0.0,0.0,0.0,0.0,0.0
02df4ebc333c0a8c3973755b124cc0f972acf7d7,0,0.0,0.0,0.0,0.0,0.0,0.0,0.0,0.0,0.0,0.0,0.0,0.0,0.0,0.0,0.0,0.0,0.0,0.0,0.0,0.0,0.0
02df83f2f054a1631e65380f8b93977934249f28,0,0.9412171507607192,0.03470226780425269,0.10454887051854471,0.0,0.0,0.016400689624685025,0.0412890676804739,0.0,0.04955572255868441,0.0,0.0,0.0,0.0,0.0,0.009637062906149154,0.0,0.0,0.0,0.0,0.0,0.00786879448300252
02df97a8573635f8146247924b5447ee9796eb14,0,0.9391424619640387,0.0,0.0,0.0,0.0,0.0,0.0,0.0,0.03929384965831435,0.0,0.0,0.0,0.0,0.0,0.018666160465704885,0.03600354340673247,0.0,0.0,0.009048342191850165,0.0,0.0
02dfe16cec9d32922d6965068b09d894d71d41e0,0,0.9536652835408023,0.026233359436178542,0.05442443226311668,0.0,0.039937353171495694,0.01644479248238058,0.007047768206734534,0.0,0.0,0.018794048551292093,0.0,0.0,0.0,0.0,0.03288958496476116,0.0,0.0,0.0,0.0,0.0,0.0
02dffc5f168235734927c4f964909677c739a7e5,1,0.0,0.0,0.0,0.0,0.009946779225545972,0.0,0.0,0.0,0.0,0.0,0.0,0.0,0.0,0.0,0.0,0.0,0.0,0.0,0.0,0.0,0.032189392549091575
02e034dc1fba53bdfca80d5940c5d9a0e5f742cd,1,0.0,0.02403282532239156,0.06955842125830403,0.0,0.0,0.0,0.0,0.0,0.0,0.0,0.021688159437280186,0.0,0.0,0.0,0.0,0.0,0.0,0.0,0.0,0.0,0.008597108245408363
02e03cc4a17cb17b080775f330305d20fe0f0fbc,0,0.9405255878284924,0.023149033862636312,0.028792806581212933,0.0,0.0,0.0,0.0,0.0,0.012578917160895351,0.0,0.0,0.0,0.0,0.0,0.0,0.0,0.020948919074038647,0.0,0.0,0.014444231872967285,0.0
02e068fd5f87e87991ca404f26364ef146b21747,0,0.0,0.0,0.0,0.0,0.0,0.0,0.0,0.0,0.0,0.0,0.0,0.0,0.0,0.0,0.0,0.0,0.0,0.0,0.0,0.0,0.0
02e0a0f59ca359f68f3decc0c4f8f4f0f673e765,1,0.9453665283540802,0.0,0.007291764045994204,0.0,0.0,0.0,0.0,0.0,0.0,0.0,0.0,0.0,0.0,0.0,0.0,0.0,0.0,0.0,0.0,0.0,0.0
02e0b0d6fd84e1250dc2ca241384c140b71685cc,1,0.9488243430152143,0.0,0.02818154850192821,0.0,0.0,0.0,0.0,0.0,0.008009492732126965,0.04509047760308514,0.0,0.0,0.0,0.0,0.0,0.0,0.0,0.0,0.0,0.0,0.0
02e0c1a6da619e50221b431e99544d89930d283e,0,0.9391424619640387,0.0,0.0,0.0,0.0,0.0,0.0,0.0,0.011503636633516402,0.0,0.0,0.0,0.0,0.0,0.0,0.0,0.0,0.0,0.0,0.0,0.0
02e0d7e7266d6003caa7976878461add1aa1d974,1,0.9405255878284924,0.01639344262295082,0.029806259314456036,0.0,0.0,0.0,0.0,0.0,0.0,0.0,0.0,0.0,0.0,0.0,0.0,0.0,0.0,0.0,0.0,0.02384500745156483,0.042846497764530554
02e0e8145c11e3fcfb9aaebf367c6902b5c09f47,0,0.0,0.0,0.010913375085260742,0.0,0.0,0.0,0.01109939852421405,0.0,0.018602343895330813,0.0,0.0,0.0,0.0,0.0,0.0,0.0,0.0,0.0,0.0,0.0,0.0
02e16139c2665f56da4c4e380c8cadfab005ed65,0,0.0,0.0,0.015339663988312637,0.0,0.0,0.0,0.0,0.0,0.0,0.0,0.0,0.0,0.0,0.0,0.0,0.0,0.0,0.0,0.0,0.0,0.0
02e18e0d7da03495789dbfd62da98b3eaa338dea,1,0.9412171507607192,0.0,0.0,0.0,0.0,0.0,0.0,0.08166969147005444,0.0,0.027109800362976406,0.0,0.0,0.0,0.0,0.0316470054446461,0.0,0.0,0.0,0.0,0.0,0.011343012704174229
02e1b524e94530ae82c1f00a4cbd4900f7b21e2c,1,0.9356846473029046,0.0,0.0,0.0,0.0,0.09796186719263643,0.0,0.0,0.0,0.0,0.0,0.0,0.0,0.0,0.0,0.0,0.0,0.0,0.0,0.0,0.0
02e1bbfce2a173493a0e3c0c828142d2361c993a,1,0.9508990318118948,0.0,0.0,0.0,0.0,0.0,0.0,0.0,0.0,0.0,0.0,0.0,0.0,0.0,0.0,0.0,0.0,0.0,0.0,0.0,0.0
02e1bc7f211f4b1519adc813f37e4f979abcf84a,0,0.0,0.0,0.0,0.0,0.12972714217328865,0.0,0.0,0.0,0.0,0.0,0.0,0.0,0.0,0.0,0.0,0.0,0.0,0.0,0.0,0.0,0.0
02e2799a4e1dbf4359504c94ef88a47e69abd73c,1,0.0,0.04156954156954157,0.15112665112665113,0.0,0.0,0.0,0.0,0.0,0.0,0.0,0.0,0.0,0.0,0.0,0.0,0.0,0.02097902097902098,0.0,0.0,0.0,0.0
02e2f0b4a5c5bcba704b47de7164d6607840ed52,0,0.9405255878284924,0.0,0.0,0.0,0.04006309148264984,0.0,0.0,0.0,0.0,0.0,0.0,0.0,0.0,0.0,0.0,0.0,0.0,0.0,0.0,0.0,0.0
02e337e1b53a52984c23fff2c34f01fe00aa2cb9,0,0.9439834024896265,0.0,0.10497237569060773,0.0,0.0,0.0,0.0,0.0,0.0,0.0,0.0,0.0,0.0,0.0,0.0,0.0,0.0,0.0,0.0,0.0,0.0
02e3631284d4532613eeb3cb40794efe790a2e99,0,0.9495159059474412,0.0,0.0,0.0,0.0,0.0,0.0,0.0,0.0,0.0,0.0,0.0,0.0,0.0,0.0,0.0,0.0,0.0,0.0,0.0,0.0
02e380256da4f24208f2802e8793e8a249164b9a,0,0.9550484094052559,0.0,0.0,0.0,0.0,0.0,0.0,0.0,0.0,0.0,0.0,0.0,0.0,0.0,0.0,0.0,0.0,0.0,0.0,0.0,0.0
02e3907f1089f9a01c94ae2ecab6842c8116aece,0,0.9370677731673582,0.0,0.01747894249963484,0.012074589804761672,0.05375139977603583,0.027995520716685332,0.01723550318905497,0.0,0.0,0.0,0.0,0.0,0.0,0.009737572423194897,0.0,0.0,0.03403281561906617,0.0,0.0,0.0,0.03622376941428502
02e3b4cdd5f4a11496c30ae5368dc6cbb4191a8b,0,0.9439834024896265,0.0,0.0,0.0,0.0,0.0,0.015971316818774447,0.0,0.0,0.0,0.0,0.0,0.0,0.0,0.0,0.0,0.0,0.0,0.0,0.0,0.0
02e3c22e9e6736c57591d660e7df1a744eb82921,1,0.9398340248962656,0.0,0.0,0.0010463899546564353,0.0,0.0,0.0,0.040111614928496686,0.0,0.0,0.0,0.0,0.032089291942797346,0.0,0.0,0.0,0.0,0.0,0.0,0.0,0.0
02e43aa53905a32e765b18fa862d68786c521244,1,0.0,0.0,0.0,0.0,0.0,0.0,0.0,0.0,0.0,0.0,0.0,0.0,0.0,0.0,0.0,0.0,0.0,0.0,0.0,0.0,0.0
02e44bf697e871a0cd71e5660b6a76a8e0013de3,0,0.0,0.013485235991629853,0.0,0.0,0.0,0.0,0.0,0.0,0.0,0.0,0.0,0.0,0.0,0.0,0.0,0.0,0.0,0.0,0.0,0.044873285282492445,0.0
02e491d1aebaffdf165d12fde849ab1b4d0539b1,0,0.941908713692946,0.0,0.0,0.0,0.0,0.0,0.0,0.0,0.0,0.0,0.0,0.0,0.0,0.009730538922155689,0.0,0.0,0.022704590818363273,0.0,0.0,0.0,0.0
02e4bee8993a889e6b0d2825a1153a27c1a7646f,1,0.0,0.018018018018018018,0.0518018018018018,0.0,0.0,0.012012012012012012,0.013513513513513514,0.0,0.0,0.0,0.0,0.0,0.0,0.017267267267267267,0.0,0.0,0.0,0.0,0.0,0.0,0.0
02e4c7033aa05564668098c45cc65fea760b690b,1,0.9384508990318119,0.0,0.0,0.0,0.0,0.018468293942916183,0.0,0.0,0.0,0.022988505747126436,0.0,0.0,0.0,0.0,0.0,0.0,0.0,0.0,0.0,0.0,0.0
02e4eac01cfa8aeac66df8e947692fb5497fdf33,0,0.9412171507607192,0.0,0.0,0.0,0.0,0.0,0.0,0.0,0.0,0.0,0.0,0.0,0.0,0.007281323877068558,0.033128447596532704,0.0,0.0,0.0,0.0,0.0,0.0
02e5057fb946a5edfe04c323e9ddbaa60d0faf2d,0,0.9398340248962656,0.0,0.0,0.0,0.0,0.0,0.014314928425357873,0.016359918200409,0.0,0.0,0.0,0.0,0.0,0.0,0.0,0.0,0.0,0.0,0.0,0.0,0.0
02e5461afe81d2aa3c4ade3a98836be4ee96e7c7,0,0.9426002766251729,0.0,0.0,0.0,0.0,0.0,0.0,0.0,0.014063811922753989,0.0,0.0,0.0,0.0,0.01658270361041142,0.0,0.0,0.022670025188916875,0.0,0.0,0.0,0.0
02e55679029819fa09799c32f22fe290d70b4efd,1,0.9377593360995851,0.0,0.0,0.03508771929824561,0.0,0.02234753550543024,0.0,0.00898078529657477,0.0,0.0,0.0,0.0,0.030806182121971594,0.0,0.0,0.007832080200501253,0.0,0.004177109440267335,0.0,0.0,0.0
02e56169678469a36c3ac8fa551aa6d94e8efe94,0,0.0,0.0,0.0,0.0,0.0,0.0,0.0,0.0,0.0,0.0,0.0,0.0,0.0,0.0,0.0,0.0,0.0,0.0,0.0,0.0,0.0
02e57f3fbb9f478231cc9d50037010e55ea3b084,1,0.9370677731673582,0.0,0.0,0.0,0.0,0.0,0.0,0.008858685759359263,0.0,0.0,0.0,0.0,0.0,0.025726594260057037,0.042594502760754806,0.0,0.0,0.0,0.0,0.0,0.0
02e59891567761edb9233b90b3517b0b56a42e38,0,0.0,0.02249820014398848,0.0091792656587473,0.0,0.0,0.0,0.0,0.0,0.0,0.0,0.0,0.0,0.0,0.0,0.0,0.0,0.0,0.0,0.0,0.0,0.0
02e5b62862abe2cd21d66cff2cb4ef7292b9adef,1,0.9377593360995851,0.0,0.0,0.0,0.0,0.0,0.0,0.0,0.0,0.0,0.0,0.0,0.0,0.0,0.0,0.0,0.0,0.0,0.0,0.0,0.022675468458600988
02e5d51d716ee842db1c98f5785ed8fc600d0cb9,0,0.9391424619640387,0.0,0.0,0.07693097781429745,0.0,0.0,0.0,0.009963023829087921,0.0,0.0,0.0,0.0,0.0202341824157765,0.0,0.0,0.01191454396055875,0.0,0.07379827444535744,0.0,0.0,0.0
02e6ee6012d3f4936d429bd7e81b6b0b93628133,0,0.9453665283540802,0.0,0.0,0.0,0.0,0.0,0.0,0.0,0.0,0.0,0.0,0.0,0.0,0.0,0.0,0.0,0.0,0.0,0.0,0.0,0.0
02e75f1b9131d83db2a5688937fd5d9a93162aee,1,0.9363762102351314,0.0,0.005129958960328317,0.0,0.012178902568779449,0.011551907584739321,0.007067943456452348,0.007352941176470588,0.0,0.0,0.0,0.0,0.026656786745706033,0.08861529107767138,0.0,0.0,0.0,0.0,0.0,0.0,0.0
02e77139a684f6670abd182689c4bb55341b5dce,1,0.0,0.0,0.0447968836950473,0.0,0.0,0.0,0.0,0.0,0.0,0.0,0.0,0.0,0.0,0.0,0.0,0.0,0.0,0.0,0.0,0.0,0.0
02e7e52ff931c0e4e0eb93d408af15ca30d0568b,0,0.9377593360995851,0.0,0.027196652719665274,0.0,0.0,0.0,0.0,0.0,0.0,0.0,0.0,0.0,0.0,0.0,0.04266514517560543,0.0,0.012742487637885127,0.0,0.0,0.0,0.0
02e8113c8158f49e3dcd9b5561643e963e265b44,0,0.9508990318118948,0.0,0.0,0.08842897460018814,0.0,0.0266541235497021,0.0,0.01881467544684854,0.06302916274694262,0.0,0.0,0.0,0.013483850736908122,0.0,0.021636876763875823,0.0,0.0,0.0,0.0,0.0,0.0
02e8218055f7374bbae72cf2c2dd31ea2253b25f,1,0.0,0.0,0.0,0.007462686567164179,0.0,0.041044776119402986,0.0,0.0,0.0,0.04477611940298507,0.0,0.0,0.0,0.0,0.0,0.0,0.0,0.0,0.0,0.0,0.0
02e841cfbd594db98c8ffadbb3f3dfe4f0194780,0,0.941908713692946,0.0,0.0,0.0,0.0,0.0,0.0,0.018140243902439023,0.0,0.0,0.0,0.0,0.0,0.0,0.0,0.0,0.0,0.0,0.0,0.0,0.0
02e84b199da181fae0f5a9c606720aa8838fedf9,0,0.9384508990318119,0.0,0.0,0.021304576538663862,0.0,0.0,0.0,0.0,0.0,0.0,0.0,0.0,0.008416622830089426,0.03261441346659653,0.0,0.0,0.0,0.0,0.0,0.0,0.0
02e8755e141a65cf58bcc3707f9ab90d4a59118a,0,0.9405255878284924,0.06154812372428953,0.0,0.0,0.0,0.0,0.0,0.0,0.0,0.0,0.0,0.0,0.0,0.0,0.0,0.0,0.0,0.0,0.0,0.01334589417490972,0.0
02e8f24ee632038666d76c1672845e7fe0a6e98b,0,0.9412171507607192,0.0,0.0,0.0,0.0,0.0,0.0,0.035039729060831054,0.0,0.0,0.0,0.0,0.0,0.0,0.0,0.0,0.0,0.013937736094828708,0.0,0.0,0.0
02e9864bf4922aac58562abb6fb6adf0da92317f,0,0.0,0.008328018906853734,0.0,0.0,0.0,0.0,0.0,0.0,0.0,0.0,0.0,0.0,0.009453426867239375,0.0,0.0,0.00761526053194283,0.0,0.0,0.0,0.0,0.0
02e9e80b8977543d46b61094d326d6e4ca906ffe,1,0.9474412171507607,0.02163704666955642,0.013220632856523624,0.0,0.008958243028464095,0.0,0.027777777777777776,0.0,0.0,0.0,0.0,0.0,0.0,0.0,0.0,0.0,0.0219621441988152,0.0,0.0,0.03384626499060829,0.0
02e9e85b11da6a9cb3b3dd48a837afa46ca1d55a,1,0.9349930843706777,0.0,0.0,0.0,0.016645119586296057,0.0044440853264382674,0.0,0.0,0.0,0.0,0.0,0.0,0.0,0.0,0.0,0.0,0.010746606334841629,0.0,0.0,0.0,0.01220103425985779
02ea577a94940e692f76ba73dee1be22d89baca7,1,0.9522821576763485,0.0,0.0,0.0,0.0,0.0,0.0,0.0,0.0,0.0,0.0,0.0,0.0,0.0,0.0,0.0,0.0,0.0,0.0,0.0,0.0
02ea7a4cf079c68e016707c45628555a653d364d,0,0.0,0.0,0.0,0.0,0.0,0.0,0.0,0.0,0.0379746835443038,0.0,0.0,0.0,0.0,0.0,0.0,0.0,0.0,0.0,0.0,0.0,0.0
02eac7bb76264fca0905e6afac972fdf6f598841,0,0.9412171507607192,0.0,0.0,0.0,0.0,0.0,0.0,0.0,0.0,0.0,0.0,0.0,0.0,0.0,0.0,0.0,0.0,0.0,0.0,0.0,0.0
02eae4eb29ad83bb83755a51922bd14da805dc4e,1,0.9356846473029046,0.0,0.09032258064516129,0.15483870967741936,0.0,0.06451612903225806,0.0,0.0,0.0,0.08387096774193549,0.0,0.0,0.0,0.0,0.0,0.0,0.0,0.0,0.0,0.0,0.0
02eba73092ef1f567ff0e6721522aaa9438f89f8,0,0.0,0.0,0.0,0.0,0.0,0.0,0.0,0.0,0.0,0.0,0.0,0.0,0.0,0.0,0.0,0.0,0.0,0.0,0.0,0.0,0.0
02ebeb328de05c08985de86a95a6fca6b8fad374,0,0.9426002766251729,0.0,0.0,0.0,0.0,0.0,0.0,0.0,0.0,0.0,0.0,0.0,0.0,0.0,0.0,0.0,0.0,0.0,0.0,0.0,0.0
02ebf220a2b42a0691691f8b5fba2c45c721dc11,1,0.9356846473029046,0.0,0.0,0.015590200445434299,0.004454342984409799,0.4053452115812918,0.0,0.0,0.0,0.0,0.0,0.0,0.0,0.0,0.005567928730512249,0.0,0.0,0.0,0.005567928730512249,0.0,0.19599109131403117
02ec131f2c3c8407ace6b18f2622120d2b458a76,0,0.9253112033195021,0.09454191033138401,0.06595191682910981,0.0,0.0,0.0,0.02729044834307992,0.0,0.0,0.0,0.0,0.0,0.0,0.0,0.0,0.0,0.0,0.0,0.0,0.02761533463287849,0.0
02ec4c08599272d5b0f5b68d54529d349f98daf7,0,0.9384508990318119,0.01020334842279227,0.012287130847165338,0.0,0.0,0.015305022634188403,0.022849752101746067,0.03793921103686139,0.0,0.0,0.0,0.0,0.0,0.0,0.03305310052453833,0.0,0.0,0.0,0.0,0.02328087949989222,0.012143421714449954
02eca9f8fe5f2ea1b2a2c1ab937d2aa95dd466ab,0,0.9550484094052559,0.0,0.0,0.0,0.0,0.0,0.0,0.0,0.0,0.0,0.0,0.0,0.0,0.0,0.0,0.0,0.0,0.0,0.0,0.0,0.0
02ecb4b2638ffe7f4b2dbdc27183c4919c1a16f5,1,0.9391424619640387,0.0,0.0,0.0,0.0,0.0,0.0,0.0,0.0,0.0,0.0,0.0,0.0,0.0,0.0,0.0,0.0,0.0,0.0,0.0,0.0
02ece9cb8433f091145d04d094b1c61db6031834,0,0.0,0.0,0.0,0.05377826806398235,0.0,0.0,0.0,0.0,0.01461665747380033,0.0,0.0,0.0,0.0,0.0,0.0,0.0,0.0,0.0,0.0,0.0,0.0
02ecf2ef7914dc01450c691f915468323ebd5666,0,0.946058091286307,0.0,0.0,0.0,0.0,0.014705882352941176,0.0,0.0,0.0,0.0,0.0,0.0,0.0,0.0,0.0,0.0,0.0,0.0,0.0,0.0,0.08455882352941177
02ecf954df5881610b754b7880855fb3451b661d,1,0.9432918395573997,0.0,0.0,0.0,0.0,0.0,0.0,0.0,0.0,0.0,0.0,0.0,0.0,0.0,0.0,0.0,0.0,0.0,0.0,0.0,0.0
02ed00459b3f50492c7bf366a380c0abb9ef1984,0,0.0,0.0,0.0,0.0,0.0,0.0,0.0,0.03695034275204815,0.0,0.0,0.0,0.0,0.0,0.0,0.0,0.0,0.0,0.0,0.0,0.0,0.0
02ed37559a5105c065363217798f50b79cf994e5,0,0.9412171507607192,0.0,0.0,0.0,0.0,0.0,0.0,0.0,0.0,0.0,0.0,0.0,0.0,0.0,0.0,0.0,0.0,0.0,0.0,0.0,0.0
02ed8fe9df4246f00fa8aecd38e41c9e4d213d08,0,0.0,0.0,0.0,0.007983371911757759,0.0,0.0,0.0,0.0,0.0,0.0,0.0,0.0,0.0,0.0,0.0,0.0,0.0,0.0,0.0,0.0,0.0
02edb264faf1dc5b1a3ff764a3ee9dbba05eb9cd,0,0.9412171507607192,0.0,0.0,0.0,0.0,0.0,0.0,0.0,0.0,0.0,0.0,0.0,0.0,0.0,0.0,0.0,0.0,0.0,0.037829766052762566,0.0,0.0
02edddf20d1bd33b716ff205edc528b9a87f2091,1,0.9384508990318119,0.0,0.0,0.012304779933743492,0.015144344533838144,0.0,0.0,0.0,0.0,0.0,0.00946521533364884,0.0,0.0,0.0,0.0,0.0,0.0,0.038334122101277804,0.0,0.0,0.009938476100331283
02ede2ea5dbba24eb42882c0ecd51e6be310ee83,1,0.9426002766251729,0.0,0.0,0.0,0.0,0.0,0.0,0.0,0.0,0.0,0.0,0.0,0.0,0.0,0.0,0.0,0.0,0.0,0.0,0.0,0.0
