,artist_name,plays,artist_id
0,the beatles,382809,b10bbbfc-cf9e-42e0-be17-e2c3e1d2600d
1,radiohead,330794,a74b1b7f-71a5-4011-9441-d0b5e4122711
2,linkin park,215559,f59c5520-5f46-4d2c-b2c4-822eabf53419
3,coldplay,205805,cc197bad-dc9c-440d-a5b5-d52ba2e14234
4,muse,186598,9c9f1380-2516-4fc9-a3e6-f9f61941d090
5,pink floyd,177729,83d91898-7763-47d7-b03b-b92132375c47
6,metallica,168052,65f4f0c5-ef9e-490c-aee3-909e7ae6b2ab
7,nine inch nails,167275,b7ffd2af-418f-4be2-bdd1-22f8b48613da
8,depeche mode,160579,8538e728-ca0b-4321-b7e5-cff6565dd4c0
9,christina aguilera,159190,b202beb7-99bd-47e7-8b72-195c8d72ebdd
10,lil wayne,153047,ac9a487a-d9d2-4f27-bb23-0f4686488345
11,system of a down,150268,cc0b7089-c08d-4c10-b6b0-873582c17fd6
12,red hot chili peppers,141215,8bfac288-ccc5-448d-9573-c33ea2aa5c30
13,placebo,129515,847e8284-8582-4b0e-9c26-b042a4f49e57
14,in flames,124663,31745282-b1ea-4d62-939f-226b14d68e7c
15,death cab for cutie,113418,0039c7ae-e1a7-4a7d-9b49-0cbc716821a6
16,rammstein,111810,b2d122f9-eadb-4930-a196-8f221eeb0c66
17,rise against,111711,606bf117-494f-4864-891f-09d63ff6aa4b
18,bob dylan,107995,72c536dc-7137-4477-a521-567eeb840fa8
19,the killers,104821,95e1ead9-4d31-4808-a7ac-32c3614c116b
20,arctic monkeys,101290,ada7a83c-e3e1-40f1-93f9-3e73dbc9298a
21,afi,101032,1c3919b2-43ca-4a4a-935d-9d50135ec0ef
22,nirvana,100157,85af0709-95db-4fbc-801a-120e9f4766d0
23,led zeppelin,99568,678d88b2-87b0-403b-b63d-5da7465aecc3
24,koЯn,95843,ac865b2e-bba8-4f5a-8756-dd40d5e39f46
25,garbage,94644,f9ef7a22-4262-4596-a2a8-1d19345b8e50
26,iron maiden,94469,ca891d65-d9b0-4258-89f7-e6ba29d83767
27,green day,92912,084308bd-1654-436f-ba03-df6697104e19
28,nightwish,92612,00a9f935-ba93-4fc8-a33a-993abe9c936b
29,the cure,92074,69ee3720-a7cb-4402-b48d-a02c366f2bcf
30,kanye west,89102,164f0d73-1234-4e2c-8743-d77bf2191051
31,the smashing pumpkins,88620,ba0d6274-db14-4ef5-b28d-657ebde1a396
32,david bowie,87648,5441c29d-3602-4898-b1a1-b77fa23b8e50
33,ac/dc,87195,66c662b6-6e2f-4930-8610-912e24c63ed1
34,queen,86085,0383dadf-2a4e-4d10-a46a-e9e041da8eb3
35,björk,85227,87c5dedd-371d-4a53-9f7f-80522fb7f3cb
36,daft punk,84589,056e4f3e-d505-4dad-8ec1-d04f521cbb56
37,jack johnson,83782,ff6e677f-91dd-4986-a174-8db0474b1799
38,sigur rós,81836,f6f2326f-6b25-4170-b89d-e235b25508e8
39,tom waits,81422,c3aeb863-7b26-4388-94e8-5a240f2be21b
40,u2,80867,a3cb23fc-acd3-4ce0-8f36-1e5aa6a18432
41,tool,78725,66fc5bf8-daa4-4241-b378-9bc9077939d2
42,böhse onkelz,77740,b3a70929-32bc-4ace-994f-434b26ce96fe
43,britney spears,76142,45a663b5-b1cb-4a91-bff6-2bef7bbfdd76
44,elliott smith,74825,03ad1736-b7c9-412a-b442-82536d63a5c4
45,madonna,74305,79239441-bfd5-4981-a70c-55c3f15c1287
46,the prodigy,74079,4a4ee089-93b1-4470-af9a-6ff575d32704
47,oasis,73498,39ab1aed-75e0-4140-bd47-540276886b60
48,queens of the stone age,72775,7dc8f5bd-9d0b-4087-9f73-dc164950bbd8
49,boards of canada,70625,69158f97-4c07-4c4e-baf8-4e4ab1ed666e
50,air,70123,cb67438a-7f50-4f2b-a6f1-2bb2729fd538
51,the rolling stones,68535,b071f9fa-14b0-4217-8e97-eb41da73f598
52,opeth,68419,c14b4180-dc87-481e-b17a-64e4150f90f6
53,bloc party,67001,8c538f11-c141-4588-8ecb-931083524186
54,blink-182,66585,0743b15a-3c32-48c8-ad58-cb325350befa
55,kings of leon,65965,6ffb8ea9-2370-44d8-b678-e9237bbd347b
56,mindless self indulgence,65520,44f42386-a733-4b51-8298-fe5c807d03aa
57,the smiths,65416,40f5d9e4-2de7-4f2d-ad41-e31a9a9fea27
58,johnny cash,65270,d43d12a1-2dc9-4257-a2fd-0a3bb1081b86
59,sufjan stevens,64880,01d3c51b-9b98-418a-8d8e-37f6fab59d8c
60,belle and sebastian,64744,e5c7b94f-e264-473c-bb0f-37c85d4d5c70
61,foo fighters,64692,67f66c07-6e61-4026-ade5-7e782fad3a5d
62,r.e.m.,63713,ea4dfa26-f633-4da6-a52a-f49ea4897b58
63,modest mouse,63651,a96ac800-bfcb-412a-8a63-0a98df600700
64,slipknot,63443,a466c2a2-6517-42fb-a160-1087c3bafd9f
65,the white stripes,63383,11ae9fbb-f3d7-4a47-936f-4c0a04d3b3b5
66,marilyn manson,63342,5dfdca28-9ddc-4853-933c-8bc97d87beec
67,the doors,63147,9efff43b-3b29-4082-824e-bc82f646f93d
68,the offspring,62284,23a03e33-a603-404e-bcbf-2c00159d7067
69,portishead,62055,8f6bd1e4-fbe1-4f50-aa9b-94c450ec0f11
70,incubus,61700,e3e0abcd-7671-4482-a9d8-462f5acc9be5
71,dream theater,61004,28503ab7-8bf2-4666-a7bd-2644bfc7cb1d
72,amy winehouse,60702,dfe9a7c4-8cf2-47f4-9dcb-d233c2b86ec3
73,bad religion,60497,149e6720-4e4a-41a4-afca-6d29083fc091
74,fall out boy,59262,516cef4d-0718-4007-9939-f9b38af3f784
75,michael jackson,59071,f27ec8db-af05-4f36-916e-3d57f91ecf5e
76,john mayer,58833,144ef525-85e9-40c3-8335-02c32d0861f3
77,massive attack,58779,10adbe5e-a2c0-4bf3-8249-2b4cbf6e6ca8
78,evanescence,57831,f4a31f0a-51dd-4fa7-986d-3095c40c5ed9
79,bright eyes,57173,78f797e3-4913-4026-aad0-1cd858bd735b
80,sonic youth,56987,5cbef01b-cc35-4f52-af7b-d0df0c4f61b9
81,disturbed,56663,4bb4e4e4-5f66-4509-98af-62dbb90c45c5
82,beck,56563,309c62ba-7a22-4277-9f67-4a162526d18a
83,avril lavigne,56497,0103c1cc-4a09-4a5d-a344-56ad99a77193
84,pearl jam,56304,83b9cbe7-9857-49e2-ab8e-b57b01038103
85,a perfect circle,55208,078a9376-3c04-4280-b7d7-b20e158f345d
86,moby,54389,32a92586-6f9f-4882-b168-97fd60a99b6d
87,cat power,54105,05755bf1-380c-487f-983f-d1a02401fa28
88,lady gaga,54051,650e7db6-b795-4eb5-a702-5ea2fc46c848
89,the strokes,53757,f181961b-20f7-459e-89de-920ef03c7ed0
90,dropkick murphys,53730,e8374874-4178-4869-b92e-fef6bf30dc04
91,interpol,53446,b23e8a63-8f47-4882-b55b-df2c92ef400e
92,tori amos,53444,c0b2500e-0cef-4130-869d-732b23ed9df5
93,joy division,53180,9a58fda3-f4ed-4080-a3a5-f457aac9fcdd
94,megadeth,52686,a9044915-8be3-4c7e-b11f-9e2d2ea0a91e
95,feist,52612,a670e05a-cea8-4b37-bce9-d82daf1a0fa4
96,bob marley,52336,ed2ac1e9-d51d-4eff-a2c2-85e81abd6360
97,arcade fire,52041,52074ba6-e495-4ef3-9bb4-0703888a9f68
98,children of bodom,51162,f57e14e4-b030-467c-b202-539453f504ec
99,deftones,51150,7527f6c2-d762-4b88-b5e2-9244f1e34c46
100,him,50929,4cc51547-88ae-49a2-bf7e-0ef65ee7a94c
101,porcupine tree,50273,169c4c28-858e-497b-81a4-8bc15e0026ea
102,pixies,49960,b6b2bb8d-54a9-491f-9607-7b546023b433
103,my chemical romance,49915,c07f0676-9143-4217-8a9f-4c26bd636f13
104,rage against the machine,49531,3798b104-01cb-484c-a3b0-56adc6399b80
105,ramones,49441,d6ed7887-a401-47a8-893c-34b967444d26
106,paramore,49147,44cf61b8-5197-448a-b82b-cef6ee89fac5
107,aphex twin,49132,f22942a1-6f70-4f48-866e-238cb2308fbd
108,the kooks,48615,f82f3a3e-29c2-42ca-b589-bc5dc210fa9e
109,snow patrol,48573,a66999a7-ae5c-460e-ba94-1a01143ae847
110,the clash,48269,8f92558c-2baa-4758-8c38-615519e9deda
111,gorillaz,48118,e21857d5-3256-4547-afb3-4b6ded592596
112,梶浦由記,47386,67e344da-ec54-4e26-b2a4-8351d744a14c
113,die Ärzte,46503,f2fb0ff0-5679-42ec-a55c-15109ce6e320
114,beirut,46076,0af78501-5647-4c18-9a0d-66ac8789e13b
115,alice in chains,45913,4bd95eea-b9f6-4d70-a36c-cfea77431553
116,the cardigans,45852,3e55d51d-687f-4a9d-af96-2fabccf802e5
117,kylie minogue,45659,2fddb92d-24b2-46a5-bf28-3aed46f4684c
118,the shins,45626,6c8b9855-ba8b-48f9-ac1d-42167f7f7b18
119,nickelback,45175,bc710bcf-8815-42cf-bad2-3f1d12246aeb
120,sonata arctica,44567,319b1175-ced9-438f-986b-9239c3edd92d
121,new order,44261,f1106b17-dcbb-45f6-b938-199ccfab50cc
122,blind guardian,44102,7fa7fc04-1011-4876-8095-ecd232edea87
123,metric,43489,4449ccf6-c948-4d33-aa97-b6ad98ce4b5b
124,killswitch engage,43239,8295ee00-0096-461d-95c7-c2263d2a4c6d
125,pj harvey,42905,e795e03d-b5d5-4a5f-834d-162cfb308a2c
126,eminem,42704,b95ce3ff-3d05-4e87-9e01-c97b66af13d4
127,as i lay dying,42427,ba147ea0-60c4-4a40-9da6-0d5c2b2e7b03
128,beastie boys,42290,9beb62b2-88db-4cea-801e-162cd344ee53
129,anathema,42007,20aa23e3-3532-42ca-acf6-e8c2e9df2688
130,mogwai,41961,d700b3f5-45af-4d02-95ed-57d301bda93e
131,animal collective,41934,0c751690-c784-4a4f-b1e4-c1de27d47581
132,franz ferdinand,41831,aa7a2827-f74b-473c-bd79-03d065835cf7
133,rancid,41600,24f8d8a5-269b-475c-a1cb-792990b0b2ee
134,nofx,41571,dcaa4f81-bfb7-44eb-8594-4e74f004b6e4
135,tegan and sara,41225,d13f0f47-36f9-4661-87fe-2de56f45c649
136,rihanna,41103,73e5e69d-3554-40d8-8516-00cb38737a1c
137,dark tranquillity,40943,9d30e408-1559-448b-b491-2f8de1583ccf
138,the national,40672,664c3e0e-42d8-48c1-b209-1efca19c0325
139,jay-z,40553,f82bcf78-5b69-4622-a5ef-73800768d9ac
140,infected mushroom,39772,eab76c9f-ff91-4431-b6dd-3b976c598020
141,lily allen,39609,6e0c7c0e-cba5-4c2c-a652-38f71ef5785d
142,slayer,39237,bdacc37b-8633-4bf8-9dd5-4662ee651aec
143,[unknown],39228,125ec42a-7229-4250-afc5-e057484327fe
144,the knife,39191,bf710b71-48e5-4e15-9bd6-96debb2e4e98
145,brand new,39042,9311e2bc-bb3f-44cf-90d8-b1fe6912b60b
146,black sabbath,39039,5182c1d9-c7d2-4dad-afa0-ccfeada921a8
147,of montreal,38850,8475297d-fb78-4630-8d74-9b87b6bb7cc8
148,iron & wine,38770,c3f28da8-662d-4f09-bdc7-3084bf685930
149,röyksopp,38552,1c70a3fc-fa3c-4be1-8b55-c3192db8a884
150,aerosmith,38228,3d2b98e5-556f-4451-a3ff-c50ea18d57cb
151,regina spektor,37754,fbb375f9-48bb-4635-824e-4120273b3ba7
152,panic at the disco,37633,b9472588-93f3-4922-a1a2-74082cdf9ce8
153,apocalyptica,37599,788ad31c-bf0c-4a31-83f8-b8b130d79c76
154,sublime,37193,95f5b748-d370-47fe-85bd-0af2dc450bc0
155,the who,37148,9fdaa16b-a6c4-4831-b87c-bc9ca8ce7eaa
156,disciple,36857,4ebed31c-4984-432c-8d78-0f08a4b169a2
157,thievery corporation,36427,a505bb48-ad65-4af4-ae47-29149715bff9
158,norah jones,36303,985c709c-7771-4de3-9024-7bda29ebe3f9
159,dido,36105,d1353a0c-26fb-4318-a116-defde9c7c9ad
160,manu chao,35955,7570a0dd-5a67-401b-b19a-261eee01a284
161,jamiroquai,35934,f4857fb9-e255-4dc6-bd01-e4ca7cc68544
162,cradle of filth,35770,7e26cbe1-b8f5-4215-af82-e43d5f8ff308
163,enya,35314,4967c0a1-b9f3-465e-8440-4598fd9fc33c
164,jimmy eat world,35260,bbc5b66b-d037-4f26-aecf-0b129e7f876a
165,the decemberists,35110,97b1142f-c71e-4971-8736-4a8ceaf6b4c3
166,alkaline trio,35109,69421e11-e4c3-4854-951b-ceab4972e38e
167,jimi hendrix,35061,06fb1c8b-566e-4cb2-985b-b467c90781d4
168,misfits,34995,936addc3-91aa-49de-8ec0-0dc186de151f
169,o.s.t.r.,34977,99acd557-c4e2-4086-9be9-85f57184dadc
170,the chemical brothers,34801,1946a82a-f927-40c2-8235-38d64f50d043
171,explosions in the sky,34676,4236acde-2ce2-441c-a3d4-38d55f1b5474
172,damien rice,34453,2119beb8-6ac5-4f21-82a4-b831c90c0024
173,rilo kiley,34250,eaf6a7ca-105d-4a94-ba02-8c3e4040319a
174,judas priest,33888,6b335658-22c8-485d-93de-0bc29a1d0349
175,tenacious d,33806,148ddea2-6839-4354-8e2c-5dfadf136b7f
176,atb,33764,22a096ef-c70d-4d70-ae19-4fc2412d4986
177,arch enemy,33595,e631bb92-3e2b-43e3-a2cb-b605e2fb53bd
178,stars,33391,5aeb21a3-4606-4a0d-8369-50c768d1e99a
179,blur,33325,ba853904-ae25-4ebb-89d6-c44cfbd71bd2
180,kent,33040,ffb2d3e3-a4cc-48cf-8fb0-f2f846e9d7b9
181,andrew bird,32887,081b133e-ce74-42ba-92c1-c18234acb532
182,sum 41,32879,f2eef649-a6d5-4114-afba-e50ab26254d2
183,lacuna coil,32834,6fea1339-260c-40fe-bb7a-ace5c8438955
184,keane,32811,c7020c6d-cae9-4db3-92a7-e5c561cbad50
185,limp bizkit,32726,8f9d6bb2-dba4-4cca-9967-cc02b9f4820c
186,the mountain goats,32687,9639cd52-c351-4a17-9797-58880e95a7ef
187,justin timberlake,32684,596ffa74-3d08-44ef-b113-765d43d12738
188,nas,32580,cfbc0924-0035-4d6c-8197-f024653af823
189,frank zappa,32514,e20747e7-55a4-452e-8766-7b985585082d
190,elvis presley,32471,01809552-4f87-45b0-afff-2c6f0730a3be
191,broken social scene,32449,2eada8f8-056a-4093-bbc2-004909ce743b
192,yann tiersen,32448,12d432a3-feb0-49b1-a107-d20751880764
193,nick cave and the bad seeds,32327,172e1f1a-504d-4488-b053-6344ba63e6d0
194,cocorosie,32306,e162b2eb-6a42-4240-8c1b-c94d9a0acb73
195,josé gonzález,32095,cd8c5019-5d75-4d5c-bc28-e1e26a7dd5c8
196,dead can dance,31687,ccda046a-2674-4f7d-97e6-f23d6c156432
197,nelly furtado,31600,13655113-cd16-4b43-9dca-cadbbf26ee05
198,pantera,31182,541f16f5-ad7a-428e-af89-9fa1b16d3c9c
199,kings of convenience,31148,cf0f4547-ffbd-4011-98ad-0bec9ba022db
200,ben folds,30779,51b7f46f-6c0f-46f2-9496-08c9ec2624d4
201,the cranberries,30701,c98d40fd-f6cf-4b26-883e-eaa515ee2851
202,kamelot,30500,2449300a-6ca7-45da-8102-22789d256475
203,simon & garfunkel,30411,5d02f264-e225-41ff-83f7-d9b1f0b1874a
204,neil young,30323,75167b8b-44e4-407b-9d35-effe87b223cf
205,rush,30228,534ee493-bfac-4575-a44a-0ae41e2c3fe4
206,justice,29888,444f2191-8841-440e-bbc1-6fd564893946
207,植松伸夫,29852,92bb085a-2924-4479-b627-181a1835d2f5
208,devendra banhart,29845,0110e63e-0a9b-4818-af8e-41e180c20b9a
209,n*e*r*d,29614,3fb49f5a-fdc0-4789-9c84-22b38b3f3cb5
210,miles davis,29463,561d854a-6a28-4aa7-8c99-323e6ce46c2a
211,avenged sevenfold,29395,24e1b53c-3085-4581-8472-0b0088d2508c
212,bruce springsteen,29191,70248960-cb53-4ea4-943a-edb18f7d336f
213,beyoncé,29070,183105b5-3e68-4748-9086-2c1c11bf7a3d
214,frank sinatra,28985,197450cd-0124-4164-b723-3c22dd16494d
215,j dilla,28835,cbcbb22c-3a8d-46af-b4ba-09c98f0d7931
216,ryan adams,28805,c80f38a6-9980-485d-997c-5c1a9cbd0d64
217,eels,28609,14387b0f-765c-4852-852f-135335790466
218,coheed and cambria,28505,ae1b47d5-5128-431c-9d30-e08fd90e0767
219,maroon 5,28424,0ab49580-c84f-44d4-875f-d83760ea2cfe
220,ladytron,28352,b45335d1-5219-4262-a44d-936aa36eeaed
221,the velvet underground,28276,94b0fb9d-a066-4823-b2ec-af1d324bcfcf
222,underoath,28275,674a7e8c-9682-419a-8e05-2358e28b5359
223,guns n roses,28022,eeb1195b-f213-4ce1-b28c-8565211f8e43
224,deep purple,27996,79491354-3d83-40e3-9d8e-7592d58d790a
225,bullet for my valentine,27930,d530dbf9-69b1-404f-98f2-0431104f5a1e
226,the mars volta,27930,20883363-1ea4-4d72-ad72-c0e767038f3e
227,lil' wayne,27853,ac9a487a-d9d2-4f27-bb23-0f4686488345
228,diary of dreams,27841,22fa6038-d14c-4aab-a057-d397132e9191
229,katatonia,27806,61ed9c9c-79eb-4e8f-8015-bd599ac0ab49
230,30 seconds to mars,27785,d8354b38-e942-4c89-ba93-29323432abc3
231,morcheeba,27750,067102ea-9519-4622-9077-57ca4164cfbb
232,papa roach,27720,c5eb9407-caeb-4303-b383-6929aa94021c
233,audioslave,27404,020bfbb4-05c3-4c86-b372-17825c262094
234,morrissey,27247,013fa897-86db-41d3-8e9f-386c8a34f4e6
235,weezer,27175,6fe07aa5-fec0-4eca-a456-f29bff451b04
236,good charlotte,27106,b267ca80-034e-4dc1-9ed4-ec45f1fed41d
237,iced earth,27101,8a0e10a9-80c7-40e0-bf5b-89f1d57f9537
238,the libertines,27020,82b304c0-7da4-45d3-896a-0767c7ae1141
239,bob marley & the wailers,27017,c296e10c-110a-4103-9e77-47bfebb7fb2e
240,amon amarth,26914,5b687684-ad34-4a9f-b425-0e7aa81fbd38
241,mcfly,26840,72d3dc3f-3984-42b9-89de-42d6eeb1abf3
242,the used,26807,8262d8e4-9137-4bb3-a787-3caabbbc13e9
243,isis,26530,995a32e1-b1a6-4836-8abc-953c8b2f5094
244,the magnetic fields,26406,3ff72a59-f39d-411d-9f93-2d4a86413013
245,dj shadow,26294,efa2c11a-1a35-4b60-bc1b-66d37de88511
246,they might be giants,26207,183d6ef6-e161-47ff-9085-063c8b897e97
247,burial,25930,9ddce51c-2b75-4b3e-ac8c-1db09e7c89c6
248,scorpions,25602,c3cceeed-3332-4cf0-8c4c-bbde425147b6
249,mike oldfield,25499,a1684a49-feaa-4150-b758-d9412fc59f12
250,neutral milk hotel,25446,a506f761-2c22-4b2f-8a94-bd748c2c8f75
251,50 cent,25308,8e68819d-71be-4e7d-b41d-f1df81b01d3f
252,3 doors down,25303,2386cd66-e923-4e8e-bf14-2eebe2e9b973
253,jeff buckley,25207,e6e879c0-3d56-4f12-b3c5-3ce459661a8e
254,timbaland,25177,daa09819-5da5-4c7a-8bef-eb372bb27ff1
255,faith no more,25155,b15ebd71-a252-417d-9e1c-3e6863da68f8
256,pavement,25107,36bfa85f-737b-41db-a8fc-b8825850ffc3
257,mgmt,25024,c485632c-b784-4ee9-8ea1-c5fb365681fc
258,james blunt,24923,ebee61b4-bbdd-4087-9bcb-d5aa099088ec
259,ozzy osbourne,24860,8aa5b65a-5b3c-4029-92bf-47a544356934
260,the pillows,24833,e69c8ccb-25b1-4c4a-89c6-8fdad1172951
261,motörhead,24762,57961a97-3796-4bf7-9f02-a985a8979ae9
262,eric clapton,24655,618b6900-0618-4f1e-b835-bccb17f84294
263,alicia keys,24613,8ef1df30-ae4f-4dbd-9351-1a32b208a01e
264,robbie williams,24527,db4624cf-0e44-481e-a9dc-2142b833ec2f
265,within temptation,24387,eace2373-31c8-4aba-9a5c-7bce22dd140a
266,kate bush,24338,4b585938-f271-45e2-b19a-91c634b5e396
267,the beach boys,24336,ebfc1398-8d96-47e3-82c3-f782abcdb13d
268,flogging molly,24314,c3694ddc-f7e5-40dd-9fad-90d11a2c50fa
269,alexisonfire,24286,bc1c8f3f-6f36-4086-a470-87ed813dd429
270,bonobo,24197,9a709693-b4f8-4da9-8cc1-038c911a61be
271,bon jovi,24179,5dcdb5eb-cb72-4e6e-9e63-b7bace604965
272,against me!,24136,a66ebddc-ff04-46b8-820a-15c63e80dba1
273,taking back sunday,24028,350bce49-c21b-4137-b50a-0766ded07e4d
274,П.Т.В.П.,23955,671fcfd3-54c4-4b76-ac23-999a606f1f0c
275,lupe fiasco,23947,cf15719f-51f9-4db8-a15d-5eed9664ce69
276,dimmu borgir,23792,17167af8-c1da-45cc-bba2-9d23f068b7a3
277,korpiklaani,23772,50eec634-7c42-41ee-9b1f-b41d9ca28b26
278,jason mraz,23753,82eb8936-7bf6-4577-8320-a2639465206d
279,gentleman,23727,37d29a0a-4f5d-4a53-917c-bd0e897c54f7
280,anberlin,23666,c648509e-9916-4c56-ab63-652a03da16dd
281,cky,23623,4ed35152-5207-4101-8904-6cb5d159b545
282,hot chip,23618,d8915e13-d67a-4aa0-9c0b-1f126af951af
283,soilwork,23598,d8d1b067-78bb-4db7-8f91-db2ff9a83ee5
284,the game,23590,07cc14fb-4784-4a25-804b-2686ed5ef52c
285,soundtrack,23557,d6bd72bc-b1e2-4525-92aa-0f853cbb41bf
286,nouvelle vague,23484,77cceea7-91bb-4a4c-ae41-bc9c46c1ccb5
287,john williams,23418,53b106e7-0cc6-42cc-ac95-ed8d30a3a98e
288,2pac,23396,382f1005-e9ab-4684-afd4-0bdae4ee37f2
289,pink,23276,8d53ba6e-968c-4f72-9571-4a4f3ed4b3f0
290,the devil wears prada,23270,43c0958c-27ef-46c4-b4cc-83cfca54170d
291,guns n' roses,23158,eeb1195b-f213-4ce1-b28c-8565211f8e43
292,t.i.,23156,f7ba7fbe-c6bd-4ac0-bee9-c25c558d7d62
293,three days grace,23120,fabb37f8-eb2a-4cc1-a72a-b56935bbb72d
294,goldfrapp,23043,7b885d42-3c41-4f43-9944-a5855ec5155e
295,abba,22923,d87e52c5-bb8d-4da8-b941-9f4928627dc8
296,manowar,22890,00eeed6b-5897-4359-8347-b8cd28375331
297,pendulum,22847,f2fc6ece-5615-4d2c-9cb3-8c5d51a839ea
298,skillet,22844,16a43d5e-c52d-4eaa-9c3b-00b2c1d8e816
299,nina simone,22831,2944824d-4c26-476f-a981-be849081942f
300,mew,22783,fa927f59-d443-418a-b741-e557208aaf09
301,amon tobin,22751,630662ea-1c7d-4208-99fd-ba3afec20f0c
302,static-x,22751,8ac9e35c-e92d-4030-99ef-ba4127b1555c
303,the roots,22602,80b3cf5e-18fe-4c59-98c7-e5bb87210710
304,okkervil river,22582,9fa07bb4-8312-4cd7-a19a-4fdbc5797148
305,autechre,22532,410c9baf-5469-44f6-9852-826524b80c61
306,cascada,22532,04af2581-6692-4f14-a7fe-151a36f20368
307,mika,22468,e11051f9-0098-41aa-9edb-8dacd8f1c6b5
308,thrice,22446,244afcb7-fa9a-49b1-9aa6-0149512d1c52
309,helloween,22392,765774a0-2060-469b-8b7d-612eea48579b
310,joe satriani,22311,29762c82-bb92-4acd-b1fb-09cc4da250d2
311,johann sebastian bach,22294,24f1766e-9635-4d58-a4d4-9413f9f98a4c
312,breaking benjamin,22287,854a1807-025b-42a8-ba8c-2a39717f1d25
313,current 93,22265,944655bc-16b1-48d2-b4ff-f73654612fcf
314,paradise lost,22256,10bf95b6-30e3-44f1-817f-45762cdc0de0
315,bloodhound gang,22251,b2dbfc09-b332-408b-a235-1850e41971c5
316,big lonz,22202,
317,ensiferum,22165,6e64cbfa-1a60-450e-81f4-c044c868ab24
318,common,22147,c0a1179b-b14a-4d68-a3c1-1fdab16ed602
319,minus the bear,22142,c1e98e4a-4628-4c89-a7a6-0e0171600b05
320,billy talent,22035,fd429857-5ace-4609-ae54-1502c3bdac11
321,yeah yeah yeahs,21968,584c04d2-4acc-491b-8a0a-e63133f4bfc4
322,travis,21954,22a40b75-affc-4e69-8884-266d087e4751
323,nick drake,21944,99ea432a-e3d8-42cb-9d5e-db316a6a8458
324,silverchair,21924,b0799818-22cb-4564-8e68-3c410d0722ee
325,dashboard confessional,21908,50549203-9602-451c-b49f-ff031ba8635c
326,crystal castles,21867,b1570544-93ab-4b2b-8398-131735394202
327,antony and the johnsons,21846,90cc2464-234e-4da0-b39b-576f36e633bc
328,pet shop boys,21729,be540c02-7898-4b79-9acc-c8122c7d9e83
329,kaiser chiefs,21698,90218af4-4d58-4821-8d41-2ee295ebbe21
330,the pillbugs,21691,06fe4eea-9344-4ef3-b0c4-98fff0a13128
331,m.i.a.,21590,5f6be871-eb98-42f1-bce4-5a3d8212c281
332,soundgarden,21576,153c9281-268f-4cf3-8938-f5a4593e5df4
333,snoop dogg,21533,f90e8b26-9e52-4669-a5c9-e28529c47894
334,atmosphere,21363,ef954679-5ee7-4016-acef-7ac71f2fa3d8
335,the hives,21344,487bfd74-71bf-46dd-b89c-80b7a0f06f2f
336,saves the day,21293,593f8594-83ad-4df4-a9b8-e4d225f55440
337,the flaming lips,21267,1f43d76f-8edf-44f6-aaf1-b65f05ad9402
338,death,21143,dbb3b771-ae77-4381-b61c-758b5b7898ec
339,dire straits,21120,614e3804-7d34-41ba-857f-811bad7c2b7a
340,wilco,20985,9e53f84d-ef44-4c16-9677-5fd4d78cbd7d
341,mariah carey,20931,494e8d09-f85b-4543-892f-a5096aed1cd4
342,múm,20742,2b64e811-cbcd-45f7-b29d-296444cad4f1
343,spoon,20711,84eac621-1c5a-49a1-9500-555099c6e184
344,rufus wainwright,20690,78e46ae5-9bfd-433b-be3f-19e993d67ecc
345,clueso,20689,5c2717ab-3b1e-4043-8874-e88ecf391cc9
346,die toten hosen,20655,c3bc80a6-1f4a-4e17-8cf0-6b1efe8302f1
347,band of horses,20621,07b6020a-c539-4d68-aeef-f159f3befc76
348,anti-flag,20611,b88f21a7-a1b9-48fd-bbc4-ae758026f17f
349,hans zimmer,20565,e6de1f3b-6484-491c-88dd-6d619f142abc
350,the kinks,20543,17b53d9f-5c63-4a09-a593-dde4608e0db9
351,death from above 1979,20503,92dc699f-fcbc-4278-afbe-40b5ad060a55
352,cypress hill,20345,51508c1f-8d07-4a00-9cf1-26c570fe7b78
353,the all-american rejects,20336,09885b8e-f235-4b80-a02a-055539493173
354,atreyu,20325,17e137fb-59e5-4fd7-af48-afc34995396c
355,genesis,20130,8e3fcd7d-bda1-4ca0-b987-b8528d2ee74e
356,nena,20123,c954d136-c7fd-4fd9-8bb0-fb0491fc6a02
357,parkway drive,20109,a436dd02-0549-4c91-b608-df451217fdeb
358,creedence clearwater revival,19996,109958eb-a335-4c5e-907e-597ff4c6af46
359,bring me the horizon,19950,074e3847-f67f-49f9-81f1-8c8cea147e8e
360,behemoth,19922,69632f9c-31eb-43d5-a864-e73ac72efc66
361,the new pornographers,19811,25b75a66-ce83-4db3-b136-395a3c3784c4
362,dredg,19796,7b2f87f6-db90-464e-a27a-deb4f7219e90
363,relient k,19727,a49b5d41-7399-49ef-bcb8-a5779a30d2e9
364,lumen,19723,762c05cb-062e-4c6e-aafb-cd9036b4f34f
365,madlib,19645,ea9078ef-20ca-4506-81ea-2ae5fe3a42e8
366,edguy,19604,83998f9c-846b-4294-aede-d7735531c901
367,blonde redhead,19581,6821bf3f-5d5b-4b0f-8fa4-79d2ab2d9219
368,kiss,19566,e1f1e33e-2e4c-4d43-b91b-7064068d3283
369,the haunted,19555,4a60824c-be84-44c5-8632-c0c2b2ff145f
370,patrick wolf,19513,4ac4e32b-bd18-402e-adad-ae00e72f8d85
371,m83,19485,6d7b7cd4-254b-4c25-83f6-dd20f98ceacd
372,cocteau twins,19456,000fc734-b7e1-4a01-92d1-f544261b43f5
373,therion,19335,c6b0db5a-d750-4ed8-9caa-ddcfb75dcb0a
374,talking heads,19324,a94a7155-c79d-4409-9fcf-220cb0e4dc3a
375,guano apes,19244,66da25f9-1534-4dd1-b88c-718bc24e1ccd
376,saosin,19223,47b8b42a-96e8-46fa-9ea6-70c5136ae971
377,a tribe called quest,19085,9689aa5a-4471-4fb4-9721-07cecda0fa9f
378,girl talk,19073,24e36781-1f4a-40af-bd18-c5de61f10c66
379,all that remains,18979,4f8b7186-b2a2-40db-97ae-6e1cd46d57b1
380,hilary duff,18971,bfaf9b70-d1fd-4d3e-b730-3e67e6f8f9bb
381,black eyed peas,18967,d5be5333-4171-427e-8e12-732087c6b78e
382,t.a.t.u.,18961,7c20f558-d664-42bd-b6f1-81acf9dbb72d
383,skinny puppy,18939,5a24bc1a-c093-4a82-84ed-8d7f2da0570d
384,john frusciante,18919,f1571db1-c672-4a54-a2cf-aaa329f26f0b
385,grateful dead,18855,6faa7ca7-0d99-4a5e-bfa6-1fd5037520c6
386,chris brown,18844,2c1828a2-e46b-4ade-a6e9-065ca265d679
387,the fray,18745,2ddd167f-5b8a-4372-b350-6ad50493bac0
388,imogen heap,18723,328d146c-79f1-4eb6-9e40-8ee5710c14e5
389,all shall perish,18712,eb55f2c5-e7dc-4697-9ed7-864438d10eb6
390,girls aloud,18659,a0b2f210-cd3a-453d-937d-e4f2658d17c7
391,caliban,18587,7bace718-5f56-4311-9568-e46a70830605
392,los hermanos,18580,557ac15e-7800-44c3-bb62-d4ab34ac1e28
393,a day to remember,18559,db008806-16f6-48fc-8521-3d953709689d
394,sentenced,18550,82a5b152-ee60-4447-939a-dd5a91cd7c38
395,the postal service,18473,299278d3-25dd-4f30-bae4-5b571c28034d
396,leonard cohen,18434,65314b12-0e08-43fa-ba33-baaa7b874c15
397,tv on the radio,18433,eb872766-98f6-453d-883f-2ae908a18315
398,hatebreed,18418,40b7efb7-1268-4a80-b354-600afdcbe9e2
399,sting,18385,7944ed53-2a58-4035-9b93-140a71e41c34
400,fleet foxes,18356,fa97dd36-1b82-43d7-a6e4-2adeafd59cef
401,no doubt,18335,fbd2a255-1d57-4d31-ac11-65b671c19958
402,trivium,18288,1f5ff245-2837-4d4a-a609-e93e544478c3
403,the police,18263,9e0e2b01-41db-4008-bd8b-988977d6019a
404,the dresden dolls,18261,107c7983-0728-46ea-8550-77e698adf690
405,ulver,18254,7d209631-ccb8-4a87-8516-64abe4c22dba
406,alanis morissette,18241,4bdcee62-4902-4773-8cd1-e252e2e31225
407,architecture in helsinki,18221,b91f0973-002e-4237-a39f-c7e02e786e53
408,fiona apple,18212,a9ee533f-8871-4f62-a6bb-91eb264abc90
409,fatboy slim,18172,34c63966-445c-4613-afe1-4f0e1e53ae9a
410,god is an astronaut,18129,e9dfc148-d5f6-425e-b80b-f99ed2bd7c09
411,counting crows,18036,a0327dc2-dc76-44d5-aec6-47cd2dff1469
412,why?,18008,5dc8a187-443d-4fb2-a0fc-209ef241b9ce
413,the most serene republic,17931,e7c2d42e-b045-41b6-a391-88f4ea545185
414,cunninlynguists,17915,69c4cc43-8163-41c5-ac81-30946d27bb69
415,the streets,17872,6f607087-9c46-4bb2-a884-e4efc764554c
416,the sounds,17859,ad92dd9c-56ef-4443-b2c0-ff2f7d9cca49
417,kelly clarkson,17817,d339efbb-77b9-4147-ba9e-59f2f24550b2
418,cake,17719,fa7b9055-3703-473a-8a09-adf2fe031a24
419,akon,17709,1138a764-2212-4d0a-b02d-0dc14df91e08
420,my bloody valentine,17699,8ca01f46-53ac-4af2-8516-55a909c0905e
421,fear factory,17670,c17f08f4-2542-46fb-97f3-3202d60c225a
422,mando diao,17621,ea854cc1-13fc-4fd0-86a5-d2c7dba06764
423,coma,17559,de548477-205e-4802-8908-e71d3ad67be0
424,philip glass,17545,5ae54dee-4dba-49c0-802a-a3b3b3adfe9b
425,prince,17533,070d193a-845c-479f-980e-bef15710653e
426,black rebel motorcycle club,17532,32b90c92-9978-4a07-90eb-caa4b22f4907
427,reel big fish,17468,5e5480be-eded-44ad-9c45-f6136ec2f5db
428,the pussycat dolls,17449,1fda852b-92e9-4562-82fa-c52820a77b23
429,from autumn to ashes,17423,a6bfadac-d028-4bda-a5b2-e1468f556569
430,dir en grey,17405,ab309b83-904f-4e2c-8d11-a0223bba51f9
431,yellowcard,17302,3630fff3-52fc-4e97-ab01-d68fd88e4135
432,boa,17265,a16d1433-ba89-4f72-a47b-a370add0bb55
433,mötley crüe,17243,26f07661-e115-471d-a930-206f5c89d17c
434,jedi mind tricks,17242,c7732cf8-e9a1-46f1-9133-84d930f3187a
435,cut copy,17234,caaba574-dfbc-4681-8e56-19b5150897d2
436,editors,17222,0efe858c-89e5-4e47-906a-356fa953fd6e
437,akira yamaoka,17219,c3171463-d55c-4140-ad06-dbdac29c508c
438,leona lewis,17206,8d552dfc-648f-401f-90de-e925013ca537
439,dave matthews band,17188,07e748f1-075e-428d-85dc-ce3be434e906
440,my dying bride,17180,2f04ad1f-9f97-41d0-a09c-59c40dfe9cd1
441,underworld,17111,ba2f4f3b-0293-4bc8-bb94-2f73b5207343
442,serj tankian,17004,e471b63c-c3b5-4f62-a971-cd0b2273838f
443,lacrimosa,16992,20b9add0-f004-4720-8f46-585525203a8b
444,lamb of god,16985,298909e4-ebcb-47b8-95e9-cc53b087fc65
445,ben folds five,16935,abe2669a-a612-4bf6-9193-bb4f4b8a9088
446,converge,16867,fa31e7d4-a03a-4110-98fc-f8826e95ec25
447,circa survive,16824,a2496a3c-8f42-4b98-b780-6f8d64f56441
448,epica,16824,21985b14-1b0d-44fe-b357-310b29bba510
449,coil,16766,c16fbb7e-57b1-462c-97c5-bd0e11248765
450,ludwig van beethoven,16752,1f9df192-a621-4f54-8850-2c5373b7eac9
451,fugazi,16721,233fc3f3-6de2-465c-985e-e721dbabbace
452,angels & airwaves,16718,05071a7e-e71c-4306-a509-591cd3686893
453,gnarls barkley,16648,a47c3aa2-7d87-475c-a2c7-1e2047dafb09
454,ayreon,16634,7bbfd77c-1102-4831-9ba8-246fb67460b3
455,p.o.d.,16569,57e79d57-b795-475e-9fa2-5dd9d5513b8c
456,senses fail,16568,b4946461-dacb-4aa9-a77c-7b3231317794
457,the faint,16561,a1419808-65d3-4d40-998c-1a0bac65eabc
458,insane clown posse,16558,7a1eb805-2242-4daa-bd90-c1ed350e2e48
459,ratatat,16538,f467181e-d5e0-4285-b47e-e853dcc89ee7
460,rjd2,16488,1a120ec5-35b3-4f3e-aa49-7201550d9feb
461,mf doom,16415,188711ed-c99b-439c-844a-ca831f63a727
462,vnv nation,16397,8385f26a-f374-4a04-9aad-4442ce24db2b
463,kalmah,16383,8d5291bc-e960-428a-9004-b5ab9c171dd2
464,howard shore,16311,9b58672a-e68e-4972-956e-a8985a165a1f
465,caetano veloso,16310,f07dbc2f-317b-470f-bad4-5f1b0eb6faf1
466,poets of the fall,16300,482a5456-7d8a-4366-a2e9-6f38853df632
467,emilie autumn,16264,c8bc9ad3-1df2-4c9b-9cf7-cf6fc60441dc
468,rainbow,16251,e3cb4543-210f-499a-b0d1-3882c312dfb9
469,dead kennedys,16229,37c78aeb-d196-42b5-b991-6afb4fc9bc2e
470,stone temple pilots,16211,8c32bb01-58a3-453b-8050-8c0620edb0e5
471,calexico,16117,5e372a49-5672-4fb8-ba14-18c90780c4f9
472,alice cooper,16086,4d7928cd-7ed2-4282-8c29-c0c9f966f1bd
473,tiësto,16086,aabb1d9f-be12-45b3-a84d-a1fc3e8181fd
474,citizen cope,16085,9b21f670-8359-4e11-be1d-bf75b649a719
475,kraftwerk,16081,5700dcd4-c139-4f31-aa3e-6382b9af9032
476,xiu xiu,16064,8b431ac6-0806-4e4a-9b6b-1734370fa890
477,armin van buuren,15896,477b8c0c-c5fc-4ad2-b5b2-191f0bf2a9df
478,the cinematic orchestra,15870,7c158ea8-c0aa-410e-bdc1-20bba9759577
479,amorphis,15844,efaefde1-e09b-4d49-9d8e-b1304d2ece8d
480,billy joel,15832,64b94289-9474-4d43-8c93-918ccc1920d1
481,the album leaf,15826,ffb18e19-64a4-4a65-b4ce-979e00c3c69d
482,bon iver,15815,437a0e49-c6ae-42f6-a6c1-84f25ed366bc
483,babyshambles,15812,8e1e03fe-ebbc-467a-b541-857144db10fb
484,king crimson,15802,b38225b8-8e5f-42aa-bcdc-7bae5b5bdab3
485,the academy is...,15777,eb8ff09f-0b63-4c5e-96dc-b6dadeb794ac
486,beatsteaks,15773,a9b88ebb-83aa-4ef7-b674-fabeb572c14e
487,sugababes,15737,dfa715ac-b536-44df-af43-570d3ea3edec
488,heaven shall burn,15639,d044577e-aa22-43b7-ab29-cabee5f6643c
489,kmfdm,15561,45074d7c-5307-44a8-854f-ae072e1622ae
490,flёur,15537,cbd47e2d-b0c1-4004-9a37-95187982463f
491,silverstein,15529,d89de379-665d-425c-b2e9-41b95d1edb36
492,mudvayne,15512,f1c8da15-b408-4149-b863-f1cbe9971f19
493,john lennon,15492,4d5447d7-c61c-4120-ba1b-d7f471d385b9
494,katy perry,15481,122d63fc-8671-43e4-9752-34e846d62a9c
495,primus,15441,84dc4f23-c0b8-4fe1-bbca-a3993ddc8fc2
496,ennio morricone,15407,a16e47f5-aa54-47fe-87e4-bb8af91a9fdd
497,65daysofstatic,15399,0cd12ab3-9628-45ef-a97b-ff18624f14a0
498,finntroll,15312,14962b84-c46a-490b-b6a0-ee69c78b2291
499,groove armada,15295,35723b60-732e-4bd8-957f-320b416e7b7f
500,pain of salvation,15287,f7c65346-9631-4220-9188-5e90baae58d5
501,stone sour,15287,4ca783b7-5bf7-4348-b494-46680660050f
502,in extremo,15272,8ebd161e-f45e-41b9-8019-fcbd094c327f
503,ne-yo,15244,a4a01f5d-18e7-4571-8c3a-76ec0e24e2d7
504,sepultura,15239,1d93c839-22e7-4f76-ad84-d27039efc048
505,new found glory,15202,6acb932e-840d-47ac-8e0d-725ad8a6e52c
506,lostprophets,15190,ef6e2e49-aa93-41bd-89b0-8c7d2f260a83
507,manic street preachers,15161,32efea44-6cb5-4b4f-bdaa-c8b8f6cef981
508,enigma,15158,d84c4e93-9c5f-45ab-a4ba-bd79d037eb31
509,godsmack,15157,ac2d1c91-3667-46aa-9fe7-170ca7fce9e2
510,venetian snares,15143,56abaa47-0101-463b-b37e-e961136fec39
511,motion city soundtrack,15110,190e78ac-8f44-4bf1-a4ff-95ed9376ad9e
512,the fall,15109,d5da1841-9bc8-4813-9f89-11098090148e
513,clint mansell,15052,fc015f11-be38-4b7d-b3e8-5d809242ecec
514,john legend,15048,75a72702-a5ef-4513-bca5-c5b944903546
515,gwen stefani,15016,2e41ae9c-afd2-4f20-8f1e-17281ce9b472
516,ludacris,14986,0638ba22-040f-438d-83a5-9b670c4adaf5
517,rob zombie,14979,c995a379-60b9-404b-bd97-a7e2de0751d3
518,cansei de ser sexy,14972,23b58ea2-1cc3-468a-9e76-5027e196e851
519,the blood brothers,14950,b847568f-cd75-44c7-b87b-4f38a5a9f661
520,loreena mckennitt,14938,c1e5344e-1bff-4727-9417-a4f55e41b5ff
521,maxïmo park,14932,92e634a7-6023-4be8-be15-ebba822f5b34
522,the gathering,14912,004e5eed-e267-46ea-b504-54526f1f377d
523,volbeat,14859,4753fcb7-9270-493a-974d-8daca4e49125
524,at the drive-in,14851,7e13cd1c-0300-4d03-bd8e-5f86dd99d74f
525,fleetwood mac,14842,bd13909f-1c29-4c27-a874-d4aaf27c5b1a
526,david guetta,14840,302bd7b9-d012-4360-897a-93b00c855680
527,backstreet boys,14817,2f569e60-0a1b-4fb9-95a4-3dc1525d1aad
528,funeral for a friend,14806,199d0ab3-22c0-4c00-b99d-257f591dda1f
529,the books,14726,1270af14-9c17-4400-8ebb-3f0ac40dcfb0
530,moonspell,14711,386b19c6-a3d2-414a-bef2-c178572b1cbe
531,apoptygma berzerk,14707,98ed42ad-aafa-46a8-899b-150fa237133a
532,pulp,14655,76b2e842-5e85-4c97-ab62-d5bc315595b5
533,have heart,14645,e519e012-e1a3-4592-b3f6-5a16227ab654
534,lars winnerbäck,14592,1723c867-d5c5-4a61-a40b-8c04fa7acf1b
535,m. ward,14560,655b3e5b-09e4-45dd-941c-6fa3fc12521b
536,the orb,14539,42c14c80-bd17-47e4-9bb2-a35897638c4d
537,vampire weekend,14519,af37c51c-0790-4a29-b995-456f98a6b8c9
538,simple plan,14515,b345af35-205e-4eca-8006-029e5c20127e
539,annihilator,14512,c30ebe30-514f-4e6d-823a-19adf0225a56
540,ani difranco,14469,a7bdc71f-697a-45d9-92b2-a01fbbe50272
541,four tet,14465,3bcff06f-675a-451f-9075-99e8657047e8
542,enter shikari,14449,329f95db-f02e-40bf-a5f7-0dea11529ce3
543,less than jake,14438,e54e065f-0ce6-4779-9a9a-afd7b997471f
544,michael bublé,14430,611700cf-27f0-4dc9-ae80-c513a767853e
545,usher,14411,3414d446-735a-443c-931f-10634f57e5b9
546,kasabian,14348,69b39eab-6577-46a4-a9f5-817839092033
547,tiamat,14339,8930ec4e-51c7-4905-ac40-684459878085
548,dj krush,14323,38d16213-25ba-450d-8665-4e08548e62e3
549,brian eno,14310,ff95eb47-41c4-4f7f-a104-cdc30f02e872
550,george harrison,14298,42a8f507-8412-4611-854f-926571049fa0
551,meshuggah,14287,cf8b3b8c-118e-4136-8d1d-c37091173413
552,project pitchfork,14270,38e4df82-6079-42f8-91fa-904e0fecf78f
553,notorious b.i.g.,14264,d5d97b2b-b83b-4976-814a-056d9076c8c3
554,van halen,14216,b665b768-0d83-4363-950c-31ed39317c15
555,nasum,14208,4b52ef0a-78c3-4b52-b4ee-658ac47ff889
556,serge gainsbourg,14206,b21ef19b-c6aa-4775-90d3-3cc3e067ce6d
557,pain,14151,13f972c7-7b08-4071-9d12-cca87059c4cd
558,duran duran,14145,1a1cd7f3-e5df-4eca-bae2-2757c9e656b5
559,stevie wonder,14136,1ee18fb3-18a6-4c7f-8ba0-bc41cdd0462e
560,thom yorke,14117,8ed2e0b3-aa4c-4e13-bec3-dc7393ed4d6b
561,black label society,14097,a8e935c6-3fcc-414c-900c-77e8170e7e7c
562,squarepusher,14059,4d86ad4e-28d8-4e9f-8cf4-735c57060fdc
563,mewithoutyou,14045,759b5ff1-91fe-4ec9-b9b7-75b7b2ceb283
564,i killed the prom queen,14025,924fe8ad-53d6-469f-98b5-38beb6cd9c4d
565,millencolin,14019,a11aacf5-fcbe-47f9-b065-75f4466c00ae
566,the jimi hendrix experience,14007,33b3c323-77c2-417c-a5b4-af7e6a111cc9
567,all time low,13954,62162215-b023-4f0e-84bd-1e9412d5b32c
568,weird al yankovic,13940,7746d775-9550-4360-b8d5-c37bd448ce01
569,billie holiday,13929,d59c4cda-11d9-48db-8bfe-b557ee602aed
570,the black dahlia murder,13889,21f3573f-10cf-44b3-aeaa-26cccd8448b5
571,roxette,13881,d3b2711f-2baa-441a-be95-14945ca7e6ea
572,yo la tengo,13852,3f542031-b054-454d-b57b-812fa2a81b11
573,shakira,13846,bf24ca37-25f4-4e34-9aec-460b94364cfc
574,john coltrane,13841,b625448e-bf4a-41c3-a421-72ad46cdb831
575,kt tunstall,13822,951d2103-9c7d-4849-ae60-88bf6aa4790b
576,type o negative,13812,a63df8c3-28e4-41db-bac2-c6c6e8ff8f28
577,aesop rock,13786,aba64937-3334-4c65-90a1-4e6b9d4d7ada
578,electric six,13769,54b0584e-4e5e-4976-80d4-eea7a82a7213
579,camera obscura,13729,ef43cee7-13f5-4d10-844e-879aba3d8b19
580,eluveitie,13706,8000598a-5edb-401c-8e6d-36b167feaf38
581,outkast,13687,73fdb566-a9b1-494c-9f32-51768ec9fd27
582,einstürzende neubauten,13663,6e9ac29b-798c-4af7-8d9e-55cdc72a999c
583,scooter,13622,83e59f23-3b0b-4304-834d-5bcafd5df6d2
584,saxon,13615,bbd80354-597e-4d53-94e4-92b3a7cb8f2c
585,chiodos,13612,b755836a-0cb6-4577-a678-55a5a6402d70
586,the black keys,13612,d15721d8-56b4-453d-b506-fc915b14cba2
587,napalm death,13576,ce7bba8b-026b-4aa6-bddb-f98ed6d595e4
588,propagandhi,13573,cc546218-cc08-4ae9-9592-ac1596c1470d
589,madvillain,13558,4e024037-14b7-4aea-99ad-c6ace63b9620
590,klaxons,13557,63011a8d-0117-4f7e-9991-1ef1f337ff70
591,norther,13545,313a0007-b9d3-4036-921a-ce311f9795ad
592,agalloch,13535,3d46727d-9367-47b8-8b8b-f7b6767f7d57
593,combichrist,13487,c29f4522-f710-4bb5-a06b-d436fcc3b2fd
594,stereolab,13442,f1df0431-9250-4ec8-95d8-f19ce7cf7fb6
595,erykah badu,13427,321531fc-db73-4ffa-a959-61a61a2908c1
596,goo goo dolls,13426,e2c00c56-8365-4160-9f40-a64682917633
597,rome,13394,324adf56-2be4-40b2-ac2e-54bde167a2e3
598,gotan project,13379,66cc244d-6f96-4668-a6e9-0f9cd5acc940
599,the fall of troy,13349,8d3ee4ba-be21-470c-bb7c-4c124c3eb989
600,unkle,13340,6648391e-7890-4f6c-b939-976f215195d3
601,hypocrisy,13314,b1e23ada-a7eb-42d7-91ec-67a43bead43a
602,菅野よう子,13300,5ffb73c0-b739-4231-ba22-f8d361be1d45
603,faithless,13259,23d9d74d-c95e-46a6-be26-a6075c49747a
604,turbonegro,13248,68f1175b-592b-4f28-ab1c-85c7a438c636
605,def leppard,13243,7249b899-8db8-43e7-9e6e-22f1e736024e
606,grizzly bear,13236,59a7fbcb-ff74-494d-abd0-9c82359040c9
607,bonnie 'prince' billy,13182,7b0a63b2-b8e8-490e-b724-1d30cb5edfe3
608,fresno,13166,583aec45-62fc-4972-8da2-f09aacc70fc5
609,håkan hellström,13158,6ee8668b-b4e1-48cf-ba25-a6f7c8bf864d
610,gogol bordello,13157,f47fc54d-b334-4321-8218-00c5b11d4dd1
611,boris,13094,57652bf8-cfe8-42e7-b9a7-5572a7080d8d
612,浜崎あゆみ,13073,2b615bcf-baa0-4657-b9a5-1a5f34c386c4
613,deerhoof,13048,11eabe0c-2638-4808-92f9-1dbd9c453429
614,hammerfall,13041,abf5f674-dbad-4219-b3ad-dbd6fb163c8e
615,say anything,13017,ee90d1b3-a4e2-4d18-9092-111d856e7e7a
616,andrés calamaro,13016,5a092e7c-faa9-45d0-88c6-052205804e6c
617,lcd soundsystem,13014,2aaf7396-6ab8-40f3-9776-a41c42c8e26b
618,dragonforce,12973,ef58d4c9-0d40-42ba-bfab-9186c1483edd
619,der w,12860,09d89188-9150-458a-92da-e30e20783699
620,apulanta,12806,d3fa206b-a8ff-4b53-a0e2-83aa19a40c66
621,deine lakaien,12770,28078a34-2f82-42e0-b68e-98ee5f814fc5
622,oomph!,12750,d82ba5f4-da09-479a-ab18-4b1a122c4345
623,devildriver,12746,1aded574-9e16-4648-861a-24fd6f1c309e
624,joanna newsom,12743,cb69e1f1-bc76-4df5-93c9-cf97dd8a3b5c
625,danko jones,12727,ab4721e4-bc37-4bd2-be8c-8f1550152ad6
626,zero 7,12727,c23b637b-97c6-41eb-8ef6-6c724efc80a8
627,subway to sally,12719,5533fa1c-4102-4ae7-92ae-78dddb17fe7f
628,gang starr,12684,9ef8042a-2528-4f5c-b7c1-5e72b1efe170
629,mitsumune shinkichi,12628,f2fddf9f-02fd-421a-b5e8-75a3988309ab
630,"royce da 5'9""",12601,a818c24f-d7c0-4420-afe9-09971652b87e
631,kult,12576,5e857ebe-88f3-4aab-9534-6728c305e427
632,vangelis,12508,57fca0e2-f9ad-4ae6-af9d-6a6f50cbcd5f
633,apparat,12490,dc3dbfc1-f1f1-49c6-9d7c-425fabf3ae12
634,my morning jacket,12423,ea5883b7-68ce-48b3-b115-61746ea53b8c
635,samael,12420,6a2ca1ac-408d-49b0-a7f6-cd608f2f684f
636,paul mccartney,12405,ba550d0e-adac-4864-b88b-407cab5e76af
637,nile,12401,adc68a50-38ee-456d-927e-715cbf74c0d5
638,lifehouse,12392,04591295-6d94-45cb-b6c7-1ae17c6f380e
639,stam1na,12381,f74c7996-4c0b-4ebd-b1e7-219e21c41286
640,sia,12371,2f548675-008d-4332-876c-108b0c7ab9c5
641,razorlight,12344,f2cb0435-d643-4fab-9587-fdb0279330a7
642,gackt,12301,e7a8e086-16df-44a7-91e4-640986bcff72
643,the dandy warhols,12289,5f572b31-8fd9-45ae-9beb-358c98d839df
644,jens lekman,12282,41aa2734-ec86-4197-a074-d44886e7da8d
645,happysad,12241,a800acf3-ca6c-4617-92cd-138df973404f
646,clutch,12240,0cdb0359-5698-487d-9aae-a25fb4dcdc4d
647,lake of tears,12238,62cfcc64-a7d2-4ec2-ab4b-2a6b62e53940
648,bee gees,12226,bf0f7e29-dfe1-416c-b5c6-f9ebc19ea810
649,mos def,12218,9f4551c6-1324-4ac5-b3fe-a5c5cfacd54d
650,shpongle,12197,ffe9ec08-6b6b-4993-9394-e280b429dbfd
651,lamb,12195,0d4bc6e5-2a3e-4fdf-8bbf-59ad0bc374d7
652,bathory,12164,d292b4cd-37bd-4a88-a823-8710f273cc31
653,hocico,12163,b16fd684-831e-4128-8120-6626e76f88c6
654,k.i.z.,12146,13c9c494-09aa-4518-8572-9f41dbdff461
655,the corrs,12114,acf6c776-d0f6-4239-b5a2-a45a613ffa52
656,screeching weasel,12095,e4a135d0-1948-4620-bc07-b0217d09ccc1
657,moloko,12092,2f94016a-3880-4d8c-9af9-0e197ee77189
658,melvins,12075,9ccfbc94-a4f4-42f7-b6f5-d903ab77cccb
659,archive,12071,bd513de0-e42f-425e-ae46-817d7bc5fb1c
660,ministry,12040,13df2a46-f72f-40e7-aa63-26fcf62c7048
661,blutengel,12037,337e30b6-3dbe-44f2-a3fd-84a80abdb5a1
662,the presets,12031,f5b8ea5f-c269-45dd-9936-1fedf3c56851
663,vienna teng,11997,ffbfc446-f717-4c63-9103-587defe6cf8a
664,neaera,11994,6ac3eac8-02dd-47b4-8ee9-f789d93c0405
665,george carlin,11986,5a79e923-b2ef-45fd-bc48-9beebdb21e78
666,descendents,11974,f035837e-4117-438d-a524-cacf43500e68
667,the jesus and mary chain,11915,e938a15c-b17e-4e7a-9f68-ff0d536cab44
668,prefuse 73,11903,fc61dd75-880b-44ba-9ba9-c7b643d33413
669,wu-tang clan,11898,0febdcf7-4e1f-4661-9493-b40427de2c13
670,dope,11889,c48ff56b-0a0e-453c-be56-741d47c33056
671,くるり,11867,252c9f8a-be04-4146-b73e-a24696b2f5ed
672,swans,11866,3285dc48-9505-469d-ad8a-bdf2d3dba632
673,nada surf,11846,b9a2a9a6-7a40-48a6-bcb1-8eff5b89ad5b
674,ska-p,11841,2de794c8-8826-48d0-90e0-6900183ba9e0
675,diana krall,11824,67d2cb7a-9ddb-4a7f-82bf-5a2d1a038e98
676,social distortion,11821,e1e05cce-3922-44e1-8f20-015abe5e309d
677,siouxsie and the banshees,11817,78ea5ea1-3c4d-4b7e-ac5d-68900319ebe2
678,kreator,11797,39822e8d-f24e-4f07-b51b-28b22e59fbdb
679,cat stevens,11791,5adb8b74-54b8-4700-836e-550b6a2a2f71
680,richard cheese,11788,9bf79f68-c064-44a1-8c2c-5764f1d7c016
681,august burns red,11765,5bac9b4f-2f1c-4d39-8d11-231d5b6650ce
682,between the buried and me,11751,1870fb43-50f1-4660-a879-bb596d1519b6
683,the fratellis,11732,f4ad883e-9a92-45ed-a540-a49c2d1c36dd
684,black flag,11718,9941a936-196a-4a62-ae53-a69cbc33f20e
685,soulfly,11718,832a43c7-aa7d-439b-a6b4-4f1afa671c24
686,mastodon,11710,bc5e2ad6-0a4a-4d90-b911-e9a7e6861727
687,orbital,11706,f3e2a7d9-c6bb-4848-95e5-04c0a1e2f511
688,kate nash,11703,49018fd2-95ef-4f7e-92bb-813159909314
689,the veronicas,11700,fd1baeb3-0ee9-4838-b4c7-615c78d68d10
690,seether,11600,fbcd7b29-455f-49e6-9c4f-8249d20a055e
691,juanes,11592,8b0f05ce-354e-4121-9e0b-8b4732ea844f
692,bloodbath,11588,bc27c60a-a967-41c9-9633-c682ca0d77d5
693,lenny kravitz,11584,0ef3f425-9bd2-4216-9dd2-219d2fe90f1f
694,sarah mclachlan,11578,ce58d854-7430-4231-aa44-97f0144b3372
695,the 69 eyes,11573,ba1384a7-8b0e-4ea6-bf0c-f1ec17a06d14
696,machine head,11560,22a1f4d7-81ff-4216-ac06-3387da6bc118
697,machinae supremacy,11553,22cbe400-9906-4c47-973c-b7122b23840a
698,front 242,11457,8fb6c00f-61d8-4f27-98f9-53e1ba481626
699,haste the day,11451,bcbc08d6-4615-4f40-963c-5158ebe2b9e0
700,the dillinger escape plan,11435,1bc41dff-5397-4c53-bb50-469d2c277197
701,gym class heroes,11421,f4d4b515-0b74-423f-a161-db184330c37c
702,carissa's wierd,11415,4bd31567-70a8-4007-9ac6-3c68c7fc3d45
703,elton john,11398,b83bc61f-8451-4a5d-8b8e-7e9ed295e822
704,danzig,11367,8925a01a-8608-411d-a90b-f3a52d061208
705,pennywise,11352,5c210861-2ce2-4be3-9307-bbcfc361cc01
706,the format,11307,81b07a2a-cdf0-4c5e-a68c-8d910e1f0ea6
707,宇多田ヒカル,11299,b539e453-c4fe-47e3-8a07-8517eac74429
708,zемфира,11295,cec59910-2d12-46ec-8e39-85ca06acb0ed
709,demon hunter,11290,73fe4a37-6860-4bb5-b3ec-0d0c367900ea
710,kosheen,11276,4f4bda3c-d636-4135-b65a-6cc26bc75788
711,paul van dyk,11270,092ca127-2e07-4cbd-9cba-e412b4ddddd9
712,immortal,11244,b863cf80-19c6-4a87-8e42-6cff7ac8f18f
713,lagwagon,11236,c7788fba-e635-4d8b-a937-01a68ab154e3
714,phoenix,11235,99d7b49c-c18e-4a11-bf3e-b71710938df6
715,strapping young lad,11209,584b72a4-45f7-46ce-b440-e9ee579d71c4
716,elvis costello,11200,8a338e06-d182-46f2-bd16-30a09bc840ba
717,sirenia,11157,5fcd6db8-979c-42e3-99a6-fd8302f82a9d
718,slowdive,11124,a16371b9-7d36-497a-a9d4-42b0a0440c5e
719,ben harper,11104,b07016ee-5de9-4419-8205-0490d95dc638
720,digitalism,11064,7b52603c-a84c-4a76-8dc8-899bb4dd9fa7
721,kettcar,11062,315fa94f-3bb5-43db-a28e-406a83e9805c
722,the hold steady,11061,4883523d-fc0e-4d0d-802c-91379e767083
723,ella fitzgerald,11060,54799c0e-eb45-4eea-996d-c4d71a63c499
724,devo,11049,d2db1078-c170-4e22-b261-14f3ad60a690
725,james,11031,a2accb58-6099-4cb5-a3c8-f6332f364db5
726,glenn gould,11024,7002bf88-1269-4965-a772-4ba1e7a91eaa
727,comeback kid,10987,6d152109-c447-446d-9a06-3621c920bebd
728,동방신기,10985,05cbaf37-6dc2-4f71-a0ce-d633447d90c3
729,fort minor,10980,e1564e98-978b-4947-8698-f6fd6f8b0181
730,lykke li,10919,cc7d4686-ea02-45fd-956e-94c1a322558c
731,peter gabriel,10908,8e66ea2b-b57b-47d9-8df0-df4630aeb8e5
732,santogold,10887,d7311646-287b-4d3a-9a4f-7d46f93075e5
733,joni mitchell,10883,a6de8ef9-b1a1-4756-97aa-481bbb8a4069
734,the arcade fire,10874,52074ba6-e495-4ef3-9bb4-0703888a9f68
735,bush,10861,93ccd76c-3790-4435-a8bf-02bc26294b93
736,kategorie c,10858,4b5d2bf6-8914-485a-974a-6e2640579030
737,the birthday massacre,10820,83d8a06a-4145-444a-b4ae-49e1e986206f
738,the kills,10791,2c629b8c-d751-4131-b785-5690bb5e0fd7
739,streetlight manifesto,10772,cbc9199f-944b-42e9-a945-627c9fc0ba6e
740,hooverphonic,10771,62dc94cc-f611-4345-87cb-b914796a4a45
741,the sisters of mercy,10770,553d8166-27b0-49fe-b8e4-89a984e2c375
742,staind,10759,777a21a8-0d0f-4cf3-86b4-65bc0eba5649
743,onerepublic,10752,c33c2065-b1c3-4406-b066-d33a9e2ea71a
744,third eye blind,10745,92a42e82-b36f-4308-82c1-68bad2e03c89
745,seeed,10718,49c43c49-328d-4b14-8a1d-be99cafaec14
746,farin urlaub,10717,23620454-4dca-45b7-8496-066e94d99826
747,...and you will know us by the trail of dead,10716,9c1ff574-2ae4-4fea-881f-83293d0d5881
748,dr. dre,10715,5f6ab597-f57a-40da-be9e-adad48708203
749,thursday,10685,0acae232-d31a-4211-b6d0-6af1b6350274
750,james morrison,10679,a3352eff-cde0-4f15-b44a-6f5c3e9cf079
751,switchfoot,10663,ff865aa0-4603-4f79-ae8b-8735332e2cfa
752,kittie,10621,7677be48-16e9-4c84-9365-a69dd6f2df55
753,jethro tull,10616,ece57992-dc2e-4f67-a269-fa43626c1a3d
754,bleeding through,10598,55fd865d-4a0d-4fd0-af19-7e6feb168ab8
755,jefferson airplane,10586,39c2a93d-9afa-4a22-9bba-c087ab056e1c
756,seventh seal,10544,9ea24a27-a339-4a96-a18d-363d217606ad
757,clap your hands say yeah,10534,4b2d6a23-034d-4a29-9bb9-d2462796da4e
758,family force 5,10529,64b58850-3d5d-48cb-82be-74921fb5ecdf
759,anne clark,10512,a019a8cf-2601-4a81-b3c3-7b279a873713
760,immortal technique,10486,ef4db186-ff43-4708-a713-3ce1e05657a1
761,anaal nathrakh,10477,9bf82496-9d7b-43ac-b3ee-076c90ada9d7
762,adele,10473,b0335a95-8a12-4c71-8149-5054ec847d04
763,front line assembly,10465,b847e9d2-c931-4daf-900c-42c7b2c42e16
764,neko case,10455,e13d2935-8c42-4c0a-96d7-654062acf106
765,me first and the gimme gimmes,10411,9478e346-7c52-4780-9555-3d1577f0b905
766,finch,10404,746737be-e792-42bb-b18c-fb46d7935d7a
767,asian kung-fu generation,10402,14e410f5-97f2-48ba-b1f7-a3a44cbea05c
768,city and colour,10395,b1003bf1-25b8-41f4-a783-36060f987913
769,dc talk,10381,77215d1d-9d7e-443d-9f1e-da34e1e3d6e4
770,chico buarque,10367,3a5d1cc7-627e-48ea-aba3-fdd20d782c33
771,talib kweli,10363,bb3cbea2-5ad4-4917-bc84-8a1975d40315
772,pillar,10359,dbd43b36-7327-4185-a9e8-a49961115958
773,blumentopf,10358,3eab4de9-a578-4327-8909-f90ffc1b8ae5
774,morphine,10340,42689657-cbec-4f66-a9ed-80f939ea23ed
775,amy macdonald,10328,6aa40207-fec8-43a7-991d-b872a42def05
776,danity kane,10314,6a0439a1-4520-443b-9bf1-02acdf692d6e
777,janis joplin,10302,76c9a186-75bd-436a-85c0-823e3efddb7f
778,ignite,10289,4d9fb84a-8104-48c1-aa16-21f53c9053cc
779,tom petty and the heartbreakers,10281,f93dbc64-6f08-4033-bcc7-8a0bb4689849
780,the raconteurs,10280,be407b02-f3e6-4ed5-9489-f8e5f0ab36dc
781,man or astro-man?,10246,28c5d97f-4321-4ef4-8ac2-d9d93b0eb16c
782,boys like girls,10207,d6e65033-b56a-49df-8744-6fc3ffd75edd
783,cannibal corpse,10207,af8e4cc5-ef54-458d-a194-7b210acf638f
784,phil collins,10180,401c3991-b76b-499d-8082-9f2df958ef78
785,adam green,10164,150e799b-3244-45d9-a6cb-5a3e8c33d430
786,katie melua,10159,39e32995-6515-40b2-a6f0-841524047edc
787,増田俊郎,10128,bbe94033-40e5-4350-abe6-ac5af4c24079
788,summoning,10127,8363f94f-fd86-41b8-a56b-26eacb34f499
789,stigmata,10124,f5fbb9b8-1fcc-4a60-850f-18ae88b5d4cc
790,guided by voices,10123,6c85f4c3-026c-4c16-9a7c-f546f42ed0fb
791,esthero,10121,681bf706-8664-4658-ab1a-39e1d385fae2
792,hey,10093,d24c555c-318d-4fa3-bcf9-a250475cf0af
793,rhapsody of fire,10085,4e0dffde-ad2d-45b7-9c75-d57ce55de061
794,protest the hero,10062,6318e724-7e6b-4e41-a35b-080065077c80
795,disney,10057,66ea0139-149f-4a0c-8fbf-5ea9ec4a6e49
796,frédéric chopin,10046,09ff1fe8-d61c-4b98-bb82-18487c74d7b7
797,die apokalyptischen reiter,10033,3f2e771c-6559-4603-8c4a-90c89bc94aa1
798,scar symmetry,10031,b9a20306-a4f5-4d3c-8680-e9cdc7e3af5b
799,joss stone,10025,dbbc47a5-1338-4830-9298-a8d0b11c0a46
800,death in june,10024,463f056c-56bf-429d-b3a3-f8fe467c427d
801,walls of jericho,10003,a342964d-ca53-4e54-96dc-e8501851e77f
802,fettes brot,10001,733e7372-5400-4c79-9059-33e2b2262d01
803,the gaslight anthem,9996,f208f09e-b5b3-4b06-87cd-f7230fae17e3
804,tristania,9986,7e482754-d3f6-49e5-b351-235849754e26
805,deerhunter,9982,4f416ed7-dda2-45de-a6f1-b986e861cf4b
806,grandaddy,9978,9d4c4835-c71a-4647-a4fc-263e26832cd0
807,mark lanegan,9975,a9126556-f555-4920-9617-6e013f8228a7
808,syrup16g,9975,e4d403dd-2f83-4642-a929-02676a2a944c
809,boysetsfire,9939,ba561cc7-2050-47d3-8bc2-c645a1393d90
810,dethklok,9899,1afcd689-9be4-4d1a-a9fa-49e086250f51
811,sex pistols,9897,e5db18cb-4b1f-496d-a308-548b611090d3
812,covenant,9894,879a449d-506a-422c-9fb8-8af01d3d04ae
813,pig destroyer,9885,5c0d3974-33d5-4f7a-bebc-8f50c057927e
814,the brian jonestown massacre,9880,381e8434-109a-439c-8acc-5d328359f2e0
815,pmmp,9842,ac1dd50d-9f23-4c9a-8fc7-f2d6b03a5c5d
816,gamma ray,9839,8766cdd6-066c-4b14-ba53-c7958e613bad
817,die fantastischen vier,9828,7928481f-848e-4551-b658-472c0aaf0c85
818,8mm,9817,8a661dc0-6591-4069-ad7f-8f46312b34aa
819,bauhaus,9816,0688add2-c282-4ee2-ba61-223ffdb3c201
820,wolfgang amadeus mozart,9816,b972f589-fb0e-474e-b64a-803b0364fa75
821,blessthefall,9805,aafa70a4-2f06-4975-935e-b283fc87de7e
822,low,9791,42faad37-8aaa-42e4-a300-5a7dae79ed24
823,van morrison,9782,a41ac10f-0a56-4672-9161-b83f9b223559
824,avantasia,9765,2ecbc483-dee4-442f-8ce7-f3ab31c73f87
825,tokio hotel,9765,462a85b4-83ac-4164-86b3-e5ac6a7ec040
826,tricky,9757,5bf64d94-efd9-4334-96fd-e6197b0b02b8
827,myslovitz,9750,fccef2c8-22a7-419e-bd6b-c40fc8f46068
828,nightmares on wax,9748,b8c5cc4f-239f-4e02-b46f-b040b77c2030
829,copeland,9701,17be38e7-97bf-4ead-8432-ba05455b3860
830,adema,9698,e9e9109e-5914-48c8-a7e6-a95dd94bd345
831,natasha bedingfield,9662,8b477559-946e-4ef2-9fe1-446cff8fdd79
832,:wumpscut:,9649,e4e79264-c1ec-490c-b823-b2918204cd4f
833,the american analog set,9645,7f5dde96-1573-4491-9673-f03fe7c5caaa
834,cmx,9622,1e6d7f54-95b1-400f-863c-2a72a7494e59
835,danny elfman,9606,5b24fbab-c58f-4c37-a59d-ab232e2d98c4
836,stereophonics,9554,0bfba3d3-6a04-4779-bb0a-df07df5b0558
837,down,9543,4c01333f-e8e8-43bd-9923-8de83ef6f63d
838,lou reed,9542,9d1ebcfe-4c15-4d18-95d3-d919898638a1
839,peter bjorn and john,9515,32a83250-7e26-422d-b9ac-f4564343e9ce
840,phish,9515,e01646f2-2a04-450d-8bf2-0d993082e058
841,helios,9507,50a32791-ee43-4c67-aabc-3dc65e4a9838
842,blackmore's night,9500,aeee5fe5-38f5-41bc-8ab8-9f9aa23e4f68
843,the rocket summer,9481,9fdd9163-9824-413e-91ad-d01e561b4078
844,the crystal method,9463,aaf09f31-bb5c-43e5-9f54-bb6554c33a71
845,haggard,9461,4ea2fd64-834c-4d78-8f4c-2a900c439031
846,ムック,9456,0da0f48c-3689-4c38-bf4a-c5b50d516689
847,suicide commando,9450,c37412cd-f0cc-4507-8825-48f95aef3624
848,de la soul,9414,a8ebde98-7e91-46c7-992c-90039ba42017
849,maria bethânia,9411,b3998c06-04e6-4b1d-bd2a-d5b83572ae7b
850,scissor sisters,9411,4236d929-9a81-4c8e-97c3-8d3306780f50
851,job for a cowboy,9406,709b6c87-4870-4596-b981-afdc61f39476
852,the whitest boy alive,9403,f83781c8-64f9-4657-85bd-51f74d195cfd
853,kaizers orchestra,9363,2c3bac0a-5158-442f-b50b-056aae52138c
854,james brown,9361,20ff3303-4fe2-4a47-a1b6-291e26aa3438
855,anna ternheim,9359,3eb72791-6322-466b-87d3-24d74901eb2d
856,the saturdays,9305,04b61dcd-28c9-4a3a-89af-4c290535845b
857,the zombies,9303,230ca093-1d00-4c57-9235-147942f66930
858,joan baez,9290,92d37892-6186-4459-9cc1-f0dde57652d0
859,flyleaf,9285,9011971a-df29-4b57-8889-2e5e9a645cbe
860,schiller,9276,75ebdfa0-4a8a-496a-a57f-e4bb93b14d4c
861,superfly,9275,72c272d8-824c-4017-9d93-1822b54ead65
862,groove coverage,9261,8eeecca3-3e44-4311-93e5-e67decfafc06
863,the get up kids,9236,1b54e90c-638e-4fdd-a20e-4ab09db9fdaf
864,tobymac,9225,8484e4ab-b6b5-4326-b837-72eb72c9e8a4
865,kutless,9214,e8585cbe-912f-47b9-a253-fca09d013769
866,dinosaur jr.,9210,77c167d2-4965-4421-830a-9815e4956475
867,the cribs,9205,a3a92047-be1c-4f3e-8960-c4f8570984df
868,strung out,9185,0220a594-56a1-47ca-8288-001ead3a3546
869,mylène farmer,9178,18b23026-ed29-445a-9bb4-4e86598ab5a9
870,fantômas,9167,057aa66c-cf6e-499d-bda8-5adc47ad4197
871,jesse mccartney,9142,9d075d6e-9492-4343-ac95-93a808f61477
872,the pogues,9132,d41a6875-b626-4c0f-89a1-aecb643d29ff
873,bad brains,9127,e919b253-da5b-4aae-a444-6a368376a2d6
874,a-ha,9126,7364dea6-ca9a-48e3-be01-b44ad0d19897
875,cream,9121,04cd0cfd-bfd1-4c36-bc38-95c35e2c045f
876,silversun pickups,9120,b5bd9f88-962e-4730-84a7-795592ba42e8
877,the byrds,9110,2819834e-4e08-47b0-a2c4-b7672318e8f0
878,killing joke,9107,f5aca88c-e3c1-4bc2-af33-68a9a9f7b56a
879,kingston wall,9093,99614fa7-4747-43d1-a411-291cf92d7357
880,sizzla,9083,c8327cc0-54f3-424f-a68d-000ee7289a41
881,badly drawn boy,9079,0881daf1-20df-4a3e-a84f-6476a84bb172
882,big bang,9078,ec2bcb77-b9a1-49e2-bfe7-419586bbef48
883,blaqk audio,9073,f94bf2b7-6f66-447a-9929-ac9f3c5452fc
884,george michael,9069,ccb8f30e-4d71-40c4-8b1d-846dafe73e2c
885,monster magnet,9068,a0955511-1324-4e9b-834f-e1e140502850
886,trentemøller,9056,95e9aba6-f85c-48a0-9ec9-395d4f0e3875
887,jurassic 5,9042,11c6b106-1c1f-429d-8407-b1ee155d7f72
888,the radio dept.,9041,e664d1cd-23ab-48d5-b8fa-e98485daa5be
889,pinback,9038,1f16a425-2606-4137-a6b7-234b6dabe037
890,the last shadow puppets,9038,8a3e1c4f-59a8-457a-826c-fe961419a8ae
891,something corporate,9034,8dacf242-9bf7-44f5-b2eb-18305b904551
892,bat for lashes,9033,10000730-525f-4ed5-aaa8-92888f060f5f
893,the red jumpsuit apparatus,9014,f0e820ab-f31a-400d-9c5e-8be1c8c38726
894,sophie ellis-bextor,9001,c4b87e45-c07a-460f-9c58-8d15328e2964
895,alice donut,9000,b80617ea-0850-4744-aac8-c689cac6afd0
896,p!nk,8982,f4d5cc07-3bc9-4836-9b15-88a08359bc63
897,the hellacopters,8972,6be97d02-b66e-46d5-931c-0a81087fecbc
898,billie the vision & the dancers,8971,18c2200e-0acf-4ef9-95c9-ff797a23214b
899,primal scream,8966,55704c38-224f-4b75-b29f-d43653f8bc9a
900,eagles,8954,f46bd570-5768-462e-b84c-c7c993bbf47e
901,nagaoka seikou,8939,422d02bb-6f94-47fa-a16c-97c1ab41e335
902,theatre of tragedy,8931,1b6ce503-df5f-45d5-86cf-54740c30042f
903,schandmaul,8918,ff7f80cd-05c2-4068-a00e-fbfbd453d049
904,perfume,8911,486067ad-56d6-48b5-957b-d6cfe3e1af73
905,whitesnake,8907,5dedf5cf-a598-4408-9556-3bf3f149f3ba
906,3 na bossa,8901,627c1726-d8ee-4e2a-a984-d9509bd29bb2
907,barenaked ladies,8895,86e736b4-93e2-40ff-9e1c-fb7c63fef5f6
908,basement jaxx,8895,28cbf94d-0700-4095-a188-37e373b069a7
909,echo & the bunnymen,8888,ccd4879c-5e88-4385-b131-bf65296bf245
910,rage,8888,2a90aa9c-d2ff-49fd-a8e5-2463f657eb45
911,owl city,8868,ad279295-653f-42e1-9aaa-b731df2e78ba
912,guru,8864,215c6ab2-7888-4061-bd56-9fb650328106
913,paul simon,8854,05517043-ff78-4988-9c22-88c68588ebb9
914,angelo branduardi,8843,fd090183-3fa6-4138-ae8d-3737571bb082
915,svenska akademien,8835,1da6a029-6a19-41de-a7f9-e6f90f627225
916,built to spill,8828,3ac482b8-1494-4071-a0e9-f192f9d2c2b0
917,blank & jones,8823,6606c527-376a-47b4-bb35-748d01e14f6d
918,slagsmålsklubben,8820,3869dbb7-da0c-455f-ad74-332a9d35d016
919,tosca,8819,3231d12a-c42d-4977-b2a4-a6e4d87978e1
920,story of the year,8813,e2c3c508-f0ab-49af-92c9-a81d66d67405
921,l'Âme immortelle,8811,024c3b90-9d09-4c67-902f-fdf49649e4f8
922,the go! team,8806,8a396a9c-2e4f-47e2-a587-c26e93a0953f
923,she wants revenge,8803,f434ae2b-b203-490d-a8ac-aa9cd51c0e73
924,wondermints,8779,3a115a19-83f9-4f13-90cf-ab10d4fb76e8
925,flying lotus,8776,fc7376fe-1a6f-4414-b4a7-83f50ed59c92
926,erasure,8775,43b58c98-3779-4b04-9a23-1c95cca3a145
927,craig david,8767,89e39f67-65cc-4f90-b145-b1b56c209f8a
928,the microphones,8761,6f2f87e7-3ce9-4f1c-81dd-6f068a78cf26
929,stars of the lid,8760,a1154343-1ea1-4007-97d3-2382482a90cd
930,the ting tings,8756,e618770f-e994-41c3-856f-1eedf56b6d74
931,newsboys,8709,df0a1dad-f15b-4e4c-9f47-60cfca58a255
932,the mighty mighty bosstones,8706,779353f3-6401-4cda-a8a2-6fd3ec9bc11b
933,dixie chicks,8701,3248ed2d-bada-41b5-a7b6-ac88faa1f1ac
934,busta rhymes,8692,10a9ff92-9637-4498-afea-7044b2ab0dc0
935,corinne bailey rae,8691,bc85c6f6-6b06-44c1-8754-ef32c1e6b824
936,thomas newman,8684,348f3a5f-5112-4d72-b33b-11c60b4f9af2
937,flight of the conchords,8675,1f574ab1-a46d-4586-9331-f0ded23e0411
938,at the gates,8642,35f92c4a-69d0-4ed1-ab9e-05259db89d14
939,journey,8628,abd506e1-6f2b-4d6f-b937-92c267f6f88b
940,dio,8624,c55193fb-f5d2-4839-a263-4c044fca1456
941,hot hot heat,8614,0e0dd9da-5878-4c46-9a9a-6df43abb5c96
942,santana,8605,9a3bf45c-347d-4630-894d-7cf3e8e0b632
943,steely dan,8602,e01c3376-15fa-40d7-b747-5f219bdefdd7
944,screaming trees,8589,bc5e6e42-73ba-44fa-a41e-3379402f0429
945,supercar,8582,371d6599-6292-4f3f-94d2-5b2fd19b089c
946,escape the fate,8566,b9ca7096-68de-455f-8a36-1f1ebb2abf2a
947,the wombats,8527,e105c272-b5d7-4135-82ef-d60bded54345
948,nevermore,8526,7d093650-89be-4108-842b-ba7f5367504b
949,franco battiato,8522,0cd117b2-2e21-406d-80cf-5ce0a6065e37
950,cute is what we aim for,8519,40a5a225-3279-4d48-bca2-6059ed11b4fc
951,róisín murphy,8515,4c56405d-ba8e-4283-99c3-1dc95bdd50e7
952,elbow,8507,3cb3928a-526c-4a3d-93c5-53315fa9bde0
953,godspeed you! black emperor,8502,3648db01-b29d-4ab9-835c-83f6a5068fe4
954,angra,8480,b0fe8ef0-d59b-4d41-afee-2d21b59112ab
955,blue Öyster cult,8478,c7423e0c-ab3e-4ab4-be10-cdff5a9d3062
956,every time i die,8477,ef90f210-f136-4386-ab37-8c00d04eeace
957,t-pain,8476,ce55e49a-32f4-4757-9849-bf04d06d5fcc
958,311,8470,bf600e2b-dc2d-4839-a1be-6ebef4087cd0
959,the bouncing souls,8462,429d5f26-329c-41cc-bdff-17c29dbf1fb8
960,guster,8459,6cbe1e63-5895-4168-ac7e-f0d2836ba0c1
961,five iron frenzy,8454,d9064234-e39a-42fe-b24b-4ca81f38311c
962,the raveonettes,8454,79255a50-40df-447f-9612-2cf669080196
963,testament,8444,05106775-5d45-4131-aecc-1177f813ba11
964,strike anywhere,8443,ac82cb46-f2b2-4f99-9cfa-d0c322a4ba16
965,dance gavin dance,8441,16456fed-c9f2-4adf-b6ea-97b648c474d2
966,doves,8436,9de8f66e-3cd1-4f11-8328-38200f0612b0
967,de-phazz,8434,5c47ccd3-3f82-46b9-96b8-efdffc83f269
968,live,8434,cba77ba2-862d-4cee-a8f6-d3f9daf7211c
969,mad caddies,8426,cfb1c147-1046-4921-9c53-d3a226ebdb0b
970,anthrax,8423,315126eb-86bc-475c-a308-b8edfdd6c08c
971,ace of base,8421,d4a1404d-e00c-4bac-b3ba-e3557f6468d6
972,eagles of death metal,8418,de11b037-d880-40e0-8901-0397c768c457
973,aimee mann,8399,db3c0a20-bf05-4b30-ac22-f294aea24172
974,pharrell,8388,149f91ef-1287-46da-9a8e-87fee02f1471
975,charles mingus,8372,f3b8e107-abe8-4743-b6a3-4a4ee995e71f
976,steve vai,8369,5e7ccd92-6277-451a-aab9-1efd587c50f3
977,various artists,8366,89ad4ac3-39f7-470e-963a-56509c546377
978,marillion,8364,1932f5b6-0b7b-4050-b1df-833ca89e5f44
979,quasimoto,8343,b614843c-bec3-421f-9af1-03169cdd4b63
980,disarmonia mundi,8340,abaa4af5-be79-4456-86f4-0554939aeaa3
981,tesla,8339,eeacb319-8d4c-48e0-80a0-944e71c375bf
982,takida,8326,2bc20c29-8c70-49e1-a92a-0738cda521a9
983,matisyahu,8325,e8993e9d-9313-4447-ad23-791459a3790d
984,minor threat,8320,09037f07-42bc-46ac-a1ee-37f834451fee
985,cartel,8318,0189c612-39a5-485d-8fc2-eca025b73861
986,deathstars,8315,1c90eb11-0531-402c-87dc-d578e36ec23c
987,spice girls,8282,bf0caafc-2b20-4e07-ab85-87e14ff430ce
988,duffy,8281,4e0e884d-099b-4ca9-bf4d-bcb31e739540
989,andrew lloyd webber,8279,980ee2d8-2ee9-407b-b48e-48360fbc7437
990,no use for a name,8276,d7bd0fad-2f06-4936-89ad-60c5b6ada3c1
991,richie kotzen,8274,59f92889-a06b-4fdc-831d-2dcdfd3bb21e
992,thin lizzy,8273,6a726ac6-019e-455c-8bbb-571a77bed52e
993,kyuss,8270,ea0f2a37-7007-4217-a812-396227f5013a
994,forever the sickest kids,8263,5c6f8874-cb53-4f4d-9168-cc2af8c7ecf9
995,Психея,8259,70e06119-d7f0-446c-9370-54925d9b7c85
996,dernière volonté,8245,2ca0b577-5e8e-4dc1-8ea6-600468e725b5
997,camille,8242,a5511b19-c0af-4886-ab1a-042980644dd2
998,plastic tree,8228,4bd477e1-0144-4e2f-910a-829aa539b6b8
999,deichkind,8219,5de80871-f721-4c7c-b0c5-4ad0d350c232
1000,simian mobile disco,8203,69ec6867-bda0-404b-bac4-338df8d73723
1001,sade,8196,67930b3e-e00b-469f-8c74-fd69f20522ec
1002,impaled nazarene,8179,2228019e-67b4-4d2e-a101-f2d5dcaf892f
1003,the rasmus,8177,012e3432-71d3-4317-9ce5-b60cb6cdc38f
1004,ludovico einaudi,8175,fa34b363-79df-434f-a5b8-be4e6898543f
1005,ghostface,8165,3b39abeb-0064-4eed-9ddd-ee47a45c54cb
1006,emperor,8158,d9951785-7906-4daf-9a60-21753bf64aa9
1007,joaquín sabina,8151,a992aada-7108-455d-9747-0b7b6a089e8d
1008,the notwist,8143,f180cec2-9421-4417-a841-c7372090d13d
1009,sabaton,8138,39a31de6-763d-48b6-a45c-f7cfad58ffd8
1010,the verve,8130,d4d17620-fd97-4574-92a8-a2cb7e72ce42
1011,final fantasy,8120,763e1b10-0e76-4e4e-8ea6-b883171c7829
1012,horse the band,8109,0c6b687a-1225-47a1-b6a9-55381755ecf4
1013,laibach,8107,c779e090-909f-4403-a90e-c1d08cdbb719
1014,battles,8105,8522b9b6-b295-48d7-9a10-8618fb80beb8
1015,after forever,8104,6b966946-5274-4e3d-aabb-7563814d805f
1016,neurosis,8101,a9416fb3-4d28-4575-abae-f0d160be83ed
1017,antonio vivaldi,8096,ad79836d-9849-44df-8789-180bbc823f3c
1018,patrice,8094,826dc91a-6dd3-4279-ae8d-bb710db646bb
1019,vader,8070,db859a53-b7ca-4892-bcda-5ef78d2c891f
1020,pidżama porno,8051,2645702c-97a3-45dd-b408-707362116101
1021,ceremony,8049,c1540d84-55c8-40ba-b3f2-06f44a7265c2
1022,cursive,8048,c4153c51-b4ac-4183-beb3-c5dbfce39176
1023,fischerspooner,8037,a4f54716-24d9-4c6b-8ba7-1d7e7a5173d0
1024,patti smith,8037,d135874d-9cae-4fef-97e3-36acbd9f5a26
1025,duke ellington,8034,3af06bc4-68ad-4cae-bb7a-7eeeb45e411f
1026,a silver mt. zion,8012,54a55229-e611-439f-928e-d89919ff9d29
1027,buckethead,8009,b5179744-f217-4455-9d8b-17b8d4fdeb93
1028,the cat empire,8006,a530492f-8806-4bd7-9c14-80c237eb92fe
1029,delerium,8001,4279aba0-1bde-40a9-8fb2-c63d165dc554
1030,the pigeon detectives,8001,2e04a82f-9118-43b1-a918-bf84f122f7fc
1031,the future sound of london,8000,a1d77dd4-8728-4a47-bdfa-9663d791139c
1032,stratovarius,7999,c3d6fdd5-67c5-453e-87e3-d17a00a52879
1033,chicane,7979,c3480e79-a8d9-44f5-8c93-9f7b490df99f
1034,mirah,7976,e4c226f2-ba57-483f-be6b-3391112244b8
1035,hoobastank,7965,2fa0d3ac-b64c-401a-b0a1-4915ba6cc157
1036,the subways,7942,20e264d7-b4d5-4e49-8931-a9c67ff07f04
1037,basshunter,7913,255e2420-5b02-452b-9771-0512ebe78090
1038,dissection,7897,92d48f3d-a9cb-4011-a002-2e9ac3a6843d
1039,aretha franklin,7896,2f9ecbed-27be-40e6-abca-6de49d50299e
1040,booka shade,7893,9940c604-2456-4193-a403-ab18420bc1e9
1041,36 crazyfists,7892,781167d7-b9e5-48ea-9f66-67c4a6739562
1042,asian dub foundation,7888,db612997-f11e-424d-8b41-cf410a433656
1043,tindersticks,7885,4306a798-e2f8-4192-9a45-2fd41cdae60c
1044,shiny toy guns,7867,ad61e25e-5516-41e1-b60d-744e8220986e
1045,joão gilberto,7827,286ec4c2-b5ca-4f85-b331-280a6d73dd14
1046,sonic syndicate,7812,10a402b7-0e50-4479-b007-9cfdd5eaa287
1047,mors principium est,7809,8d08484c-c532-457a-a04c-2510da38744e
1048,ciara,7796,03172286-f7ed-4864-a4db-459cd5ca9790
1049,harem scarem,7794,a736bef0-9ff1-40cc-8937-5637213c2190
1050,keith jarrett,7772,061c4920-3ea6-4835-98f6-02f3b82f5e3a
1051,inxs,7771,481bf5f9-2e7c-4c44-b08a-05b32bc7c00d
1052,emery,7768,6b22de04-fb48-44aa-bd02-c1427f635477
1053,meat loaf,7763,b134d1bf-c7c7-4427-93ac-9fdbc2b59ef1
1054,qntal,7759,b3769cde-a39d-444b-a938-95c5fade0de8
1055,trans-siberian orchestra,7756,d2b83114-af3e-4397-b570-10d81f1dd650
1056,uriah heep,7749,f1548c5b-329e-4036-921c-02213a04b525
1057,larc~en~ciel,7735,62b61409-d13e-4281-9e3f-06941c2c5f5f
1058,slum village,7726,c0c1183e-6940-48ca-8f96-98250fcb3ef1
1059,marisa monte,7723,f81f19b9-c76e-43ac-8656-bb56071785fb
1060,tanzwut,7722,e54da459-21ee-4f0c-82c3-a7379d6937e7
1061,and one,7707,f04cc80e-0f59-45b8-aaf4-ac81035644e9
1062,rick ross,7707,13bcb2bb-db37-4397-baf5-e0f085be2d64
1063,hadouken!,7697,8c9200b8-8e05-41d5-836e-44a37905560e
1064,akurat,7690,54d99b56-f672-4077-8b15-b84c068e58fe
1065,queensrÿche,7686,deeea939-7f89-4762-b09f-79269cd70d3b
1066,noize mc,7669,a0c5737e-da6d-468f-a78e-19146494f1db
1067,chimaira,7650,d624df22-b03d-4746-ac28-a4bd72aeec26
1068,metro station,7640,ab7ebf8c-059f-4071-93b1-dd3ae80d60b2
1069,kid cudi,7633,e0e1db18-f7ba-4dee-95ff-7ae8cf545460
1070,silver jews,7629,1bc2d696-c0e2-480d-87ed-17b2a82d7983
1071,wir sind helden,7626,908fedf4-548a-430f-b806-38fca9507dc4
1072,mandy moore,7623,9dc9f4b0-a7b4-43c5-8f6b-fcd43c426a4b
1073,tokyo police club,7605,35a6a353-b186-4c13-a264-d18d5e2ce853
1074,skid row,7603,6da0515e-a27d-449d-84cc-00713c38a140
1075,rachael yamagata,7599,fdf9fd10-8a2a-4cb4-bed0-3c476c976ce0
1076,trey songz,7592,4d7304f6-7fe3-4959-9d98-01a5af84afe6
1077,ice cube,7567,1d11e2a1-4531-4d61-a8c7-7b5c6a608fd2
1078,hard-fi,7564,46d18823-6a15-49ee-8376-c5f7a49530a6
1079,squirrel nut zippers,7563,31810c40-932a-4f2d-8cfd-17849844e2a6
1080,sneaker pimps,7547,696d8523-39a0-44e2-9add-afaa183a2f46
1081,crime in stereo,7521,2bad20e7-61c8-4aa1-afcc-ca6f060ccb71
1082,Сплин,7515,0783b768-6719-450b-a7e1-7e891da17af3
1083,beth orton,7513,214d84a5-e9e5-4432-af95-8c84da7ba4c0
1084,tiger army,7491,a043cfa6-6e87-4975-ac27-5005bdfa7afb
1085,chamillionaire,7479,4fbc55bb-61be-4eb7-b4b4-c08c68b4e060
1086,three 6 mafia,7469,a8754ac4-a85e-4f48-a81f-eecd482570ef
1087,the distillers,7466,d25fa5a6-92bf-46a3-8bf7-31149b62eb84
1088,marvin gaye,7462,afdb7919-059d-43c1-b668-ba1d265e7e42
1089,mae,7458,6eea322e-ab09-451f-818b-a1348ce14b91
1090,a wilhelm scream,7456,657ec972-3ab1-48a8-b472-1f1c210aaf17
1091,entwine,7455,eb2432e6-8d97-41b0-beba-b36e77ddc5b8
1092,toe,7455,7ea8a523-b33d-4944-ad31-fad25a81d603
1093,the flashbulb,7410,24786816-025f-49f4-9787-4945a3311f96
1094,the stone roses,7389,b5fa29f1-6c22-4321-a488-b5f363b06b06
1095,madina lake,7386,157ea952-039b-4be3-8796-30edd11e8baa
1096,maria mena,7383,88679ca2-2080-4cea-8669-41ab4b8d865d
1097,shinedown,7383,adc0f033-95c2-4e0b-87bc-c23ed3f26ce6
1098,ray charles,7371,2ce02909-598b-44ef-a456-151ba0a3bd70
1099,iné kafe,7368,b8fb18e5-0f16-4901-8e4c-26e83227c083
1100,koop,7355,f969f986-97df-4fa0-8cef-ffccd098ff50
1101,catherine,7348,337afbcb-ee6d-4f7e-93b0-df5ef2817391
1102,little brother,7345,b929c0c9-5de0-4d87-8eb9-365ad1725629
1103,carla bruni,7341,f90575d1-abcb-42b3-ae32-1849312c26e6
1104,the spill canvas,7332,98091205-c85e-49b0-954b-d84dab308138
1105,fennesz,7326,a6f8d42d-d3ff-4268-8d39-ee01341733bb
1106,project 86,7326,7fe36010-433a-4bcf-8427-7a972670e56f
1107,café tacuba,7316,c2b37a39-c66a-44b2-b190-a69485ae5d95
1108,clock dva,7311,f1f2b1fd-e570-4ca6-9244-51a0f78ecd0a
1109,diorama,7305,17d16c18-5b51-45bd-87cd-cb76580c1623
1110,mokoma,7305,e979c1bc-5cc2-497b-801f-823244a9166d
1111,emilie simon,7301,01252145-c9e8-4de5-a480-9b2bed05450a
1112,extremoduro,7299,f59163ba-1a7a-4349-b0fd-fb9582ebe333
1113,de/vision,7281,c72c1c3d-bf05-457f-a9f7-a642bae6ca91
1114,asp,7264,8de149a4-bbdc-4d15-aeea-0d66773c9f80
1115,david gilmour,7255,1dce970e-34bc-48b2-ab51-48d87544a4c2
1116,bonnie prince billy,7246,7b0a63b2-b8e8-490e-b724-1d30cb5edfe3
1117,dilated peoples,7224,c71abd83-9d66-4c7b-9f0d-c9c36e85a955
1118,yellow magic orchestra,7219,ac5af671-1df0-4312-8b7b-e61992ecc883
1119,hardcore superstar,7218,7bb40169-4789-4a48-bf66-605abd910dc3
1120,mono,7215,e5add03e-93c4-4f5a-9ffd-ec93f24d8c5e
1121,alesana,7214,1079b087-a5b3-4a07-abbc-88043ceda334
1122,jawbreaker,7210,ec88cdc3-0517-4951-b5ef-7323e7316db0
1123,celldweller,7203,fad8967c-a327-4af5-a64a-d4de66ece652
1124,clannad,7202,d45641da-371c-430e-8907-6086590ab282
1125,madeleine peyroux,7194,7f260b9c-bea7-469b-9ba8-0daec7d2c85c
1126,kotiteollisuus,7188,44f49e8d-125c-47d4-bab1-37a8a46c5eb9
1127,john zorn,7173,7ec4a553-73e5-4c0d-a071-a82b83a309e6
1128,shout out louds,7169,25a757f1-9fbe-4c52-be2e-1a5294fb25b9
1129,scars on broadway,7165,66f0dcaa-1680-4ef3-9b63-8b2ac24d0b58
1130,eternal tears of sorrow,7161,8b46a7e4-704d-4f8d-973a-a0ab8ea8249b
1131,waltari,7149,1b5843cc-3109-4496-888a-1ca5528aa7f9
1132,nujabes,7147,1595addf-f76b-450a-a097-af852ff35f27
1133,epik high,7138,57f1cdd6-cf32-4004-a095-3ef043c91b61
1134,thalía,7132,ae33ce8d-f41a-4f6b-b9c6-7859acbd04ef
1135,foals,7129,6a65d878-fcd0-42cf-aff9-ca1d636a8bcc
1136,joshua radin,7122,24762087-34ce-4f65-b743-7d8402cf30dd
1137,eva cassidy,7109,6f2dfabb-f0bb-4801-a392-592489a148e7
1138,david crowder band,7105,e39d2020-7181-4416-bf1b-bd82fdaca203
1139,heart,7100,bdbd48f5-abf3-4a4f-9a21-4551dbc3fde9
1140,as blood runs black,7098,5a3857f8-af2d-4f27-a1dd-438d02deceb8
1141,sunset rubdown,7093,9c0b1b7f-d63d-4e4f-bbec-1e7e7607dd22
1142,the weakerthans,7082,bc68928b-fbb5-4aac-baae-52ba49202372
1143,thelonious monk,7080,8e8c7417-c905-46b1-b42a-5260b4274ed4
1144,brazilian girls,7079,8b2350de-b682-4fe7-ad8f-4508d7b6c697
1145,tracy chapman,7076,1129817c-488a-4096-80c1-77fc1b107c93
1146,se7en,7073,031037c3-67be-459f-bd50-b51760501f38
1147,symphony x,7071,b669c53e-5a1f-4adc-80be-755e64e8115e
1148,london symphony orchestra,7065,38712b4c-0fd4-4c65-8c7a-45676fecc973
1149,the pipettes,7062,503877b0-4e1b-452b-851c-5e3f478d3714
1150,miley cyrus,7052,7e9bd05a-117f-4cce-87bc-e011527a8b18
1151,eisbrecher,7032,36e348fe-0cbc-4343-8fa5-b91e727ce94f
1152,céline dion,7031,847e8a0c-cc20-4213-9e16-975515c2a926
1153,ost,7025,a7dbf74d-8bae-4c2a-9987-508a125add76
1154,madness,7021,5f58803e-8c4c-478e-8b51-477f38483ede
1155,audio adrenaline,7015,f12a9472-02be-40f4-9ff3-a836e2b9ece8
1156,geto boys,7014,a78ca453-3a53-4b19-8b2d-61b10dd45558
1157,clipse,7013,e6424fa5-08d3-41c6-96f3-8549f733708c
1158,lambchop,7001,f75150f0-d80d-4c34-903b-6acfb47b63ee
1159,feeder,6996,88a4cd4e-5dee-4153-8462-0d5e43c75f47
1160,cobra starship,6982,ffb390b8-8df4-4b72-97d1-7b2fc008a452
1161,bohren & der club of gore,6965,938df0a0-c650-4cf8-9b23-5ad8a5cb4805
1162,municipal waste,6960,b5a31e9b-1fa2-45f9-91f5-b3a25fb38038
1163,allerseelen,6951,4726ccaf-34f3-4dd8-8e98-686a4c83c56d
1164,klaus badelt,6937,74ba575f-3420-4d62-8e48-ac473d3c4282
1165,the herbaliser,6933,bf48d271-9595-4043-9064-52f43707d4ab
1166,operation ivy,6925,931e1d1f-6b2f-4ff8-9f70-aa537210cd46
1167,biosphere,6924,a5ee1ebe-a645-45d2-8319-d101fe62e581
1168,jonathan larson,6921,2ab30461-12e3-4c97-b716-c39f13015d29
1169,mayhem,6921,c5f9e699-7b0d-4030-86dd-7acc8250d147
1170,久石譲,6919,44c64a30-1d58-49c5-b314-6e02fba49526
1171,frou frou,6917,d614b0ad-fe3a-4927-b413-48cb831a814b
1172,melanie c,6917,25b509ef-48ad-461b-a0bc-94cdddb8c919
1173,jennifer lopez,6914,f0602f55-1770-483d-89bd-4bae0d0ac086
1174,trapt,6911,8876c0be-ccff-4d46-aa91-7f935a3b3b6b
1175,hanson,6909,3c0a0074-4f26-4d3b-b723-a66bf6cc3753
1176,god module,6904,3d3fceda-d274-41f0-bac9-7516f6c872ba
1177,everything but the girl,6899,959cf5bf-ee29-4af6-a85a-0b480181d988
1178,the appleseed cast,6891,61386f55-12b6-45be-baf2-7c9406965808
1179,antimatter,6877,7389b838-9bd1-46d3-b514-95e0df255a52
1180,Édith piaf,6875,4f8ef4a3-40fa-46b5-8773-97686a8424f4
1181,lali puna,6870,1b0b533e-9a62-4a95-9c68-f2e140dde9da
1182,still remains,6870,cc8eebb0-7878-445b-88e7-89ee55d23868
1183,tortoise,6861,e0953daa-860f-4dc8-9f1a-b12587cdaf17
1184,blue october,6842,96fafb0a-2f1d-4b15-b2a0-9e0e660e7ecf
1185,burzum,6838,49cd96a6-42c3-44f6-ba2a-cd9301046b96
1186,t. rex,6820,c842d29f-a297-48cd-bb71-4f77fd672b16
1187,leevi and the leavings,6815,5ffb1041-7236-45d4-8523-60faf95946c6
1188,chris cornell,6806,cbf9738d-8f81-4a92-bc64-ede09341652d
1189,diablo,6803,7b185c70-0170-4683-ad2e-7f448833e06a
1190,deadmau5,6797,4a00ec9d-c635-463a-8cd4-eb61725f0c60
1191,freak kitchen,6794,a32065b5-ed37-4ba5-8209-6fab71f832da
1192,as we fight,6791,69aef7be-fc6f-41a1-accc-1d9a167c1b50
1193,enrique iglesias,6789,35f866dc-c061-48ba-8157-cf2e0eac4857
1194,poison,6775,c79c43d4-cbed-4373-89ce-6560f62eb7d8
1195,buck 65,6762,8d18b680-368c-4649-a5e3-85e0c2dd6fc2
1196,martha wainwright,6751,231475d8-fddb-4d7d-aad9-287e59e4b4ba
1197,plaid,6740,7e54d133-2525-4bc0-ae94-65584145a386
1198,murder by death,6732,115eda90-a9f4-4437-9e4d-513daa0d5f35
1199,ashlee simpson,6730,463c514e-c30d-4a2a-a87b-762535253a80
1200,blondie,6726,4d2956d1-a3f7-44bb-9a41-67563e1a0c94
1201,xtc,6725,97c86b2c-2765-46a2-aef8-76a7e24c430f
1202,east clubbers,6724,70bbc462-559b-4a23-a299-a306c351e39b
1203,hellogoodbye,6723,3fa7095b-4447-465e-a784-14b07789d7a1
1204,the replacements,6719,dc0d05ce-2f47-4962-b4fa-8631a0a51987
1205,vast,6715,79e98efd-4515-412a-af83-df381f5badd6
1206,suidakra,6712,558b9efe-8fd8-4534-a343-6936c2759041
1207,gojira,6711,1c5efd53-d6b6-4d63-9d22-a15025cf5f07
1208,fear before the march of flames,6707,1d5aa664-2a04-4e5f-8751-0e919e8d68f0
1209,the lonely island,6701,028e1863-cab4-4a3d-9dd9-91c682c91005
1210,sarah brightman,6697,896f0194-8ab2-4278-81e0-c56a0444b569
1211,the slackers,6693,168465cb-cafc-4650-a7aa-03dff8ffc6a6
1212,riverside,6673,985c5cc9-2dc1-49ac-8806-5b66586a2d58
1213,savage garden,6671,a871fd87-50f7-4032-b06d-da56779edcce
1214,inti-illimani,6670,a962cd78-1f5f-4cef-838d-07e2f9d8b02d
1215,minutemen,6666,d4ad0149-d8ae-4105-8009-0221fce9ff35
1216,yes,6662,c1d4f2ba-cf39-460c-9528-6b827d3417a1
1217,celtic frost,6653,d91b3683-4622-4d72-8a03-80f1ff59e639
1218,buzzcocks,6649,31e9c35b-2675-4632-8596-f9bd9286f6c8
1219,ane brun,6647,d735497b-25f9-4503-8fb5-f50150730c18
1220,capsule,6646,7d56cd51-6496-4626-a26f-341457f130dc
1221,darkthrone,6638,af8fd97c-db72-4e30-b2aa-30ebd0c4f1a0
1222,junior boys,6636,86a064f9-3ed4-4621-b29d-d05442c6b1ae
1223,plain white ts,6636,49576e42-fbbd-4d73-968d-93c8dcf7f065
1224,bushido,6635,13246906-ec3b-4ec5-bc2f-f7ca802facea
1225,equilibrium,6629,43dc147b-a289-4e64-b115-6b86f9e47de9
1226,Łona,6603,1c25cfa7-037e-4d82-a7b9-1df62fb6d9c7
1227,catch 22,6602,e59b17a9-2c0d-4284-854e-6d51a448091d
1228,alter bridge,6600,60a23fda-a440-4ab9-a344-7dfdd2ed341a
1229,devil doll,6593,0ef96570-858b-4d14-a3a6-6a01ce28b0eb
1230,max richter,6585,509f20b2-5df3-4aec-9bbc-002131fb3f99
1231,the real mckenzies,6578,01612542-01ec-4fc4-a9ad-b6a6e33f11d7
1232,roger waters,6575,0f50beab-d77d-4f0f-ac26-0b87d3e9b11b
1233,crowded house,6569,9854d99f-d954-4c0f-9ae5-58a0cdd885f5
1234,le tigre,6554,2d67239c-aa40-4ad5-a807-9052b66857a6
1235,george winston,6546,a6b93c3c-88bc-431c-a46c-155dee9371aa
1236,demons & wizards,6536,df074f34-26fc-45fa-adf3-d19836dde2ec
1237,david sylvian,6535,719db6b1-0d91-458c-8d18-875ec44105bf
1238,erik satie,6529,e1d521ea-5b97-4981-987c-ba988b2a87d7
1239,robin thicke,6529,ddfd9b2f-186e-4b2c-ad09-01aa5380c225
1240,周杰倫,6522,a223958d-5c56-4b2c-a30a-87e357bc121b
1241,der blutharsch,6521,6207d896-8568-49ec-9545-905a5f7b0c2f
1242,brian tyler,6520,23d89243-79c9-4afc-8db5-fce27e7ba78d
1243,electric light orchestra,6516,0c502791-4ee9-4c5f-9696-0602b721ff3b
1244,drowning pool,6500,87a73cf0-ebdf-483d-8b5a-3db1e5e72122
1245,bryan adams,6499,4dbf5678-7a31-406a-abbe-232f8ac2cd63
1246,damian marley,6497,cbfb9bcd-c5a0-4d7c-865f-2c641c171e1c
1247,toto,6494,aab5c954-cabe-432e-899e-1c4f99757327
1248,refused,6491,42884e27-dfb8-453d-990f-2ffd90bc2d1a
1249,the clientele,6488,6b66dd3a-d88b-4732-bc13-359d8964b7f2
1250,david gray,6487,3e8bd859-7d82-49e0-b267-84fc46e2bf68
1251,mest,6479,5aea663c-7508-4992-bf56-fb0362797187
1252,gwar,6478,f7ccd53a-234c-4800-8d1b-21b201bad1de
1253,poison the well,6470,5275425d-3cdb-4a9a-b9eb-3e246ec69881
1254,wolfmother,6467,f0c8f75f-8736-4b1d-b312-9349fcff321d
1255,from first to last,6463,7f36c2ba-a338-402f-861f-390229bfae04
1256,ted leo and the pharmacists,6463,31095622-5a1e-4f22-8ad1-b08eb6255f37
1257,the fiery furnaces,6461,2c916f95-f6ba-46fa-b9d8-dc0d9379f603
1258,looptroop rockers,6457,64968147-b61a-4954-a5d6-1d4d903be99d
1259,kirlian camera,6454,9abd3313-5e1c-4212-92ff-19820d6011cb
1260,dirty pretty things,6451,648615ca-ca74-460d-928a-2bae67ae6d14
1261,jem,6450,d94f79b0-c690-4a60-9a45-a37a11b78051
1262,supergrass,6428,6386ddff-0d13-4685-9f0a-a82bf022fb1c
1263,satyricon,6418,8eed05a5-e9a1-4dda-8b33-e354c4ecc8b6
1264,ebba grön,6411,4a41bce5-f225-4e0e-91d8-bf49ebbd83c2
1265,jamie cullum,6408,b10806de-2198-4313-af6a-13df4acb912f
1266,bebel gilberto,6406,8777a849-fb4e-4430-9918-170f619c5286
1267,promoe,6406,6ec73176-6ea6-49d3-87e8-35b5fe6813f5
1268,the ataris,6392,57805d77-f947-4851-b7fb-78baad154451
1269,ween,6389,c0eee88b-47f2-4cd2-ac48-a045e902a432
1270,luminous orange,6368,3c82a8e6-d738-41a6-bcfe-474204011472
1271,supertramp,6367,d2ff6b6b-fc30-48dc-8952-06f9d8fc64f8
1272,calvin harris,6356,8dd98bdc-80ec-4e93-8509-2f46bafc09a7
1273,st. germain,6354,9a04dc8c-82f1-457a-a25a-3ff19e1b471e
1274,taylor swift,6352,20244d07-534f-4eff-b4d4-930878889970
1275,scandinavian music group,6347,657fb3a1-7f4c-49c4-9f20-3a33b96e763e
1276,mystery jets,6337,0f8bd5a7-c915-4e00-a035-fe3969e9a9b1
1277,lenine,6324,da61fb5d-9543-4e36-9fa7-dad3111f7e8e
1278,louis armstrong,6316,eea8a864-fcda-4602-9569-38ab446decd6
1279,佐藤天平,6316,511d2a1a-e0d7-4452-b6a2-1c4559455515
1280,trash talk,6309,3039780c-6db4-499a-8b22-ddd0bb7da0af
1281,creed,6291,4b1a830b-0a1f-42e5-b8d5-1d6743912e99
1282,the first step,6289,c9848a93-41ef-4fcd-bbdd-927cd244755a
1283,songs: ohia,6275,1305bd7e-27ef-4236-ae87-0a7d435234ca
1284,yavuz Çetin,6274,39766095-d642-40e5-805e-57495f551e58
1285,vanessa-mae,6264,c75d637d-bcca-4123-9ffa-fab3c01be71a
1286,craig armstrong,6261,8f7bf43e-2a13-431a-a274-19e28965fe07
1287,deus,6245,2914ee0b-9055-4dee-bca2-4f385b1e617a
1288,set your goals,6239,03d8f83e-a647-4bde-968a-189c0f147783
1289,jonas brothers,6229,6e019bc6-5c23-4935-94f0-4a896631d846
1290,the spongetones,6227,4a4641be-7212-4cc2-ac3c-30d29b732267
1291,vanilla ninja,6225,7a50113f-12f9-4e2a-8406-80b26a5ac692
1292,otis redding,6221,82b1f5fd-cd31-41a9-b5d4-7e33f0eb9751
1293,arcturus,6218,20953548-6d06-4428-99a9-c284bfaa5514
1294,mr. bungle,6216,277e21a9-2d64-452d-96c4-2d23a7af5891
1295,soil,6215,39a1b293-8e17-4a1c-b50b-034c40e24461
1296,flo rida,6207,4593d49a-7f67-46ba-9ec0-126bd676286f
1297,ben kweller,6203,ff9deaae-da4f-42b7-a19e-36fedd3fc706
1298,kelis,6199,1239d1bc-cc09-43e0-bcd0-374f60346138
1299,the apples in stereo,6186,ea075268-e5ea-40f7-b9c3-68b039218a88
1300,september,6179,f97b55a8-7d03-4ebe-a277-a9cadc2a9f86
1301,sheryl crow,6172,80ccfede-c258-4575-a7ad-c982e9932e0f
1302,the queers,6168,28fd67e8-573c-4cdd-a37d-8b74af74109c
1303,tenhi,6159,ae79e6ff-72ce-4877-a0dc-dc2a5c1ad407
1304,big sugar,6156,c632c4bb-d1e4-4afa-8513-28fd7e3e6bfd
1305,paolo nutini,6145,24ea074c-59cc-41c5-a5de-f68c2952965f
1306,lordi,6142,b5b4ba6e-6e34-4669-a33b-0d813b4c3d83
1307,shayne ward,6141,f1ed2c04-6a9a-4bfd-9e4b-6321573dff03
1308,enrique bunbury,6135,9047fd95-770f-4a8a-a6e3-3b071a882e4d
1309,entombed,6115,61b99cc4-06cd-4ad5-9bac-950b2daef9cc
1310,frightened rabbit,6110,dc21d171-7204-4759-9fd0-77d031aeb40c
1311,biffy clyro,6093,892500b7-09a6-4049-ba92-2d192dd70563
1312,gods of blitz,6089,1c47a36e-5a1a-409b-a3bd-3ab6e049f63e
1313,alphaville,6085,31aa6f87-8d00-4ae9-a5cc-6d7eeea109d2
1314,smog,6080,89af9575-4d72-4345-8eba-e9de3d36ac34
1315,チャットモンチー,6078,3a297fc0-7c88-4d2b-894f-0bbc07a33099
1316,from a second story window,6074,ee10947f-5da1-47d3-a86e-9994b2703227
1317,amos lee,6069,332228ce-fe8c-4a5e-90e0-e1361553e5ff
1318,tarja turunen,6063,1fd8c24b-eaf3-4ee2-9931-b8130099d789
1319,iggy pop,6060,f37b3f31-b1f8-4b88-8cb5-b34f709b17d7
1320,insomnium,6056,c1f8e226-75ea-4fe6-83ce-59c122bcbca4
1321,gary jules,6048,3d65bead-6eae-4012-8665-d5f593ea4a62
1322,frank klepacki,6047,4f3d90f0-4ea5-489f-a7d5-4c9496949db4
1323,Слави Трифонов,6043,a28f6f43-7d52-4802-b5f2-7e65a6d18689
1324,marduk,6040,b7dc7c76-53f1-49ac-8dc2-d469ed7f8e65
1325,télépopmusik,6032,265f242e-cf4e-4fbe-a3fe-43112387172f
1326,evergrey,6028,40842674-a794-4580-a0f5-e43d5b600729
1327,ill niño,6025,91e2e08f-abd7-44d6-9a84-b8a4afa8a265
1328,velvet acid christ,6017,68898948-189b-4098-9f05-639333763b44
1329,pugwash,6015,77754012-77a7-4821-812f-7cfc0bf52ec2
1330,the black heart procession,6005,fd0f1d5f-5d8c-4fcd-9d3c-0c9f20cddc08
1331,benny benassi,5998,674bf89f-8e70-4472-929d-6b4ed6f98c88
1332,street dogs,5998,7cf785c5-0b1b-45d0-a851-f820af381ce3
1333,sido,5993,3caf69c1-fdd8-44bc-b0a5-8af3ad8a47cd
1334,jamie lidell,5990,0daf1c34-212a-442f-905d-c44f2adcc020
1335,ulrich schnauss,5988,29f6333a-b4c8-4416-8fdf-598bcef1122a
1336,fountains of wayne,5982,0f82d6b5-12fb-4569-b047-a00194f572a7
1337,devin townsend,5979,93e8c41e-8e4f-4d08-bbf5-bc1a903b2423
1338,django reinhardt,5979,650bf385-6f6d-4992-a3b9-779d144920a4
1339,marea,5979,da4fb281-2156-442c-87ad-0e02e8a86077
1340,telefon tel aviv,5973,453f1594-112e-4d3c-921a-8d14e9c97b2e
1341,kataklysm,5962,91d51bc3-bfcc-49f2-b6c4-d6d205d6291b
1342,amduscia,5961,945ab058-0207-49bb-a33c-80efba82179d
1343,scary kids scaring kids,5961,90cda7b7-9112-4ec7-9d6f-3f4675ef5130
1344,every little thing,5960,acf20c38-8a14-4406-9039-fe78d26c2e4e
1345,mxpx,5946,3b221a54-54b9-435c-a7f3-5cf8e2ce9fb2
1346,key,5943,38b0abeb-edf7-4f7b-b487-db74925eabd2
1347,four year strong,5942,c0a138e2-cef7-471b-8fbb-524e1076256a
1348,wire,5942,7f2a8098-50e3-451c-8696-c5d9f64f4762
1349,mazzy star,5941,c48d4327-8122-4286-af66-05e1ee6ac4d8
1350,parov stelar,5918,fe1a873d-2000-4789-a895-4187fe756203
1351,junges glück,5901,03722fc0-e292-4ae8-a47d-90bfae64ad10
1352,lynyrd skynyrd,5898,c544ed4d-2390-4442-a83e-1ea2883b09c8
1353,electric wizard,5895,da7d57e6-0619-4f0f-8d15-d0b4195c3f55
1354,!!!,5889,f26c72d3-e52c-467b-b651-679c73d8e1a7
1355,turisas,5888,1cf39e0b-c595-46f7-9ea8-4d2b14843c81
1356,kollegah,5883,38033d8c-9f77-4610-b861-e920bbd2e88d
1357,kottonmouth kings,5881,b2a92fa4-ba29-431f-a9ea-08a2956e9b25
1358,jewel,5874,d5b637f0-74b8-4df6-bddf-dc3784a6881a
1359,the lawrence arms,5873,e7edc301-cd55-41ce-b3d8-c3f83cd90a60
1360,letzte instanz,5865,f779ed95-66c8-4493-9f46-3967eba785a8
1361,laura pausini,5863,472b9953-1f10-4aed-b1ec-d0c23ffb2cf1
1362,orchestral manoeuvres in the dark,5863,6d072aa8-c851-49c5-92f9-cbca05f4bed9
1363,decapitated,5862,bfef61c6-53c0-4a12-9a42-1411111e7402
1364,buck-tick,5860,a70fca82-889a-4f70-98bb-39f7ec968566
1365,excrementory grindfuckers,5857,0151f780-d500-44df-8e38-475b0e3f27a4
1366,fergie,5855,4f9675d2-f6d5-486c-9b26-33dcca998500
1367,daddy yankee,5844,2f522f5c-111c-4ce8-8bd0-d82e97c227ad
1368,laura marling,5840,cd9713d6-6e5f-4143-9412-4d12b7bd47f2
1369,falcom sound team jdk,5838,c999f4ef-8733-46f8-ae3a-d5628c260ea8
1370,unearth,5838,9f336c50-ae4c-4440-bda7-958aa12bc15a
1371,sean paul,5834,c3da3346-2643-48a7-93cd-011f6834b3d7
1372,bitter:sweet,5817,dcebc476-b53c-42ee-9251-f946a4c3cea2
1373,cold,5806,d9a2f1e6-6429-41ce-9d32-9a66188fb39c
1374,the specials,5806,07eb40a2-2914-439c-a01d-15a685b84ddf
1375,art-school,5803,2ee8a896-8ce2-4d94-9bc7-0db3b3396e74
1376,emmure,5796,98ef1696-cb7e-4ecc-be1d-22f62bb308a4
1377,prinz pi,5795,077716c4-f9cb-4d68-bd41-3ff1c35a5964
1378,portugal. the man,5794,3599a39e-4e10-4cb5-90d4-c8a015ebc73b
1379,matthew good,5775,8010da10-5c5b-4041-b119-984a6e2ccf82
1380,tragedy,5775,efa0c09f-b0a1-4f21-abd6-a1f2c3d97ab1
1381,iamx,5768,e4d05411-9a3d-452e-8b0e-a55b86b7cf85
1382,hollywood undead,5763,321fdfbb-426b-43f7-8295-fa9aca6348d9
1383,rhapsody,5763,8bf9b24b-e802-4ab6-b342-b348e20b58d4
1384,aborym,5752,741fef2a-c9ed-47fd-966a-eb911f488378
1385,juno reactor,5747,16231a34-9ccd-410e-8690-f74e98fe16a4
1386,evergreen terrace,5741,9f94e88e-cb13-48b2-8c3d-6ff1181aca80
1387,sebadoh,5740,d98c8149-0c01-4151-93e1-48fdc3d5027f
1388,ferry corsten,5734,47347cb8-ac34-4916-84b6-d85d4e5e5384
1389,backyard babies,5729,c428180a-2871-4788-9815-e09f7390c6ec
1390,hit the lights,5728,b0442f82-6322-4096-8535-b3bb776019d3
1391,lloyd banks,5728,8a6ccf62-b8fa-46d7-87df-f2dd14e6280d
1392,draconian,5720,54d76201-3b30-4722-978f-2abdd62e88dd
1393,madsen,5711,8a0c3b86-af55-42d2-85b9-6372e7430986
1394,six organs of admittance,5699,a270b68f-6bb5-41ba-ae7f-7b501e4797a5
1395,disco ensemble,5690,e31baede-2d5c-401d-aae6-4e7b8e4b2011
1396,seal,5689,f053ae01-dae6-4aae-9883-e8c279fdbef4
1397,gregory and the hawk,5676,3f180da3-4d5e-4678-957c-15ccdb123d84
1398,the blues brothers,5666,7252abc2-dfc8-4aa6-889f-2d168b265403
1399,masta ace,5664,ceef10f5-324d-4a04-8db7-1a4181e19ab3
1400,elvenking,5663,3d6bbeb7-f90e-4d10-b440-e153c0d10b53
1401,jet,5660,4efa55ba-93cf-497f-baf3-2ca9da7e193e
1402,foreigner,5652,160629ab-ec18-4931-8c95-02cb92d06186
1403,suicide silence,5652,4fd53e84-ffa1-4434-9146-3fab25ece7e0
1404,(hed) planet earth,5650,19516266-e5d9-4774-b749-812bb76a6559
1405,hawthorne heights,5647,194eeda1-e662-43bc-b9be-32fc1afecc8b
1406,charlie parker,5644,c7356af9-9ea6-4a78-a55b-c73775716312
1407,mark knopfler,5638,e49f69da-17d5-4c5c-bac0-dadcb0e588f5
1408,after the burial,5636,6dd9b71e-2e2f-4a66-bfce-5e820589b390
1409,tocotronic,5635,7717539b-33aa-45d5-b88d-9e627172db19
1410,claude debussy,5628,be50643c-0377-4968-b48c-47e06b2e2a3b
1411,hot water music,5619,c83907ee-8b5a-4547-8f68-96572243ea7f
1412,the band,5615,8c90ad8c-9150-4c51-a1eb-342232e99d06
1413,eros ramazzotti,5603,3ab7295a-54ac-40e8-b1b2-3d110a143550
1414,graveworm,5603,ad3eb8ea-f541-4e3a-b550-7900bdc4992b
1415,aaliyah,5602,bc85da58-52d9-457d-ae8d-5d8d4ec870a9
1416,mount eerie,5601,e5306b29-16c0-4520-bb05-6b21f041b2f0
1417,kid vishis,5600,149e1335-f68e-43af-abe2-a9cc6d4b2db5
1418,crash test dummies,5599,afb8f901-d846-4c70-a898-59bc183d1da7
1419,assemblage 23,5594,1626de1a-509a-413f-82de-a362a2fd14a3
1420,sondre lerche,5593,a1c29c2f-778f-4b02-9ac7-80f0c37cdea9
1421,los campesinos!,5579,e1194e66-e4f0-4351-9d26-ac95df530d0c
1422,chet baker,5576,1ba1d493-7114-45e2-b163-a36d49a0c065
1423,absurd minds,5570,979ce33b-4d8e-4e44-8c7e-f9d3054f4386
1424,savatage,5570,ac15222f-fb8a-4d2b-b4da-bde1c19f0a9f
1425,os mutantes,5566,a3212186-5da5-4e84-a935-6952b3e14921
1426,arcana,5565,93c1606c-28ef-4955-ae75-331a0975608d
1427,das ich,5563,7f74bf11-d450-4b85-b11d-4ca4131eedd5
1428,ultra bra,5561,e1884684-e319-4c34-b7b2-a6855ae6b0d1
1429,tiziano ferro,5555,d12b05b0-a0af-4c2c-8c8c-ab8bcf49439e
1430,a fine frenzy,5553,ccd4426f-aef3-48e3-b04e-2e1de3d1f8d6
1431,blackfield,5543,8e67406d-de61-4e6b-a2a1-5a3725484527
1432,bob hund,5542,35e991b9-abf7-41dc-ab0e-0ca947463808
1433,john murphy,5540,1ad39ddd-b4fd-49b7-8137-d5569c0eb2e5
1434,norma jean,5540,a02b1a45-271c-4bc3-9d82-68bb896cb5fd
1435,モーニング娘。,5531,9bffb20c-dd17-4895-9fd1-4e73e888d799
1436,great lake swimmers,5522,64deac19-021e-4dc1-8d11-658be8763589
1437,ira,5517,95794de1-6562-44a9-ba0d-6bf93ffff18c
1438,polar bear club,5516,c4975d06-72e9-4be4-bfd9-d7e9ae46ffe8
1439,do make say think,5503,882d41ca-194d-405a-bfc5-b698ccfd77b4
1440,sunrise avenue,5497,fa57d5dc-bcfa-40ea-9638-3d3cd89d1258
1441,dmx,5490,f3bf61f8-97d4-4e52-a73d-2ddbbe8196c8
1442,rotten sound,5489,4d2949b4-eb5f-4296-b71a-04603c6a9802
1443,edge of sanity,5481,82d1972f-f815-480d-ba78-9873b799bdd1
1444,stevie ray vaughan and double trouble,5466,e3c8b0c8-3fa0-464b-b1f5-119cb52d3817
1445,dannii minogue,5454,4cab12f3-af12-4a55-ade2-606bd9524425
1446,crass,5446,c7437df4-6fac-4c89-99ae-f8640f268222
1447,goldmund,5440,6ea0f255-4920-44e4-89ff-586c27b219a0
1448,voxtrot,5430,c163f6f1-84c0-48fa-81c5-8129739b6c3c
1449,Мельница,5418,4f93401e-f3dd-4961-8b4e-708be531c3ce
1450,the hush sound,5416,2b7a7c7f-8c18-4e0c-aaf2-8c6f4e93cdbb
1451,astrud gilberto,5412,8d08cabf-03a3-4f38-a815-8197a0984f19
1452,natalie imbruglia,5406,60530915-9371-4b16-bc31-5c4456317ae0
1453,red sparowes,5405,5153eb0e-b6dd-4882-a24a-7d464c153962
1454,europe,5404,ccfe7a3c-1a45-4984-a8d0-644549cefe61
1455,non phixion,5404,fbca5223-6808-49cd-aebe-300600f51077
1456,the cramps,5399,96c1edac-1011-4cb8-882c-27248de35071
1457,bear vs. shark,5395,5562ec93-7fa0-4a5d-a8a5-f3a6d3ca8de3
1458,r. kelly,5391,c2d25856-a09a-4d15-b404-77dd19c19e63
1459,mary j. blige,5390,db76c5ca-d555-4f09-b1db-baa1b713d875
1460,mike doughty,5390,f3bcf7b3-be33-493b-8557-b201b3567828
1461,blindside,5385,2ad3b5c0-85aa-4acd-8680-a90ac100133b
1462,die kassierer,5385,7df129b4-0b43-4e91-8f60-e8907a9f6e70
1463,kimya dawson,5382,ba99a190-6065-4930-be3d-55ecc48e365d
1464,bayside,5375,5f821136-9935-403c-abb5-e78ddda35e9f
1465,cloud cult,5370,a33a9cd6-8c03-4047-b62d-59f76f494c20
1466,bowling for soup,5367,bcb95908-5c6e-453a-97fc-d69003d250ff
1467,sloan,5367,5a63c831-5bdb-444d-a9db-974501e3317d
1468,mstrkrft,5366,74134743-106c-47a6-bb8d-5c9efde7818c
1469,jaromír nohavica,5351,3fd5eb03-0511-4ea1-a6cb-67e43cfe5db6
1470,la vela puerca,5345,d7fd77f6-ea1f-41db-8858-12a0ae143432
1471,k-os,5343,3dfb71a2-2e06-4a69-8839-3e1fc07e92ea
1472,栗原正己,5340,97e6d828-693e-4957-a5c2-b905ec247b76
1473,e nomine,5335,9db1e69b-935f-4c1d-a48c-8bcca179a25c
1474,matchbox twenty,5332,75af9d25-cf32-49c0-9192-60bd8e9784e6
1475,engenheiros do hawaii,5331,92de023e-6f08-4133-8063-c0740c855e3d
1476,peter fox,5321,10c07fca-2678-40b6-9644-cde68d3e9554
1477,sophie zelmani,5307,977b779f-72fa-4117-995b-97af75d9c73f
1478,"does it offend you, yeah?",5306,37b94fc8-0adf-4335-a9fa-ae7a5fc36610
1479,sage francis,5299,c8fc1732-d191-4a29-a33a-410f98eff13b
1480,Аквариум,5297,8d741103-d319-4cc8-9f4f-9926b5bf112a
1481,pyotr ilyich tchaikovsky,5296,9ddd7abc-9e1b-471d-8031-583bc6bc8be9
1482,maj karma,5280,1a6335c2-e0d6-4c9d-86ae-1a8eaf48e637
1483,necrophagist,5279,251b5564-6dcf-4299-b1a3-921885bdaf88
1484,nicole atkins,5276,637e3261-3f47-402c-9dac-980de5317100
1485,kevin devine,5273,6cb35b9f-1972-404a-8882-e915c39d33da
1486,bone thugs-n-harmony,5271,2fa45bbb-0efb-4950-9d40-94bf23cbfec1
1487,triarii,5269,549a44e1-3b99-454f-970e-4f2c210b4827
1488,noir désir,5262,e6358374-5eea-4205-be22-382ed6df493c
1489,eisley,5255,083b3a38-13c6-428f-9e02-6c306afa5761
1490,the residents,5251,8c9b336e-acc8-4e20-9195-6ed0634da9fc
1491,the moldy peaches,5244,6830e150-6233-4255-ab97-6e2e38759637
1492,athlete,5243,906cbb69-b793-463a-832d-b5bf850f01a2
1493,桜庭統,5241,ea809832-657d-4335-b492-1daa3d46a322
1494,public enemy,5239,bf2e15d0-4b77-469e-bfb4-f8414415baca
1495,missy higgins,5235,3ac2a4a2-52b3-498b-bbc8-31443c68dfe0
1496,terror,5235,697eba1a-bf52-46b1-a19f-4d7190b63e5c
1497,looptroop,5233,afe409c2-57f1-45fe-9140-50cbccd88223
1498,héroes del silencio,5230,4bb712d6-8be9-4c09-810a-eb3bed2be345
1499,o rappa,5224,00034ede-a1f1-4219-be39-02f36853373e
1500,styx,5224,835a6d9c-fea0-4a71-ae52-9c4da946433a
1501,beach house,5218,d5cc67b8-1cc4-453b-96e8-44487acdebea
1502,black moth super rainbow,5216,44e14e88-b17a-44d8-9e94-f3afa977239b
1503,blockhead,5204,3bd76ebe-c7dc-47bd-a8af-9e46d2a4f782
1504,the olivia tremor control,5202,d62842be-03d8-414b-a8d6-36f4b3b563ed
1505,syd barrett,5201,12327d75-47d5-45d9-84c2-3760b9210c17
1506,dizzee rascal,5200,1a99cc88-aea3-4fe3-96b9-20791667f65f
1507,asobi seksu,5191,cc433a77-176b-4d02-857b-2bfb68b3219c
1508,casiotone for the painfully alone,5191,73d882c7-1146-4012-a61b-a3b2c11fce2f
1509,pink martini,5191,113e0972-077f-423b-9b5f-3cc8a5bafa0f
1510,versailles,5191,21586a85-c02f-4e86-ba52-9173f8904cc2
1511,muslimgauze,5182,06fc1189-d7cd-4344-b09a-51cd82cfefe5
1512,jon brion,5180,a32e4aac-1db8-4dc6-be34-a813c4530627
1513,camel,5174,94b7a39b-f3cc-4796-90dd-b1786a62877e
1514,delta goodrem,5173,8c5755b4-2de6-4158-bca9-e354cbf07437
1515,our lady peace,5172,78661da3-894c-4947-a34b-fb7edf585d9b
1516,16 horsepower,5168,9a22fc7b-ad7f-4c70-9e0f-4d40cd7562cd
1517,harry gregson-williams,5158,8974da95-e631-45aa-8fd7-aa0c2795f997
1518,owen,5150,2b0ce8c8-9c9a-4807-9414-24b22af7a679
1519,subsonica,5150,acb79377-b47c-471e-a837-5b9f2d271e7e
1520,be your own pet,5149,4849dbcf-4192-434c-825b-077c9057c119
1521,era,5142,881c5eec-ab10-4523-98cc-0abf43900065
1522,#####,5141,537db97d-372b-4648-8633-f1dcf52b1f47
1523,l'arc~en~ciel,5138,62b61409-d13e-4281-9e3f-06941c2c5f5f
1524,kazik,5137,3771a9d7-2da9-43e2-b4d7-9ef8e644b649
1525,the innocence mission,5137,3d921e76-94c4-48c8-9f18-c2d96a8e53c9
1526,pedro the lion,5134,2f360fd9-6440-4896-9f45-8156e8b0b204
1527,broadcast,5133,aaae25bf-c794-45d7-bab7-cdc7c655bfa6
1528,rantanplan,5123,94d586ae-8177-4057-9d74-3d21b5eb1598
1529,antônio carlos jobim,5122,7a8dbe84-f4c0-4457-bfa3-edced1f8cde0
1530,velvet revolver,5119,3a528006-1429-47f4-ae9b-2ea95343e16a
1531,turmion kätilöt,5118,10b7cfe3-a99b-49b3-91ed-b0efb7b32371
1532,jean-michel jarre,5111,86e2e2ad-6d1b-44fd-9463-b6683718a1cc
1533,missy elliott,5109,a0b8cb9e-7532-45fe-a74c-30e7c4009a39
1534,bt,5108,88e2147d-0332-46f6-85b2-b5f463ba957b
1535,the tough alliance,5107,8b5d7dae-6430-473c-8cf6-f448a2e0d3f9
1536,paprika korps,5093,a6413bbd-e62e-42be-98bd-f42f7bba8e23
1537,oceansize,5083,c147b96e-3428-4604-9b6c-d931f980f684
1538,slightly stoopid,5079,2c7e21ad-9b16-42df-9f9b-d583ce70a88a
1539,bobby darin,5076,1f223eed-aa38-49da-9e76-62ab3adc2e04
1540,nick cave & the bad seeds,5076,172e1f1a-504d-4488-b053-6344ba63e6d0
1541,asa,5074,a325764b-168d-47f3-a823-f52ae5cdefaf
1542,zz top,5072,a81259a0-a2f5-464b-866e-71220f2739f1
1543,jim sturgess,5048,451f9db1-f75f-44f9-b218-f8bdf22035a1
1544,crossfade,5044,79d60c41-8fe0-448c-9bec-3f43c10f860a
1545,sleater-kinney,5044,e36e78eb-3ace-4acd-882c-16789e700ab7
1546,robyn,5042,5a8e07d5-d932-4484-a7f7-e700793a9c94
1547,colbie caillat,5039,efc8a006-d0c6-4a9b-8cb1-91ca770fa2b9
1548,caribou,5032,735e3514-a8ae-401f-af3b-6300df1b8d2c
1549,janet jackson,5032,6be2828f-6c0d-4059-99d4-fa18acf1a296
1550,chevelle,5026,8456e9f7-debf-4579-a86c-33a325a35d2d
1551,twisted sister,5026,c6122fee-089f-41c4-a34f-e5f7e5607b05
1552,bruce faulconer,5023,24ea4e5e-1700-452b-9ee7-cc7f73d749db
1553,grendel,5022,7eb99a58-5ea9-4082-b176-bd990d406358
1554,the jam,5022,23228f18-01d5-493e-94ce-cfcde82a8db2
1555,team sleep,5017,b1168a9c-a946-4a5c-a005-62fc632dfa0c
1556,amatory,5015,b702f1f7-6634-4580-8ffc-25edaea50da4
1557,astor piazzolla,5006,e280268a-a5ab-4bb0-be4d-ec470ca59131
1558,modeselektor,5006,8a7a4e72-a099-425f-8238-80706fc1c746
1559,accept,5004,41f4d85a-0bd7-4602-a3e3-8c47f36efb0a
1560,cornelius,5001,df765d93-621c-437f-99fe-fda9e135f89a
1561,2raumwohnung,4994,5579a23d-c411-4930-987d-ff89d77c1c12
1562,drake,4991,9fff2f8a-21e6-47de-a2b8-7f449929d43f
1563,the unicorns,4988,603c5f9f-492a-4f21-9d6f-1642a5dbea2d
1564,the adicts,4986,42fa05a0-a983-4ed6-90f3-b2d662216bcc
1565,sparklehorse,4981,45be8e20-3c3c-4e78-98f0-b5bdecf2f703
1566,madball,4980,c9e0a0f5-9f53-4247-a52d-a3f29d975e17
1567,jim croce,4969,fcfa9543-e113-4ef9-9ef6-455ba4cbe7af
1568,arakain,4964,29460db7-eae0-4d01-ad8e-861e02987d68
1569,elefant,4951,bd837f10-ed18-47e9-9636-ca44edceebfd
1570,beat crusaders,4948,e8575463-1ef4-4fc7-8d63-b8b12fe3c13b
1571,eddie vedder,4935,1a60d6dd-9d3e-40fc-a66d-3184f9ee0d61
1572,tiger lou,4935,14efbb08-c3d8-404c-9ead-ad71fa586ee6
1573,b.b. king,4933,dcb03ce3-67a5-4eb3-b2d1-2a12d93a38f3
1574,devotchka,4932,a66cc38c-e6cd-4725-a8fd-7d32b998347f
1575,ray lamontagne,4927,b5c4ffa2-82e1-4b72-b7f3-c60afb74b860
1576,liars,4924,03098741-08b3-4dd7-b3f6-1b0bfa2c879c
1577,sister hazel,4922,3b141e34-8c02-4074-b68a-7d64e3212acd
1578,tyler bates,4921,03cfec4a-9885-444c-9e74-5fbab5861106
1579,dawn of ashes,4919,a2b7353e-341c-477e-87e4-d4d5937c6b9a
1580,good riddance,4919,ab4725b8-7a2f-429a-a55a-3dde07c9acea
1581,blackmail,4915,d415628d-8c84-453b-8a75-4816b088dbc9
1582,+44,4913,c2a44e93-3a2b-44aa-bd8b-7a71bb76e3b5
1583,brother ali,4911,e0b267df-9e16-4fd3-abb2-b47e61e7a2aa
1584,tears for fears,4908,7c7f9c94-dee8-4903-892b-6cf44652e2de
1585,suede,4901,a55c2f1b-3f3f-4d6a-aa30-5e186dbadce6
1586,the analogs,4893,4e368fcf-94c7-4b98-bc02-a579883f98b9
1587,unheilig,4893,6dfa03fb-8b02-4055-b7cc-e48f426b13f8
1588,ali project,4887,12b6e407-4ec0-4cc6-80d4-b38d7df99694
1589,buena vista social club,4884,2a85ecff-41e9-4be1-aca6-c87054a4c334
1590,annuals,4880,c6156dc9-9e26-430d-adfb-55ca745f017f
1591,sportfreunde stiller,4877,35581de7-591f-424f-9c64-7b22fd45605e
1592,twiztid,4876,cbf882cd-5fb3-4324-b212-32ed0b985ba8
1593,leftöver crack,4872,e9a4a145-e1bd-4384-ad26-b344205dd9df
1594,dr. dog,4871,e9aed5e5-ed35-4244-872e-194862290295
1595,mates of state,4871,e9c97fdb-9fa0-4955-9a6c-1c43e1ac3f64
1596,culcha candela,4866,a7a1d1ff-1aa7-4a91-a066-cf48976bf92e
1597,econoline crush,4863,c00a611d-81a4-4062-bd98-ac8f91c1795a
1598,sezen aksu,4863,635e2a34-a566-47c4-b61d-fa5d203856aa
1599,animal Джаz,4860,973d7c4c-11b6-4424-980a-eb9262a08589
1600,al green,4859,fb7272ba-f130-4f0a-934d-6eeea4c18c9a
1601,herbie hancock,4851,27613b78-1b9d-4ec3-9db5-fa0743465fdd
1602,the bronx,4848,66ca7462-753c-48d0-9fe7-80d4b0897d18
1603,lacrimas profundere,4846,8017153d-b710-43e6-9f6a-7d157cafaaf2
1604,the gossip,4845,0f96c38b-8e21-4571-afe0-cb11196a8acd
1605,the vines,4843,4e045c96-538b-46ed-8ea8-7cae20b56574
1606,the calling,4842,29eb4497-0bd8-4126-abdf-d8007326ee8b
1607,izrael,4835,ddf15f3a-df92-4712-a874-c91719e1fac2
1608,donovan,4834,72d7d717-0837-4f2a-9641-d0f9fdd3acf7
1609,polysics,4833,b7d567df-e26b-4da1-b29d-f903f0ff9bbc
1610,viikate,4826,63e166d4-b490-48d1-84f7-c19b45c503de
1611,the rutles,4819,33f8e407-999d-4468-a63f-b487a98444bd
1612,afterhours,4812,70a709a1-8083-44c4-b61f-f7d10e1004d9
1613,tomahawk,4811,947911f8-60bc-44ab-9782-f97020f15b43
1614,the locust,4810,9cdbbd26-b4e0-4b4d-bfd3-c65d447af9a1
1615,oh no,4809,f7cee9ef-7616-4071-85ea-9753799d32a5
1616,habakuk,4807,7e763c41-2b30-45bb-9046-d13d9702bfcf
1617,slime,4807,a0fe06e3-deb7-4ea2-a7de-cc93740fd163
1618,exodus,4806,18e9bfd5-db23-4bc1-be0f-5710e5d656e4
1619,mägo de oz,4798,fa3b825f-7c85-4377-b393-d28a2016e293
1620,the bravery,4796,7e30debb-3308-49ab-a5ac-6d49319a5705
1621,lucero,4793,4befe93e-7cb6-4adb-b822-8b19ceb59768
1622,destroyer,4789,61604b45-8a91-4e33-a1b6-45d7b1fec4e5
1623,cosmic gate,4786,5f3b32e5-efb5-4096-9260-587c155e50b7
1624,five finger death punch,4784,7e8571b1-7c5a-4739-bc51-73d422ee9d74
1625,into eternity,4779,ced4c589-d194-4c12-9a96-398086940367
1626,the honorary title,4777,3ba1d6b6-da11-40cc-940b-60268aaf58d2
1627,cold war kids,4774,0741b30d-e15b-4a8c-b2e5-8834a03d6116
1628,running wild,4767,ad73761f-c66d-4149-899d-21f56d1969a1
1629,wolfsheim,4765,b9c87d34-e3d3-4b29-bc17-aaa91c7d5a06
1630,sara bareilles,4762,e54be6b7-5c26-4b47-bb3f-c137429b9b55
1631,soda stereo,4760,3f8a5e5b-c24b-4068-9f1c-afad8829e06b
1632,mad sin,4757,f78c479b-6ec2-4c09-abec-d2b09d5ad467
1633,coaltar of the deepers,4755,e031ae5d-db68-4e06-980b-f828fe5b40dd
1634,thåström,4755,44914b98-ac07-4a8f-8b25-efebceb3a735
1635,jan delay,4751,2692cab2-7563-4315-924f-563a59190fd9
1636,primordial,4747,eacf66a8-8ea0-41e4-879e-fcc61bcb03f0
1637,american head charge,4746,9d4e0a6c-7b56-4c51-99e2-5bb03995c5b1
1638,elzhi,4741,717ce3f6-847a-4749-bd54-467875812dd4
1639,astral projection,4738,2ba31cc4-df9e-4c21-9dbc-bb8fa9af424f
1640,flunk,4734,101e0102-841f-4858-972b-edf716ee67c9
1641,swallow the sun,4732,0f6df3f2-01f5-4d9a-a047-a76c907d7b66
1642,suffocation,4731,5db9f569-cadd-4f8b-b460-d4031b0b3716
1643,quarteto em cy,4725,592a91ea-aa85-452a-8d10-e538c315765a
1644,yo-yo ma,4720,62fe877d-b7a5-43e8-952e-2610d7614bff
1645,painbastard,4711,dd3b2636-4766-45b0-ad37-d23328d8424c
1646,skalpel,4711,48df54af-a70c-4ba1-8489-33688c001ac1
1647,daughtry,4709,21e3292e-dac8-4609-b57d-402f926aa41f
1648,in this moment,4709,29266b3d-b5ae-4d09-b721-326246adf68f
1649,carbon based lifeforms,4708,8229a8f1-b315-4fae-af57-b3eb71efdaf4
1650,dj vadim,4702,66fce392-d89d-4eaa-a346-c50aa1021f00
1651,boom boom satellites,4700,f9114439-1662-4415-b761-05a4170c9579
1652,vetusta morla,4693,b185451a-9edd-46df-8046-1db7e9594f5a
1653,goldfinger,4690,87fc1871-b74e-4bf5-a00d-8a89c288008b
1654,mayday parade,4685,39076047-fce8-44cc-a388-4f6baba4acb4
1655,take that,4685,24d2505b-388c-46cc-8a64-48223ea6d78d
1656,신화,4681,721a6d4e-6c5b-4250-8e87-b5dc386fd965
1657,midnight juggernauts,4670,1f8e4ffd-b81b-4d10-91f4-461585bf9d16
1658,megaherz,4669,9aa69733-db92-44b2-b1dc-76cc68b462cc
1659,timbuktu,4668,349fd7a7-183b-4139-a4ee-1d9b7146f8a1
1660,mr. scruff,4663,234bab50-2f04-4d21-8f91-df93ef554855
1661,gomez,4657,304cdd9d-a04e-4eb2-865c-980a553a0efd
1662,ohrbooten,4652,9a349d91-adc0-4ada-8c26-807e95850ada
1663,lauryn hill,4650,e8414012-4a1c-4ad4-be5e-fc55294e28cc
1664,blue man group,4648,dbcec54d-49c8-4d61-8512-8025bb37bf8e
1665,suzanne vega,4648,cf119120-7df5-47d7-9dec-49f8837a4e40
1666,ricardo arjona,4647,40627299-0979-45ba-8924-2af5fdc36ea8
1667,the john butler trio,4646,7952b266-9fd4-4a09-a324-7dc84f11b5fc
1668,dj tiësto,4644,aabb1d9f-be12-45b3-a84d-a1fc3e8181fd
1669,orishas,4639,cbf11f81-f98d-458d-89e1-194b40ba5b60
1670,saul williams,4639,756cf672-d4ae-4470-a3af-a43d776a211d
1671,the tiger lillies,4638,3ad4f6ec-253f-4050-8849-ca26266edfb8
1672,enduser,4636,12a9818a-60aa-4482-a8fa-05ed7949b178
1673,indigo girls,4636,00c49f40-d715-4b79-b223-432048602cce
1674,the toy dolls,4636,c1c10a2a-241a-403a-a020-61545f31d374
1675,the breeders,4630,667e856e-f3a7-42e9-8244-95422ef31321
1676,neo,4623,6424e4b9-b49a-4432-8108-4ee87623cc35
1677,jaylib,4622,b37baf72-c053-4d85-82e5-3705fb5893e4
1678,billy idol,4620,47c8f88b-987a-4b64-9175-2b1b57809727
1679,ringo starr,4619,300c4c73-33ac-4255-9d57-4e32627f5e13
1680,emilíana torrini,4618,b2a9731b-9e13-4ff9-af21-5e694a5663e8
1681,guus meeuwis,4615,2ef6cec2-fee0-40d9-9107-2ce5e7f4ecd8
1682,islands,4613,4de30660-26a8-4390-af6f-8fc0564e7e61
1683,aly & aj,4610,fa4ad5f5-568e-498f-ba98-9ffc18e54ff3
1684,aqua,4607,a1ed5e33-22ff-4e7d-a457-42f4309e135f
1685,soulja boy,4606,0db795eb-263c-492c-9712-412341514b04
1686,jorge drexler,4602,abb91078-f7db-41f2-8f07-7f37bb739143
1687,duman,4601,f8a9a911-47de-49fe-ba96-7e5b5f08b7d0
1688,the temptations,4601,d8df96ae-8fcf-4997-b3e6-e5d1aaf0f69e
1689,martin newell,4600,6f6f0175-1f35-492d-98ba-75b3e7e5474d
1690,ryan adams & the cardinals,4598,5385c403-1c49-4f2f-9b98-7085b5c84371
1691,mobb deep,4597,d75d1f08-bbb8-4eae-9877-399ca9121197
1692,high contrast,4594,889b69e3-7b18-4889-b953-9f2931597204
1693,hello saferide,4590,b616019a-810c-4b05-a558-ad8406f225ff
1694,gonzales,4585,9c306413-56b6-4ff6-982a-7e4b87d01340
1695,alestorm,4582,c0252a1b-0133-46bb-8c4f-cade46349ec3
1696,necro,4579,b57db116-5947-462e-aa7b-3dd1ecb5be45
1697,josh ritter,4564,ac53c83c-c969-477f-9564-769e1ed80519
1698,late of the pier,4559,e3e4e534-30cd-4979-bcc5-a75c49802f57
1699,captain beefheart & his magic band,4558,8dcd04e4-7695-4d80-bae9-1d7d680a38ef
1700,the starting line,4556,9701356d-08d9-45ba-975d-977ab466e7be
1701,matthew good band,4553,9d119d4b-7a7d-4aaf-be18-727c9d1b6ed2
1702,the avett brothers,4536,0a176d0a-ef46-4e7f-b018-9f4d65614668
1703,rogue wave,4535,6aa55ee1-4c46-4f7c-9a6d-5051dfe2c06d
1704,high five drive,4534,87b931f6-fc40-41e6-ae3c-0d0a592c205b
1705,the mamas & the papas,4525,ff294730-0315-440d-a543-54005779c15b
1706,phantom planet,4522,766a2b45-441f-4096-af05-dbbca9518c9d
1707,sick of it all,4520,e204ed91-3684-4561-b29b-d0b53f8459a7
1708,mesh,4516,d200c4ec-3f8e-4f12-b319-4c7082967c67
1709,bill evans,4514,8247a3f2-3a8e-4256-b322-6c57b03a4e36
1710,*nsync,4511,603ba565-3967-4be1-931e-9cb945394e86
1711,augustana,4509,919ccb96-12da-48f5-bd91-ec410d956048
1712,acceptance,4508,364e1151-40f0-476d-a437-8fc6427262e8
1713,michael nyman,4502,c3161cf7-cab1-4409-9b1f-876561dd7716
1714,spangle call lilli line,4496,bc21df5c-3d79-479b-b638-8ddb5ecea403
1715,jazzanova,4495,b5a6ea29-3065-4869-ac66-a44002e55d4d
1716,stephen lynch,4495,a9965383-6bdd-49a3-a4bb-4f8008b9d80e
1717,spiritualized,4494,65041e06-83d2-4987-ae52-c17a915fc82a
1718,agonoize,4481,961e5f55-cfe5-4605-965d-028a40242e7e
1719,pato fu,4481,e6abe447-5f3c-4133-81b6-1cd4f0ba09dc
1720,ruoska,4478,99732060-9f50-48ee-94e6-6b62a6a80101
1721,blackalicious,4473,92ee5562-3c1b-4e02-ac22-aae6261edac5
1722,the bosshoss,4470,e0ab57c6-7ba1-4dca-b36e-fae4c0c269e1
1723,sodom,4467,2251718f-7b5c-4a92-9267-895125c594d3
1724,champion,4465,744cff3e-33b3-4f1c-b703-84aea4d811f7
1725,m-flo,4465,22dd2db3-88ea-4428-a7a8-5cd3acf23175
1726,christian death,4464,2a09f8e7-1138-4030-96a3-fddfdf82127b
1727,susumu yokota,4461,7b05d6fe-91e8-4cb9-a401-2a13b1578716
1728,eläkeläiset,4452,09c8218d-454a-489f-b500-80b305f79917
1729,t.love,4450,dd3f655b-7bf6-4fe1-9360-3de5d842e9d2
1730,chuck berry,4443,592a3b6d-c42b-4567-99c9-ecf63bd66499
1731,tryo,4436,c5998351-be49-49d8-8593-3e96f129c1fc
1732,arovane,4435,bdafd399-f2ab-4553-b037-16c03e5806b4
1733,jan johansson,4432,7d623f63-56d0-4c44-915f-7aefc30301f9
1734,mr. big,4431,bd1180c4-4252-461f-94dc-543906c02522
1735,panic! at the disco,4430,b9472588-93f3-4922-a1a2-74082cdf9ce8
1736,jack's mannequin,4426,2b6514cd-d424-45fe-ab85-bd8719f4492d
1737,phenomden,4425,8b02888d-053d-46da-bef8-4a2b0fd74d11
1738,soulwax,4419,68ec1b08-3c2e-40b3-b0af-8f323743fdff
1739,paul weller,4416,c4406045-e640-4cfe-8b88-4732cce314d4
1740,easy star all-stars,4413,0cee95e3-a61d-4cd1-a39c-75464a05b606
1741,super junior,4412,a13898e2-e488-498e-a89c-d0e920f74d4d
1742,dead prez,4409,3b02795b-bd2c-4aac-8f6c-e581514cc2d8
1743,demi lovato,4404,faf4cefb-036c-4c88-b93a-5b03dd0a0e6b
1744,cassie,4401,4a8ac23a-e27a-44db-814a-f8c31beb68e6
1745,mylo,4396,a066b730-3809-4b39-a091-2297d40b51db
1746,martin odonnell & michael salvatori,4394,c3a4cc76-343e-453c-863f-88b53cd48934
1747,the walkmen,4394,b7834ebd-64ae-46c3-a930-2d3a52ee743a
1748,in the nursery,4387,d604fc28-26a7-4142-a3b7-e5948f8d9c84
1749,the lucksmiths,4384,0181f745-7f48-4065-9089-f42810b52149
1750,pretty boy floyd,4382,43255c3f-521c-4767-b8c3-f3e3c1f8186f
1751,clawfinger,4376,f16d25c6-556f-42f9-b648-5f48a8f96ec2
1752,horrorpops,4375,e000d76b-afff-4286-a5fd-7ea6405cb80f
1753,frank black,4373,98a35a4d-a845-4282-bc7c-5679f2bb9bd2
1754,the crown,4373,19710493-0b3e-42de-bbff-eaf7b11b5c75
1755,super furry animals,4371,c5f5dc27-3059-49c0-ae45-5009a01bb9ec
1756,juelz santana,4366,bea235a0-db63-44b1-881e-264d25791f5a
1757,seabound,4360,816ba2e2-31da-4cb7-ace0-99546f6bd657
1758,warren zevon,4359,970fb29f-e288-403e-a388-d2a7889bfa47
1759,emily haines & the soft skeleton,4357,435c1b0e-e85d-49bb-bb68-f3fe4f7efaa8
1760,pelican,4357,5a797e16-f69a-4957-820f-1152ec19d236
1761,3oh!3,4354,125948ec-7f91-4d1a-8b83-accbf50fae3d
1762,anna nalick,4354,852fb986-b0d9-4529-adaf-4f38bc1b1040
1763,day26,4352,ce21c231-7e3f-4817-8c1c-a8b4c180388c
1764,ozma,4350,c0e03a06-f8b9-47ac-a50f-8ae1dbb5bd52
1765,in strict confidence,4349,28c0c945-dea4-4090-9257-c039c464b89d
1766,dying fetus,4343,f76167bb-c117-4022-8b6b-54c796edf5c9
1767,the living end,4343,cca49e52-1f1e-4c16-9e40-fedebcea065e
1768,alexz johnson,4340,ad8a4637-fb1d-4acc-af42-ff6cdda2230f
1769,indios bravos,4340,33a76468-44f1-47eb-8e57-f20dab3c0bc1
1770,big d and the kids table,4339,acb31795-164b-49b5-b50e-1422bbf13898
1771,berryz工房,4338,2b20f61f-571a-427f-8b67-ec767be9efdc
1772,art brut,4336,1c89bbcc-a253-452a-9181-546eb536e06f
1773,violent femmes,4332,2aab61bc-67f4-4722-8c6e-e1821b2e32a6
1774,cryptopsy,4330,756af95c-8793-4546-a93f-f3581b5b1c8d
1775,cyndi lauper,4328,7bd9e20e-74b9-446a-a2ed-a223f82a36e7
1776,sun kil moon,4326,ef2c6449-d02b-415b-ad8c-c14c08266552
1777,eldo,4319,6c272ee4-ccb7-44b5-bf5d-ad7f6dbc32c5
1778,the avalanches,4318,a6623d39-2d8e-4f70-8242-0a9553b91e50
1779,news,4317,beaf7ec8-ca73-4f41-b9d2-814e18fca896
1780,deadlock,4307,328a311c-e924-4a63-a79a-a5bb9801dd1c
1781,hüsker dü,4299,5c4c90a4-539f-4101-83cf-301bc6a94e06
1782,中島美嘉,4294,f8d6e5df-069e-4b8d-9a13-cc7e0a558dd1
1783,husky rescue,4291,0b6b5e56-9c72-4106-8285-60c4983af93f
1784,rob dougan,4289,42edf21b-2dda-4382-aa6b-49b6483bcf73
1785,dj food,4277,0019749d-ee29-4a5f-ab17-6bfa11deb969
1786,jerry goldsmith,4271,db403e3d-4753-45d6-8fcb-94db03e882e1
1787,cult of luna,4269,d347406f-839d-4423-9a28-188939282afa
1788,the number twelve looks like you,4269,f1afe3b1-2100-4200-a185-f5b42eeb7f8c
1789,man man,4265,4e210d41-b3e3-4e34-8c3b-3b8cc2116562
1790,peaches,4264,270acfee-1fbe-413e-a0a8-6a35a8b3b66c
1791,raul seixas,4263,c4efd92a-5692-41d5-91bb-b23d4b75e735
1792,paul oakenfold,4261,7bf1f441-ccf1-4258-9797-07c8d16eb44c
1793,major label,4258,04c27a97-b392-472c-bf2e-394bc4b43d3c
1794,atlas sound,4257,1a02453e-5f86-4220-abd6-1d889d2fa517
1795,françoise hardy,4256,d2a79d20-1304-47fd-a998-b4fe1ec78373
1796,theory of a deadman,4256,183e636e-d41c-43fe-a428-8a034eb20c7b
1797,arsonists get all the girls,4246,99d6cff5-7cd7-4980-b40f-3e34aac44171
1798,despised icon,4246,c8dd5b47-a9c7-4dc8-be8f-ec089a622599
1799,kill hannah,4246,de030dcd-36e3-425e-9201-0d5be10769f1
1800,reverend horton heat,4246,cbf71c15-17c2-484f-8406-cfce12fd3e46
1801,jacks mannequin,4245,2b6514cd-d424-45fe-ab85-bd8719f4492d
1802,madredeus,4245,8e74d54f-42f3-463c-8fa9-16f4fb0ec0a4
1803,swingin' utters,4243,25302723-b24f-4d0d-ab5d-1b4ae0195ac6
1804,josh groban,4241,12be5b16-915f-44bc-978a-8ddfab235b79
1805,suicidal tendencies,4241,e9e2a634-984f-4c10-bf7b-7970179e1ef1
1806,old man gloom,4239,75a97901-0051-4b67-a79b-9ebf2400d1d9
1807,hirano yoshihisa,4238,079dc691-0456-46ab-921c-8497ed6b7ba0
1808,vavamuffin,4238,449d58a3-3a99-4a8c-9611-d3654849f4f6
1809,ladyhawke,4237,2e547c75-36c1-49d0-984e-b14498c936f0
1810,morbid angel,4236,4355a36d-805e-478d-8589-64f0292724b2
1811,the go-betweens,4235,2fb4db11-8349-47ab-b1a6-f04f011699ff
1812,jordin sparks,4234,5508631d-697f-4839-a669-06637e5bcb90
1813,juli,4233,9a593aff-62c9-40bd-9631-1697798adb63
1814,avalanch,4224,c4707a18-2236-4426-9e67-429ce023777c
1815,daniel johnston,4222,8a7ca8b0-d23c-4eff-8fe9-6220ba5c9c76
1816,above & beyond,4219,370bd5a3-4abf-4356-8576-3a8fc0c11d65
1817,architects,4218,05dffdbe-dc6e-4c8d-a075-50a09c4cb45c
1818,asher roth,4218,c7d35b71-961e-4713-b65d-35a98591204a
1819,椎名林檎,4218,9e414497-23b7-4ab7-9ec6-8ea9864c9e87
1820,a skylit drive,4215,33464f19-aa8b-4bbf-982d-05f5e78643c8
1821,chromeo,4212,647221d0-f6b1-4e03-924c-c59b8059536f
1822,collective soul,4211,aa266ac7-d919-4132-982e-76cbd95591a7
1823,groundation,4211,592b9a1b-b900-4c1a-a165-bd7e7ce87d23
1824,mia.,4205,6a0f0a74-8689-4bf6-aa8e-6a954ac5f0cb
1825,il divo,4204,e555f0c3-0a83-4c57-8a67-e657aac27ace
1826,blue foundation,4202,455aca99-38f3-47cb-aa6b-820cf9de3c91
1827,black milk,4200,40d317e7-8d23-4e5b-84c0-fcdc0b5a922d
1828,midlake,4200,da90b5da-349e-4906-a0b4-805f5e46190d
1829,john maus,4197,c6be66af-28b4-4b87-a8ba-3f46ec6fe986
1830,muddy waters,4196,f86f1f07-d182-45ce-ae93-ef610880ca72
1831,ashley tisdale,4193,1fa14a96-c25c-4bb7-b94d-ff453519eab3
1832,ok go,4193,e132d370-2a59-4437-8610-756df28a5a02
1833,body count,4191,8b12db5d-54a9-4014-9fa8-d646ac291361
1834,zebrahead,4189,4df5d35b-a9d4-4d4f-91f6-bae55693de31
1835,dirty three,4187,af8bb921-4d67-4f0d-ba17-6215315f92e4
1836,jill scott,4181,b1fb6a18-1626-4011-80fb-eaf83dfebcb6
1837,claudio arrau,4178,3905011f-ac59-4d50-9095-1545a9944de8
1838,[:sitd:],4177,bb1c0a99-6abe-4675-ada5-601da83a926f
1839,the presidents of the united states of america,4176,7509421d-1074-442f-be8f-b526167afcb3
1840,tahiti 80,4175,cbdbfa40-a839-4fa2-a5e1-dbd6e84fe1fd
1841,céu,4174,7739f53a-f809-48a3-942a-fbea493f0a17
1842,rocky votolato,4173,05010b18-ba21-46dc-be6d-615d90170b8e
1843,glenn miller,4172,7b353d3c-2bd9-40e3-a21d-b7da3f941339
1844,magnolia electric co.,4172,2cc97fda-63f6-4ea7-9100-7ca3e51bd881
1845,Элизиум,4170,1cd4f845-ff85-4828-b3e8-07aadba3d1d9
1846,the unseen,4168,f4eea5a3-5ce5-4b3a-82ef-884c797b391f
1847,straylight run,4167,ffe16bba-4d84-409b-8f22-5242c60b930f
1848,hladno pivo,4164,1c8f3831-5eb7-4dae-b8fc-ffeaa184dc17
1849,carpathian forest,4162,69fa5c49-12ec-4c86-a238-4e07cc6d1a7d
1850,seu jorge,4161,c73d651d-87c9-4c5e-8abb-4ec9c4077241
1851,aqualung,4160,1b3e92d4-1c68-412d-a92d-1172f24f7de3
1852,boys noize,4159,d2f4a968-1f6e-4a4a-9376-ee2b2a50c87a
1853,fionn regan,4159,1a74972b-82b9-49ba-9dcf-ca7cdaee4fa5
1854,jamal,4155,4ea6edfb-93b4-4552-82e9-1d8fafc93b9b
1855,the darkness,4149,81df2271-03a1-46a3-bb30-cce187235312
1856,amy diamond,4148,205c9780-61ee-40d7-9e78-9724e626ae7c
1857,mother love bone,4148,a5585acd-9b65-49a7-a63b-3cc4ee18846e
1858,india.arie,4145,38c7a3b2-17fb-4166-b964-4e445d69efdd
1859,rasputina,4145,2ee6f445-005e-40dd-8bb8-474849216a38
1860,nat king cole,4144,fbe054ec-a143-4101-9e9e-64abc5ff5ac9
1861,earth,4143,60dd41cf-8f9d-46d8-bc19-dc7e5acb24c8
1862,michelle branch,4141,a10f94a9-2a3c-4166-b9fa-a7bed0bf7d96
1863,yup,4138,93ca92d6-dcc7-4fe2-a0ab-5489a268c3f6
1864,deicide,4137,0bd96fa4-9835-49b0-a1f2-7421e6a79dfa
1865,j.b.o.,4128,11780147-21c2-4060-abf5-b0804119ef50
1866,jupiter jones,4127,99a6f19c-aa60-4c8d-a943-77678127eed2
1867,la oreja de van gogh,4127,a7c38944-b3fa-4a3d-a4bd-d3b3b06f0cbf
1868,sevendust,4126,52b9e109-44a0-45eb-a197-226c4abab232
1869,venom,4126,d2ad8774-9173-4970-8427-06b04df201c1
1870,gal costa,4124,fc63a914-272d-4b95-9221-61adcce6f793
1871,cinderella,4123,8b07bb3d-aff5-4ce5-9f41-2872bc79320f
1872,hella,4122,1ecbc7e5-6e33-4062-997d-abc550dd63e6
1873,guilty simpson,4120,76dd8566-b9fa-415c-8744-90b608db4e92
1874,sixpence none the richer,4119,c2c70ed6-5f10-445c-969f-2c16bc9a4c2e
1875,grails,4114,2f911bc5-8619-40c9-ae9a-9c6250ba5b25
1876,the magic numbers,4114,3b3531c4-cd2d-4df0-897c-a2e29b8341fc
1877,moonsorrow,4112,98fb7792-01fa-4ed1-a15d-20077a47210f
1878,thea gilmore,4111,4176a7cc-5b9d-46c9-b616-8f2b19f7f92f
1879,grace potter & the nocturnals,4109,9501a1d0-04a2-47ee-828d-9d016c315bb7
1880,carcass,4103,d50a4b89-ff1f-4659-9fde-f76f8d5b3c89
1881,fabrizio de andré,4098,204db5a8-78f1-4078-801f-ae8f456eeb60
1882,jay-z and linkin park,4094,ae681605-2801-4120-9a48-e18752042306
1883,cornelis vreeswijk,4092,ca264abf-3eb6-4d53-827b-6ab16988a4a3
1884,kansas,4092,69689acf-d9cd-4d20-a972-47db4ed51b1a
1885,daniel landa,4091,3c090fbb-f153-4ce8-9a7f-97b798cbb918
1886,negative,4090,c306d351-62e9-4d04-ab9f-7d7a07059e65
1887,gorgoroth,4089,a1d69fd9-0096-4a60-b277-de34e5a77fca
1888,zeromancer,4089,0b5aab47-3b3b-45f4-8488-2fc98e035166
1889,kashmir,4087,cd08ab5e-a823-4985-975d-3a3438b9b5d5
1890,nest,4086,a2b1a5f6-92d2-4039-8e55-47360a77957e
1891,kruder & dorfmeister,4085,6b49dc39-cb6f-465f-980b-bc17a271da34
1892,sparta,4082,9bbbca84-c6a4-44ac-87b6-d7e8e7930bb1
1893,mattafix,4076,032f633a-db44-4ab4-af09-a892de2a8773
1894,young jeezy,4074,dcad99e7-3c3e-4c78-bf8a-68203e17da48
1895,do as infinity,4069,b128a994-2400-432d-b26a-8feede87daa8
1896,gary numan,4069,6cb79cb2-9087-44d4-828b-5c6fdff2c957
1897,la casa azul,4069,3442b704-fca2-4eb1-8a7f-c847ccbe7a44
1898,anastacia,4068,d3b2bec4-b70e-460e-b433-a865ceac2de8
1899,charta 77,4068,cd3772a8-6f4e-40c3-ba7d-019809dbd9b4
1900,bury your dead,4058,27784398-3ad0-4baf-bf17-82b37fe03efb
1901,erlend Øye,4056,bdb8e865-98f6-4dd3-a8ac-74b9b7ae8abd
1902,vanessa carlton,4054,c1a61bb0-e4fe-4064-bc8d-954a2dafda79
1903,ils,4043,16b97aaa-d7c0-469f-8c97-47c705b2d02f
1904,grave digger,4037,ed114045-8462-4b49-89ae-527fa2544a2b
1905,secret garden,4036,4ac60dc3-8e50-4c70-be0e-4a4a1298f7ba
1906,justin r. durban,4035,7f591fdd-2302-483c-af5f-ddc4ee2bc819
1907,misericordiam,4031,a03f4cad-1e37-4e3c-980b-a216f4f0cf23
1908,total,4029,2ac0f4e0-ce3c-454b-b734-89d549c3b387
1909,scott walker,4027,99524243-dc2e-4bf3-82c0-72395391d21f
1910,sylver,4026,b910d27d-dc4f-4f2e-9a10-43057eb96a5a
1911,ben taylor band,4023,835437f0-95b5-4737-a11c-718050a9fa1a
1912,belphegor,4021,a41cc6b0-ff0c-4331-9add-907025607e95
1913,maria rita,4019,3c12ecf2-91da-4d4a-8462-e4d5d9e273e7
1914,women,4018,ea78d0cf-1c99-443f-a4dc-4db90f3e1c47
1915,michael andrews,4017,ee6e8790-7123-40ab-b7e9-03c4fe6aa08f
1916,roots manuva,4016,4f6dd51e-bfd7-4153-ace7-9316d1757a57
1917,the organ,4016,2d12e7de-449d-4151-bc65-e5bad7ace24a
1918,theatres des vampires,4015,85111697-29f9-4909-864d-f73addb5a079
1919,black heaven,4014,4f005856-fa1e-4525-90db-546998bf3d60
1920,andy mckee,4013,39d6c679-b41c-470c-a755-4566bde24063
1921,hercules and love affair,4013,b62ecfe7-b2e6-4d40-b7d2-8f12d3f51ed6
1922,maximum the hormone,4013,fb01635c-51fc-4cad-b71f-62e18bb3433b
1923,tarkan,4011,4ec2451d-ed0c-4273-b683-4c1312df25fd
1924,the maccabees,4010,83b86967-6b1a-4ca8-9cf0-c7cfe047ef3f
1925,hank williams,4007,906bddec-bc73-49f8-ac1e-eaee691c6cf9
1926,daedelus,4006,c787a7a5-e143-4ba6-86df-fab2354dcd44
1927,lifetime,4004,c9329809-8510-45b9-9202-5640398ddaee
1928,she & him,4002,fb821608-35fd-4a45-a4b2-1a0537cee111
1929,jeff beck,4000,14a4bc78-1c2d-4ca7-8d1b-9b58076a2a17
1930,the stooges,3993,794c6bf2-3241-416f-9b8f-24e2d84a1c4b
1931,cock sparrer,3992,bbcc9824-31c0-4c70-a7af-d24090ea161e
1932,sahara hotnights,3992,5984e4ec-8a8e-4762-a5fb-e7d53436e0bd
1933,ours,3989,712559c6-5805-4aeb-bb37-e093c490db40
1934,test dept.,3988,0d3737b6-dc26-4eef-bb79-38bbe81f0cd6
1935,new young pony club,3987,61cd6f2a-cdde-4f34-aacd-b992badcacba
1936,el cuarteto de nos,3986,97d0cf66-ace2-4f89-b126-00f1917316d9
1937,solitary experiments,3986,0c3b764b-c633-4270-a13c-b04a8705cf46
1938,mc chris,3983,43e81abc-bd9c-4056-8c2d-6dfdf3902025
1939,hanoi rocks,3974,fca2e3b9-d29c-4b41-bde9-0ea5fd279843
1940,dvar,3973,be84006a-c37a-4a4a-866f-f7e0ab3a5f9c
1941,the rapture,3972,3697647f-1839-479e-98a1-9ad39004d923
1942,bôa,3970,ca1dcba2-792c-4550-abf2-7b45396e81ca
1943,nekromantix,3969,7cdb1751-4cf3-4e47-b13a-41dcf72a2dc6
1944,bump of chicken,3966,0f718079-e5ea-4cfb-b512-b2d04da66901
1945,la fuga,3964,5275357f-5345-4396-a539-643b26cf34a8
1946,ill bill,3953,c7e90641-f441-4801-8e4a-d09e10f452b8
1947,from monument to masses,3951,3cf656c1-6849-427a-90ab-cb8c37991a45
1948,shining,3948,90ccc343-d0ef-493d-820c-00373400c221
1949,mano negra,3943,e024a3ca-c78e-459a-9a98-8029f49b5a5f
1950,jandek,3934,61a21fb6-ca24-4e7c-bb72-34a716be1cbb
1951,Şebnem ferah,3934,4e6a53e1-e27e-4cf0-9f6e-b51fc0335d0a
1952,hanzel und gretyl,3932,359aa76f-2480-48c7-b7ad-2c285cc1f657
1953,skye sweetnam,3932,bbfc66fc-713e-424e-b822-051b48aaafed
1954,breathe carolina,3929,0509d076-7e31-4f53-bad3-80ee246e23b7
1955,london after midnight,3929,8688124b-dcff-4a39-9f30-4825d445014f
1956,the horrors,3929,fe563c67-8e92-416b-bd6e-b53a04a42568
1957,john lee hooker,3928,b0122194-c49a-46a1-ade7-84d1d76bd8e9
1958,austin tv,3927,e4e829e0-5a9c-4b48-a694-b15fc7c18974
1959,afx,3926,87225a21-c925-41cd-852f-be4b052d0824
1960,agnostic front,3924,40b8a690-94e4-4c82-ad0f-73f4b841e46a
1961,azure ray,3922,eeee6fb2-d69a-42e2-af8a-9899957abf70
1962,nomeansno,3922,37e9d7b2-7779-41b2-b2eb-3685351caad3
1963,坂本真綾,3921,b6c18308-82c7-4ec1-a42d-e8488bce6618
1964,rotting christ,3919,2d576cfe-7669-4af0-a66a-86c8362f47c5
1965,bond,3917,d3b58d85-8ca4-4376-a3fb-0e5c6e405785
1966,mc paul barman,3917,3d5443fd-e3de-4463-a087-d02876f2429c
1967,john fahey,3916,95bb27d2-43c7-4a92-85ee-f95a245f0ee4
1968,fabolous,3915,d2299099-e617-46dd-b013-ba0b4c72bc63
1969,los suaves,3913,69747c42-016c-4705-9a9c-a411cd859b46
1970,rodrigo y gabriela,3911,a8ed28e3-5c08-4448-b889-867483e251f5
1971,falconer,3909,342e72d6-e350-42c4-814a-3fe1801e65f5
1972,hybrid,3909,9f2524e1-cda1-4304-941e-ebb448d32a16
1973,kate ryan,3908,89d746b8-7d18-4baf-8cee-659b07771568
1974,orange range,3908,fee8e811-a2dc-4c09-8484-3c2aca38c3f9
1975,carter burwell,3903,b88ca659-0393-4a62-abd8-f290e6c7a7e2
1976,cock and ball torture,3903,ff22d04b-d4e5-4733-9fa4-b08a1c7d250e
1977,stephenie meyer,3903,8c6b977c-444a-4948-9a2d-25c9a20e77d3
1978,von thronstahl,3901,723f691b-0f83-441f-8909-e4830b7814f2
1979,client,3900,7177fefd-be55-4076-a10b-37fab913855e
1980,fila brazillia,3900,21267448-e8aa-40f5-90cb-f9ef26ccc009
1981,blind melon,3899,38c5cdab-5d6d-43d1-85b0-dac41bde186e
1982,menomena,3895,ad386705-fb8c-40ec-94d7-e690e079e979
1983,novembers doom,3895,d2c2707a-e9d5-443f-9112-23cb2f42d553
1984,倖田來未,3894,455641ea-fff4-49f6-8fb4-49f961d8f1ac
1985,the maine,3893,7bd47e67-ecd5-49d5-837f-c692df38da4e
1986,stevie ray vaughan,3892,f5426431-f490-4678-ad44-a75c71097bb4
1987,destroy the runner,3891,6e36dc4e-42a5-4b2f-a84d-a407e494c9a4
1988,grand funk railroad,3890,103241b0-6adf-4b4f-9cff-5c87459f61a4
1989,envy on the coast,3888,35fb1ff2-4c6a-4229-b4ca-71a0a696cc4c
1990,jonathan coulton,3885,d8df7087-06d5-4545-9024-831bb8558ad1
1991,acid house kings,3884,c3ee2b9c-d315-41c3-b55a-3c1c2b29addf
1992,townes van zandt,3883,d67d1a21-6e45-4dd6-aef0-0191ba3796e0
1993,garth brooks,3882,b76645c5-78b0-4e4c-8f95-003f40013a45
1994,michael giacchino,3880,150e14bd-915d-4574-b574-f77dd7ea72ad
1995,the allman brothers band,3879,72359492-22be-4ed9-aaa0-efa434fb2b01
1996,東京事変,3879,b3d0f168-cb34-47c6-8529-fc05d1fce3ee
1997,12 stones,3877,6f81a7dc-be31-4498-ae95-6d994ffec614
1998,black lips,3876,e940d7a3-01d0-468c-86ea-5dc4d89dcf80
1999,ingrid michaelson,3876,1fc494a1-9109-4081-a455-2d05bea9d2bf
2000,misery signals,3869,0b0b523f-e9d5-4f18-919c-ebf084a58c26
2001,eppu normaali,3867,1bdd1d2d-5974-46e7-8003-2e2ee3176653
2002,verse,3867,3337159b-9147-43e9-a257-a0f03a7bf923
2003,njurmännen,3865,644b7df7-ff68-4b58-bec0-e0df716f180d
2004,rufio,3862,19d37d2f-fefc-4ff3-aeb1-1aeae97ea6de
2005,vinyl kings,3862,e6f76118-0e43-45bf-8dc1-9cfb302c5fa7
2006,krec,3860,44791889-c471-47cc-bb17-fd5808bf2f86
2007,4 strings,3858,fa6521a7-56b5-4e56-b946-fda469becba9
2008,rascal flatts,3855,6e0ae159-8449-4262-bba5-18ec87fa529f
2009,anthony hamilton,3854,af7f5e8e-ac05-4d55-b860-a4dc72c78e66
2010,fu manchu,3854,f96de591-5dae-41da-855b-eb387d88d7d4
2011,the thermals,3849,7cd2d860-c6d7-4be2-af50-57c51ee45687
2012,beulah,3847,e9aca1a3-836a-4e5e-b8d4-56d20c60af5f
2013,kaki king,3847,451f8f16-990a-412c-ab3a-b61e5d265b55
2014,brainstorm,3844,563ace2c-6e94-4b64-b544-40099a96b86d
2015,charon,3844,f033e544-8cad-4bee-abdd-619f8489e409
2016,nightrage,3843,0e5a05a5-28b9-4504-9eba-f552dc02ce73
2017,leaves eyes,3842,9b707faa-500f-4ea8-a433-40e0b328a57d
2018,agnes,3841,7570cbff-4e3f-442b-8fae-8445857dc6f5
2019,miss li,3840,608c45b4-974a-4a10-a9e7-3a9824ea7742
2020,murcof,3839,e8d1f02e-7e77-4415-85b6-dc17e08debbf
2021,gastr del sol,3836,8f54d90b-f322-4e5d-a0fd-bdc960f2d20f
2022,the more assured,3825,
2023,jig-ai,3824,3a5b5bcb-42ec-47e9-8a8b-bdbb99daaccb
2024,denki groove,3820,176650bf-db9c-48dd-8c01-376104966997
2025,idlewild,3820,64d62f45-e001-40a1-a055-c3545fcc14de
2026,throwdown,3819,af7c56d2-8584-424a-97f9-f365f50e8868
2027,amoral,3818,d3ff3c70-c897-433d-899c-b838670fcb12
2028,nautilis,3818,4c77b4f9-1f11-42be-8bb5-7f9cf86c1b33
2029,the string quartet,3816,9390a27f-d63d-43ac-a771-a0e0794fee61
2030,emiliana torrini,3813,b2a9731b-9e13-4ff9-af21-5e694a5663e8
2031,musiq,3812,01872118-3238-4f46-a849-26a0901a0da7
2032,nelly,3812,811900b2-68fc-4d41-8bad-69b7a1f4d628
2033,camron,3809,ea6b7199-901d-4c0e-8242-6d7bc2bf62b7
2034,warcry,3809,c6d1fb87-3dfc-4266-ad6c-a69a143b2b6e
2035,amber pacific,3808,ab74e46a-714d-4c2c-90e7-b0638c863917
2036,lindsay lohan,3808,63b43c69-b822-4268-bdad-bcde12531f50
2037,anathallo,3807,acd902c5-91df-4e1f-8dd6-7c4a348a4cb9
2038,gus gus,3807,f5cff7b2-b19d-4934-8525-b17248b30ab3
2039,finger eleven,3805,0b76f632-25fa-4681-9862-86499c28afd3
2040,ozric tentacles,3804,5629ca87-9086-48c4-8dc4-b4a966c45067
2041,steve reich,3801,a3031680-c359-458f-a641-70ccbaec6a74
2042,quantic,3793,f1560407-8826-4ec9-b78f-e0c3fa3ea4f5
2043,see-saw,3793,2176a230-eee0-4a42-9d6d-1b69acf855a8
2044,markus krunegård,3791,c718e1b3-aad3-48aa-8ad3-ea4184b949bc
2045,cormega,3787,6e437c13-304a-4b5e-afd0-ec9540c96c9d
2046,213,3786,1c294605-8a44-4a49-9f6e-be26f5fa4f38
2047,dżem,3780,732bb732-4334-4128-b76a-e130b369c996
2048,uffie,3780,818be9a0-e5a7-4ff5-a190-98d2411d0cbf
2049,kultiration,3774,9ed7f525-dcc3-46bb-911f-3fd22b28c519
2050,angels & agony,3773,9484c8c8-96f7-4ecd-b333-e81305119018
2051,q-tip,3773,b3c94036-6166-41d2-91a2-dc3a0b5fa188
2052,the rakes,3773,8e05a404-3f8d-4b0a-9fc2-b7ab821b75f0
2053,東方神起,3768,05cbaf37-6dc2-4f71-a0ce-d633447d90c3
2054,armor for sleep,3764,a5be6906-b6ad-43af-ae65-ec4f9aa6c40b
2055,funki porcini,3764,2adb429d-e39c-467b-b175-3f40440ff630
2056,klamydia,3761,54906119-a131-4056-98f9-4b27dd9ba729
2057,melt-banana,3759,6d3f44c3-132d-42a6-a45b-16560b30a1fc
2058,staple,3759,0f99f236-3bce-4079-81d9-fc21924ac333
2059,wolf parade,3759,b7ddce8b-9e5c-46bd-9d33-41b134ce1a7f
2060,powerman 5000,3758,0a41f86c-ced1-44e0-95a2-5c8b2368ab1d
2061,blood for blood,3749,251ba523-9a3e-4943-8443-f1d1051c8f3b
2062,inkubus sukkubus,3749,381178df-339f-447a-a68b-e4ef306b3da1
2063,electrelane,3742,7756e3dc-f44c-4678-a7bc-d1b31204a963
2064,2 minutos,3736,82f68ef2-d2a6-45c4-b285-cee49279cbfd
2065,andrew jackson jihad,3734,5e1dbdb2-87ac-41ff-9960-4a42a872327a
2066,molotov,3734,4f8916d6-a7d2-43e9-96b6-ce3168c39c84
2067,la roux,3730,88d1360a-bc2d-47df-90d1-d2de285560aa
2068,buddy holly,3728,d352f5dd-3023-4565-a7bb-52396bf8821d
2069,the charlatans,3728,8434409e-baa9-4e12-b4aa-566a91c7d7cf
2070,uverworld,3727,a107bff6-58da-4302-83ad-317e86a1811c
2071,emarosa,3726,4b4b24bb-a553-4726-8c4d-a571a881fe59
2072,galaxie 500,3726,8ddc1812-2cf8-451c-afd1-e88f9d446e1b
2073,zbigniew preisner,3725,d229ee11-fc4e-4a1c-8e0a-1e8f84950532
2074,serebro,3721,765dc449-9ab0-4a8e-aaba-463f992d2a13
2075,chris pureka,3720,1f260a5b-b84d-4935-9ca0-855d2fcd3814
2076,reincidentes,3720,47a40555-4df7-41f5-a4a5-6033b198a3e3
2077,can,3715,13501c7d-d181-45ba-af52-5f101d8516a0
2078,james taylor,3713,55f22ebd-bc14-4539-a003-1842fdaa21b3
2079,rod stewart,3713,a35237a0-4f47-40a6-b6f3-1e786db23402
2080,angelo badalamenti,3707,5894dac5-0260-4175-b36e-e34680a859d6
2081,laakso,3707,e5e05158-5ee9-4933-b9ba-7fb2e3fcff11
2082,mortal love,3704,3d367589-9dfb-433c-ae23-dd2908b00ec6
2083,jack off jill,3701,7e870dd5-2667-454b-9fcf-a132dd8071f1
2084,mustasch,3698,7845ff6d-8c9d-43d8-a563-bcf4206ceb6a
2085,omnium gatherum,3693,9319e8ca-75f1-4d43-acba-eb31c9f1c38e
2086,spoken,3693,e8d3126f-35a4-420b-ad71-6b72e967e920
2087,the diplomats,3693,7a8ffc38-4437-4368-8a4a-cc25fbc766b0
2088,skyclad,3692,8fe90664-ee90-4b18-b4e9-9b7cf02807bd
2089,the receiving end of sirens,3692,e14d669f-83f0-427b-8332-b6abe074d543
2090,milk inc.,3690,67bb73ee-e70c-4bfd-9bf1-e7a09768f9a9
2091,d.r.i.,3688,95f6e954-8bed-4f8e-a53e-d155bb6f7ace
2092,secret chiefs 3,3685,45ec9b41-eeea-42da-8337-28c67a8d2934
2093,keri hilson,3684,b76c616a-ec0d-4f0c-b986-f249c4a04d77
2094,simple minds,3684,f41490ce-fe39-435d-86c0-ab5ce098b423
2095,kettel,3680,071cb80d-a198-4f88-b41e-f4dd9a65ec80
2096,sinéad o'connor,3678,c78a77fa-507c-4c07-947a-0355029453bd
2097,krs-one,3677,fc4568b6-cbe3-4a3d-8409-28510c19e3e2
2098,russian circles,3673,cca40a67-e959-46f8-a3f3-8a3f77d2da9e
2099,chayanne,3670,327e24c0-95b4-4754-b509-108dc7f8abfa
2100,the weepies,3665,59d34d63-e209-4f26-8a09-b08d12202082
2101,cyclotimia,3661,0e0522e0-3a64-4722-971b-9b7b5a78a8d6
2102,nicole,3660,2adb0ccf-24c5-4b69-85dd-dc5093020db2
2103,the exies,3656,97e3f316-ec68-47f2-b870-bb4bd0a61f08
2104,georg friedrich händel,3652,27870d47-bb98-42d1-bf2b-c7e972e6befc
2105,tři sestry,3652,1a831d81-ee6a-44bf-b5a0-c1960699af11
2106,the futureheads,3648,0cf9d983-aecf-4d57-9e94-fde2beac014f
2107,enslaved,3646,29bb04d6-5602-464c-8577-f55a27511b27
2108,ahjteam,3642,
2109,orange goblin,3638,7b88d629-5885-41c0-9096-f21cec310692
2110,antonín dvořák,3637,819eaeb2-8dd8-48a5-ad07-0bcd137985ef
2111,daniel powter,3634,32cfbaf8-87aa-466b-9c1a-331ad9075ea2
2112,shadows fall,3629,2e3b75d8-00a8-486a-b4e7-a1f8f65e64c9
2113,goblin,3627,fcd5caac-6344-40ea-942a-5c4bac5e615f
2114,throbbing gristle,3627,e135d690-9c53-4333-8f11-98aec8c9f434
2115,stare dobre małżeństwo,3626,14276ded-5138-4006-9f4b-fcb91fa208ad
2116,the dead milkmen,3623,cdd2e0f0-703d-454d-b5c7-cc3bb6dd5552
2117,samsas traum,3619,c1f9719f-34bf-4243-b060-dbfa76cf8634
2118,puddle of mudd,3618,ff460a70-fdf4-4aa2-b021-8a04da76d88e
2119,silbermond,3618,34d42823-6b56-4861-a675-1565bf40d557
2120,Кино,3618,064db6e8-fdfb-4acb-a327-fc2de75b37de
2121,jerry cantrell,3613,960eb93f-e73c-4df8-864d-08a06c2dcc11
2122,si*sé,3613,7ca2a18c-8045-463d-8b46-77f9ce4aab6a
2123,bent,3610,0a77bec1-12ef-4caa-b36a-f533001fcd29
2124,gatsby's american dream,3608,86ce7fc0-6bee-49b1-9cbf-10941485a1dc
2125,Ленинград,3606,2bf704b3-4c05-441f-ad54-52722c1bdba9
2126,mercury rev,3605,7b1cf87e-c54f-4abc-893d-90245a31900d
2127,disillusion,3604,67349203-0c02-48d9-a0ac-4ff40bac0905
2128,the divine comedy,3598,49c4378b-3c36-4c5a-8999-8d936e74f39b
2129,saint etienne,3597,3997d4a6-c2bd-4191-8406-eb07f0abb5d2
2130,bedouin soundclash,3593,e0036453-ce34-4095-af40-8c70ee07cef1
2131,dar williams,3593,f9908eb1-30ac-4fc9-929c-81fe2dcf2266
2132,post regiment,3593,81fcd080-4ec3-4e72-86f2-3354a8233bd6
2133,the dubliners,3593,d201e6c0-103d-4a9a-9969-909bd421ddad
2134,clan of xymox,3592,1fc54353-dcd0-47b1-bb59-7bd2974df829
2135,Пилот,3592,917e2110-0542-45f5-a20f-682462647816
2136,sondaschule,3589,7b9df0f0-12ca-4b07-9653-aeac67519f66
2137,armand van helden,3588,b09b5127-c62e-4bb2-b790-1e4aa18749ed
2138,atrium carceri,3588,7ef4295f-90a1-432d-85a5-264d4eb6615a
2139,dwele,3583,808c1fbb-ccfb-4b15-a541-72bec155e696
2140,the dismemberment plan,3583,1131e5da-dfdf-46c9-b6ff-b7ac552c2a3c
2141,little boots,3582,edbc42ea-6040-4414-8c4c-9eb7d503f64c
2142,faith and the muse,3581,f1019a9e-2937-42ea-b2be-291eb1003573
2143,eluvium,3580,86139012-695b-42f4-98f1-1f353f7230b4
2144,dark age,3579,ec638d1f-2bfe-45c6-a423-c1132bee04a0
2145,toots and the maytals,3574,29730ee3-e1c7-4e28-9ccd-3a0e6b0e8103
2146,buckcherry,3571,822e92ef-72ea-42e0-9af1-b987816b487a
2147,les savy fav,3570,c507bf8f-2ac0-47e5-b7c6-4afd61a977e2
2148,reamonn,3570,a9fcd5fd-6ee3-4ee0-bd5e-c457517d1836
2149,firehouse,3564,3ca0ef91-3297-4ef8-a99a-1c1a54dc8ac7
2150,abney park,3563,81f8edef-a337-4588-a362-7511ef1b0fa2
2151,a*teens,3560,69d9cb53-5b8f-41b0-ac84-49eabea535b2
2152,lady pank,3559,922ddcf6-2b69-4bc4-9b40-153cb9fad712
2153,el perro del mar,3555,5e88b386-cf20-4aee-86b3-5a22cb8c2fda
2154,peter and the wolf,3554,43e21c0a-5bb8-4997-82de-0aa1422570ad
2155,7раса,3551,d86257d4-c97c-4dbc-985c-668819ccdfe9
2156,blood duster,3551,30314ad4-9c71-46c7-981c-30ae9426769f
2157,maanam,3550,8ba628d6-bbc1-4831-8bf1-9f7e51a0576c
2158,teenage fanclub,3548,e6f8912b-7df9-4aae-b551-2cd03dc29588
2159,capleton,3544,93dda03d-c1d3-42c2-80b0-fa71bc20262b
2160,zen café,3544,6ca14d5e-3a33-4696-9e82-bdebe070838e
2161,people in planes,3542,6f34f90d-8b30-4b98-896a-423cf760fed0
2162,sopor aeternus & the ensemble of shadows,3540,4ed743bb-1323-4ba8-b33f-322f4ecda526
2163,dispatch,3530,c4237bd8-b11a-4f22-b0b7-29beca7daab9
2164,lloyd,3530,e9296a90-9c59-4657-9165-1f1b5319de00
2165,just jack,3528,ac70f34d-95fd-40ed-b436-f5402fb5ffb8
2166,cleaners from venus,3526,1cf5f079-706d-4b1f-9de9-0bf8e298cc97
2167,oliver dragojevic,3524,f24b0d83-6990-415a-8463-bdbedd76d358
2168,"defiance, ohio",3522,a78ef19a-5fba-46fd-b50e-ff95a45693aa
2169,bruce dickinson,3519,50698127-f6f4-4c0c-8010-db98c21100e1
2170,mortician,3519,e79731e0-4af1-4104-825e-e070b9592bf0
2171,seventh day slumber,3519,56e7a15e-8b19-4f09-b3e7-c5fb830e3120
2172,pharoahe monch,3516,a4d62ced-2f87-488a-9c76-ab88ea7a2cbf
2173,rip slyme,3514,729f53d9-7def-468e-9060-263f3772ec07
2174,ajattara,3513,a63d9089-482d-4689-9ef1-df4eab9a96ab
2175,darude,3510,9ffad8aa-b671-4a9a-a527-a95bdaaa0ec4
2176,hirano aya,3510,dfe0486a-d8f7-449a-a1ce-192803b3b537
2177,the seatbelts,3510,b5fb0f1a-2cd4-4759-9d80-648643f70c43
2178,fly to the sky,3509,50c2e87b-abb6-4ac3-a498-c509467689a0
2179,envy,3508,8c4519da-59e7-44b5-868d-350dffb30b51
2180,head automatica,3508,5e94030f-c3c7-4777-a5af-5ecfbfc37bba
2181,orchid,3507,6cba59a1-6fa4-4d6c-acaf-451c46281d15
2182,box car racer,3506,1cae523b-fbf3-4312-a5c9-e569a6d4bd74
2183,unter null,3504,af0a34fd-f127-4b43-93be-e98fa04cd233
2184,soundtemp,3503,03a47c46-4d1c-4ed2-b4e2-b02d0c035aea
2185,bonnie pink,3501,ffa25bb8-a082-4b47-aa4c-9ef48df98dc6
2186,felix da housecat,3501,b004d3c7-5402-4034-be67-13eeccc7b1af
2187,stabbing westward,3501,6f29020d-49c1-4e26-869a-0603d14b7ca7
2188,the aquabats,3500,0396220e-d266-4980-b5f2-b0926d905bec
2189,girlicious,3491,afa7180c-8333-4b9a-85f0-28a19bddf1bb
2190,the sound of animals fighting,3491,9f492774-4cdb-4735-b299-5b6affafe4d4
2191,arab strap,3484,6caf09f5-2f01-4f76-bcc7-6207930c56c6
2192,xzibit,3484,9e839dc3-55f3-4492-ad0e-a1a2e84275e2
2193,q and not u,3483,a934e33f-b3cb-47dd-9638-f7f1f25fe162
2194,sébastien tellier,3483,ac69016f-42cc-4322-b70e-101458b769aa
2195,the absence,3483,7f47ea76-e712-4d90-bd6f-4e0fb3239829
2196,george strait,3479,5ab2cf34-517e-48eb-b3a5-34e1cbcd600a
2197,proem,3479,f0a96ade-9353-4d89-84a7-0b90b0f21049
2198,vetiver,3479,328068c9-ee60-408e-8c24-b1dc1ae08b94
2199,dubblestandart,3478,08a5bf40-299c-418f-bc12-9900ccf58714
2200,corrosion of conformity,3476,0f6e80ef-1972-4dee-8896-dc9955f1beeb
2201,across five aprils,3473,66cc1250-3ddd-4068-bf47-344cd5ba079d
2202,chris botti,3471,0939452b-0c6f-422a-997f-e7c496ce1113
2203,dean martin,3471,5e6c760b-42e0-4df4-a221-0269355da00a
2204,the gift,3471,f326ff88-98f7-472e-96c6-42b31f97bcb6
2205,fito & fitipaldis,3470,16903d74-9a6a-4cd3-9081-1d752703e8ed
2206,hyde,3464,be702739-f872-413a-89fb-0a5afee100a9
2207,jamie foxx,3464,15a5da16-8b89-4047-aefe-81473c97b5b2
2208,the view,3464,4dcffc18-b573-4850-833c-d08e2b7e93b3
2209,cynic,3460,d7381ee3-d8ac-4622-ae9a-7e659143eacb
2210,donguralesko,3460,164ed128-525d-4798-883f-be13502de86b
2211,ellegarden,3456,923158cf-9d21-4bce-8040-41e7a497c1c9
2212,the coral,3456,3b1c66fb-98ad-417f-b01e-49baf37f06a3
2213,café del mar,3452,67c5183c-c8ad-4d0c-8203-3d5a565c12aa
2214,secondhand serenade,3452,c4caa34e-57b5-432b-ad9d-7e6543944d96
2215,dieselboy,3450,462dabf2-b1f2-4f8f-9b96-05a10796b675
2216,big wreck,3444,ff714d73-031a-401b-8e69-487944335cc6
2217,maroon,3443,8ef964a0-c730-455e-bc05-43e5a6f6269d
2218,estopa,3441,49fc7e46-5441-4b7e-996a-12dddf22a632
2219,sunny day real estate,3441,86b24e8f-a4d9-4c84-83ee-fde0d14ad9fa
2220,jojo,3438,ed29398b-bbf3-42a0-8eff-8631509c271d
2221,pride and fall,3438,2872431f-2440-4cca-9a11-e96852b47394
2222,neuroticfish,3436,7d83bd42-d2c7-4b56-90d1-16717cfbcc98
2223,karnivool,3435,9ee2638f-c3a3-4532-bc08-54d397241c2a
2224,Чайф,3434,46c83515-6df3-4afa-b597-cffd21aab719
2225,hole,3431,1dcc8968-f2cd-441c-beda-6270f70f2863
2226,hammock,3428,5b9d784c-33eb-4a78-a976-c97b672370fa
2227,the band apart,3428,dd4ccf5c-f30d-4f94-b718-3a519699b99b
2228,frei.wild,3427,6d29907f-d28c-42e4-94a0-660ecf9182f9
2229,primal fear,3427,32567eb3-aeca-467f-8b89-a69b11fcb781
2230,x-fusion,3427,1533a61d-4744-4339-bdf5-970e2c8e036c
2231,the alan parsons project,3426,f98711e5-06f7-43ed-8239-da0f61a9c460
2232,war of ages,3425,9320918d-5143-4846-bab8-7ad48ec17d58
2233,caparezza,3424,82462e70-bc00-43ba-8d96-734efa6e72ac
2234,funker vogt,3419,d47c5ac6-f45c-4982-ae23-0d72fe35a503
2235,abingdon boys school,3418,2966ea89-64aa-4d15-b3fc-ee00bee990d5
2236,agua de annique,3417,f270a963-3926-4b21-96ea-630626529cf9
2237,elend,3417,142fd48c-1f15-4f29-9bec-51d159be3586
2238,bic runga,3415,16063ce0-a93e-41c7-82f9-bdd83066a7fd
2239,the peacocks,3414,d54f6a7e-9022-44b7-840c-38f39dcd3301
2240,mnaga a zdorp,3410,9a29aa01-13d6-4d60-a278-4b0df62edd9a
2241,michael gungor,3406,24c743d6-19cf-4c16-ac04-5bbe8206a348
2242,クラムボン,3406,c4819d25-14d2-4ac0-a226-1a9aec263af3
2243,the pharcyde,3402,d7134426-a937-43bf-bc54-f10ad8102ed9
2244,robert pattinson,3401,28f87490-205b-4187-970b-cd48881f5225
2245,dolphin,3398,927dcbc3-9c46-4833-8173-b76e785a4b75
2246,dragonland,3392,ad6ba1fc-a632-475b-a66b-1d76a57bb356
2247,esbjörn svensson trio,3389,cfa7c6b1-bbb3-4f9a-a636-cbfafb9b4bcf
2248,king tubby,3389,576134a6-9f1f-4bfa-af04-4848195849ca
2249,david byrne,3386,d4659efb-b8eb-4f03-95e9-f69ce35967a9
2250,edvard grieg,3386,013c8e5b-d72a-4cd3-8dee-6c64d6125823
2251,simply red,3385,a9100753-f539-43cf-bcc9-579566fb512e
2252,john pizzarelli,3383,f51010e6-6fe2-46bf-97f0-f9f168710c95
2253,garmarna,3382,a1db6190-4f83-482e-a794-0088b2b4136d
2254,yousei teikoku,3382,d02974dc-b4dc-4691-9705-33929ac731e1
2255,josh rouse,3378,023d64c9-93db-4a20-8c5c-2efa1a53481a
2256,black star,3374,02708fd6-0fe6-4738-a27d-0561ace8b4c6
2257,tomte,3373,a18015b2-6584-4110-9f7f-23c95b2b066c
2258,pepper,3372,04f8dad4-de2d-4e98-8837-6a55075a9847
2259,cranes,3365,f6dfc44d-5da4-4ed1-949b-32715630dff4
2260,judy and mary,3365,63b6dd9a-916d-4076-b898-43763aac6bce
2261,magnet,3363,78d5500f-7cd2-4cb0-a8e9-36f51d73b9d9
2262,sparks,3363,f319b57a-a494-40f6-a467-3d196d3484e6
2263,johnossi,3362,680ba421-a0ec-4e68-96c2-5f092a11fe5b
2264,beat happening,3359,449e44cb-bcae-4c48-a1af-5d8df0f81456
2265,metronomy,3356,93eb7110-0bc9-4d3f-816b-4b52ef982ec8
2266,jesse cook,3354,6e5490ff-714c-4e8c-9e7c-89a9f37bf9df
2267,abril,3351,
2268,dark funeral,3350,7561ff6c-2ab7-4776-9a9a-662f23b2effc
2269,crematory,3349,535d32a0-9b0f-4324-a4cb-df2abe6ede69
2270,absoluuttinen nollapiste,3348,c507f7cc-d4f4-4ab6-a072-8c7653960a94
2271,black light burns,3345,a33ecf1b-a4ed-43e4-b6ab-26623b40cfad
2272,frau doktor,3344,5765ddf7-bcd8-4b5a-88b6-e46f5b202214
2273,"medeski, martin and wood",3344,6eed1ed9-ab02-45cd-a306-828bc1b98671
2274,brett dennen,3342,9960700d-2017-40bd-b2d4-1d365d668c81
2275,everlast,3338,ca39d50f-9885-420e-88d6-9c3f64038773
2276,carnifex,3337,b463a831-8ea0-40c4-9a56-34cfe0896931
2277,public image ltd.,3336,68950696-ee9a-49b2-a8c2-d1d6c19355cc
2278,sun ra,3336,c27cac8e-4c4a-48c0-a4ba-41399b9c176d
2279,the human league,3335,7adaabfb-acfb-47bc-8c7c-59471c2f0db8
2280,ornatos violeta,3334,7a749f7d-2c67-4900-b4ba-1454c609ee79
2281,glassjaw,3333,429f9fbf-0a0b-4a9e-a88c-94d48aa466ed
2282,tehosekoitin,3333,ad80a421-d1f6-4882-a749-c331751bd511
2283,glasvegas,3332,da785f6e-86e2-4efa-aca6-6c3cbd15d91c
2284,visions of atlantis,3332,24ac23ce-93a2-4605-adb3-c59f1147a245
2285,i am ghost,3331,26d2d1e5-519b-428a-bbd3-bf2d9cda0a25
2286,carrie underwood,3330,70f0e309-5418-49b6-a130-666e2f76eecd
2287,amethystium,3329,ccc7485d-52b8-4d11-820e-5fabe43ccf20
2288,bromheads jacket,3329,b3d6ae73-8c0c-4227-a069-5ee3a77301e6
2289,akcent,3327,8a9dde70-e1a5-4905-a188-56daf95ea690
2290,day of fire,3327,e9550915-abda-4de0-9996-6ab2b060c486
2291,rory gallagher,3325,933fdeae-ec68-48e9-a752-8bcfd44bc429
2292,acidman,3322,f962dc1e-f93a-4d61-892d-2c8042b29daf
2293,delirious?,3314,2393e891-c63c-4654-b7a9-c5fb9dc0c8a0
2294,이수영,3313,27e484c5-e9c2-40ae-8216-3765b99ee6af
2295,the long blondes,3312,3efd863f-6a5c-400a-9868-6ef533d51509
2296,the automatic,3305,afe5e238-d248-4da4-87b7-e70dfab787f6
2297,the frames,3305,c2f28620-9372-4af4-b961-cc4b9e44d60d
2298,delain,3301,3b0e8f01-3fd9-4104-9532-1e4b526ce562
2299,aiko,3300,53e90c12-6ad0-4d1e-ad5b-f2e5d0059946
2300,paul kalkbrenner,3299,a5f92d47-b562-4582-b267-71963a515f4c
2301,asia,3298,8f695099-c714-4ad0-8888-36eca37fee84
2302,danny brown,3293,485aafec-d2b9-4eae-9ebe-97e90928a59a
2303,avail,3282,d67ff511-57b8-4d02-94d3-6c6a331c2ae4
2304,brandy,3281,01e60eba-52df-4694-8f09-39f43abe54e9
2305,poisonblack,3281,cef9233d-78ef-41d5-9bac-f2ca21aa4a40
2306,matt pond pa,3280,d4a9be59-13e5-481b-8c68-833c5c1fd458
2307,blestenation,3279,74092248-82b9-4142-9563-eb205b9c027d
2308,emil bulls,3278,f114b6c4-78f7-45d2-ae73-001e2a77ab9f
2309,mr.children,3278,27f0af0e-4d1f-4808-a58b-090e400dcc43
2310,red,3278,3393aa0c-56ef-401c-9ca1-db7fae4fb636
2311,coldcut,3276,cedd2cc6-c77f-4104-b333-0547b29e0b71
2312,amiina,3273,93560313-3950-43b9-ac4f-7ea3b4e79e60
2313,chancho en piedra,3272,233ea5e9-bd1c-4e1e-9be4-c2c93e0b1cac
2314,大島ミチル,3272,e6fae4d5-2a94-433d-b046-e34d7d136429
2315,veil of maya,3270,32e740e5-95ea-42e3-b5e2-29f6630488e4
2316,sam cooke,3269,6c8fd0be-d961-454c-aee0-4366a6dbc993
2317,hinder,3266,39b22a9e-59dd-412b-ac3c-0725c807c72b
2318,the brian setzer orchestra,3266,3c98e32e-5bf5-4484-bdab-bd8d1736112a
2319,babasónicos,3265,e6e1e76f-afee-4990-aad0-056199d94918
2320,gucci mane,3264,36494952-f434-45d8-a958-8b4acdbcf8a8
2321,husking bee,3261,41fd93c6-8f41-4b14-9968-0e13249fa340
2322,the ergs!,3260,3446c6e8-b86c-4471-a18b-ed3e6653086f
2323,スネオヘアー,3258,13f8eca2-b683-4bf7-b11e-f09062e6d465
2324,reggie and the full effect,3255,2bfce7d5-001d-4618-adc3-c57c30fb17e6
2325,the lemonheads,3250,58a53082-a629-4ff1-a44d-7492d6f6e8fb
2326,clinic,3249,1ea2c08f-323c-4207-9af1-e2fb8588f08e
2327,the legendary pink dots,3247,38f0dd4f-bcbb-4e7a-afae-a41a2bbf9d74
2328,sedes,3246,b5d2bdbc-61b1-4d01-b4fe-842dbcf2d44e
2329,coconut records,3244,eddc0911-21fc-4327-ab90-ccc459ce1ef7
2330,dusty springfield,3241,b896aa8c-2761-40ce-b485-0e1fffd26167
2331,daab,3240,bfd8cd06-237d-42f6-a0ca-fe07ccf8609e
2332,daniel licht,3240,9bd61217-cf25-4baf-90a8-28866a000a99
2333,dream evil,3240,8097243f-7a3d-435a-a11e-0c5f886528e0
2334,ayaka,3237,a3396621-f15d-49d2-8ac5-5fe574204375
2335,xiii. století,3228,fc478377-1627-4391-9942-2ff60374bd9b
2336,verdena,3227,0dcef1f5-a545-4a98-b618-213df9d97a00
2337,el-p,3225,d9241f5b-721a-4e08-a25a-acd83ed878cc
2338,lÂme immortelle,3225,024c3b90-9d09-4c67-902f-fdf49649e4f8
2339,living colour,3221,dc6f8c1f-626b-42b0-9115-7e66ae4cecd6
2340,anouk,3220,5e8da504-c75b-4bf5-9dfc-119057c1a9c0
2341,penguin cafe orchestra,3214,4dfadf48-e15b-4fc2-a800-2b68702a72d5
2342,the bled,3214,4b3a2868-4576-4ee8-8c59-c13fc7c4038e
2343,limbeck,3207,6c74984c-e6fd-436c-b46c-61043df1a0a8
2344,puscifer,3206,6e4277d8-7b64-44a3-b823-13bd15114e22
2345,van she,3206,a05b1b41-e959-4867-9f04-ee7ae15fa047
2346,legião urbana,3205,47685be0-926f-4be9-b1ae-e32da47a3b99
2347,kabát,3203,ebab48e7-281d-4263-be64-101b1d7bcbaf
2348,distemper,3201,a0d726ea-d8af-4e04-8eb6-10f7bed37140
2349,ahumado granujo,3199,7a2451d4-d516-4b7c-af84-bbcc17892f1b
2350,incognito,3198,68fb131b-858d-4b7f-93b8-5b1924908421
2351,libera,3198,759a0fd2-0f12-4414-a90b-9bb9f20dfb4d
2352,arbol,3196,eebe5b75-9049-45b3-8fdf-a1defa0b34a8
2353,machinemade god,3194,e727fd38-e435-47a6-ac2f-5c9a5b6db0e6
2354,puissance,3194,73f6b294-51bc-4f52-a25a-6c677983c29f
2355,noah and the whale,3189,917bc621-ad02-477d-9308-a0304c5f9727
2356,hilltop hoods,3188,16e1fb95-6d1c-45a3-aad8-d3bcd7e06aac
2357,pizzicato five,3186,1bbb60c9-6b1b-4bb1-a442-2b669436b50e
2358,ガゼット,3182,8d4c13de-6e61-4a8e-ac4d-d0e1996bcef8
2359,fair to midland,3179,ba8d1520-6bee-4a8a-a413-46d58e863201
2360,alan silvestri,3178,f4c53778-e48d-4da4-9ddd-cc007f715d64
2361,bad manners,3177,30af8e71-6a16-4319-a130-fd09707b5be5
2362,genghis tron,3175,42d79b6b-2cfe-43f4-b5d9-239503074153
2363,peeping tom,3175,4caec583-cdcb-437c-af84-8797b11b6807
2364,arvo pärt,3174,ae0b2424-d4c5-4c54-82ac-fe3be5453270
2365,good shoes,3169,789e5db3-502b-4f13-8039-88c70e053fa5
2366,amaral,3168,7a519099-d4c8-46c8-805b-214dab0e58a2
2367,cool kids of death,3168,b4ad0b11-50bd-4446-9f79-131a7f420a1a
2368,Хиподил,3168,f2a2662d-f5c8-4cda-97f2-1704d82d74d7
2369,teitur,3166,dfef0f62-de5a-48e6-9546-29b26e907a6d
2370,samy deluxe,3165,14aa9e32-c377-4dc6-9162-2e6c67a8eaf4
2371,elvis costello & the attractions,3161,0ffb6573-a98e-412e-aa01-0a580e9d8b06
2372,eurythmics,3157,b4d32cff-f19e-455f-86c4-f347d824ca61
2373,mouse on mars,3154,4d4f5d92-0589-42fa-bc0e-1bd73e17a2ce
2374,burden of a day,3153,b4981888-8340-4835-8d72-2af9c78e4c4d
2375,Дельфин,3152,927dcbc3-9c46-4833-8173-b76e785a4b75
2376,s.h.e,3148,bbf19cef-0352-48a1-b37c-8627a5a4bd44
2377,the skatalites,3144,87ac7e25-f278-47a0-b109-5eb131dc96b6
2378,ismael serrano,3143,2612128c-a66a-46a8-a93c-f802df597859
2379,shwayze,3142,e84a64f9-cf28-477d-a31a-f43514011918
2380,karine polwart,3140,5ce987a5-9e9e-499a-a2d0-1582c1d8410b
2381,uh huh her,3140,f7eb0622-c43c-4c46-871b-6ed9966bce62
2382,veronica maggio,3139,a04e7da2-998b-4e36-abaa-014c00b93622
2383,give up the ghost,3132,f73634fa-c89b-4bc3-8cd0-81891bcafa9e
2384,feindflug,3131,05fe8f73-f094-4c8f-a7ad-889f0c6c5a9a
2385,rbd,3131,5bae9c05-fabd-420f-b806-c5b8ba88bd7e
2386,anthony b,3130,b7c00c4a-7ddf-4ee1-a659-cc1d6c5e3957
2387,belanova,3130,39153756-5ffa-42a1-9b97-0468839021c3
2388,loudon wainwright iii,3130,3ddc1fe4-0abb-4af0-9392-e36720386842
2389,plain white t's,3130,49576e42-fbbd-4d73-968d-93c8dcf7f065
2390,eisregen,3128,343b54e2-9b1b-4bb9-8d0f-06c3942c3c67
2391,クレイジーケンバンド,3128,c0347d84-96a8-4c8e-8992-178b7862468e
2392,gotthard,3127,4a252ce3-5352-4e7d-bdf5-b75a67908a08
2393,modern talking,3126,98913495-8867-43b3-aa8d-db88ee4d4cdc
2394,sasha,3124,d2461c0a-5575-4425-a225-fce0180de3fd
2395,kumano kiyomi,3122,cf19a10f-ff71-4b49-8d10-4744a4631b80
2396,boxhamsters,3121,5ae062c6-8678-4768-bb58-8085140681e4
2397,kotoko,3121,b71abaa0-dd97-4e85-943d-3ffa2d3278a5
2398,natural dread killaz,3119,b9dabb49-b436-4f94-9444-5622da77ea08
2399,e-type,3117,f9f45d17-4603-49df-a8e9-6af733873c95
2400,julian lennon,3116,fbe1a6d6-12c9-459e-bf73-fdcc76b14b7e
2401,sun city girls,3115,f0303341-cd61-4a2c-a0dc-edae98853a06
2402,detektivbyrån,3113,0f716769-a803-44a5-bb5c-cd9d563716dd
2403,masterplan,3112,bd496eba-155e-49ba-9a92-56e3fdfd1ea2
2404,giorgia,3111,4573d556-ce21-4d49-943d-4f1dde6198f6
2405,kat,3110,d03c6e2a-24b9-4607-bddd-120f27ff5c9d
2406,little joy,3106,68a0067a-7a3a-43d3-bd91-391ea7600d8c
2407,the field mice,3105,7a86ff6f-cdfc-4ac3-97ca-6a48b8d1b8cd
2408,bishop allen,3104,1043a3a9-6722-4cdb-a28a-6acbad217b38
2409,raappana,3102,00376321-ce0f-4bd7-a98f-fcabdbf06ea7
2410,fito páez,3101,54bd120a-6bac-4d7c-8b10-ba167bc7e26c
2411,h2o,3100,7dceb9fe-9c4f-41d8-8528-4c6bf529f919
2412,sam sparro,3100,cd71e6e9-42bb-4a1a-b5ce-17f41682b3e2
2413,stress,3097,6cf51b17-9bf3-4e0c-9b59-27d555dcb11b
2414,get cape. wear cape. fly,3095,000d90ec-d64c-48a1-b775-e726fd240e9f
2415,oingo boingo,3095,166bc1cb-a2b7-412d-bcd5-5f439d2cf5f1
2416,the colors,3094,1e6bbffc-98fa-4976-89f9-3cc5a3d815f6
2417,l.a. guns,3093,87684162-ab42-4cfa-bf22-ebe237035f54
2418,septic flesh,3091,f23d00be-5619-43aa-a9b0-b32b73e5ba4f
2419,absolute beginner,3088,897db291-e88a-49be-baaa-d12e300d971c
2420,alborosie,3088,dad904da-8bd7-46b2-b202-f9a9ecd6bbab
2421,leeland,3088,c4f279af-c8f3-4752-b34d-c6d8fbc0c560
2422,jay dee,3075,439591a7-045d-4f90-86e0-40100506bafd
2423,matthew dear,3073,3d191c12-be64-4f90-94d8-ac324b2b3544
2424,värttinä,3073,79c41645-d2bf-4f53-8f17-4be34099eaf3
2425,moneybrother,3072,1c3e52cd-c0c5-4220-85d9-ebdb6a26d056
2426,roy orbison,3071,0bbbc496-c7b5-4b3f-bb6d-bd312827d6e5
2427,mice parade,3068,7bdf4633-c336-4f19-bd23-3208865baacd
2428,konishi kayo & kondoo yukio,3067,689345e6-7164-4296-84cb-a1f2603fcd63
2429,ry cooder,3067,a4e2650b-938b-4b72-95bc-6e229cd34601
2430,elektrick mann,3066,17c8345e-7017-4854-96bd-0ecfe8537903
2431,gregorian,3065,18a0d72d-0be0-4196-a340-035163bfae1c
2432,nurse with wound,3065,ac18f936-0086-4bd1-a8ea-629e2c35a906
2433,face to face,3062,8a3be197-2afd-4e80-b795-17f9df3aefac
2434,boy kill boy,3057,7145ed99-fcff-4148-af73-04847d3d23f6
2435,curren$y,3057,4ce1c576-305a-4b82-82fa-5e5359056219
2436,greg laswell,3055,999fa2c4-d978-4c7d-8201-c746cbd5b23b
2437,joe purdy,3055,86200eea-a1b0-4209-9f58-f05aacd9da0f
2438,spiritual front,3054,8145a9bc-aa7f-41a5-963e-bf908a0d90f5
2439,borknagar,3053,8df2629f-8ae9-4687-9207-4cf3c22cc763
2440,gang of four,3053,d8661c02-f423-4d72-8044-40ff05daf7a1
2441,roxy music,3051,331ce348-1b08-40b9-8ed7-0763b92bd003
2442,fields of the nephilim,3048,a262543f-6ab4-4ac7-86f3-4fc09ff56f3b
2443,grady,3045,13ca1cf9-1206-4429-b26e-575cd05c5a17
2444,keith urban,3044,f45da029-7b00-4bf3-962c-0eeb20309cc4
2445,original broadway cast,3044,a0ef7e1d-44ff-4039-9435-7d5fefdeecc9
2446,スガシカオ,3044,7a80fe36-c854-47a1-baed-4de2e2e9230b
2447,lemon jelly,3043,4cbbf0d6-6c78-4e3d-ab25-91b13603cf7c
2448,billy bragg,3040,7cec4a03-0a83-4308-856a-afb8aa5db0fc
2449,the jon spencer blues explosion,3039,d1ab8ca8-fb9f-4e78-a422-3cd5406dc0b1
2450,nancy sinatra,3035,c2e36518-9c3b-4dcb-82ad-a3fc7fe99c67
2451,muff potter,3031,720bbfaf-ada2-464f-83ae-069fb9a806c1
2452,sounds like violence,3031,42080c7d-42a1-4ac2-9f44-f22a1a492e23
2453,david & the citizens,3029,9e116df4-f342-4fdf-a693-3cb0b9cc6718
2454,the brand new heavies,3027,9b8d6e2c-2b4e-4924-82ae-226b4e701f6b
2455,orgy,3026,5bb2a9c8-3505-4c45-9717-19f0f8f35425
2456,donots,3023,06a4a555-1b69-4175-83df-2528a8e5af05
2457,matt wertz,3023,aac7d2e7-4e25-40ca-873e-3930acac4626
2458,thomas dybdahl,3023,792cec6c-2b5a-4076-beb5-669125ae58a2
2459,elis regina,3022,e9e85a54-074c-4d29-a886-bcaaa9d44f9f
2460,coph nia,3020,2c2368ed-add3-4f98-9add-d3786771d466
2461,camilla rhodes,3019,a04e54d4-3e4b-4d46-9404-671cf13e0adc
2462,bo hansson,3018,d49d73a0-384e-40c7-9b89-89c98f07d674
2463,kevin johansen,3016,1075ffe4-db71-4ac7-bd4c-0afa1ef6947f
2464,dhafer youssef,3015,e193397d-a888-4b4d-b11d-2a602c24b023
2465,the higher,3015,86725eb8-27c1-4356-af5b-10db992eb32c
2466,killing the dream,3012,c51032fd-dcd5-4bae-94a8-f770d1269b26
2467,down to nothing,3011,fac027c9-e8db-4546-9515-9d48d1a7185c
2468,g-unit,3010,3a212655-d7d5-4570-9d31-4b7b1ef02629
2469,au revoir simone,3008,e7ad821c-7168-4f98-8998-84e8a12de9e2
2470,kapten röd,3008,4f0fe5ba-9826-481e-8ca0-db8cbd15e92a
2471,louis xiv,3007,b0c29120-f45b-43f2-bf3f-9865aaa07acb
2472,2cztery7,3000,f85e8414-d0fd-4ebe-b01d-2e2dc5f8a644
2473,mr. oizo,3000,a4a3048f-3968-4848-9f53-94e3d4f88b53
2474,Васил Найденов,3000,98561c11-4abe-4e56-8db7-cf292f0fd87c
2475,carpenters,2994,4580d83b-093e-4241-91fb-2dd71f5f1f3f
2476,the sea and cake,2990,74171cb6-1ff8-42bd-be8a-96660c22e3e0
2477,beneath the sky,2988,21f3a1ac-85e0-4b3d-8e6d-a83e1545e51b
2478,gavin degraw,2988,3f2a12e9-6398-42fd-b257-2f6abd4aa5fc
2479,Король и Шут,2988,0944e98f-0b9f-4574-babc-7badf4cd0f74
2480,machine drum,2984,d1785218-d8f4-4a83-a33d-8cf737eef918
2481,ben lee,2981,3a9f3479-4f0c-4355-8ccd-c9ed5cd01586
2482,bolt thrower,2980,68bd8072-0412-44b1-81dd-807aa6c1918c
2483,naglfar,2980,320112c6-9a63-4c2b-b0cc-d2b88fce290a
2484,nitin sawhney,2979,bc3d74c5-9328-4a1b-8014-3ecdb3dababe
2485,annotations of an autopsy,2976,c4ab7d4e-d9bb-47f7-a5f2-dc0b6020e533
2486,he is legend,2974,b9fb5447-7f95-4a6a-a157-afed2d7b9f4c
2487,bal-sagoth,2973,be0e9a66-3ac8-4f9d-adb4-0c8e6a373388
2488,closterkeller,2973,796cca66-9121-491e-80d2-0acbde0d4600
2489,gigi dagostino,2972,57c1e5ea-e08f-413a-bcb1-f4e4b675bead
2490,jesu,2969,ae69d81f-552d-4013-8dfc-4778d8f38742
2491,date of birth,2967,54f98cb9-193d-4ff8-a0d1-819b06f8bf1c
2492,olivia ruiz,2966,5083e4bf-3246-4ab9-a6d3-23be8db8db2c
2493,the ocean,2964,8d0acf0e-c099-49ac-b4b3-d57ca9eb2561
2494,sol invictus,2962,1dba1ce0-6197-4926-9737-6bc362dc0c00
2495,chris de burgh,2961,0c2d1de8-fc3a-4ca9-a90b-eea69a5968a5
2496,alan jackson,2959,7291957b-c463-4275-a41c-a104c9e2337f
2497,clouddead,2959,437419ca-137a-4a29-a4a7-179449c12e9b
2498,jean michel jarre,2959,86e2e2ad-6d1b-44fd-9463-b6683718a1cc
2499,tom petty,2959,5ca3f318-d028-4151-ac73-78e2b2d6cdcc
2500,krisiun,2957,9e6458d6-7053-48eb-ac8f-bf6fdf9169c6
2501,gui boratto,2953,f3e2ad21-900e-46a0-8597-2a3e457a7c27
2502,ordo rosarius equilibrio,2953,86feba39-7dc3-4c1b-aef0-b0ea813ee6cf
2503,木村カエラ,2951,1e21cd5d-75e4-4585-9963-2d6c7d54fd79
2504,death in vegas,2950,5b32946a-4c08-4a75-b1b1-60700470671f
2505,alpinestars,2949,c9fe2520-b2f5-414f-8981-47cc877f62dc
2506,jake one,2949,6fb8542b-1ddf-4a45-9c7f-57989eb0e1b0
2507,petra,2949,a2da9a16-4f14-4fe6-84e0-ff882fc1664f
2508,benassi bros.,2948,52fb411d-5884-497e-9cc1-1e0eb3cfcb01
2509,blitzen trapper,2948,a186c93d-0f30-4c56-9265-98c0eba19242
2510,hate eternal,2946,5c9e111d-579e-4eb3-a6e4-51e223635ee0
2511,shade empire,2946,66e6a03d-3306-4508-9eaf-40be9527b4f7
2512,ksu,2945,14eb556f-3398-4810-bf82-a168254fa35b
2513,dirty projectors,2942,71a94ed8-03cc-459a-bd35-a081ca88a402
2514,the moody blues,2942,774666d2-2064-4d6c-856c-f8cda0aaf9f0
2515,the deadly snakes,2941,33f8d69f-5a01-4c44-a4ad-531b9c1f0d00
2516,the scene aesthetic,2941,9b0f668d-971e-47ef-b93e-abd8bf54d7f2
2517,eastwest rockers,2940,6959d02d-143b-4e36-9993-771f59c14fd2
2518,blood stain child,2938,d4609351-ace1-4b59-85af-08068e9f7edd
2519,the early november,2935,8448783d-a68c-490f-b5c5-4a6364ef5537
2520,tally hall,2934,407d7ae0-c297-491c-bd19-4185e2b12ef2
2521,the enemy,2934,b9a03afb-649f-4cf2-8c01-efa07710bc7c
2522,sugarcult,2931,0cc9e56e-a623-47ea-b5f2-1a1757cc2426
2523,goran bregovic,2930,883ece23-2779-4091-b527-62eb07ee79d4
2524,my little lover,2929,24b34636-8444-4ccc-bd0b-f817bb04ce4c
2525,starsailor,2929,fbd86487-ccb5-4a57-a860-cc3d360b5115
2526,hillsong,2928,dabaab7a-e807-435e-b2d7-1403fcdc0671
2527,leftfield,2928,369fbad4-6fa4-4dae-9842-a69826cd359d
2528,aiden,2927,d4f82967-4008-4481-953d-399d089753dd
2529,drive-by truckers,2927,8eae1e0a-1696-4532-9e3c-0a072217ef4c
2530,mojave 3,2924,abf74786-2f3e-47e0-ae68-69a55c13909a
2531,friendly fires,2923,ef656595-bbe8-4386-8953-be8df9f54472
2532,thirteen senses,2923,c860af48-e9c1-49cd-b441-8d18e9f522f2
2533,olli schulz & der hund marie,2922,59bc9b3e-bd06-4c17-9603-6e980eaa16ca
2534,curtis mayfield,2920,4dca4bb2-23ba-4103-97e6-5810311db33a
2535,ストレイテナー,2920,ee94b47c-db73-4135-b3d6-deced74b94ba
2536,jacek kaczmarski,2916,654188a5-bbfc-41d8-aa27-86a946dfd757
2537,today is the day,2914,c5790c27-5808-42a2-b409-5395b56c209f
2538,dangerdoom,2910,be0cb2f2-71c3-4e95-a584-c19248951ff4
2539,pete rock,2910,39a973f2-0785-4ef6-90d9-551378864f89
2540,los planetas,2909,6f28b158-4d1a-4f31-9339-7f381e3c4ee1
2541,maná,2909,55441123-89a2-49ab-ae3f-df7a3e86835a
2542,nurzery [rhymes],2909,96adf7e5-dbcf-408c-b36c-f0507ea95878
2543,baroness,2908,eeb41a1e-4326-4d04-8c47-0f564ceecd68
2544,juliette & the licks,2906,bbd2ffd7-17f4-4506-8572-c1ea58c3f9a8
2545,lovage,2904,43e2b545-3e4a-4fd7-a773-8daafa610570
2546,anajo,2902,bdaee528-cae4-404b-990c-a0717c4997de
2547,kat-tun,2902,d52fa20a-b8ab-464b-aa6c-fb2c6ada8cb8
2548,koniec Świata,2902,75d46007-7a13-4193-a003-644350c94f0b
2549,landser,2900,808adccd-e52b-4382-9ff6-70a3b2ab25a2
2550,parazitii,2899,b468b27e-91d2-410f-b0f4-0d885de7b3a5
2551,conjure one,2897,734f6784-413d-4779-a81b-1a10f5e2a1a3
2552,shellac,2895,604f273a-d3c1-4b5b-ab83-99541f9368ea
2553,ra ra riot,2894,d8f63b51-73e0-4f65-8bd3-bcfe6892fb0e
2554,here i come falling,2893,518e47fe-d140-4088-9889-925456a1d11c
2555,eyes set to kill,2891,5c56a575-f1f4-4290-9f41-d7193c9657c4
2556,element of crime,2889,40985bd2-6d44-4c86-bd16-35cad449cce3
2557,siela,2888,c9128570-8d0e-450e-b793-13668c450187
2558,lars frederiksen and the bastards,2887,f3a090bf-6173-42d7-86f5-7fcdeaabfc58
2559,elliot goldenthal,2886,2c16f7ca-e331-47fc-af91-4f236cba4c6d
2560,kid loco,2886,8027281d-79e4-4ddc-a8a7-6e6bf9254ad3
2561,vypsaná fixa,2886,06a9eb28-1dc5-488f-9572-a0ce6c6597c8
2562,circle jerks,2882,22995eba-1238-4b4f-a937-ac2c5767ab9f
2563,farben lehre,2881,4fa321a1-b3cf-468a-b302-f360ecc31924
2564,faraquet,2878,e866e006-4c80-4753-b53f-1bc5d88ccddd
2565,diamanda galás,2874,f569a00a-a5d4-4269-b383-e125a0b515a4
2566,tech n9ne,2871,dde3d9b1-0e44-48bc-b0c9-d739b3570000
2567,desert sessions,2869,7a2e6b55-f149-4e74-be6a-30a1b1a387bb
2568,the exploited,2869,9876cc18-e3c4-487a-b330-e67b08eee2b2
2569,colin hay,2866,864d7069-57dc-45f6-b408-875b35106dd3
2570,kaijin,2865,9785e564-a50f-4dff-82b2-d8d5410165f8
2571,laura veirs,2861,8951c87f-f730-4247-b442-52ed14ad6a97
2572,Крематорий,2861,9b135e33-2fbc-4155-b351-cc2a39997975
2573,石井妥師,2861,1062cd4a-7817-44b7-a786-52ddd53f6b17
2574,silvio rodríguez,2860,42e1a761-429e-403c-971a-e85c2f748cfa
2575,czesław Śpiewa,2859,988d265f-9638-425d-898e-c20b53ae238e
2576,dope stars inc.,2858,0f1de5a3-bdb4-47ee-82d0-59e2ac37d358
2577,Živé kvety,2857,ea7adef8-4cc7-48af-9aca-a97da4deba31
2578,stan getz,2856,8f2422ab-0ec6-4c92-80c4-afe9622fab32
2579,alien sex fiend,2855,3580a118-49e3-4aa1-972a-f5f0ff750dd2
2580,hizaki grace project,2855,c8914eb2-15f8-4e98-977f-d3626b20e984
2581,9 lazy 9,2852,511481ee-1b97-4333-a161-0492f3e1303c
2582,latterman,2852,a4ab8a1d-2f6a-4387-beb7-eb5b164c4714
2583,buddhistson,2849,
2584,kate rusby,2849,62b86b55-e0aa-446f-b326-054576968310
2585,handsome furs,2847,912f8045-c9ec-4020-b89e-44f748b5012b
2586,nosliw,2847,3276b008-3452-4abc-9827-fdfeecbcbbca
2587,herbert grönemeyer,2846,456eabce-d1dd-4481-a206-36ab4f2eaeb8
2588,psa,2846,ecb6d2a0-b061-4486-b488-5a29fefc4972
2589,the agonist,2846,d6d9ec73-d0dd-4066-944c-20d4a6d6c7c7
2590,angus & julia stone,2845,69837400-8e31-4949-aac2-00b46b4df126
2591,edenbridge,2845,82fc8db0-f366-4029-b6ba-e148b3639ef9
2592,say hi to your mom,2842,ce660ac5-0b6a-4e5f-ad2a-628a9002cce5
2593,Морэ & Рэльсы,2841,2f08a9ab-7b0f-4a8d-bb1b-6c7ed5593bf9
2594,heavy heavy low low,2840,9481db30-6467-460c-8fc4-1b6428e9265a
2595,daughters,2839,c9368a03-bf26-40b6-bdfa-9af8d10b568b
2596,シド,2839,ec93e078-ef9c-4f0b-aab0-6eec009443dc
2597,derek and the dominos,2836,2155a81a-f0c6-417a-9b16-2f86f98bb8bc
2598,mark ronson,2836,c3c82bdc-d9e7-4836-9746-c24ead47ca19
2599,method man,2836,94dbfe2e-ca48-4e08-a5a8-e1e74136c63d
2600,king diamond,2834,00565b31-14a3-4913-bd22-385eb40dd13c
2601,way out west,2833,2c2a80cf-193d-4be6-992e-311428085474
2602,in slaughter natives,2831,d4a92b25-9a99-42b5-93b4-ad4ae49323a5
2603,the brilliant green,2829,768ecb0b-bcc8-4c99-9f2d-54a13f33c5f6
2604,4hero,2828,3d05eb8b-1644-4143-9a61-b28e33c4d85f
2605,plies,2828,72f62a4c-0042-49f6-b4dc-2f5b27dd289f
2606,caspian,2827,f8a5d80c-a6b7-414c-9482-c5d710171622
2607,choking victim,2824,a0c82dc1-950a-464d-bd97-5a01296b1c8d
2608,the script,2824,4c98aa1b-34eb-4336-987f-5e50aa059c00
2609,4lyn,2822,03df376e-f696-4df0-a8e4-3bbc9c8c1c5d
2610,woven hand,2822,7b288ade-8d1e-4abc-b6b0-84eddfcb7ecc
2611,hunter,2820,7bf882ed-5246-4158-bcad-d4721cae7a4f
2612,lexy & k. paul,2819,d79b7948-2e69-4770-b8d7-e6bfa3332648
2613,deep forest,2817,67468e38-0c90-4318-b2d2-0c18b7b1e144
2614,dj khaled,2817,081a2d60-9791-4e05-a075-f1890355eeee
2615,amanda palmer,2815,3c0eb318-d2ba-45aa-9077-b83746cc56da
2616,10 years,2814,b18bc9c4-6f22-4f1b-a918-e9c86a39fe7a
2617,hi-standard,2813,39c2021c-2df3-49e6-811a-58064ae043fe
2618,ДДТ,2812,f7456b5b-e5a5-454e-b5db-047308210c8e
2619,i am kloot,2805,7bd92ac9-6b2e-4e88-812a-60499ec60a9d
2620,john barry,2805,661e20c8-3d82-4da2-94a2-97d9e11691c0
2621,destroid,2804,8286542d-02c2-4393-b3ee-db57baa880ed
2622,freezepop,2804,bb1f91d2-1b54-4ee5-b55a-626492a5904f
2623,london elektricity,2800,0356daee-ec48-4495-bc3e-460b8a5eacad
2624,vive la fête,2799,ef6a8aab-9dfe-46ac-a225-67df4601ad69
2625,jason collett,2796,c6488dd8-0d4e-4035-bbbb-11719d2f41cd
2626,blackmores night,2795,aeee5fe5-38f5-41bc-8ab8-9f9aa23e4f68
2627,freestylers,2795,60dd8303-5ee8-4c99-a19c-009e07c17aeb
2628,violins,2795,6aa6d09d-ac11-4b60-88b8-8d3f5c26ec6f
2629,ellen allien & apparat,2794,64b86e99-b6ec-4fb1-a5cd-f95482d3b57a
2630,efterklang,2793,8a7bed97-f080-4984-8db5-2ea5c82d8b33
2631,the agony scene,2793,549f5c76-8540-4fe5-91bb-a55bd01b53a0
2632,saint seiya,2791,f2ea996a-82ea-4cba-85ec-be3c613d25c0
2633,jens unmack,2787,0301ffb6-8206-4fdc-8d7d-40196cbfc917
2634,jaga jazzist,2786,5c71ea68-9238-4dfc-8519-bd6eff6bc28b
2635,flobots,2785,7892c869-1e2b-4b38-8540-4caff7dd2b49
2636,ariel pink's haunted graffiti,2783,4ac6c2fd-daad-4c31-b266-017c79d2e9a9
2637,john cage,2783,76325a9d-6c25-4649-96b1-84e9b99d6b4b
2638,the blow,2783,63b2d8f7-45d2-4b4e-8ffd-92cfcbc38688
2639,avant,2782,6255c59a-de38-44de-b966-a3c4686f9941
2640,lunatica,2780,5d3fdc5d-bb35-4542-b648-c58abd6f21a2
2641,hans zimmer & james newton howard,2779,f1a95c6b-fb2a-41a6-bfcb-2453fee2a38c
2642,kaliber 44,2778,e08f0176-5de9-4452-8d39-00e5ab2429cc
2643,kenna,2778,9dcca4a2-2e05-4f94-9a02-cb97b1beed56
2644,the stills,2778,e8eed2c6-269a-47c0-aed9-8517a304b02c
2645,the zutons,2778,6290b769-173d-49d1-990e-660a4e333877
2646,cherish,2777,e82500a8-70ce-46ad-a028-b0690420d560
2647,lovedrug,2777,7db8b02d-970c-47b9-a14d-4ba2567901a2
2648,detonation,2776,f4958ade-efbd-484a-b114-f02e3925b8aa
2649,dillinger four,2776,fc6a16d9-5dfd-43b1-be98-ba49366d9f27
2650,the feeling,2776,848262ad-408e-469a-a7bb-13ef82622b7f
2651,richard hawley,2775,006f0783-c5a0-458b-a9da-f8551f7ebe77
2652,rooney,2774,bbc8d6b5-a3e3-4d51-9f4e-565e9ef94967
2653,wiz khalifa,2774,f5dfa020-ad69-41cd-b3d4-fd7af0414e94
2654,chris rea,2770,c707b37e-cb5c-4694-be4d-46beefcb2475
2655,midnattsol,2770,9539f36d-a5d4-4004-8c07-cb785e1d5e23
2656,the moon lay hidden beneath a cloud,2770,b878d7ff-83cc-4187-aa10-c3946a596363
2657,empires,2769,7f97f48f-d388-4e42-8068-d5b62a808aa3
2658,halou,2769,ead4fa2d-2ecc-47f6-8ad0-01d26683e7db
2659,the yardbirds,2769,191de76f-a224-445d-b041-54df16d65bf7
2660,brant bjork,2768,9c17713b-14f7-47ee-b0ba-87802d186aab
2661,dendemann,2766,e8533fd3-4e66-4ad5-8fe5-12a916f9c4a1
2662,dubmood,2766,ae0534cf-9061-4825-96e7-7d8eba90dd9b
2663,floorpunch,2766,8ecf80c2-d090-4cbd-97ec-0a0824301041
2664,matt costa,2766,fa7ed4fb-fa39-4820-8ae1-5fe98bc2ef8d
2665,pih,2766,529ca9eb-86df-45e0-896e-e273c7214700
2666,jóhann jóhannsson,2765,578c1e77-4756-44dd-86a9-b1e71a5b635e
2667,the donnas,2765,d70416d3-c006-4a8b-aebd-91a4f198591f
2668,cage,2763,8e0c435a-d7e0-43c4-a99d-808c6a47e1b4
2669,the church,2763,4fcb7864-42dd-4dcf-b269-6da0d9042956
2670,vesa-matti loiri,2763,c0f8b899-b3d3-44dc-8148-5ce21d670d5a
2671,jukebox the ghost,2762,43dcec48-1764-4055-91ac-afe8a4d25cd1
2672,twista,2762,0bc858a1-3573-4216-9423-c96dd8c72919
2673,go!go!7188,2760,b87963a8-451b-4b19-b200-e6e91113bd0f
2674,vains of jenna,2760,5c7c6206-c5ba-4083-a6e4-f6b72d4a17a9
2675,snowgoons,2759,4c3017e5-16d2-4a59-9bfb-5ceb31dbaece
2676,evidence,2758,995c1ef8-5a55-40dc-b87f-f4a0ee95650b
2677,luis fonsi,2756,d68fda90-ab8d-4799-be56-317ba4ae700f
2678,gustavo santaolalla,2754,3abc3eb1-7318-41d2-a52b-cbe14a14d8a0
2679,john vanderslice,2754,5eaf11c4-12bf-4545-929b-76f2e03ca208
2680,bobby valentino,2752,de69e711-bc6b-49b2-a826-92006936ada4
2681,cali≠gari,2752,a7ed7e10-d6f4-485d-b4b6-46540ed38123
2682,os paralamas do sucesso,2752,f197a8df-ac2b-4e78-9913-4abf13741f12
2683,room eleven,2752,b79391ad-1ed3-45db-9ed6-48736491561c
2684,empire of the sun,2751,ac7e838c-3d95-47c2-92a9-81767ad7c217
2685,dia psalma,2747,602a999d-4d99-46a1-97e2-1883b1d70913
2686,skank,2747,25db5fde-2384-4baf-8e3d-d8299b4c99ef
2687,darkest hour,2746,e0ededb4-6085-4f68-90f7-89bc560930a3
2688,the berzerker,2746,c064d097-4a1e-4e81-bd6f-22ba86ee2904
2689,boredoms,2744,0798d15b-64e2-499f-9969-70167b1d8617
2690,brian eno & david byrne,2743,bf6e1d7a-511e-4131-b3c6-de49dcbb4ba2
2691,asta kask,2742,f62b7ae2-bb92-460c-a4be-099747ad85d8
2692,robert johnson,2742,8a8bbba6-72f7-4900-a306-c40b94f2631b
2693,los fabulosos cadillacs,2741,cfe85625-10af-46c1-99fb-765ed3a4f1ad
2694,the turtles,2741,335b6182-0da8-4dc6-a5ec-fe13f0f87e4b
2695,steel pulse,2739,37367b2f-69e4-4df2-9e64-75ca6204764b
2696,adolescents,2738,c43c7134-5d6f-4bfa-8275-b4012ae97c46
2697,cursed,2738,16d6213e-2138-4a41-8ba5-acf8bd8fc69a
2698,dynamite deluxe,2738,a4da9933-1e43-483b-98d9-8b1a32a698ad
2699,npr,2738,c286a7ff-ac95-4d26-b57a-820c1eb34dec
2700,the jayhawks,2736,24ed5b09-02b1-47fe-bd83-6fa5270039b0
2701,clark,2735,292f77b4-3a9f-4cbb-8be4-b4a1367464f4
2702,the gazette,2735,8d4c13de-6e61-4a8e-ac4d-d0e1996bcef8
2703,a static lullaby,2731,8d79e950-1333-4a32-9fc1-af53d421abc4
2704,the crüxshadows,2730,3d8d3d22-5a0e-4b23-ae56-78abcc2c3f8f
2705,scumfrog,2729,af99dd4d-47b6-427f-9b11-891d5f923155
2706,deathspell omega,2728,37ea73dd-a48c-4659-8b9d-5c77bd9cbd12
2707,julieta venegas,2728,601f8530-9009-4f73-94fb-a355b4497b70
2708,sixtoo,2727,20a3d0ca-1834-4848-8127-40cfb442f696
2709,veljanov,2725,ca5f0d86-7056-4222-a6cb-f8ea87dabf74
2710,sir edward elgar,2721,4e60a56a-514a-4a19-a3cc-49927c96b3cb
2711,braid,2720,12269eae-3c21-4586-acf2-6cb03c92f4e7
2712,coal chamber,2720,f3430779-bbec-437b-944d-1fbf45d2e786
2713,against all authority,2718,78dd6e93-9463-40b4-ab97-6a0a86e24083
2714,happy mondays,2718,01f4fb92-6bf0-4de5-83dc-3fe194e763bf
2715,steve jablonsky,2718,c8dbc2ee-66f2-4fe6-8d7c-8b958bc97d99
2716,alphabeat,2717,dba7b6f3-8123-4a07-99d6-306acc41b7cd
2717,matt nathanson,2717,e28dbf43-a2d9-4651-908f-1879ad67d30e
2718,france gall,2716,385966f0-b912-4755-bad6-4780ebf3f4cd
2719,moondog,2714,0b8dff0b-ce42-4cc6-afd1-1841f7781ed4
2720,arisawa takanori,2709,
2721,chambao,2706,b44eab39-900f-446f-af67-0512a88e54ec
2722,ufo,2706,c827b8a7-0372-4711-9777-532b387e834b
2723,new york dolls,2705,1b96b9c9-0832-40cb-9f8d-7274de3733fc
2724,the ark,2704,6e17c8d1-2493-46cc-88d4-64b848a32593
2725,raimundos,2703,1c80f885-e832-4b84-864b-5deeda6a1248
2726,saliva,2702,6e650a01-6489-4dc8-85e1-8ec809dd72a2
2727,alizée,2701,a344d1d3-bc5e-4a59-95f1-814999d009ac
2728,jeremy soule,2701,f413369d-d72f-46b9-8744-2d09344a9c6a
2729,robots,2701,d9fd5a1f-d831-426a-9963-afbe4d647fca
2730,adriana calcanhotto,2700,bd4d397a-849a-48bf-be24-52eec87feeee
2731,wwo,2700,cd0d4a7a-a8e9-4bb9-9b2f-f7f409ef2941
2732,brother firetribe,2698,5b66e2fb-c6dd-4176-9cb8-8a75baf1c933
2733,broder daniel,2697,4d08fe36-5f92-4771-be2d-4f984f32dc04
2734,ojos de brujo,2695,ab1b3f93-99ba-4a5b-868f-e412ab0a57fb
2735,ugk,2695,9603810b-5d6d-41a6-aca8-330ef966d55c
2736,the black mages,2693,b6e98026-6cc9-4c4d-93d6-ba39970a9239
2737,wax tailor,2693,c24b47a1-2f52-44f3-a3c6-374dca844731
2738,下村陽子,2692,b3933fd6-fba9-44b1-992a-1e8128324ca1
2739,franz schubert,2690,f91e3a88-24ee-4563-8963-fab73d2765ed
2740,jane air,2686,aa87bb78-8454-43df-9b7d-65bbbf5ccc53
2741,rita lee,2686,3f962bf0-42a0-45a0-830f-07b66301d35f
2742,reaper,2684,fe67fca6-f6b0-47b4-a4ac-c96e409b29f4
2743,stéphane pompougnac,2684,11bf566b-a73e-4e8c-ba82-83fdcddd0aed
2744,lightning bolt,2683,978a36f7-85c6-44ca-a02e-7564e8fa8284
2745,ian brown,2681,182d5d8a-94c7-4ef4-8222-a1838353a37b
2746,dolly parton,2680,1d543e07-d0d2-4834-a8db-d65c50c2a856
2747,pat metheny,2679,7daac7f9-8fcc-485f-a14f-f8091d98cf25
2748,lunar,2678,fd00032c-833a-47ee-ab44-50e794bb46d4
2749,delays,2672,f86d80f3-3d2e-4450-9b0c-638152e93df3
2750,therapy?,2667,85226286-349a-4046-8dcf-f75b32baa6b1
2751,n.w.a,2665,3a54bffa-2314-44a2-927b-60144119c780
2752,paint it black,2663,90910a44-7579-4730-9499-0546159fe4e3
2753,dub fx,2662,4623daa8-d17f-4e76-a39d-fd22408463f1
2754,abdullah,2661,8c4cb183-9843-4ca3-b096-b06fff740828
2755,amnistia,2660,09732468-46b2-4a15-bcc4-eb2e9ece5fa3
2756,evangelicals,2660,c63b3157-959a-4100-8291-700f10b952a3
2757,knochenfabrik,2658,7c6ad54d-fe7c-4ad7-b0d9-559664f953c1
2758,herbert,2657,eddab03d-b673-4b70-863f-6a9cf45a779f
2759,the faceless,2655,f234369b-790c-469b-b7b0-e32ba766c60f
2760,陶喆,2655,38fe7fb3-2bde-4672-8016-2ba6f7d1808f
2761,brad sucks,2654,9c070e4f-28c1-4b98-b371-d8514c31ba55
2762,this will destroy you,2653,9512eed7-a1a9-4e2f-8cac-c10d1448c1ce
2763,adult.,2651,ee4833d6-d338-4977-8842-85530515d0fa
2764,bakshish,2651,e1cb01d1-d481-4c9a-b80c-1739b9f7e395
2765,1349,2649,2aa07e57-bd8a-4fa0-ba5a-72e8f7c3e63e
2766,sly & the family stone,2649,b7ec4c54-1f93-4bf2-957f-7b9921ab84ea
2767,nicola conte,2648,e390d54f-92f0-4039-9dd3-e8eac130b4c0
2768,Тараканы!,2648,6e2f63bf-c1eb-473f-a2aa-cd2daf08f5ec
2769,tord gustavsen trio,2646,02811c5c-3cfc-4354-a116-8a254581ef6e
2770,高木正勝,2646,477d1c52-3100-4493-a049-473d8f183e23
2771,jars of clay,2645,ca1ca0e3-8506-40b4-ac29-dbfb60c5a0bd
2772,olivia,2645,09a6c10b-c32c-4f5e-a3b8-c8af4cfa0517
2773,sleepytime gorilla museum,2644,7e916aa1-a00c-42e5-968d-a6f243206433
2774,lisa ekdahl,2642,560c4706-0868-4c89-be8b-b26fb7754aba
2775,morgan heritage,2641,215224bc-04a4-4f67-8059-64535a6643cb
2776,pete yorn,2641,3533dea4-218c-4fc9-ab6e-2e3dc0ffde6e
2777,cancer bats,2640,00b952be-6c97-4880-84f9-06de584b491b
2778,inhale exhale,2640,29ab0e01-6262-4b7b-8271-0b1983bde211
2779,bikini kill,2638,1397d045-1603-41fc-80b9-712c18360145
2780,colony 5,2638,0dc6a8e4-30d5-43a3-b3d2-98bdd8c43362
2781,candlemass,2637,7dba6614-d0bd-4950-8b7b-841b31c413c2
2782,edyta bartosiewicz,2637,9b851076-e896-4b90-9ffb-7f4c62ff39d7
2783,tiga,2637,58e5332d-383e-414c-9917-776d7b1493a2
2784,wynardtage,2636,4ad57f5c-b90e-44f6-8a9a-e7a366cba346
2785,japan,2633,697e7111-5630-4c77-83f3-39821bacc61a
2786,lemar,2632,d8a222aa-da43-442a-93cf-9806b45f5daf
2787,drudkh,2631,469eb232-7163-47a8-96a3-8c82d24b2888
2788,holly golightly,2631,c0d96e6b-ee48-422d-8c28-f169ada973a8
2789,tiken jah fakoly,2631,edef3cfa-4e5e-4d64-8bd8-20f9dc1d8cad
2790,kontrabanda,2630,4717797e-f58c-4718-bc5f-b95a8a19d2a3
2791,toby keith,2630,2f951906-5629-4fef-a260-5033151c162a
2792,houba,2629,1206e382-a889-46ac-906e-24b615d53da5
2793,empyrium,2623,2eba111c-f7b9-4119-811f-9753669072af
2794,russian red,2621,d945b088-0eb1-49e6-a232-dee95392ed35
2795,beneath the massacre,2619,b140eb4a-9329-418f-b3e5-eeef8de73fcf
2796,the suicide machines,2619,c6d2cbdf-30e7-4233-a1b4-e892f116ada1
2797,kano,2618,2bf3971e-8595-4bd2-aace-8a71c42afb66
2798,butthole surfers,2617,2339bc21-aa92-4850-86f0-4bb9433910c8
2799,paktofonika,2617,6b7b9277-4196-497b-b2f0-5dc07fa4e0ac
2800,chris garneau,2613,bbc6f655-5d45-45bd-8553-cfd012178590
2801,loudness,2612,513b6df2-f44c-4484-b99d-97f79266cb4a
2802,department of eagles,2611,60feda7a-9247-48fe-8892-79f9a7d0d503
2803,psapp,2609,802f09ca-3f3f-4fc1-a5fc-0e8bebc15f62
2804,rainald grebe,2608,f9f122e2-75b8-48ef-97ee-d5109b3a8424
2805,林俊傑,2607,e5d8c705-8ea4-4820-b11d-fbf580d85ce4
2806,bill hicks,2606,c53d4269-cb9c-4940-92ec-f398fa47b190
2807,gustavo cerati,2606,979d01bc-a4da-4c80-8cc1-be40bd35cd5e
2808,the jesus lizard,2606,dfebd6c0-dae7-4cc8-a8e9-0dbaa382209f
2809,alice in videoland,2604,6a5f768c-db43-461a-8e58-658084ebe84d
2810,angerfist,2604,91d8e441-73a6-48a6-aed1-2bef4da87799
2811,the monkees,2599,b8549efe-f4fd-4dc0-8ef1-226e9c400233
2812,vaya con dios,2598,3f31e084-41f5-4a74-93e6-19bdafcf237d
2813,verlorene jungs,2598,0716cdd6-2e8d-44c2-954c-699812a37edf
2814,ghost mice,2597,3890981b-0ca4-454d-a839-4f8df9490283
2815,love,2596,34ec9a8d-c65b-48fd-bcdd-aad2f72fdb47
2816,s,2596,8504179e-2801-47d0-9953-b769d4f36243
2817,people under the stairs,2595,3dc00dcb-6106-43d1-b48d-21d236f53983
2818,electric president,2594,fc5ff119-74ef-4b9c-b736-8b0e5fd3f298
2819,the b-52's,2594,127f591a-7e27-4435-92db-0780f219f3a1
2820,endura,2591,c254c235-4145-4ce0-a31e-fed4e2257f6a
2821,red house painters,2591,06e59c30-5e21-4318-96e8-7a5f7e309af1
2822,what we feel,2590,97bf5a7a-7cd9-4032-a44e-67a129ea6cdd
2823,narziss,2588,551daa9a-ce21-4d9a-a905-038ed4d2a9d3
2824,Браво,2588,e6f3cd0d-1998-408d-9fd8-c765370af42d
2825,desmond dekker,2583,8ac5bea6-3a62-4e28-9df7-03f24d4c06fc
2826,kool savas,2583,2e0d05e0-d147-46e6-be51-8ffed2a9e0da
2827,maudlin of the well,2580,084caf07-2959-4c3f-9374-6b2f2845660e
2828,aborted,2578,5e13f1c0-6648-430d-92e8-6435119b0036
2829,kirsty mcgee,2577,c792d8de-b2fa-4d36-ac4f-caed65dfa812
2830,janne da arc,2575,e6a1e19c-1a24-476f-af69-6308cd33cddf
2831,hawk nelson,2573,d176915b-71d9-49ca-ba47-da52d46d0e4a
2832,skunk anansie,2573,e212efdf-98b2-4dce-92ed-62cfc1e29854
2833,the tea party,2573,7ebc552b-71b2-47b7-9dc8-31ef08e20aec
2834,darkseed,2571,8b0ab1c4-ffe4-491e-adda-037c744d1b00
2835,béla fleck and the flecktones,2570,830dce6f-c9ff-4ebe-944b-2ea2ab22fcdf
2836,killi,2570,958dc836-9169-469d-8a21-2731b78ff646
2837,little dragon,2570,c8a9ae11-63bf-409b-8bf3-a96b3712a2ff
2838,seigmen,2569,00cf472e-7868-4343-ad2c-92dd13261d43
2839,guillemots,2568,42555956-bf57-4240-aadf-b58e6762932c
2840,karate,2568,7d942b74-f556-49c5-8987-067dc0488c90
2841,bob sinclar,2567,f9ab44f1-7b19-4ecb-830c-403abcf36cd1
2842,florence + the machine,2566,5fee3020-513b-48c2-b1f7-4681b01db0c6
2843,maylene and the sons of disaster,2566,2ffdc2cd-d25c-44e3-9b85-65a26c0d9bb0
2844,jacques brel,2565,91eda19b-1437-42cd-b7af-69df24b7f275
2845,lemongrass,2565,3f23c754-8049-44bd-92ca-44a4bacb4380
2846,ivy,2564,610404f9-26bd-4be2-8697-f916495f14a4
2847,oceanlab,2563,a558ed3c-ab7d-49b8-a52d-14071b95fa4f
2848,Олег Медведев,2563,721d7902-525a-405b-92ae-1f6b2efb455a
2849,regurgitate,2561,a633e229-ed1a-4cb5-b1b2-7fafb6b74d4f
2850,fates warning,2560,17fbada3-6dac-42f3-8a6c-8c1c1484f730
2851,blue scholars,2557,69cd93fd-1c2b-40f5-ae03-7bf4b4213fd3
2852,miles away,2557,1c38249a-59de-46c5-9b78-d9e695855086
2853,坂本龍一,2556,a7f7df4a-77d8-4f12-8acd-5c60c93f4de8
2854,death before dishonor,2553,4b6c98a5-3708-4bcd-8b05-a7bc7ac582af
2855,安室奈美恵,2553,888994e5-6f53-4f53-bced-b20482aea42a
2856,big bad voodoo daddy,2550,d3118da8-ff3f-4396-9ddd-06168c875d56
2857,rytmihäiriö,2550,ce6b102e-63f9-4618-a9cb-9731b5e37c4b
2858,deer tick,2549,c8c64bcc-48c6-47c9-8411-f5c4fd5a97bb
2859,dead or alive,2547,98720123-fcec-47be-9e88-29a310fb2942
2860,hood,2547,d2c44985-e3d4-4608-9eaa-b963666fdf18
2861,charly garcía,2546,dd999ced-1dd4-44b8-ab67-ee5ec23e52b7
2862,mia,2543,6a0f0a74-8689-4bf6-aa8e-6a954ac5f0cb
2863,club 8,2541,e7fa2614-2da5-496f-b575-07ece506a5d2
2864,opgezwolle,2539,ab99a52c-f85a-4a40-98a0-791c37a91779
2865,totální nasazení,2539,8134332b-2d26-42c9-97fd-1107066797ea
2866,peter tosh,2538,7db6aae5-6644-4513-9bfc-ca2e79d4469c
2867,acoustic alchemy,2537,78de0cb4-245a-4679-9d09-d4f277c58e0e
2868,the astronauts,2537,e97d0a22-6b6d-46d8-a189-54311bfeebf4
2869,wale,2535,e34e41f2-f480-45d3-8190-a3ce5ab34fab
2870,ub40,2533,7113aab7-628f-4050-ae49-dbecac110ca8
2871,animosity,2531,fc7d6790-9dfc-4e0d-a67b-40bae5ac19b4
2872,brick & lace,2529,6a1e2e3f-ad22-4844-bbbd-3ce753bda235
2873,red snapper,2529,89abed31-3a93-407e-a4a3-a94e193488cd
2874,boney m.,2526,5403bf6e-bc1d-4e62-b31f-926a2bf66a14
2875,groove collective,2526,44b69f9c-b717-419b-bf75-fa21e4f2da58
2876,matanza,2526,cdac8d31-3e08-44d7-9620-aa209ecf0c10
2877,x,2526,ddd553d4-977e-416c-8f57-e4b72c0fc746
2878,psyclon nine,2525,0541c64f-17dd-424f-9483-391599d14cb6
2879,vincent gallo,2525,59e7ace7-3233-4f56-af78-4765957402cb
2880,bracewar,2524,22cd13ec-6be7-44e3-897d-cd562d2dd786
2881,freedom call,2521,d4310265-7415-4802-b4f3-4b762217efbb
2882,damien jurado,2520,f4805b9d-68f8-438e-8f13-ec7bcb4c8581
2883,kudai,2520,f11a5c84-d2e0-4139-956a-d556fabc496c
2884,the veils,2520,c3bf5aee-646e-4030-9ab4-d1fbd4947a97
2885,slut,2515,97ec4bef-d716-492a-83a1-4cfed3f7a049
2886,traffic,2514,9fadfba9-ecae-4383-a4d8-47b043cea19a
2887,airbourne,2513,5365f55c-b1e1-48f9-b09f-078f7a14cb1f
2888,modern life is war,2513,1bfdbf9d-e241-4ad7-8283-a3a7904bb6ca
2889,nneka,2513,271973a1-7177-4bcf-9a01-ac75d3691035
2890,air france,2511,0d360231-f492-46ac-baf0-4f84ac6e8b17
2891,maritime,2511,dbc59d71-6d29-4563-ba89-a60bab1c0f40
2892,no fun at all,2509,2e664c51-ac19-4a5f-bf24-cfb84661d12b
2893,neil young & crazy horse,2506,0f3515b0-75c9-46c9-b26c-4cd05d26eae7
2894,cauterize,2502,4c5779d6-06f3-4673-a663-62fc6e1636df
2895,the damned,2502,77d21c13-846f-4f48-9546-873949eff6ae
2896,the black angels,2501,49814f71-8fef-41ec-9af8-b6995c0bd601
2897,big star,2499,21d177ba-3d51-461e-9b3f-ad9a80b419dc
2898,the retrosic,2496,70153d91-26f8-464c-9bc8-d0428b965339
2899,otep,2494,83766a73-9c8a-481e-82ca-11853015cd2d
2900,saltatio mortis,2494,d3201290-2791-4b2c-9d79-62eb6240e742
2901,the twilight singers,2494,53a4de34-35ca-4ad0-aa4b-67382435ed69
2902,bill evans trio,2493,d0630a08-3b40-4cb4-9f48-7d525262c1f6
2903,j. holiday,2492,4995a475-1580-4217-a11b-448711e41910
2904,irwin goodman,2491,078f98b2-3a90-4443-817b-440c7089b0c4
2905,mannheim steamroller,2489,922a18b1-0aba-4868-8f38-2aa4f324fe16
2906,los auténticos decadentes,2488,2d6d27d3-b18b-4436-b174-b155ca917ab6
2907,big black,2485,9463868f-edc8-427e-ac07-ea89698e5f15
2908,ed harcourt,2485,0cda9358-1def-49aa-a0ff-10320f40522f
2909,stray cats,2485,0e763b87-f3cd-4a63-986f-bebc4189f1f0
2910,misconduct,2484,29619214-6ba6-427f-8a98-fddb05838b84
2911,lao che,2483,4f615cfd-6365-45ce-8b2c-b461c1b3c164
2912,twodeadsluts onegoodfuck,2483,198abafd-863a-44bf-84f0-242f5e404678
2913,electronic,2482,3cdb360e-d0a2-459f-92f6-f0f28e62127d
2914,nonpoint,2481,f10177e4-b7f7-4e63-92b6-c805c6cc54d6
2915,the good life,2480,0ad7bbcd-6e77-4dc0-bb61-e331c46f70ec
2916,Świetliki,2478,6104605d-c878-4e3f-8797-e0a3ea01cbca
2917,defekt muzgÓ,2476,c028c41e-e196-42c0-9e1e-03c0e5fc85d3
2918,shamrain,2476,73178460-54fa-48b2-94b3-e6e75c389d07
2919,extol,2475,584a85bc-5568-46a0-9646-5182d7d2cd11
2920,nightmare of you,2475,32efc6ae-edf6-4fd1-b268-226073db9a36
2921,the duke spirit,2474,c9b00c4c-44ff-47be-9fc8-5764b45cc7a3
2922,beth gibbons & rustin man,2473,10b7b68c-390d-469a-915b-40bac704f288
2923,dj cam,2473,d2e123d0-c53e-4444-a52a-efeff44953c7
2924,old man's child,2473,02fc3032-e491-46b8-8742-9859e4906dcc
2925,the gutter twins,2473,19a2a56f-fd53-4dea-8cec-88046efb0fd5
2926,akron/family,2472,0f11d99e-88ba-48d2-b652-4ebe04c52d11
2927,chakuza,2472,40e7505a-4c30-4ac7-84d3-2a9aef92cc44
2928,vapnet,2472,9d6a7238-e379-42f0-bbed-d3025acc2a8c
2929,todd rundgren,2470,1a9a8ca0-ea8e-4e9e-96aa-288155bb2c5d
2930,the yellow monkey,2468,889c9e81-d4c0-4963-99af-66581b266b68
2931,citrus,2467,a0691d3f-81d5-47cf-91a8-2c265c4eed08
2932,joseph arthur,2467,f24c343a-5c24-4633-8ae4-9a3e8cc1eee7
2933,vitalic,2466,1f064e2d-aa55-4631-8f62-e2c14bbe1f4e
2934,dosh,2464,a6018f35-4de1-4003-8941-6f72012898e7
2935,ministry of sound,2462,28da4778-94c2-4c44-a053-c96e1c366eb8
2936,cirque du soleil,2461,0ea427c8-07d4-4f9c-92c6-bc4e8241799a
2937,mike patton,2461,6e891631-d99c-4768-8bc2-5e5feb42881c
2938,psychic tv,2460,14c5a3a3-f5ed-4978-99af-486010e3a007
2939,margot & the nuclear so and sos,2459,343b3983-1506-44cc-a4a4-e12afa636467
2940,beseech,2458,5429d73c-9c97-4109-b52c-8f24bbbf3d22
2941,tragedy khadafi,2458,d02c7851-a554-4318-bf95-f049a51b2fc8
2942,david archuleta,2456,150c1fdf-3fc1-4672-93fa-a1aca0a85a53
2943,rei harakami,2456,6b77d8ef-c405-4846-9d5f-2b93e6533101
2944,maybeshewill,2455,62495254-237e-4e9e-8ffb-31fede562cfd
2945,dubska,2454,eb1e3377-0b34-4ae8-9ed6-bf80e6e384e9
2946,audio bullys,2453,5dd0da33-5161-4378-8fca-aecf5840097e
2947,menschdefekt,2453,29592e78-724a-4e0a-8b6f-bd33f3837804
2948,mercenary,2452,c8be81ab-b536-4499-9d16-da997125e942
2949,randy,2452,193b99f4-a491-4a54-b397-2ce414f0f850
2950,mujuice,2451,46ee6c22-a3fd-4b7b-9353-3c2d9311ac99
2951,dog fashion disco,2450,1061b529-0a78-4420-a445-66a7e20e407e
2952,augustus pablo,2449,e2f9c452-7eb0-4782-bc3e-36f2c456ffe0
2953,thee michelle gun elephant,2449,3d693ab2-7c33-4b69-87bc-c105b5bbf547
2954,last days of humanity,2448,eb230e0b-a0c9-4c56-8563-ddd2cbcf7249
2955,emitt rhodes,2447,87fa7ab0-2720-46c4-8926-900f4d916e66
2956,neil diamond,2446,a42d3fd5-55de-4206-86c3-4fbb5404018f
2957,afghan whigs,2445,2feb192c-2363-46d6-b476-1c88a25cb294
2958,ootani kou,2445,615e497a-340d-4efd-b191-73a22c280784
2959,alina orlova,2444,867f63d3-ebb7-4f84-bf45-c8d39a15c477
2960,alison krauss & union station,2444,b91c664b-5eee-4536-8b70-b1f2be519ac0
2961,familjen,2443,d7e76e28-9f1b-4f05-a80d-f9e765746c52
2962,five for fighting,2443,23eeaeaf-423d-4859-8c91-2175ece74287
2963,paolo conte,2443,777bfd31-0c54-49b9-b057-c1fa742cdcf1
2964,hem,2441,232bb885-d7c6-4463-a694-0830ae3300bc
2965,the birthday party,2441,cbcd4d49-e892-4fc6-a313-35f275a153d2
2966,thompson twins,2441,228af6b5-f691-4ed2-a63b-10cc6fcc1144
2967,xerxes,2441,2dc013cc-3031-402a-9d00-eb24fedd01f9
2968,lisa gerrard,2440,cd645207-1664-46af-9953-264e9ae54089
2969,luna sea,2440,e7ab70fc-ae7b-4321-a9d1-4c2e9440e0f5
2970,egotronic,2439,bb26310b-3e84-4b77-88fe-cd2ce2cfbb01
2971,ashley parker angel,2437,4147087c-584f-42c8-bacd-fa000404c8f7
2972,papoose,2437,0328f44f-8519-4e3b-b6c5-019591751e4e
2973,ryan cabrera,2436,a78276fb-18f7-43be-8b73-5a5bc690ca54
2974,television,2436,490bde43-5edb-4a93-b3b3-7a0465fd8909
2975,tunng,2436,1eeaf46d-4991-4e95-8068-927627ccfc18
2976,jean-luc ponty,2435,44cd4e2e-0a6a-4cd1-a2a7-e23d9f33df78
2977,daniela mercury,2434,2cf241c0-0d6e-472c-be49-d7691a7aec61
2978,vibrasphere,2434,b822008d-f2eb-46fe-8ec4-3ad7499a6062
2979,good clean fun,2433,a0e64a50-4480-495b-b98e-2e766b12ea8c
2980,perkele,2433,9d62c5a5-a94f-4e22-b40f-e3f394191b3f
2981,celtic woman,2431,4d483147-c871-48c4-8470-85e5a66381c5
2982,hasegawa tomoki,2430,c48b0852-2ea6-4bd6-a091-f3957b8a9eb1
2983,lujhboia,2430,088ee0a0-6623-4965-8962-f66db1a936f8
2984,nick cave,2430,4aae17a7-9f0c-487b-b60e-f8eafb410b1d
2985,cro-mags,2428,9ffa627f-32c2-4cb1-bfad-00cf348abc70
2986,no te va gustar,2428,bbd05acc-33f0-4db6-bc01-41c8b4bfe2df
2987,ruiner,2428,820efdc9-3ad8-4893-8172-c9f62ee53a59
2988,the chariot,2427,22fb55ab-41ca-4fed-bffd-9e85c772486b
2989,lasgo,2425,361b282b-c7ac-4c50-a115-cf54e9e788f7
2990,saturnus,2425,b1453649-6ff6-44bf-a71c-9e6062298c7e
2991,5'nizza,2424,18eefb0f-7f1c-4ca4-a9b1-d0f2f11bd6b1
2992,andrew w.k.,2423,ef2d4a1c-195e-41f4-839e-bdfd3f85adc3
2993,anal cunt,2422,8cde362e-2c23-41d3-834f-5015aa3b334f
2994,moi dix mois,2420,935d146a-ab8a-4745-b4c4-6043d4cc15c4
2995,little man tate,2419,e7cf7ff9-ed2f-4315-aca8-bcbd3b2bfa71
2996,philiae,2419,10a80022-8231-4fa4-9f96-2969737a932d
2997,aphrodite,2418,84800c46-2211-43e0-8a87-bdcbecf91932
2998,james horner,2417,679ec43c-bc04-4bb0-b619-2da702a214ba
2999,estelle,2416,4c7a5854-6b75-4623-a684-6a3d785d9015
3000,klangstabil,2416,e9e3fb70-a2b9-477e-811d-a63bcffa9ed1
3001,welle:erdball,2416,67d6773b-f927-493a-ae48-b5ad7c522291
3002,novembre,2415,dcbb8de7-6574-4c14-a7c0-d2f6a1670fc9
3003,3 inches of blood,2414,ba85753c-671a-409e-b813-1e3be41e2a2e
3004,gorilla biscuits,2412,0320a32e-b781-40df-bf48-5cb5ee842762
3005,voltaire,2408,f7a2f0f1-da44-40b3-8dff-ab421af08bcf
3006,zion i,2408,85823097-9e6c-4876-a04a-8a761a477992
3007,ashbury heights,2405,2bfe4c84-c223-4671-a67b-a7d40fef20a3
3008,shaila,2405,0787ced5-610e-4a89-9aee-46b501f6284f
3009,the constantines,2404,e94357c5-815c-424d-80d4-968ec02d6d05
3010,jamie t,2403,bc883961-64d4-46b3-8b1c-64009854291c
3011,keyshia cole,2402,ef73e6ed-9096-4ddb-9799-b94874d0ce33
3012,red elvises,2402,30480808-4c03-432c-9e94-dd3b12d4e127
3013,sarah vaughan,2400,351d8bdf-33a1-45e2-8c04-c85fad20da55
3014,art of noise,2399,be899560-1570-402e-9f95-3182898a8b70
3015,Łzy,2399,0e18950a-0d62-402f-9339-b17b2472bc75
3016,amadou & mariam,2396,1fb60b6c-0f4d-42b4-8a5e-de705ec76660
3017,douglas adams,2395,e9ed318d-8cc5-4cf8-ab77-505e39ab6ea4
3018,carajo,2394,d311829b-e406-4071-bc5a-73258e7e79a3
3019,sick puppies,2394,86f78011-5087-48d2-8922-c381d2eb0c40
3020,waldeck,2394,8f389bf5-a950-4a2f-a962-daf08151ee33
3021,pati yang,2393,5a94b7a6-b12f-422f-9817-8c13e87f6369
3022,veto,2393,96cf8760-18ee-443e-b950-4a219e55e443
3023,don davis,2391,9d2dfa19-26a9-47ec-a45c-c354ae54b9cf
3024,ilkae,2391,83def1ca-9d9d-436c-ba72-3e800256d7de
3025,the germs,2391,42c4b58d-2e28-41d4-bfe5-4edee68386cf
3026,the wallflowers,2391,d9c90718-d54d-4ccf-a92e-37a5415ce299
3027,normahl,2390,51326cf0-9bd4-4427-a026-5dd53dda557d
3028,mudhoney,2388,e675295a-1efe-4247-aa3b-53b78d0cdffc
3029,pat metheny group,2388,66a7f1f8-0ad6-4e3a-9346-a643e2739a8c
3030,port blue,2388,60ffc791-575f-4fd6-be34-775ebdb29080
3031,freeway,2385,5d008bf9-2958-4640-a5de-dcdcebe711a4
3032,datarock,2384,535707ce-ad97-4b73-946e-9ca27869fd3c
3033,boozoo bajou,2383,97f3a6c0-fe2d-465a-919a-4269cbb735d6
3034,capone-n-noreaga,2380,bcecd780-8f0f-40c5-91e1-be6bf34c51fb
3035,collie buddz,2379,1eae8bc4-3907-41fd-b313-886632c56ce9
3036,astrix,2378,13875f81-5bfc-4939-a6cc-296c3f8d0fa5
3037,ルルティア,2378,
3038,2h company,2376,b0e60fb4-67a2-4cfd-8e89-1c5c9740b65f
3039,cartola,2376,7c743881-aed4-47d4-93d5-9fdd6e2904bb
3040,djordje balasevic,2376,7e411606-59b6-4214-a12f-2798d2e4c683
3041,teddy geiger,2375,e54820fc-02c2-46be-ab4c-593dfd63dc44
3042,bosse,2374,ba8fe46e-af81-4fcd-8581-59d6920d5d55
3043,the black crowes,2374,02ceff75-7363-493e-a78d-912dc86c7460
3044,the beautiful girls,2371,975f6585-8c9c-442b-9512-b69eceb16acb
3045,pnau,2370,b04df404-eefa-4ae4-9f3e-ba220d9dce16
3046,adrian belew,2369,73c3f499-60e2-44e1-81dd-7fe2191461fa
3047,crashdïet,2369,36fb40e7-380e-4463-bf4c-358080c11462
3048,destruction,2369,371f152d-1643-4b54-b32b-dd13d4c23442
3049,love of lesbian,2369,31ab8f5f-b5d7-41a2-80ef-13084aaf0eab
3050,luis miguel,2369,90270118-8ed0-4446-bf97-8a09b3f9e8f3
3051,roisin murphy,2367,4c56405d-ba8e-4283-99c3-1dc95bdd50e7
3052,bang gang,2364,66904609-750e-4c35-8943-c724efa761a6
3053,barricada,2363,8fe43356-6902-4311-a80c-f221bfcf3efb
3054,don caballero,2363,b93697af-a318-417a-b16e-a9eb47fbe2f8
3055,sandra,2362,9809d784-037f-46e7-8d2d-7ecad897f355
3056,jubala,2361,b852d09f-164d-42d8-8b6e-98c83242e016
3057,nox arcana,2361,40b4f9ff-a3e4-4d0e-91e3-1019647212c8
3058,colleen,2358,e68f711c-f0ba-4e5d-bc59-dad57afeb27c
3059,atomic kitten,2357,6fda00c2-449a-4bf4-838f-038d41a07c73
3060,milburn,2357,29a2e85c-1b08-4fe9-91a5-662d6e70dfe7
3061,dominik eulberg,2356,8f0d3885-04d9-4a13-aed7-96a25f9f9842
3062,gary moore,2356,a8806b5c-3ee0-4277-94d3-1a5427a7707c
3063,張學友,2355,a2cab261-63cc-4ccf-8023-6b6e8588bb62
3064,milton nascimento,2354,1bfa27e3-0376-4206-a772-4586e25a64f5
3065,nautilus pompilius,2351,247efe0f-80f1-477c-a4a0-b5cb1b8c832e
3066,moneen,2350,b9cec49e-07dc-4133-ad67-1787cceb5421
3067,dzihan & kamien,2349,d3fe567e-0681-48c8-9735-6cc9942629f4
3068,monkey3,2349,c542f179-b603-426c-8c0f-7788651f8cf2
3069,bebo best & the super lounge orchestra,2348,7f4186bb-787b-41e9-8b4f-29ecf176798c
3070,tim hecker,2348,c7ee3bc9-780c-42c0-91e9-4cd70ad692d3
3071,cassidy,2347,32090ac9-6e46-47c5-b9ce-69c504a4a7bc
3072,herman düne,2347,d5a7104a-aad6-4827-8ef5-680041ae80a8
3073,john powell,2347,52bb713d-b0c9-4bf6-9f58-392388d5cc11
3074,la dispute,2347,2ec89bcc-5bf9-4d2a-ac5e-44b7496d115a
3075,jack peñate,2346,9b64cf5d-1f4a-45b5-a84a-5109a88f178f
3076,shania twain,2345,faabb55d-3c9e-4c23-8779-732ac2ee2c0d
3077,david arnold,2344,b753584a-3664-46f8-bb84-f6deed133c80
3078,meat puppets,2344,3df040ee-2b8b-446b-937a-3f86f4b2cabf
3079,the new amsterdams,2344,f97790f8-978a-4f51-9a06-b3191cd4cce4
3080,asphyxia,2343,dffc541d-7c2d-4538-bfb1-0c92c7926a13
3081,kitaro,2343,f3d8c154-208d-4efa-b52d-7e9f16adcdae
3082,sky eats airplane,2342,7ebdf663-0cde-4adc-bcd8-20e6062472d8
3083,beecher,2340,382ab155-3452-40cb-bc39-b4b480cd7727
3084,Черно фередже,2338,8ce1c3b1-dd63-401f-b173-1b117c34ef00
3085,"lee ""scratch"" perry",2337,af75ebe4-3ab1-423d-a499-2a6f9d011ce2
3086,lighthouse family,2337,3ebe18d1-dfb6-41eb-8447-4a7693f79d9a
3087,the wrens,2337,492c18bc-ffbe-43b1-a22a-9bb801216b96
3088,lycia,2336,861416e4-dc50-4cd8-af33-76a09067e821
3089,misery index,2336,f9b57146-c5ce-41ad-adfb-ee904a4f7b19
3090,snuff,2335,3f909c24-94e3-42bd-b7e0-e720306bb3b0
3091,slim thug,2334,e0f5273c-637e-4e10-8304-81f2f9a31523
3092,anima sound system,2331,feb23602-cca0-40fb-80d4-b3fe4a760b09
3093,cam'ron,2331,ea6b7199-901d-4c0e-8242-6d7bc2bf62b7
3094,illnath,2331,0317c868-7b10-4f18-a664-b348ce802610
3095,sektion kuchikäschtli,2330,703903dc-f36c-46e6-8fd7-9e6d1579cdb6
3096,warp brothers,2330,21eb2468-3976-4a4b-8c5a-fa01fc3e5d13
3097,korea,2326,1a19528f-0ef1-4800-8a85-be97953cbbfe
3098,the klf,2326,8092b8b7-235e-4844-9f72-95a9d5a73dbf
3099,planet hemp,2325,c42caf47-70e0-4c82-a262-3c9aa8e2b475
3100,vintersorg,2325,012f2687-b9e8-400e-838d-d96707ea3a5e
3101,abakus,2324,a8b39181-6939-451e-9641-2db231b73706
3102,destiny's child,2324,a796b92e-c137-4895-9c89-10f900617a4f
3103,ekatarina velika,2324,ed39bf01-1f7e-4fd1-afbe-a58bd47b44e6
3104,monrose,2323,3954ea37-d90c-49d6-8b3a-240bf4d48e51
3105,Слот,2323,036b6660-ff83-4d6b-ac43-78ab79ab2833
3106,mortiis,2322,98087dc1-ca0a-44cc-9d3a-94c8e67a2e1a
3107,spor,2322,8b1ff40c-2f5c-4121-8f3b-3e8db0b80606
3108,blizzard,2321,3e11530f-d040-43f4-9485-917b31f64147
3109,elsiane,2318,5f602a69-a025-405e-9336-29f9e8d713d3
3110,frittenbude,2317,ed4aa69e-e049-4ac4-90c3-869aee5decac
3111,absurd,2316,48f6094f-24b2-4844-9d2e-2a2e87e51221
3112,ellen allien,2316,2ff63f00-0954-4b14-9007-e19b822fc8b2
3113,gilberto gil,2316,cf6b70f6-2616-481c-912c-0263cabfc974
3114,1200 micrograms,2315,bf346e67-b4b1-41c0-bcc7-a8f4df4fbbbb
3115,strata,2314,fbe356cb-29eb-4e4f-93f0-865c6452a1bd
3116,nico,2313,b933c51b-e8ef-4403-99bc-3b650494d5ca
3117,audrey horne,2312,5679452d-c14e-421c-8c45-195aec1d0aba
3118,callisto,2312,17a74c73-911e-42d6-8ea4-bd2524ed7664
3119,wiley,2312,d0f61299-9caa-4e6b-8b10-2839de120b27
3120,jay sean,2311,e03cf5b6-d2ec-4465-adee-226b518bcfcd
3121,dead poetic,2310,adc23aa6-fb62-42e9-9d9f-227f13ab08f7
3122,the skatoons,2310,c89dafce-74cd-4536-b270-2a68f47ab78f
3123,tower of power,2310,6c4d81f8-8a34-4cda-9a4b-538c539b50f4
3124,home made 家族,2309,3b390d43-1c2d-4198-b0a0-86a670a90819
3125,stina nordenstam,2308,6ac47f31-3b2e-4f95-bef0-ce869af4ee98
3126,charles bronson,2307,280d1620-bf50-405c-a232-c4d9a518bd42
3127,the animals,2307,4d8afa16-4018-4ca8-8b5e-ede8f9314562
3128,manchester orchestra,2303,dd91eb4b-6d08-4c14-9eb2-197a02a35f6c
3129,phobia,2302,38d7f269-c85d-4776-b0b8-c20ee80ee45a
3130,pax217,2301,4a4c5b40-c331-49ba-9eca-d7175248d812
3131,sto zvířat,2301,046eae82-41b8-4c21-90b3-5758ff23cffe
3132,the fine arts showcase,2301,b81425af-c427-44f7-bf26-1406f7398906
3133,daryll-ann,2300,5d5d0bd6-25e9-4041-a401-e30889853ab7
3134,akino,2297,d2153175-41f6-4ab5-a955-1367f0f9c687
3135,panther,2297,6dad335e-95d6-4d51-b024-822914d83085
3136,happoradio,2296,5d9e1ac7-2eea-4d9a-9697-9cdc3544dddb
3137,groovie ghoulies,2295,14194beb-e340-4a33-9500-7ef2eedd4d98
3138,stereo total,2295,475ae7a5-07de-46a8-a88d-4322259aafa9
3139,Алиса,2294,a1f0bd3b-6977-4ab2-8d5c-2464bada895d
3140,oranges & lemons,2293,edd833ac-c32f-4b2a-bab8-fafd6ae4db97
3141,switchblade symphony,2293,e20c20e9-8b3d-4dc3-b8d9-374869cfa12a
3142,ratt,2292,e0827234-3be3-4973-be59-1aa9575b9c76
3143,vanessa da mata,2292,f3580347-b84a-47d8-b86e-cad642322a47
3144,athena,2291,6857c38e-22b0-4de2-9e66-a58ad3eb3915
3145,jay-jay johanson,2291,99e9b8ff-b8ea-4019-a073-acc9fbc93bbe
3146,i set my friends on fire,2288,29cb45d6-d339-4ab2-a2e2-40715aa9f3bf
3147,strindbergs,2288,df127554-6649-45f1-875c-0cf099786128
3148,이효리,2288,ab569068-400c-436f-ac45-422fe2fce20b
3149,azra,2286,abd7c966-ed88-4271-9ddd-ee2bbf835faf
3150,bigbang,2285,4ef5ed49-7ea3-405c-a381-04cf84e17d8c
3151,subhumans,2285,3a13b4b9-00cf-4b4c-bc6b-8101190d3c8c
3152,robert rodriguez,2284,d3883e2f-691d-48eb-92a6-770c1dcd98d9
3153,chuck ragan,2283,97417292-3fb0-40ea-8837-5540cfb4de71
3154,marcus miller,2283,8fbabd07-4b2b-4f4c-add5-680429a8c44a
3155,nitzer ebb,2282,d260c14e-2ef1-4d3d-8739-70d517efac8a
3156,taproot,2282,05851234-4e8f-4cc8-b682-a55c23277d9c
3157,grammatik,2281,f97873dd-3a2f-4625-9922-51896fb9d14d
3158,sherwood,2280,958c9a97-5bba-447a-b0c1-2cd4623eff73
3159,elliott,2279,b3250fd8-d202-4d4a-8fb3-1fdf88176aff
3160,kleerup,2277,7859f3f1-656e-4901-9194-f1d177d51524
3161,in fear and faith,2276,216220dc-0aa2-44e2-af63-ee4df4491cf7
3162,wise guys,2275,b86bf49a-9097-4faf-9ad5-ada6dd8fe459
3163,erik truffaz,2274,aecd2d93-082b-4d5a-b519-521f2e18f796
3164,bo kaspers orkester,2273,a91fbcd5-a74b-436e-ae0d-d2f6bb817820
3165,teenage bottlerocket,2273,b2905cf4-10cc-46e2-a2cb-8b40ade3138d
3166,headlights,2272,696a827b-5088-49f8-8628-341d28f9ff30
3167,崎元仁,2272,53a2cda4-31d0-405e-8a9d-5027c2479ebb
3168,jonny greenwood,2268,e9fcfbbf-1743-4f73-8744-ada8da7394ea
3169,nortt,2268,e02f0cfc-4b39-4928-955c-d5a07599bad1
3170,as cities burn,2267,d570eb4d-557b-41c2-9753-bd4cd08defe7
3171,solar fields,2266,a2af1f31-c9eb-4fff-990c-c4f547a11b75
3172,flowing tears,2265,d8c220a3-d9e9-4d8b-96c9-e0f58aa93310
3173,great big sea,2264,41a52c92-753f-4da4-bd9d-a01186cbbf6a
3174,regina,2264,ecaa332e-e229-4bb9-903d-ec763aa71e39
3175,edl,2263,87334a0c-c30a-4b20-bda1-c0d919ab389d
3176,gardenian,2263,ff6b03b8-116b-4a15-9185-0630a15e7b75
3177,funkadelic,2262,cf042013-3edd-46c4-9b0e-a62faac98d0b
3178,piersi,2261,7cf9507b-f008-4652-8eac-017f69054cca
3179,timo maas,2261,71348eeb-0c15-4718-b0ca-5775f78ad5f8
3180,the psycho realm,2260,6531928e-692e-45f8-a7c5-8050e4d0573f
3181,the dust brothers,2259,91d471a1-7639-4a70-baa4-a9e063fb4e83
3182,lifelover,2258,4d591f86-cb45-4cc1-b04b-88d11bea2744
3183,frontside,2257,93c78478-438f-4291-be6d-9e82ef894b1a
3184,onyx,2255,fc0fa262-6197-4c29-8e22-22f0e369856a
3185,the jackson 5,2255,e5257dc5-1edd-4fca-b7e6-1158e00522c8
3186,serial experiments lain,2253,e7805802-e95b-47e5-ab02-5930f6f4cdd5
3187,horkýže slíže,2252,e17335ff-4be6-425c-b8b2-fcbd4fee5776
3188,candlebox,2250,8e9516ba-f417-47dd-a8a5-8998b94553f8
3189,boyz ii men,2248,b42eca0f-9381-43db-badb-1cba080a7dc2
3190,mecano,2248,d67a17a1-1c77-43ef-89c7-c0b57b7fbe6a
3191,sofa surfers,2248,fc01cdec-f2e3-4d43-a1f7-7945ca43618c
3192,the long winters,2248,966bd819-2ba1-4e1b-9d35-72385937e8ed
3193,jagged edge,2247,8b4d99eb-7a54-4648-b299-8e1564d11385
3194,the dodos,2247,c310b8e8-468f-4189-9b72-9589a2ff275d
3195,skroz,2246,3f8aadfe-0d26-472c-aab4-6bd9492bf90c
3196,konami kukeiha club,2241,0fcb6831-ff9a-47ff-a509-45f267aa8c21
3197,no age,2241,55821c25-bd47-4f67-baf8-17ccd2cf1c86
3198,mum,2240,928303db-cf05-4b19-b11c-d3e5cec36915
3199,alpha blondy,2239,88502cc3-20e7-4c5d-b583-ea84ed263db4
3200,Агата Кристи,2238,e4b06dc9-c196-49e1-a20a-554e72d95268
3201,teoman,2237,5b4237d9-d8e9-462b-a76d-558522a5871c
3202,the tragically hip,2236,e86ab653-bec8-46f3-b4b6-a1a866919ef6
3203,dane cook,2234,c5539100-4631-42d2-9766-3157ed0a4035
3204,johannes brahms,2234,c70d12a2-24fe-4f83-a6e6-57d84f8efb51
3205,soul captain band,2233,2580100e-2387-40f8-900a-5e65b88ac018
3206,the kingston trio,2233,78977492-5888-4c7a-92b3-95293e90a653
3207,the toasters,2233,f5d56157-c5fe-490f-bf91-8d200e7f9b5f
3208,cholera,2232,7d825d72-9401-481e-ac3e-4623d9aed9a2
3209,destinys child,2232,a796b92e-c137-4895-9c89-10f900617a4f
3210,hauschka,2232,767026a6-9e39-463b-9d04-ed0f86ac5ee7
3211,jessica simpson,2231,fe37acd4-893c-4b2c-8ad2-7fd394280354
3212,maria peszek,2230,887871f9-3df3-425c-a5b3-90c4d7862190
3213,melissa etheridge,2230,b3ae82c2-e60b-4551-a76d-6620f1b456aa
3214,brokencyde,2229,1f2b4a72-1f47-45fe-8349-0c14cc190801
3215,sash!,2229,29e26734-788a-44aa-8d86-a452bc4232a6
3216,galneryus,2225,679530cc-a02b-4e08-b0d5-68abdf258ffd
3217,obituary,2225,2e8ac3ed-2a89-4377-ba80-790106aba554
3218,raein,2225,ca787256-eec1-48d0-b60a-e21bf033a58f
3219,vince guaraldi trio,2225,744b52c8-509b-4451-abfd-a17d18d4bd1d
3220,carry on,2222,8b7ec36e-63e9-4eac-a4d2-b8c450ceb762
3221,dub incorporation,2222,c3aad6b3-4462-4dcd-a7d9-b2f81c6211b3
3222,スピッツ,2221,0550993e-ddec-468e-b05f-da81bf6f7694
3223,betty blowtorch,2220,3bd73256-3905-4f3a-97e2-8b341527f805
3224,fotos,2220,01c5b492-6002-4780-a2c8-4edc7564ada1
3225,keren ann,2220,8bb436cd-8fbf-48c6-9fc8-a172c27e24ba
3226,zazie,2219,932cb13f-677c-4e63-beb1-fca45574d280
3227,13th floor elevators,2218,e90d9bba-c386-478e-ae84-c54fb07a34df
3228,oscar peterson,2218,ed801bdd-f057-41c0-94fb-76cb5676cd59
3229,mischief brew,2217,d1644dce-5c33-4dcd-8fc5-72003fdc89d5
3230,the promise ring,2216,63a6fae8-d39e-4de6-bfd4-9bcbf489a565
3231,roadrunner united,2215,9fd283d3-f6f7-4d34-998c-36220edc5d63
3232,stuck mojo,2215,1fca058f-7e3c-4855-a492-dfdbb39b9333
3233,october tide,2212,b4a29d12-b9e5-4b78-9639-f12a94e74a37
3234,zion train,2212,3010655f-9ff2-4753-b4f7-803c4118f450
3235,Ария,2212,1f36a3a2-9687-4819-ac55-54d7ff0b8b88
3236,mnemic,2210,49dd7b4b-3ddd-4ec0-acf0-e843abfc1e65
3237,klaatu,2207,dafcd725-9cb6-4347-be21-fd9a950e8064
3238,mediæval bæbes,2207,278fe007-ee33-410c-be59-eabb4b87b68f
3239,alien vampires,2206,27a6451c-ca43-4b10-a34f-2bb11ad5d82b
3240,skrewdriver,2206,fe541f64-975b-479b-82c5-0a63a0a3cf4c
3241,life in your way,2205,5bb916d8-ee9e-4dee-84df-08d6f07a418c
3242,the black dog,2204,a78d2a35-c083-4179-a5d8-49f84e5ec863
3243,5nizza,2202,18eefb0f-7f1c-4ca4-a9b1-d0f2f11bd6b1
3244,arthur russell,2202,f43370e3-6d86-44e7-ae4c-ca098962dcd0
3245,someone still loves you boris yeltsin,2201,c76b85c5-56eb-4b05-9d48-da395e56796a
3246,mc solaar,2200,bbbd2644-b4cb-4bb5-a442-315310f68a0b
3247,bear mccreary,2199,78192f3c-607b-4190-a02b-8e036887b9a7
3248,glen hansard,2198,57f89cad-d2ef-48df-9119-8287b106716a
3249,american hi-fi,2197,f6acd23a-56fd-439e-a69a-99af379d4411
3250,dead fish,2196,5cc03b39-9b7d-43d6-a1d9-321c2e3aec50
3251,gang gang dance,2196,83f1cb07-1745-48e6-8576-428604e67aa8
3252,indica,2196,afd53e92-ec81-4c39-aef6-04e07f18b3d7
3253,ektomorf,2194,c938e79d-23fb-4a26-a5e9-65ea74cb0f1d
3254,chris isaak,2193,479497d4-e7c2-4e78-972e-56e78fac3995
3255,fugees,2193,ea321799-9b1d-4e74-a074-a5facf597d82
3256,Мумий Тролль,2193,f91b9b28-25b7-4064-81d1-f43163085770
3257,artrosis,2191,2f4375ea-6192-4263-b585-5b5c0c682fd8
3258,eino antiwäkki,2191,da23fdc8-91f4-47fa-8315-8400fe1e7cb4
3259,fat joe,2191,a6a4c910-2b22-4a6f-aebe-805b176c47b8
3260,kasia kowalska,2191,42c20d5b-dfac-4a07-bd14-e6b62a447949
3261,uncle tupelo,2191,95c043f1-0bdd-403a-b714-663908d7e4fc
3262,pagan's mind,2188,a2e815a8-54d1-405f-a3b2-1fc9367ed0d3
3263,sneaky sound system,2188,495fe320-091e-43eb-9321-54a20e7c3f98
3264,swod,2188,62d34f46-7e70-4a5a-b51c-9c1fdc4fdca2
3265,honor,2186,b605527f-b6d9-489f-8200-dd1f22f21b72
3266,polvo,2185,a57e5515-555a-42d6-a92a-465deac3fdd1
3267,la coka nostra,2184,0051db34-6ac5-4e73-ae8e-b11d3a7746b8
3268,marek grechuta,2184,17d126de-97b6-458b-8b19-7615c19a0a79
3269,the loved ones,2182,533ef679-c1f8-4ea7-b4b9-4aab518e556f
3270,laleh,2180,96e2e78e-1e22-45b5-af33-7d79a91ee308
3271,carole king,2179,bf6c29f5-b69f-4842-9031-37f9645d365d
3272,glass and ashes,2179,e1b26acf-c96f-49ab-8f0d-b98dec51da0b
3273,raised fist,2179,abdad1b2-f4c6-4d13-a67a-f8e4219f83d8
3274,two lone swordsmen,2179,e3b208cf-b18f-450e-a661-79f4eabe8090
3275,gipsy kings,2178,44a7f7d5-79df-4f44-8f5e-02dfc0626904
3276,jeff deyo,2178,e0ae9b18-f213-41fd-9d1b-cfeaef1736fb
3277,traveling wilburys,2178,4387b544-e4d0-4f18-b74e-d4a5ba1582ab
3278,alphawezen,2177,499c7cd4-0944-4333-915e-97f76d160087
3279,cage the elephant,2177,b41b38d4-ef3e-4f37-8c75-cfe9af999696
3280,neal morse,2176,c0926f5d-098c-4f29-a463-5489b43a273a
3281,smokie,2176,165e2705-abf7-4f1b-8971-4ceed8769c4d
3282,israel vibration,2175,ffce4003-a756-46c0-b062-2e942de13d37
3283,corvus corax,2174,a0a17e6e-d396-45b5-a141-b4a82ba0bb9a
3284,republika,2174,116a9ec8-148e-4b3d-8fb9-3d995cc4159e
3285,mad season,2173,bfd085b8-0bbf-46b3-8ab9-193bca5c85e7
3286,despistaos,2172,7ca72400-cf88-4bca-9e2c-d040661776ee
3287,engine down,2171,65c54877-7b81-4cb1-8e6b-dc14fbec8b43
3288,endwell,2170,5b5f119f-f9dd-49e1-8d2b-72e267340570
3289,celph titled,2169,53d11d2d-4c2b-4bf9-91ed-82714f525c95
3290,david holmes,2167,a53f5eed-f9f1-4cf1-9994-4c9374904790
3291,bobby mcferrin,2166,a996b5bd-db99-4257-b036-336f63448aa2
3292,every avenue,2166,27cb81c2-0a39-444c-bd73-101c14393a4a
3293,cinema strange,2165,9299f68c-6b17-4d94-abd1-160a05aab81b
3294,tilt,2163,ca2c20d6-1abc-4254-a7eb-451ce7dc6e66
3295,peter hammill,2159,3b972356-4410-4858-ab9c-6e3c3cf76609
3296,ds-13,2158,5b56f4e5-65a3-41be-a1ee-572d8e39b3e5
3297,the sugarcubes,2158,95303251-46d5-4239-89c8-eaf0b0947a11
3298,havoc unit,2157,a0f3709f-65a1-49cf-8968-ee481523aa8f
3299,leæther strip,2157,37e8a831-340a-4bc2-9a33-bdf3a6b802d9
3300,thousand foot krutch,2157,1339fab0-3ad8-4b8e-afac-7b7ae34509c7
3301,annie,2156,2a9ea5bf-fc08-4fbc-ab73-17afa7906a52
3302,allister,2152,651a5df3-ef1d-47c2-97df-6fc2637e9c48
3303,psyche,2152,98f61162-a4f5-454e-b4a6-2b3b12724505
3304,army of the pharaohs,2151,7d40d33b-35e7-422e-b688-ed61726df745
3305,da vinci's notebook,2151,f62d7df2-aace-460e-a9bc-d1d01c06e6ca
3306,don johnson big band,2150,af409a28-59b6-4a22-bead-aed6ebcbf32a
3307,jenny lewis with the watson twins,2150,4b179fe2-dfa5-40b1-b6db-b56dbc3b5f09
3308,conor oberst,2149,0eee89dc-7d86-4a15-97be-011652c49288
3309,franz joseph haydn,2149,c130b0fb-5dce-449d-9f40-1437f889f7fe
3310,logh,2149,4e091d80-b219-4980-9317-1a484394a84b
3311,orchestra baobab,2149,30331c85-26d4-4daa-9f66-3075cac4c20b
3312,capdown,2148,bcbbec8d-dc0d-441e-a526-99b991a2f6dc
3313,morandi,2148,490db27e-d941-425a-abbd-2c2b3e03f5d1
3314,zozobra,2148,a6b8ef30-1d47-4042-9b29-3963e4cd7a7a
3315,bran van 3000,2147,0dd79a1d-021f-4159-8a7d-d9c107e52a9d
3316,alien ant farm,2146,8ac6cc32-8ddf-43b1-9ac4-4b04f9053176
3317,piero piccioni,2146,52e50090-9a6d-463b-9cf9-ea5de196026a
3318,dahlak,2144,6c5be8fa-703c-443e-a0ee-29eb42d2855e
3319,sr-71,2144,d3262e47-222d-48c4-b57e-0ea1465709bf
3320,intronaut,2143,1f40816c-9b2a-4a79-85e0-842b4841f930
3321,rosalia de souza,2142,6c51e42b-3e64-4bbc-9c9d-c9d452d2870d
3322,biohazard,2141,be5fe2ab-007c-4610-8d53-d81675d06a09
3323,soulive,2140,8b1bdf8a-69dc-4c73-b6f9-0ae6f9cdcd31
3324,gil scott-heron,2138,b5b89643-c488-4f39-a302-25cab31084a5
3325,andrea bocelli,2137,c5a0a216-c33c-42dc-92b8-4b60236f8dad
3326,halifax,2136,4b8eac36-8a77-4870-99ef-4cb0d2a34712
3327,panda bear,2136,fd3c3f9f-a471-498e-ab3a-940ac20b6bbd
3328,devics,2135,2cce570a-2a0b-46fa-ad23-7daccae26f87
3329,balkan beat box,2134,aaaca27e-cbb4-42d8-91be-57e902120817
3330,quinto andar,2134,667f12b2-f1d2-40be-b17e-8bb0868338ac
3331,w.a.s.p.,2134,171cbc8f-8ab3-4aec-9916-f0bdbe26bb79
3332,lafee,2133,118d797b-69a2-4ea4-8ddc-9193644140fb
3333,the world/inferno friendship society,2133,a5931809-d6c4-42cb-9256-c2ff82415f1e
3334,vanessa hudgens,2133,9da7ed18-20fa-4279-88c8-94299728236d
3335,his hero is gone,2132,fecd5da2-d4b1-4458-8626-dd0eb1f5cdf1
3336,hitomi,2132,971280a6-c66d-40bc-9f77-c2fe726a41d7
3337,shantel,2132,fc79b760-fc4a-4efa-b0e5-f0387d7cd25f
3338,quique gonzalez,2131,27e948aa-6b38-4da2-acf6-8459964a130a
3339,the wedding present,2131,707622da-475f-48e1-905d-248718df6521
3340,eden synthetic corps,2129,323a71ef-3b14-4377-b2e6-8b859b1cc901
3341,gothminister,2129,07f59ab8-32ff-48ad-a9ff-866078e1a2d5
3342,gondwana,2128,26962985-3e12-4f0b-a87e-68306e08b0b5
3343,koffin kats,2128,04bb4b4f-538c-4e54-bc1e-594825bde32a
3344,melody club,2128,0671576e-244f-4b16-b168-6f860c967329
3345,the field,2128,e5d87018-16a1-4a05-acfd-6a4809ac62f6
3346,curse,2127,fbaf138f-4be1-4737-9820-37b0cb98528a
3347,parliament,2126,d1947987-9614-49ae-bd36-8000e6b6f7d0
3348,paulla,2125,40e00334-23b6-4d01-939f-3f82f10890c0
3349,c-lekktor,2124,3a4af5c1-9bc6-42fc-9a82-ce7a343173a8
3350,maceo parker,2124,7ec0b91d-c6ad-417e-934c-decfdc45bada
3351,sharon jones and the dap-kings,2123,8d50cd20-34f2-4abe-ba16-0759ee0fb9f5
3352,village people,2123,f19d3d49-be22-4ca6-9903-64d86984fbf2
3353,billy bragg & wilco,2122,3c3c2903-2107-4f79-aadc-319c118f35ba
3354,kaskade,2122,29ed4a49-fb99-4a5c-8713-609cabe6f34a
3355,liquid tension experiment,2122,bc641be9-ca36-4c61-9394-5230433f6646
3356,turin brakes,2121,2ecbd923-9daf-4f18-9250-e482ccec4c28
3357,all,2120,4c24da0f-6cc1-486f-99d9-b72971fcb2c0
3358,better than ezra,2119,7986c185-d91d-4204-8ee2-eac5d503fe39
3359,this mortal coil,2118,60ef8ddb-7676-4056-a357-9a8c228d03a6
3360,光田康典,2118,118bf512-9ce9-42a5-95e0-10359bb3e3ea
3361,dälek,2116,4f2c4842-f90f-476e-95d3-8e868ae4d745
3362,favorite,2116,ce9b3250-5d07-42ea-9da8-315587352a07
3363,gillian welch,2116,2ff49515-1701-4bac-a53a-04345893f3f3
3364,buddy guy,2115,4336a134-d091-4e54-9967-c7c433db6d4e
3365,illa j,2115,cd8311c0-71b4-463b-aeff-dc84683c46be
3366,tilly and the wall,2114,4c730f5d-a27c-49fc-b505-23c2c61a6840
3367,takkyu ishino,2112,d22cd501-9f68-4a1a-a15d-5626e58df43e
3368,the casualties,2112,d2bf45ea-1d83-4fa7-9613-459071a08cf1
3369,tyler heath,2112,ce1c64b1-6ce5-48b2-9d06-f23c41c82a9f
3370,von hertzen brothers,2112,298c6d13-4757-437d-a3a6-07d0b3255e5b
3371,go it alone,2110,4dfd0e42-47ef-4c22-8b0b-46758c4808c2
3372,newton faulkner,2110,ef0344c6-e24d-4fd3-be7e-c4eb9f62be2d
3373,ariel rot,2109,86c4c7dd-5289-4c49-aee2-28318a70984b
3374,lasse lindh,2109,40fa3a53-cfef-4294-8aa7-b03f06e8277f
3375,mushroomhead,2109,6e755d2d-0b47-449d-b03f-fcacec33aab2
3376,2ds_1gf,2108,
3377,high places,2108,ffaff287-8849-465a-81f4-501a49eafd42
3378,apollo 13,2107,01a40806-abd3-4327-aa13-df0d8e8a82be
3379,boikot,2107,e8c70743-2890-402b-bc49-539b609a33bb
3380,deltron 3030,2107,ce886f30-8b8f-4cc8-b854-3749291350fd
3381,junkie xl,2106,eb3f70ce-f226-428f-8d7f-046c8dbfd98f
3382,mario,2106,f236134b-7ebb-4ba8-b155-1791193d05ec
3383,racoon,2106,1386778e-e0ca-460f-8a6a-e09c21b2b079
3384,chrome,2105,3b35df0a-6181-42e3-9e81-b93f681d636f
3385,isan,2105,270ab891-a8f7-4887-b5b2-7d8e95172a59
3386,jets to brazil,2105,675ec992-a8e4-41f8-b28b-1aad0c8a9ad1
3387,sinéad oconnor,2103,c78a77fa-507c-4c07-947a-0355029453bd
3388,neuroactive,2102,7da7ad81-5651-4d9c-b513-897478edfa34
3389,swing out sister,2102,d12b5853-71eb-41d9-8d18-a4259477848a
3390,almora,2100,74cb18cd-0306-435d-80c5-ccbf3816b203
3391,u.d.o.,2100,3fef3bbc-53eb-46f8-8679-980d0c943c34
3392,oxbow,2099,77ce400e-ec88-49d6-b5df-14356ec708dc
3393,dismember,2098,49c15d5f-469e-469c-ae94-89e8d31106dd
3394,my brightest diamond,2098,15f835dc-ee52-4b74-b889-113678f54119
3395,lullacry,2097,8c9ad692-0b05-4388-a66a-e002ee787ef3
3396,jarabe de palo,2096,38b511a2-76fa-4a1e-9b7a-e2a6efa6399b
3397,malice mizer,2096,3897cf7f-9aac-4eef-aacb-ca0accdee9a2
3398,the secret handshake,2096,432c7522-87c8-46e0-8c9e-6df1c6c09a24
3399,the teenagers,2096,b3b5ceef-0d3e-4191-a621-5e97d6ed3d97
3400,luna,2095,dda04604-b50a-4bd1-8780-77564c659dc0
3401,ltj bukem,2093,28c1b7b7-355a-48b1-b2c4-75b8eb8080ef
3402,oi va voi,2093,c5a05cda-2f00-4566-9e1d-7b366fcdbfff
3403,eric b. & rakim,2092,925228de-bbe5-4c7b-b76f-78e382ec9148
3404,the crash,2092,03f500d3-c54d-4b41-a3a2-49bac9349c2f
3405,entrance,2091,6af4b521-0a16-4396-845c-99dcf272347c
3406,maija vilkkumaa,2091,5de56a0c-8860-4f7d-a819-51b8dd993ae6
3407,secede,2091,8c0e714c-f10f-40f1-a684-81b31c003a58
3408,woody guthrie,2090,cbd827e1-4e38-427e-a436-642683433732
3409,ingo pohlmann,2088,
3410,the thrills,2088,048fad7a-10ba-4f9e-b305-580fb3ce32a4
3411,rza,2086,29c28ac3-27c5-4822-8eb6-0af89a3a7240
3412,alabama 3,2085,d2101821-81ce-4137-bd14-7ed09ecf5531
3413,tom mcrae,2085,9f5a87ec-0201-45ba-8b03-3b9e0b50a112
3414,plump djs,2083,870aaacf-ef15-4633-856b-212a1054377e
3415,tullycraft,2083,1d25e697-096d-43b1-94bd-74e0619c5567
3416,swollen members,2082,7ff86f63-f50b-45ca-8eb6-c391926e022d
3417,eugene mcguinness,2081,a2ba96ae-a29d-4fe9-9a20-5d08c90f1313
3418,annihilation time,2080,5df360c8-b3c4-49c6-9b2e-9f68996b638d
3419,bugy craxone,2079,238d675c-ae56-4806-b6ee-a9f6adcf7d01
3420,raekwon,2078,4e954b02-fae2-4bd7-9547-e055a6ac0527
3421,ten yard fight,2077,c051f242-5907-42ce-b25f-678f14323dac
3422,ratos de porão,2076,0a61f71a-92e8-4d3e-adc0-e44469aba069
3423,rob thomas,2076,e42680f7-e439-4666-9c2c-536c2b3c6db3
3424,terror punk syndicate,2075,a9b0f181-dec5-4a14-977a-029d41eb9798
3425,casey jones,2074,1fd360d2-61ec-4236-86f1-cc1bdc93a583
3426,dødheimsgard,2074,fa6b8030-067f-4f80-8ba3-8585b9cb9cfd
3427,acda en de munnik,2073,60c5c7a0-95e1-493d-ba2e-3d548b5947f0
3428,glenn hughes,2073,78692212-af57-402a-a291-3938ca356500
3429,these new puritans,2073,95bab79d-e5e8-4d7a-9368-d51430763c69
3430,sparta locals,2072,81f9393c-e5d0-4fc3-b91f-e0a963f7597d
3431,jean-jacques goldman,2071,0b3819e6-3fa1-4a50-a84c-f2a62643185d
3432,helltrain,2070,7570eda0-57d1-40f8-9018-02a9cbfb0687
3433,garou,2069,76f88542-fd2f-47a1-9be0-5d55df793aab
3434,anorexia nervosa,2068,c2a736b7-8ed5-4c68-b2cb-0a55fd8151de
3435,cliff richard,2068,b5c2fdfc-d037-45b8-84f9-09ebb7ff8aa1
3436,felt,2068,6999f790-25f4-44a3-b745-1e3e01fde0f5
3437,hateen,2068,61aaaf38-2bfe-4cf2-b471-907c6d5a14e3
3438,trespassers william,2067,22fec580-f9fc-4baf-b8b1-3bab79be8ec8
3439,elastica,2066,46693641-1e2e-4aae-80ed-6b28170de63a
3440,lia,2066,9d9d1d36-1fed-44e2-9069-9398284e9f6c
3441,spinvis,2066,5a87d06c-2123-450a-9388-cf121eeb8729
3442,stick to your guns,2066,07ef6bdd-20c8-4f2b-ac87-463f65b90768
3443,omnia,2065,300aae2e-8277-4b51-8d2e-07c078f73b4d
3444,satanic warmaster,2065,cf9e4560-c798-477e-8fe5-93423009b71b
3445,フジファブリック,2065,8f026642-9e02-4f1b-880d-0ae7894a3e92
3446,pig,2063,b8964f14-e88f-4070-8ed1-fa18ac44e034
3447,the cool kids,2063,fca8cdfa-120d-49ec-b1da-0ff8aa90c3ab
3448,british sea power,2062,8830afec-83b3-4213-aad0-f6377f1d73ac
3449,vanna,2062,ba9af8e5-c8b3-4038-93a0-ee1e935ebce4
3450,the vandals,2060,f54fc7c3-3a40-4f26-83cf-328d9b097e93
3451,kammerflimmer kollektief,2059,084e53d6-ee8d-4787-9835-f1748a6b3d09
3452,la quiete,2059,08f1e9cc-9f22-46f2-9a7b-c6e53e2aa210
3453,murs,2059,29776960-786c-4086-8079-ef5b83a0054c
3454,ltj bukem & mc conrad,2058,
3455,ash,2057,99164692-c02d-407c-81c9-25d338dd21f4
3456,ziggy marley,2057,7c09d8af-895a-4337-bb46-b4b6dcabff10
3457,farewell,2056,dbd72458-d9dc-4f81-b23d-350fc13018dc
3458,booker t. & the mgs,2054,377015fb-c02f-4b05-960b-e0df6a7ea99e
3459,dark moor,2054,d0400f72-c2df-4cb3-81bd-72fa19aeaef8
3460,silence,2052,89c0663c-f400-4c04-8d06-5ec029d9d0a1
3461,born of osiris,2051,132ca1ea-0891-420f-b129-50247bb144b5
3462,川井憲次,2051,c50e52e1-01f4-494d-b1ef-376fe3581d90
3463,12012,2050,4f9541e2-1a8c-4303-a87a-7dbe0d80a6be
3464,greeley estates,2050,0c559a85-776c-4cf4-b18a-f3fe6a105e18
3465,meat beat manifesto,2050,dcb2955e-ff59-4ff2-a608-cbb90ee3ac38
3466,mind.in.a.box,2050,6fe25812-9155-43a1-b5af-8371f90a4f59
3467,suburban kids with biblical names,2050,f08765e5-70a9-4e43-bae0-987302a598d2
3468,spiritual beggars,2049,608cce09-a3fc-4063-b51e-7d7b6a86fd9c
3469,chic,2047,a4ed036b-5f18-439c-b1e1-96d205bab255
3470,el canto del loco,2047,ee74192c-d21f-4de7-83e5-eed93e07ac07
3471,hayley westenra,2047,4a30a21f-268b-4c2f-a4d8-a2f453032457
3472,pede b,2046,38a487a6-1399-4970-81ab-0ca43863e19d
3473,subtle,2046,d42d210e-b903-42c5-bd85-48c91218dd44
3474,the beta band,2046,0d82f0cd-107a-403f-a726-ac7287cbea65
3475,7 seconds,2045,3594dd1c-1267-471f-a6e2-78978bb3e024
3476,cattle decapitation,2045,0bfb489b-7da8-4b28-b144-eee7599ed1e9
3477,toxic holocaust,2045,b1c00b61-2673-458f-bba3-7470712a3b94
3478,coldworld,2043,2f253ad2-e391-48c3-a79c-f44b9a8a0981
3479,henry purcell,2043,ddea5540-2c7d-4266-8507-b367c2635d35
3480,stephen sondheim,2043,bcd6af9f-afa8-43fd-b1be-acbbbb2f7dc7
3481,aldo ciccolini,2041,f546711c-dda9-41cc-8bb8-6f7e7ddd71bd
3482,randy newman,2041,da7bb7d8-557d-4635-9ca1-e6e985525bd5
3483,grapevine,2040,ed498651-bb21-4bbc-8d56-b743ad7c1a3e
3484,onelinedrawing,2040,83af795e-19dc-48d6-b73e-2c14dffb3146
3485,stephen malkmus,2040,eaefd603-84c1-4db4-a72b-0cb718a0cc07
3486,big l,2039,f1c0d18c-6101-4aa2-ae47-8df5b7280fde
3487,the (international) noise conspiracy,2039,97da5eb3-79a5-4195-b98e-3d10ef946b08
3488,westlife,2039,5f000e69-3cfd-4871-8f1b-faa7f0d4bcbc
3489,el mató a un policía motorizado,2038,9eaf4321-20b8-4611-bc82-493a361104e3
3490,lila downs,2038,ad29ae1c-2eda-4071-9dc8-31910e7e546c
3491,the advantage,2038,31e48c9d-8deb-48f5-83c3-67edb20d7f5e
3492,johnny thunders & the heartbreakers,2037,e9e0b6d6-e2bb-42e5-993a-3aa69a4ec67d
3493,attack attack!,2036,82e44166-4b5f-42bf-bf34-05637d5096db
3494,deep dish,2036,f1b1cf71-bd35-4e99-8624-24a6e15f133a
3495,firewind,2035,75932af9-3c2c-4a93-8e5a-2f2cf0f2d647
3496,smoke or fire,2035,e601c7cc-1939-469a-ab36-7eecbd448be7
3497,heaven street seven,2034,66be4dff-b8fd-4bd5-80be-c3ab8adf5206
3498,the cult,2034,8846e4ff-0c19-4af2-872b-7a8dc7497f68
3499,fragma,2033,ae79ff82-e327-4230-9b29-880d92634365
3500,soldiers of jah army,2033,c97c748f-d375-41a6-875d-25843f73ba6f
3501,vennaskond,2033,06ec7d7a-c91d-4e50-8f98-83ac674a3344
3502,big cyc,2032,8fb30a98-95db-4117-ac7c-cba05b945450
3503,peter doherty,2032,94f6def3-dbfe-403b-bb40-d324c8c13fbb
3504,the red army choir,2031,
3505,scientist,2030,90d63976-5e70-4c73-a500-eb67997d6ed2
3506,styles p,2030,6c81c5d0-5159-4be8-b774-aa8397ed5a93
3507,through the eyes of the dead,2030,cfa9ad16-ecce-44c5-ae07-cc340d0a9afd
3508,high and mighty color,2029,23b8b593-44ab-4ecc-bb56-07b9789bbd4e
3509,tanzende kadaver,2029,915792fb-48f0-4a43-95b0-3b60f2244072
3510,the 3rd and the mortal,2029,f6cb994c-0e70-422a-a172-23d8f1eb0cb4
3511,luciano ligabue,2028,d5b0dc28-2f22-4f7d-adfb-ebbc30fa6d48
3512,seth lakeman,2028,7f783b40-1685-4603-b2ce-16c52ba82d8e
3513,to/die/for,2028,9a250493-e200-4676-be17-06e9f51091e7
3514,fishmans,2027,d0f25f16-7782-42e8-8047-c16a1cb2b450
3515,dntel,2026,1517c06e-2fe2-452a-981c-b3d9077e0520
3516,張惠妹,2026,aeacef89-e4f3-415e-ac9b-0864f438e6a3
3517,justin nozuka,2023,f8471a38-0575-4dcf-b657-401377ad293c
3518,"harry connick, jr.",2022,fd23e684-270f-4507-9cb0-a0e0d7854d16
3519,cathedral,2021,e659c09d-8ec1-43d8-ab3f-72630b926157
3520,bloodlined calligraphy,2020,75bc0a18-f658-4f55-bea1-0379860e1769
3521,isobel campbell & mark lanegan,2019,b5da400c-9a62-4686-b6fe-91518e57ce5d
3522,the hood internet,2019,b01ec649-f8d1-4cd3-aca6-fb6c3522620e
3523,king geedorah,2017,343ce4fa-54b3-47b8-bd27-b379cf50f7ff
3524,mute math,2017,6e855495-c063-4052-a26d-959c3f226c87
3525,the polyphonic spree,2017,6758601f-6d57-491e-a125-037f382a5ddd
3526,thenewno2,2017,bc5a4268-1553-4ddf-b561-b5e8d094b60c
3527,calle 13,2014,5be7d200-5499-4bba-b29b-1ac554199d23
3528,the wonder years,2014,ae13e1fc-a2b1-4e3c-bfb9-737d3aeb7dab
3529,blacklisted,2013,00330ad2-6d94-4957-b3b0-7ca1ea6f6fd6
3530,charlotte martin,2012,757ffb3e-aab4-4635-a1f8-9a33f42fc3da
3531,the bird and the bee,2012,d08b66b4-8950-439f-bd8e-2dd78dbd7a5f
3532,vanden plas,2012,59b858bb-e13a-4608-b30d-8a4b7f282e26
3533,breach,2011,1ddcc89e-4a4a-41e4-9a2d-891e44302f08
3534,astra kid,2009,eb4f6d83-04ba-403d-9759-463de6ebbab8
3535,william orbit,2009,a7412cd0-e0b8-4fa1-8d24-75bb92a84946
3536,annie lennox,2008,3e30aebd-0557-4cfd-8fb9-3945afa5d72b
3537,doktor kosmos,2008,cbc39346-994b-4bf1-9c7f-94f7d6536bf6
3538,mums the word,2007,4e00530f-3102-48a8-99e9-c5ac9fbd9725
3539,becoming the archetype,2004,66d8362f-4e4f-42be-a2ae-8b81eaa62ab9
3540,robert plant and the strange sensation,2004,c879d1da-2be1-423a-b9e8-31b83ef9bd5c
3541,jeremys,2002,cbaa1f13-6d26-401d-bd65-cac560d2f12c
3542,sean kingston,2002,f7eb3be3-1065-4a53-94d4-e2d0c15c0b33
3543,xploding plastix,2000,b1fedd29-577d-45b1-95a7-d477f0fb6bd5
3544,busted,1999,35b9706f-a6bb-4876-acf3-94fb82c62388
3545,zsk,1999,2f6b8526-0aa6-4ed9-ab0d-7609ab39e194
3546,small brown bike,1998,3e8b6fc8-5fdd-45d4-afda-88717efd80d2
3547,vociferation eternity,1998,a36116b6-3778-4626-8c0f-c3433e725d59
3548,antônio pinto & ed côrtez,1997,04a76bf8-c2bc-4d2d-aecf-d575e99cd730
3549,are you god?,1997,88198e76-9b81-43f0-8fcc-438ae4f723b0
3550,czesław niemen,1997,021810b3-8775-4939-bc99-e97efdfadd6c
3551,pascal obispo,1997,2db6e9c3-5aa1-4876-9ec6-8f18c75d5210
3552,sheila chandra,1997,115bdd7a-8a62-4564-9368-251879248e47
3553,batalion damour,1996,8747e09c-a9dd-4335-aa75-43c5fa2fc6c7
3554,blasted mechanism,1996,5e2a19f4-8e61-4ed3-8ef5-f51e648731e7
3555,caprice,1996,b2b2b0be-b550-45c8-9e8b-1fb1a9243d9b
3556,hannah montana,1996,e25744d3-ec9f-4bbf-8760-7bd3370906ea
3557,ronan keating,1996,f1cd545b-f17b-4d3a-98de-68b695bfe211
3558,northstar,1994,564fc407-34d2-400b-8d14-53535054d394
3559,starflyer 59,1994,250c38d6-0353-4c22-a371-f305d908573c
3560,silent stream of godless elegy,1993,a3e7dbdc-5cfb-4075-b109-e24b44b9bfb4
3561,the dead weather,1993,334bd887-9044-4c38-aebd-4baab851efb4
3562,the murmurs,1993,c5db90c4-580d-4f33-b364-fbaa5a3a58b5
3563,smoke city,1990,7fbfcd25-9ce2-4ef4-9270-e971ea61fb4a
3564,the sundays,1990,9df32318-47d5-4df7-bc68-3ed9e15eb0f6
3565,life cried,1989,7c7e83ea-bcb0-44a8-a42d-92088f751289
3566,peter broderick,1989,e60a4481-472a-42cf-a84d-6a9419e4e5e3
3567,evan greer,1988,185c32ff-b827-4a61-89cf-b466d86d8a07
3568,rank 1,1986,bd5d07eb-dcb8-4d11-b873-908401e92ee4
3569,acid drinkers,1985,3e103047-217b-496b-b54e-1e2db4dd58b3
3570,burning spear,1985,16dad944-c492-43dd-88ed-e0b7ac520c40
3571,jazzamor,1983,930d2a33-3462-413c-ac32-99ecc5cbf8ea
3572,caspa & rusko,1982,03be1f03-916b-405f-ba05-1cc6d338e7f9
3573,evereve,1982,a062327d-628f-46c2-9ec9-78340be3b283
3574,joe,1982,d6864f27-532d-4912-af81-d710d58b1f01
3575,kenny chesney,1981,5dca4d22-d6c8-4e70-8ca1-4543e43353c7
3576,aeveron,1980,01c9db32-5356-48e2-9d87-65e515dc82d7
3577,lee ryan,1979,c6e07b54-f788-437f-9a80-8e46d21aeb77
3578,the blue hearts,1979,3c6972a3-8a47-46ee-9fce-8e8852a33d88
3579,the the,1977,a7409219-a681-4072-adb2-5285106ce6f2
3580,air traffic,1973,c8fb45c8-b3da-422d-a6db-73ac2ee56f77
3581,darren hayes,1973,ec21de7d-2288-4640-a015-edecf6ac147f
3582,the almost,1973,92e1f515-fc89-4577-9f77-addacdaf7559
3583,made out of babies,1972,275563da-6962-4dc9-bf50-7675b834b6b3
3584,kyoto jazz massive,1971,26824a9b-fb6c-4b77-8cef-bf90177ac22c
3585,nazareth,1971,88f219d8-4140-4191-af4b-de81c7c587c4
3586,imperiet,1970,695e75b5-c6db-43ee-abeb-2f3e50d96c3e
3587,nature and organisation,1970,d1de3ae2-7f1b-4d62-b55c-cab9e534a4fb
3588,benny goodman,1969,b09ae88f-4156-4caa-b129-1cacb5e1632e
3589,charlie brown jr.,1969,29b550f2-04a3-4733-b6f5-4e347fac7e11
3590,girls under glass,1969,f11c4f8e-b381-4d6d-b232-2bd52f6175a8
3591,roberto carlos,1969,e43f8c07-2d2e-47fd-8279-dc0e9880882c
3592,blood red shoes,1968,cd830a8f-89d2-4e96-96cb-7a497e51d437
3593,milosh,1967,f6ed9964-eb6b-4bed-81f9-277a2c50a833
3594,the meteors,1966,8df95482-901f-469f-a268-73b34e05dad9
3595,we are scientists,1966,9386b36e-87f3-4716-a219-79a07a4e29cc
3596,piano magic,1965,88861c95-0cd8-4710-81ef-6cecd7ea8ff5
3597,bruno pelletier,1964,e97981e8-2950-430c-bf70-a8d3f9d46213
3598,mahavishnu orchestra,1964,a2be74f5-0735-46f7-a295-7e41aab30029
3599,ottmar liebert,1964,40476880-65b5-4bf3-a8f7-16f168e5815c
3600,phunk junkeez,1961,30989642-c949-40e8-883a-b5b9c3136461
3601,nebula,1959,1e1de8e1-c0b8-462c-9365-f84bc73e9799
3602,decoded feedback,1958,7229faa8-ccb3-4300-af25-a27b290ac2e2
3603,maurizio pollini,1958,afdfd1f3-e3c2-47e7-b861-465678a3dbc2
3604,cordel do fogo encantado,1957,338e7529-963e-4c0a-9271-905833c374c0
3605,vashti bunyan,1957,31aa8446-3dbf-4d22-9504-0f1bd58bf785
3606,barrington levy,1956,8ddf3da1-dfa9-490a-93cc-7d4072319995
3607,page france,1955,de6c2864-ec2c-4bba-9c37-0c3a995bb104
3608,deepak & friends,1954,
3609,it dies today,1954,2d2948f6-570b-4709-896b-f90011fc89c6
3610,jane's addiction,1953,e3434cc7-d348-491a-9dc8-325af3d9086d
3611,taio cruz,1953,ba7d2626-38ce-4859-8495-bdb5732715c4
3612,unicorn,1953,d8bde13d-d77c-4cd9-a81c-3a6a23a43157
3613,future prophecies,1952,c231a7c0-b0bc-4eab-ba45-9c1ff02927a0
3614,melanie,1952,c8c3beb5-d213-40e6-9ef6-d4e1cad59e12
3615,pia fraus,1951,f317c12b-53b3-41f2-9e99-20de13003e75
3616,roll deep,1951,8b6f809d-a078-4042-81aa-659c79c8f4c2
3617,kiuas,1950,ce008ef1-81f6-42a4-8a53-287115f619bc
3618,juice leskinen,1949,d1d914e2-34df-4a84-8fc2-226889c10814
3619,loscil,1949,4f2c565b-ac40-4678-ba61-4fcf3b97edbc
3620,the old dead tree,1949,ffba0d4b-a2bd-46d1-98e0-bf7d08ae8744
3621,dead and divine,1948,78e1912c-56d9-45c7-b574-c85a861b341e
3622,black mountain,1947,4898b9ad-f564-4ff1-9046-b1a16dfd5200
3623,brooklyn bounce,1947,d0e2adbb-6b1c-4631-aa42-32462fdc2493
3624,"the good, the bad & the queen",1947,0f211bfc-8c69-4cb7-9165-acbe4353cb0a
3625,pete and the pirates,1946,0de62cf7-6a41-4a33-bf34-8792d46c1d40
3626,ride,1946,3f575ecd-627d-4f08-a89f-abd46d469c7e
3627,ray,1944,28c0e9a3-b5ba-4f53-837c-ba61e1f3ddfc
3628,zazen boys,1943,3d2cd44b-9e77-4249-9d37-d8028e756693
3629,richie hawtin,1942,76da816f-ea05-4172-ad9e-ffb69c32199f
3630,ez3kiel,1940,3e904023-557a-4cd8-8aec-bfebf68046de
3631,martina topley-bird,1940,ed785ff1-8b1b-4bc0-8a24-dcc831013059
3632,pain confessor,1940,d9d6c4d8-10dc-47c5-a0de-ff260c8b8afe
3633,martin o'donnell,1939,a477389c-9b95-409b-b0b1-1514f5aaa81a
3634,seabear,1939,30f3486e-1def-4fc4-b47b-5283eca9295f
3635,beenie man,1938,0d85b9f2-802d-48bb-aa85-6a9668869053
3636,the suicide file,1938,86336490-e9fb-41e3-9a81-8edfa56785ec
3637,cajun dance party,1937,bb9b2f6f-0cdd-45e2-88b2-e04c13c3d4f6
3638,dave matthews & tim reynolds,1937,a73c7c82-121f-459d-a4dc-6a05f0e7d705
3639,eve 6,1937,ebd2ac91-6249-4e4b-bde1-353a424138c9
3640,stackridge,1937,da6fd5ba-a8a9-4783-adc3-80926d9d3c45
3641,colin meloy,1936,c58ad99e-47ba-454b-abbe-cd72a691b46b
3642,drepung loseling monastery,1936,
3643,anna maria jopek,1935,83234f8f-44d3-4047-8d56-28c9e4966f21
3644,dave gahan,1935,d547b148-cf1f-421b-9464-ce7411ba44b8
3645,bedhead,1933,07ea84a5-34aa-4766-b6d4-e9462a6220c2
3646,sofia karlsson,1932,1ade81bb-18b9-4060-81d9-9a2bfe342c7c
3647,brad paisley,1931,6cfd7ffc-824f-4219-8e27-4b9417700f44
3648,graham coxon,1931,fb56cc34-2ab1-4621-ac18-9bf2895e5f4f
3649,lene marlin,1930,2a141b9a-d109-4f4d-8085-781e7b194bca
3650,thurston moore,1930,8ba48525-d922-42ee-9775-97b7b8f9712e
3651,Владимир Высоцкий,1930,ebe42a0b-6a6f-4eb6-b436-5c0f351d96f3
3652,la ruda salska,1929,db6107e1-f692-453a-ab0e-4566faaba298
3653,timo räisänen,1929,e671e05a-dd3d-4f24-8c00-e84b96890cf3
3654,animetal,1927,08874e35-f5de-4864-88aa-cdc4248a7138
3655,nosowska,1927,9f0c6891-89e2-4042-a4f5-582b48fad0b3
3656,stuart chatwood,1926,31514740-f19c-44e6-bffc-b8cd9375d2cc
3657,anouar brahem,1925,1ffab459-9b77-488d-b224-49a9e730a41f
3658,enon,1925,ce49b1f2-a903-46fc-8b84-b5699f019a06
3659,mission of burma,1925,db9d25d7-a85b-4a29-b2ff-8f5b69ed691e
3660,playradioplay!,1925,19f83189-591d-41ba-9476-22ddd109f426
3661,buffalo springfield,1924,22dc19af-d085-4c9b-adfb-22ec256251f1
3662,varius manx,1924,04f19c9f-f9c3-4645-bb26-7f7211ae7b6f
3663,rosenstolz,1923,c1b620ee-6540-42ba-90df-f0740d42cbbf
3664,the soundtrack of our lives,1923,6fd077ad-3430-4940-a584-9dabf66698c1
3665,Карибасы,1923,76bef6e2-4ee5-469d-8ac7-659154db28c0
3666,scsi-9,1922,ec4e96b9-a5fc-4eea-9c69-2cc2a395f46e
3667,the house of love,1921,cbaf677b-4f80-4663-8c2c-9197ec9d214a
3668,bane,1920,adf5ac61-4d7b-4cbc-95ce-ee2dc486f884
3669,deutsch nepal,1919,5fcdf74f-f615-407b-98c1-da168c6030ce
3670,norfolk & western,1917,4c503aca-2c43-4d8b-be44-f6abc67b9950
3671,渡辺美里,1917,dc3a2f2a-7fa5-4d10-946b-c45f10382c65
3672,axel rudi pell,1916,4591ea10-e654-4cfc-9615-56987c5bcbfe
3673,centr,1916,61464a21-5e88-485e-b0dc-7f2285acac61
3674,pulsedriver,1915,0c7eedb5-42e4-4002-9456-2da98f5790f1
3675,brujeria,1914,53f5c37f-8516-46d4-b66e-bf008cea9433
3676,gummy,1913,40b6c332-51fe-4c81-92a3-ce1f38fa8eec
3677,tom smith,1913,3158bd43-cc99-44d9-a0a7-943c937d2556
3678,john adams,1912,94f46f90-f220-458d-acd6-5f14c55ab9b2
3679,kinki kids,1911,1a07eeb3-bc0c-48c7-ad15-8cbf879c412e
3680,trash pour 4,1911,e5252ad7-a229-436f-8e8b-cc09bb211b74
3681,evans blue,1909,7c1e7bfd-3566-4833-b1ba-76f074c8772a
3682,the black ghosts,1908,f6dcd1e0-ad40-4687-8501-5b9a0d1d74e4
3683,die happy,1907,ca37b54d-a509-4f18-91b4-d083d76fd4fa
3684,falkenbach,1906,533ee016-4a2d-40cd-9ae4-9e3923a63872
3685,mor ve Ötesi,1906,aedd8552-370c-4db0-b0d4-e20d219ab16d
3686,ashanti,1902,a47ed6d5-480e-428c-8ce9-d7a6a571e857
3687,julma-henri & syrjäytyneet,1902,ffaad848-b461-4411-afa7-94987106926b
3688,blinded colony,1901,f493d7f9-2961-4b21-9693-c902375bfc1d
3689,fairport convention,1901,cc60d937-e80b-4c66-8aa2-e89cb57c8b08
3690,velvet,1901,bcee5ec3-036f-4211-a32a-3dfe8afcb4d6
3691,ich + ich,1899,507dca65-be2e-4346-bb09-9682d88633f2
3692,moonlight,1899,63e26875-1422-43be-9e46-bf9e8ae4aa86
3693,extreme,1897,0e6cc5e5-4f03-4993-a481-d70d0e354d9f
3694,monty python,1897,4a5c8526-f8ec-43f1-97af-49722ad88394
3695,ugly kid joe,1897,91f32a6b-fc11-45b6-a243-4dd90eaee781
3696,嵐,1897,1008b912-cbb1-4e4c-bd4d-b9adf6937e8e
3697,the whitlams,1896,07f3dca1-3929-4976-a8dd-ef134d62c0ab
3698,greg edmonson,1894,ffd7d8c2-21f3-4f29-ba4e-66d9246f4ce7
3699,sea wolf,1894,81be1ffb-da44-4449-abdb-40d5b34192f9
3700,kukui,1893,4ff54a55-b96b-4323-864b-fd979ee74064
3701,star of ash,1893,5166880f-8017-4684-a649-34923275c3f9
3702,trim,1893,2151818d-8cf9-4c0f-b992-ffde4bf711ac
3703,elektryczne gitary,1892,cdba86ac-8246-4520-b2c3-1df36431c8e0
3704,nintendo,1892,05e536dd-abaa-4e87-b9c0-678eb59c38c8
3705,sumptuastic,1892,b89b771f-0a04-4e38-9ff7-2d890255648f
3706,abradab,1891,0c87c7fd-8b2e-4da3-a322-e40f2be9e96d
3707,helmet,1891,582fee78-d934-4603-9f5c-1729e0ca36b7
3708,johan,1891,bf96a78d-ddab-43a4-a3ff-9a18dbe2bbfd
3709,paavoharju,1891,4859ffaf-ea83-41b5-83a7-8d72ea26ffe4
3710,alexi murdoch,1890,750e9439-2e5d-4afd-92cc-d23183cd7606
3711,"earth, wind & fire",1890,535afeda-2538-435d-9dd1-5e10be586774
3712,etna,1890,f4145536-bd5d-49a1-a00d-cd1d61c39ae3
3713,james newton howard,1890,f6580b26-77f7-4a7b-8513-6db0476e8f21
3714,panteón rococó,1890,8536d91f-d976-4578-9776-9376a004e4f0
3715,the panic lift,1890,f0585405-e251-43a4-8210-a268e1c8eac2
3716,tycho,1890,cbef45a9-7acb-4325-94c9-70081ac8d1b8
3717,beanie sigel,1889,b544133a-b262-451e-84b6-7bea2e61ce60
3718,patty griffin,1889,6fddcfc3-20b6-48d0-87ba-8211eca3420c
3719,turbo,1887,4918d94b-944b-4fc1-8c0c-25d09c6e374f
3720,ultra vomit,1887,9b1f75d4-46b5-4fe2-8787-027faa1b4f60
3721,castanets,1886,e45cc18b-8cda-423b-8763-91e0303614e3
3722,melissa oneil,1886,7e47f6e2-1042-413f-96ee-3cc99af979e2
3723,menschenskinder,1886,a1bdcc51-65e1-4580-b204-e4a087d96005
3724,sikth,1885,9190d123-55a4-483e-93aa-6ca5f6b24ade
3725,angelspit,1884,8cfaf3df-e098-4722-b840-dbc84d7aee20
3726,haujobb,1884,14ca858e-39ac-403b-bbe0-78e16623879e
3727,cave in,1883,f3c95ad4-215b-4519-8660-84c9f467da05
3728,wirtz,1883,ad34b448-0c37-4253-bbec-b937723d5158
3729,filter,1881,6ae51665-8261-4ae5-883f-1899651ad31b
3730,annett louisan,1879,0a172f7d-b3b1-40bf-833d-192892e04b5a
3731,diabolical masquerade,1879,4a7bcfa1-5da5-4aa7-b2d0-b300904a4e9e
3732,juliette and the licks,1879,bbd2ffd7-17f4-4506-8572-c1ea58c3f9a8
3733,alex smoke,1878,a2caa7c9-2510-40f0-9fb9-88f45cf993ba
3734,boys night out,1878,76b4331b-278c-45ce-b32c-415fcf6a3568
3735,gentle giant,1878,f795c501-1c41-4be2-bc2a-875eba75aa31
3736,milow,1878,cf6e878f-4ad1-4b32-a105-f832c69a4f51
3737,rehab,1878,a5e831b0-12b2-40cf-9d85-313c10a84a6b
3738,east west rockers,1877,ceb1b824-30e0-451c-841c-2c1b427b4c9a
3739,jolie holland,1877,66932740-f510-4bc6-b4d0-160bb1f4c723
3740,the movielife,1877,0a91cea1-52f2-4212-aa2f-7baf3627d71f
3741,born from pain,1876,36934b6c-0232-43e3-92dc-95b6659fe546
3742,kyau vs. albert,1875,088acc1e-6762-4350-8bd7-c8f6fb5178ec
3743,magrudergrind,1875,86547248-6f52-421f-a1bf-a58afde87399
3744,passion pit,1875,daeec599-bf5d-4428-994a-e76ba5f86e2f
3745,tom jones,1875,57c6f649-6cde-48a7-8114-2a200247601a
3746,calibre,1873,afa502e0-fb84-4cf4-b3c0-21ed0c695939
3747,pitbull,1873,d262ea27-3ffe-40f7-b922-85c42d625e67
3748,14kt,1872,4cc6187d-ea7c-4b60-adfa-7cbe83d468b4
3749,dwarves,1872,762e1e6d-ba12-4946-b8ee-dfa0cf9a2655
3750,pyhimys,1871,d6241926-6d71-443b-a28e-4fa1e11ab59b
3751,elf power,1870,a3c97561-1be9-47f9-a74e-5877b2b7c52c
3752,ida,1870,19c960a1-703e-48e4-8286-37b3aee7a09c
3753,skyfire,1870,ba8b72b4-6e97-4175-a0ac-f1702300aca0
3754,pereza,1869,9ea1ba7d-1d21-4208-9b8d-4b2d1cba5a82
3755,lara fabian,1868,7a1daf7f-b972-4808-bc03-2e1e3a79dce0
3756,skafandr,1868,b294fca0-4f7c-4895-8d8d-c300f711a13e
3757,the mighty boosh,1868,ef7b0ffc-03f1-4037-ac2b-ca0ad0d336c8
3758,la polla records,1867,cd3f2331-160b-4ed3-9f2d-f0c54fcc1c63
3759,popo,1865,4c252ed7-4bf2-45f4-8b10-e8763e9fe71d
3760,Янка Дягилева,1865,ca9739ab-d1a3-474c-8061-903c28c07043
3761,brandi carlile,1864,baf05baf-69fb-47dd-93c2-033536b8c385
3762,amerie,1863,56ef1af4-5184-49f8-a972-583f35c2485c
3763,circle,1863,b5bca2fd-5f64-4a54-b508-1b3070e87d38
3764,suburban tribe,1863,ef454227-c310-4a03-80d0-79caec4492a5
3765,bif naked,1862,e9a639e2-3840-410a-bd6d-4e7bdb66734d
3766,w,1862,2697ee1d-c8fc-4a68-994d-cb091f6d3ff0
3767,assück,1861,a2b9a1c3-25a5-4768-b3ec-85ea8f884d4d
3768,frank the baptist,1861,dbe7e78a-7466-4c0b-ad38-99ffe849beff
3769,ayo,1859,cb2972b9-29d1-4d47-b5a8-51e1035a6003
3770,goose,1859,6849ebec-b385-4b41-b5a1-125f91e46119
3771,béla bartók,1858,fd14da1b-3c2d-4cc8-9ca6-fc8c62ce6988
3772,ekkaia,1858,c177a0bc-02f8-412c-aeca-e3223487b2b4
3773,fever ray,1858,f7df5df4-4dfa-459d-972b-1ba051c15ddc
3774,melendi,1858,86d61837-890c-4d04-aeec-30d70ad77298
3775,bones brigade,1857,bde33e02-0665-4f99-97fd-addd9fec12f5
3776,cary brothers,1856,43968c1e-dc13-4559-9568-de8372513377
3777,urban & 4,1856,527678e8-c159-4eb1-9305-c0443dbfafef
3778,fightstar,1855,b7a05028-423c-49f2-a7ac-68591c7cf78d
3779,faun,1854,0f06b40e-8bb9-4c59-814b-540a801f22d1
3780,sandi thom,1854,fcdeb957-b420-4249-a092-946b537a00ca
3781,phosphorescent,1853,739da2f1-0741-4c60-a6ed-f42d49bf2eb1
3782,blue six,1852,008a551c-926a-48ae-aabf-8527fbec8bc5
3783,marty friedman,1850,e43bc702-b387-44eb-865b-3e4f93461c44
3784,spank rock,1850,6b55530c-efc2-46e1-9703-d9c08cacf6af
3785,tangerine dream,1849,23d8426c-18c7-46e6-a51d-7395bd43c641
3786,kapteeni Ä-ni,1847,10f1e291-8837-4d13-bf77-9cdc03b19a3d
3787,jucifer,1844,10522be6-0685-4b33-bfe0-28c5b656fe6d
3788,planet funk,1844,9bc0a9a2-e909-488b-ac31-d0ddd88ab1b0
3789,r.a. the rugged man,1844,6ade6e8f-2e84-4b90-88f0-17b623bb4165
3790,janove ottesen,1843,436227b6-870d-4c50-ab78-73e603c91ae2
3791,muchy,1843,f96627af-7aac-4e16-9245-c5661eb47199
3792,steven wilson,1843,3a51b862-0144-40f6-aa17-6aaeefea29d9
3793,van der graaf generator,1843,b892f72d-05e2-4ff7-b863-3d5dec6331fd
3794,kid rock,1841,ad0ecd8b-805e-406e-82cb-5b00c3a3a29e
3795,across the universe,1840,
3796,authority zero,1839,d17dbc4c-7cd4-4a81-83cc-f49f786455f9
3797,none more black,1839,a1f28c75-e6aa-4d63-9b01-3be42c599fab
3798,deathchain,1838,75f4b30f-cae2-4812-9953-2e6969a16934
3799,lucinda williams,1838,21685b15-3074-446e-aa1d-ff7157014f53
3800,the ink spots,1838,75f47650-8a52-494a-8334-c5279bc6db09
3801,turn me on dead man,1838,210bc513-812d-4f74-a67f-e44ab4235f27
3802,lemon demon,1837,6b014cfd-4927-4187-a741-715998e6d785
3803,lush,1836,697801d1-68b2-4413-a7e4-0ef507d21cc1
3804,nihilist spasm band,1834,8ca2babc-3c9c-411a-91b8-9873592d006e
3805,cesária Évora,1833,ceafdf2f-bc18-4b99-8c71-d1834b0065c3
3806,twilight,1833,d35cfb7e-f83b-4a64-b945-7bcb3f921b5b
3807,b-tight,1832,0d43522e-0a68-4fec-96f2-1b74e687cbdc
3808,martin l. gore,1832,e08ac443-f1d2-4666-abd1-fa5859592981
3809,cyne,1830,807b64cd-585e-4433-95ac-b06842574bfa
3810,lee hazlewood,1830,56d9908f-548e-40c1-837f-cd006d79d3a0
3811,pride of lions,1830,f4788b66-44ae-4c36-bd23-06e2485b9d10
3812,steppenwolf,1829,12ff8858-bfcb-4812-a8dd-7e9debf0cbee
3813,foje,1828,617f85a4-ca8a-454b-8502-902744b6fdb7
3814,michael gray,1828,cbb81bc6-fc8f-4d90-8a56-b5e0b357de3a
3815,鷺巣詩郎,1827,9b127d23-f877-4541-83cd-44f46393dfb7
3816,bernard herrmann,1824,74cad662-0eb6-4044-908e-04680457957a
3817,knorkator,1823,b76e48bd-6cb2-4eda-bbd8-f87ba9c4b47e
3818,jarvis cocker,1822,38550441-d437-4aff-867e-e79bf0c04142
3819,kylesa,1822,e6ed56ae-c477-48fa-a53b-63f6cbc4a3c3
3820,mukeka di rato,1822,04c14908-da8e-4085-be8c-8c9f50635ca7
3821,merzbow,1821,2841d983-f8c3-432a-af02-7407a84580a8
3822,ben's brother,1820,0e7f1604-2201-40ec-bc91-2d23b2df9723
3823,birdy nam nam,1818,3255ddb2-bd7f-4850-b314-bdfa10d14706
3824,vertical horizon,1818,e25216bf-b0ac-4bd3-bc5a-1f82a7d0274f
3825,mono & nikitaman,1817,fa2fab41-614a-4568-b31a-04a8f4bf3f5f
3826,oceanlane,1817,32c7ea49-7c20-4fcd-a539-253a1b8aed85
3827,suis la lune,1817,87c2640f-051b-422c-95ff-df3489054178
3828,dare,1816,6084c9ef-f467-4e01-b27d-1ec9a3ff8b0f
3829,marques houston,1815,94df7b45-d847-4ed4-8606-0cbe6e5a5573
3830,superguidis,1815,2263eac7-d8aa-4e32-be29-dc2f7ef0c248
3831,yngwie malmsteen,1815,8fa5d80d-37e8-4133-9d5c-6bad446c63f0
3832,atika,1814,579030e4-fbc2-4ff8-9ce5-8d7da2bde470
3833,tonic,1813,5f8dfb7a-3cf6-47a1-a361-eb3b187f09f6
3834,大塚愛,1813,e476adc4-d5e7-427a-b86f-70ecc970b009
3835,cabin,1812,eac694e9-0175-4364-8c25-8d2b369287df
3836,the paper chase,1812,3eccf5d4-afd1-41c2-aa7d-70d579097e0b
3837,orphaned land,1811,3877a6a1-093c-4478-b5a6-58a99a1338db
3838,z prochek,1811,279e61b0-7b44-44c1-8b34-980c2375849f
3839,a.a. bondy,1810,ec531e36-150b-439b-9dcd-a6a01c36f44f
3840,nlt,1810,ef226e13-bf2e-462b-acda-7fd85345ace5
3841,bryan ferry,1809,4ef7a9e2-2cf5-483a-8616-ef7791a98026
3842,chris wollard,1809,f8581c9d-c93e-4592-80c6-471b99434c68
3843,claridge,1808,
3844,ricky martin,1808,70ea63ea-70dc-4b63-951a-2c249d2b3b0a
3845,sebastian bach,1808,50f10489-c87e-4df3-800f-be1f8d6bda4b
3846,bill withers,1807,fd1a2d9d-9bb6-44de-83a3-41560658aba9
3847,cocotte minute,1807,3f12e5f4-7433-4b71-96e7-238bc4e630dc
3848,josh pyke,1807,c1e343a5-54d3-46e0-87d3-f1710bfc6a1c
3849,marlene dietrich,1807,191cba6a-b83f-49ca-883c-02b20c7a9dd5
3850,skalariak,1807,0cc3e9a2-7d0c-457f-bd40-c0babe7e593a
3851,chad vangaalen,1806,d5c5c11b-153d-4f28-9525-db5ec1bfe0ad
3852,pinhani,1806,7e498e43-5863-4e38-a1b1-e790a2aebe3e
3853,bow wow,1805,5a50b6cf-4353-4ee9-b478-bd857f9ddccb
3854,archeon,1804,d31a8fc5-768b-4652-bc93-e069e6e39862
3855,thermostatic,1804,63e6598e-f5e5-4517-8184-6cff1cb7bfe5
3856,빅뱅,1803,
3857,hans zimmer & klaus badelt,1802,b34e52bb-6e0f-4287-b924-eb08244b0dd2
3858,robert wyatt,1802,9f041c61-f382-4048-a1f1-33105124bb99
3859,the dø,1802,c3477250-bc5f-44e9-aa0a-144dd2d7a935
3860,dan deacon,1801,8dd73d1a-0424-4581-af8c-ade3edb44c5a
3861,pg.lost,1800,a998eed0-5e5f-485c-8c96-92d02c3f28dd
3862,callenish circle,1799,a1803729-a779-4532-9b52-da39dbd28d60
3863,distance,1799,f8b7ae84-6975-4937-bb46-071290c59061
3864,namnambulu,1799,aff48c86-899b-490f-b5e4-39e80d43465c
3865,the rifles,1799,03cfb17e-9d4a-462c-88ee-1fa348bc3a0d
3866,the kleptones,1797,f73b2b70-33d5-4118-923b-05ba8ad7e702
3867,chingy,1796,2c311e1d-5da3-4ffb-a46e-572981b5849f
3868,mauro picotto,1796,0eb89e0b-adee-4175-b1f0-55a3531937be
3869,paul anka,1795,420c6768-0885-415a-bb59-d6a275121125
3870,2 many dj's,1791,82dc508a-dbda-4954-aedc-28895edfa42e
3871,ely guerra,1791,a49ada03-1486-4221-9864-b826b10bc155
3872,micah p. hinson,1791,3584d6f6-62a5-4453-995c-66a7d6bd7a62
3873,punk floid,1791,28d567e6-bedf-42da-a409-2c73c049f1ec
3874,СБПЧ Оркестр,1791,6bfed576-abaf-4b4a-8526-9dc213fee6ae
3875,de lyckliga kompisarna,1790,f19f8bf2-9d18-4fb5-a184-e76bef751ead
3876,fats domino,1788,e787de5d-49e2-4b1f-9bde-1fd3a671b971
3877,o teatro mágico,1788,978531ce-8deb-4b27-9ada-991fa6f24065
3878,further seems forever,1787,2bc3d11f-58fe-4adb-bfd9-6d316973005a
3879,this bike is a pipe bomb,1786,e44ffeb1-33fe-48a5-841f-48856542a899
3880,aim,1785,8e678953-c97b-435b-af18-2425b6db71d0
3881,black alien,1785,46a7b248-112e-4e62-bc32-aeea5029f53b
3882,erotic lounge,1785,
3883,leniwiec,1785,55ad1880-99cc-4219-a475-8e99d11628c7
3884,robert plant & alison krauss,1785,8f3f7fec-cabf-4366-9c31-06f204b402f5
3885,run-d.m.c.,1785,5ecc3f72-20a6-47a0-8dc5-fb0b3dadeea0
3886,far-less,1784,ac42be7b-a2f0-481b-88de-55784255cdc5
3887,priestess,1784,35075097-7ce7-4719-b03c-c539ef61d574
3888,these arms are snakes,1784,e95a296e-a34c-4496-9a7c-a95683d487b5
3889,jennifer paige,1783,cb710d10-1b85-498e-814c-59c8c5939730
3890,joan jett and the blackhearts,1781,46e63d3b-d91b-4791-bb73-e9f638a45ea0
3891,smash mouth,1781,944e1036-8a03-4611-8aa0-31515a05c848
3892,claude-michel schönberg,1780,e605aaba-e920-456a-9c8a-0836c46d4764
3893,luis alberto spinetta,1780,1fc56cff-f0a0-4ce2-ab1f-ac49cf3b073f
3894,a.c. newman,1779,44f0cb8f-0a56-43fe-b361-294c94c4a67d
3895,jason molina,1779,5aea6812-544c-4a64-bd3d-62c0dd3243a1
3896,epicentre,1778,8a720054-57bc-48dd-9b78-55375edd9a82
3897,the beautiful south,1776,eec43ebc-815a-4105-b1cb-205b8f57b4fa
3898,la buena vida,1775,e766f7aa-ca9f-4f84-aaf6-886a2b97db23
3899,black sun empire,1774,76a2eaff-b6ad-483a-a427-d3a2aa3c4f8f
3900,hell is for heroes,1774,44e1a837-cc5e-433f-874d-913296b57120
3901,김범수,1773,
3902,chad & jeremy,1772,efebc0f3-4ec1-4f83-a3a6-43570ec0b2f8
3903,flëur,1772,cbd47e2d-b0c1-4004-9a37-95187982463f
3904,immediate music,1772,8e58541f-75f2-46c3-b575-9e06584eabd5
3905,jeffrey lewis,1772,6a46ba2a-507d-455e-8588-fb39b3d04685
3906,open season,1772,ac7e1919-18b1-4a21-ad06-1228661eb710
3907,shitdisco,1772,16f82d52-3c6f-409c-a5f5-f991f3abbff8
3908,sylvain chauveau,1771,e0443586-8830-4b7a-91c1-d6876c16d669
3909,"emerson, lake & palmer",1769,ad996aef-cc1c-42ac-af5c-619c370f4b8a
3910,skream,1769,fb5ee67e-e31a-40cf-8b06-5f1a0f53529a
3911,tommy emmanuel,1769,50c629c6-6f22-4bf9-a3c2-f2855e6704be
3912,雅-miyavi-,1768,63ba8239-cac4-402c-bef6-f26da4881da4
3913,two-mix,1767,3f2b91ab-7710-42c2-8955-8beb4c33b559
3914,g. love & special sauce,1766,dbf7c761-e332-467b-b4d9-aafe06bbcf8f
3915,smolik,1766,aaf6e4a0-5009-4664-99d4-1b534277c686
3916,just surrender,1765,a4d938f1-2315-4745-8775-24e91a719d78
3917,the casting out,1765,10011691-6a41-4e2d-9b16-4dc9c904727d
3918,charles harrington elster,1764,
3919,conchita,1763,85880f56-9d0c-438d-aefb-e878900ce335
3920,doom,1763,87a9283d-ae6a-42b0-97e5-a0e439a37c85
3921,dark sanctuary,1762,bfb552a0-7b6c-4069-9936-7d0a9d4f15f6
3922,mitch hedberg,1762,843384a8-2fb5-4d21-91d6-3f4b545fca7f
3923,oh no! oh my!,1762,4b6aeeb8-db17-4d67-a9cb-2d3f8b841971
3924,terrorfakt,1761,4a5ae63c-d6c1-4c5b-8ffa-a91b0e11482f
3925,war from a harlots mouth,1760,0c0d9d09-792f-43f2-8bcb-05b9dc990d58
3926,gravediggaz,1758,7010fbf2-cbfd-4625-b0ef-a7efb9285320
3927,the classic crime,1758,821eaa7e-79b9-4aeb-837c-6acc868ce5f1
3928,battlelore,1757,ff44857a-5f7b-45e5-b1c3-aa76f98ce6b4
3929,doro,1757,f3e5d65a-0510-4dd2-8bfb-0d06e86b6035
3930,eye alaska,1757,6e402a50-c8d6-45fc-974a-5b560b771ced
3931,112,1756,9132d515-dc0e-4494-85ae-20f06eed14f9
3932,denison witmer,1756,4cfe744b-fcfc-4d05-8627-d0f4f3969163
3933,forgive durden,1756,f988a2d6-0785-4b64-aa14-00171dc9d7fd
3934,angela hewitt,1755,d79b2e2c-2e60-4b60-a077-be40e9b65981
3935,modest petrovich mussorgsky,1755,c1380b12-3909-47d8-a5fd-d20e76123310
3936,talisman,1755,b6d0f5b3-a6b3-454f-b161-9bffaeeebae2
3937,grandmaster flash,1754,7db590cd-d7e6-4b36-b4e7-e8209426b02d
3938,monolake,1754,cedf92fe-eba1-45e2-ba16-b1b6af5169b8
3939,pokémon,1754,1a50b180-7c3e-4688-a4bd-d8ea44220218
3940,kite flying society,1753,0721d4a4-6c1a-46e5-bb32-44679c46dfce
3941,the showdown,1753,0f1c6164-8ab1-4410-a788-358d63816154
3942,tuxedomoon,1753,98298c40-5977-4fa2-9085-db36ee51b90b
3943,belvedere,1750,405ac86d-51f2-4dab-8066-06fccea33d9d
3944,exile,1750,9580ea3d-a132-43f7-878a-b46e2be4e822
3945,an cafe,1749,23994c03-de9d-4766-8505-854decf28d41
3946,smile empty soul,1748,c0d35199-d7a8-4d13-bf8f-8997934a0a4c
3947,all saints,1747,a371601f-c184-4683-806d-2eb35e88f0d7
3948,patton oswalt,1746,d9562589-942d-4971-a030-77df0503366d
3949,ザ・ドリフターズ,1746,
3950,cem karaca,1744,802247cc-77a2-4671-a02d-ad25bf90e23c
3951,balmorhea,1743,1507b368-e660-4c15-af94-3f5603561045
3952,Ночные Снайперы,1743,01e10b31-ae0f-49a6-b4f4-5c3dcff9788a
3953,the hoosiers,1742,52fe888b-112f-4023-adc9-f8287f177f7a
3954,the one am radio,1742,5a846143-71d7-435d-a6fa-692f68c2ce8f
3955,andrius mamontovas,1741,663b0be4-8e49-4ca9-b771-58e169e4e628
3956,state radio,1741,e3003c05-9b18-415b-b4dc-2f2369eafb56
3957,karjalan sissit,1740,dd626ecb-6b45-448e-92bd-07e25424ae89
3958,gravenhurst,1739,76079f5d-0166-48bc-8a8c-1998e1e316e2
3959,in my eyes,1739,f8a4cb28-0443-48af-b58a-b2b2ab51206d
3960,spineshank,1739,c622e2eb-dd68-44d7-b01e-bde489c16713
3961,arve henriksen,1738,0efa1646-360b-45b8-bd00-29ae7c0ffc34
3962,Бумбокс,1738,4ab0dc51-a8dd-456a-9f43-8a7845301853
3963,yoshikazu suo,1737,58fbc64a-9b9f-4cac-8839-d454e4e4345c
3964,nargaroth,1736,b4b6743e-45b2-4c36-bcde-e5037ffa0b7a
3965,tactical sekt,1736,6d180939-9a1d-4c96-b329-43e3e3a4952a
3966,jon kennedy,1735,69ead53e-b2d4-45f4-b777-71363fdeff28
3967,merche,1735,4b855fb3-a209-427b-b108-e55b7480a85a
3968,tinariwen,1733,5c98fc12-be83-4246-ae5b-2184192913b9
3969,minus 8,1732,463a94f1-2713-40b1-9c88-dcc9c0170cae
3970,tlc,1732,99790314-885a-4975-8614-9c5bc890364d
3971,the audition,1731,fbeaf468-bc8d-40eb-a530-4f8982b2e1fe
3972,angie stone,1730,82f8dd22-0319-4f35-953c-358b3f883027
3973,atrocity,1730,1e1ebd69-65e9-45aa-8a8f-0930a53cc7ee
3974,siddharta,1730,22516469-fc32-4849-bdda-7d7cadf5e2b8
3975,all girl summer fun band,1728,2aca01cc-256e-4a0d-b337-2be263ef9302
3976,the bluetones,1728,024bea6e-e250-4348-9e69-2dfcad38442e
3977,flint glass,1726,5f2a2f1e-b624-4820-801f-9a387973d946
3978,icon of coil,1726,8a27bc4d-3210-4748-a6a7-b42b768c1ec0
3979,velhas virgens,1726,5ef2c2ca-0037-40b7-bd3e-702eb94b121d
3980,katharine mcphee,1725,7473425a-05ff-41d2-b375-9b213b8bbde8
3981,frozen silence,1724,58ca7612-2b43-4acd-8f95-5e123cf015dc
3982,of the wand and the moon,1724,ab80d6b3-0caf-4040-9a9a-6ed3c88d941d
3983,sdp,1724,5e4d768d-ef8e-4082-a57d-e55534df7349
3984,gabriella cilmi,1723,72ae6caf-4f9f-407e-8c70-8cd195df955c
3985,macy gray,1723,48772747-4cda-4ba8-b470-cfd5a32e05f7
3986,merry go round,1723,2f05bc67-6acd-42b3-8b42-7ad6a6507772
3987,bløf,1722,d7ac3cc7-0d65-476b-9b81-d3e872672a2f
3988,crazy town,1722,8996b655-fbad-4018-b430-1bd8fab43235
3989,alejandro fernández,1721,772a8360-e81e-4647-92e2-195c19efddad
3990,andy timmons,1721,b61cbe2a-04a6-4a4d-8c65-08323318b62a
3991,kid koala,1721,6080c60a-6e87-44a6-a1e1-e5ff3a613818
3992,richard hell and the voidoids,1721,42995787-59e7-46fa-9d4f-d9bb68d27521
3993,blue states,1718,cfd70533-c11a-4e0e-995d-f4ffe6f3119f
3994,marlango,1718,1a2bd2b1-7fe4-4b09-9ae8-96d2a519bf9a
3995,pete doherty,1718,ff041743-15eb-49db-933f-8bc66a4a3235
3996,tera melos,1718,4d436119-8d30-4804-9e0e-164b1bfaf58e
3997,the new year,1718,b3d5b1c9-95df-42ea-83eb-c86b18f61f8d
3998,Łona i webber,1718,288797ec-a489-4510-ba9b-0a783bc12c21
3999,imperanon,1717,70ca0083-d23e-4129-87ca-f70257cd8181
4000,servotron,1717,4b121498-89a7-4543-8f21-8af78c026bbd
4001,us3,1716,b370defd-86cc-42f3-85b4-7c2a8305c04a
4002,john mellencamp,1714,0aad6b52-fd93-4ea4-9c5d-1f66e1bc9f0a
4003,kelly rowland,1714,31bea673-d23a-4889-8da1-7cb040863268
4004,kuribayashi minami,1714,d7218666-b9e2-420f-b24f-378ba6a0e067
4005,martin odonnell,1714,
4006,mihimaru gt,1712,6011bcce-9f6b-4aae-adae-68727eaef7e0
4007,titãs,1712,c1a669b9-30f4-4171-a2a9-a15d9461ca04
4008,ataraxia,1711,a6541e72-bef8-4fd8-9f13-b2ffc484fe16
4009,donna summer,1711,b60527cc-54f3-4bbe-a01b-dcf34c95ae14
4010,epmd,1711,4fa39dc8-c695-4e0e-ba04-92c63d99c9f9
4011,dungen,1710,25c76eb2-a92d-4624-9e30-093fc16ed5eb
4012,gorky's zygotic mynci,1709,4015f3f8-2711-41de-b80b-4fee07373b12
4013,natalie cole,1709,eb45032c-80da-469c-be20-1d09f08ef37f
4014,patsy cline,1709,ad82dd72-0df3-4a09-8d7a-1af9c9e80522
4015,tristan prettyman,1709,926059d2-20a6-4667-8a35-95622b460279
4016,paquita la del barrio,1708,34d5c30f-55f5-4ab2-abce-2456a1ee0e01
4017,peggy lee,1707,5a2463af-eef0-4a22-bc8f-5865fbe9c78e
4018,marianne faithfull,1706,14ed9dea-1bb0-4743-ba32-39674a71da89
4019,youth of today,1706,9ca27db4-f127-4aeb-ae87-29e21f558c13
4020,the sheila divine,1705,65a521c2-e645-41d0-95a4-6dd859e89138
4021,patricio rey y sus redonditos de ricota,1704,956301d0-4b3c-4ffc-9898-b39305d25112
4022,humanos,1703,c496551d-fa60-44ab-881a-baf6d07be942
4023,hillsong united,1702,a29ae051-283b-4703-be3d-2accfa3a75a2
4024,kevin rudolf,1701,2a0cce30-071b-4ba9-bf78-ae76c9eb7316
4025,moss icon,1701,5617ff4f-8fb5-46e7-a498-cb055f087bb3
4026,paulina rubio,1701,5938c629-1d06-480b-9780-859b153af11e
4027,css,1700,23b58ea2-1cc3-468a-9e76-5027e196e851
4028,22-pistepirkko,1699,32b698aa-0bf8-4783-88f0-0758b8543cbd
4029,adept,1698,064295f4-0d7b-4b74-b613-18f4bbe30ccc
4030,ryan leslie,1698,4bbc8087-548d-4484-abd2-5b1f4c1a7940
4031,the eyes of a traitor,1698,ff983178-0e8b-46f7-afd5-98d23dd16ed0
4032,donavon frankenreiter,1697,cf66ee44-360b-445e-bfb8-e20e69325742
4033,panzer ag,1697,548de0a5-c047-4910-98b6-399b7845347c
4034,the disciplines,1696,ff66fa8b-28b5-4d57-9290-2b88fab174b9
4035,ah cama-sotz,1695,e8e8538f-859b-49e1-b4fe-fefb478e355e
4036,waglewski fisz emade,1695,c4b1c92b-5d6f-4f7b-a9fc-3055c7ac072a
4037,goran bregović,1694,883ece23-2779-4091-b527-62eb07ee79d4
4038,lapko,1694,d12ff4e5-3ae3-4320-827e-d09421e09fd1
4039,infadels,1692,30312e56-2ec9-43f1-9378-882ada0cb542
4040,chefdenker,1690,bda93b6e-2040-49fd-814c-57dec5dc2850
4041,brotha lynch hung,1689,f1fa0780-a922-4f0f-b43e-30331b520238
4042,imodium,1689,9235e7c2-144f-47a0-8154-a0fa882d1ff0
4043,komety,1689,37fe6aa2-9a3e-40f9-8c3b-2cb6fc56f387
4044,reverend bizarre,1688,97992045-1d3f-469d-91ce-27afd0bd216b
4045,the bad plus,1688,b9bede5d-89b6-4c43-9c45-ca3930cf4db8
4046,ana bárbara,1687,802c896a-754c-44b3-a7e4-68f032707161
4047,triakel,1687,d75c4530-1b85-412a-a5e0-3461cc56c0fe
4048,Мара,1687,7ee02729-2925-402f-bd97-a21fbfee022c
4049,absu,1686,e4d0504d-a0cc-486e-9f8f-32da470698a5
4050,lützenkirchen,1685,ab0dfe9b-2609-4c2b-9593-58985a070491
4051,maia hirasawa,1684,f36dcdaa-9c61-443d-bbc9-6b60ba90f4a5
4052,the detroit cobras,1683,9b8d6e11-05a4-4688-9d96-ad746bfedc41
4053,소녀시대,1683,b7442f18-d9be-4185-8b51-482510046156
4054,paulson,1682,778d1f9f-ab91-461d-88f9-19f8187cf749
4055,the felice brothers,1682,13804e64-201a-42f0-80b0-510c457c840b
4056,the medic droid,1682,b89144a9-f622-4245-9403-9e5ed32787b1
4057,alban berg quartett,1681,634e882f-d875-4e32-8228-de330b638a28
4058,sabotage,1680,9f2c381d-aee1-4c64-ab3f-48e330d1b8d5
4059,see you next tuesday,1680,b64af6c6-62d1-47cd-ac63-4bd325e04d56
4060,sowelu,1680,c3e34e4f-85ec-42e6-ae00-85039d88cb13
4061,tectum,1680,
4062,vietnam,1680,fb8ffabb-b6f7-46cb-b53b-91ca34bdd584
4063,s club 7,1678,bd5cf3e9-cb6c-41f3-8c7d-e9bda3c4e721
4064,the mellomen,1678,f0d672cb-adfd-4798-87c5-15dd0d9fa47e
4065,elephant man,1677,cd5f7bd9-ee6f-4a99-8dd9-dc3afd9da736
4066,kristin hersh,1677,0b461f11-c7af-4ddb-a30e-5cb0aabb3e7f
4067,the cross movement,1677,f86d23ca-57ea-473a-b2ca-feedf8524256
4068,püdelsi,1676,0cc819e8-2c27-46f5-b686-f8893fc1fed0
4069,risto,1676,ef93da9e-2e6a-49e6-a139-6844f0a428a2
4070,the mad capsule markets,1674,e93424ae-bf3b-426a-952f-cb89bde5db0c
4071,transplants,1674,29f3e1bf-aec1-4d0a-9ef3-0cb95e8a3699
4072,before their eyes,1673,a65291ad-9cf9-4e71-8c19-f593791913f9
4073,de jeugd van tegenwoordig,1673,810eb6c6-cced-4944-8f5a-1e0b15d930be
4074,moja reč,1673,ee5b528a-7b7c-491d-9077-0dea60b29985
4075,new model army,1673,e60e1f0b-1e8c-45e7-9d4a-222db9cb34f7
4076,grouper,1672,7e571e09-887e-4544-b993-eb75e7837ec1
4077,cibelle,1671,f4591a29-b59a-4160-8726-da8001b2c3d6
4078,dear and the headlights,1671,ad96653a-3ea3-4a8b-8cff-d7538ad2452b
4079,howie day,1671,1aff9117-5820-490d-9938-ccad96669292
4080,monsta island czars,1671,cf0dd27a-c552-49cd-8b47-a17229f33f55
4081,gabrielle,1670,d55fe7ec-3c7f-44e7-b9cc-b025c4351f70
4082,the slip,1670,5686efb4-aec0-4cd6-9abe-33fe92b6b7c2
4083,guitar heroes,1669,5687ad42-7a5c-4866-9815-8e2ab8541cf8
4084,Мои Ракеты Вверх,1667,3523a07d-e1e1-47af-8590-7a439e13f361
4085,ruination,1666,bd422766-89a9-4c52-9aab-bc7c783aee7a
4086,fun lovin' criminals,1665,1b15e90d-910c-4be4-99cb-463772a6430f
4087,warrant,1665,9aa0d535-3efe-468c-afda-43bd17d44641
4088,black kids,1664,38f953ac-af97-40b1-b95c-ab35cc0d7a81
4089,krypteria,1664,66882a33-8419-4e20-b0d5-0b3fd33eb626
4090,outbreak,1664,2714402b-9215-4fb7-9772-c2d60d3fb2db
4091,robyn miller,1664,429b1f22-860e-43eb-9f15-3fe44b643e1f
4092,train,1664,bfd5aec5-62a2-4560-a316-7c46c17babda
4093,kryštof,1663,ea759c1a-5ee5-4729-9871-7ddd270469d6
4094,depapepe,1662,c2789b3f-1818-44f2-b3a8-108f7f26bd32
4095,the dining rooms,1662,76fe6c77-7d7e-419b-96d1-b33d5721f6ce
4096,dead stop,1661,7a7e3cea-f45d-419c-ad6a-2f0af12857eb
4097,giuseppe verdi,1661,f1bedf1f-4445-4651-9c35-f4a3f3860a13
4098,川田まみ,1661,eb440023-8eb3-4c92-836d-91e4772bae41
4099,danger danger,1659,4eeef72c-42d3-4c61-a4a2-3613a8c3b00b
4100,horace andy,1659,2027b08d-45b1-4fb5-aa6d-f6ccc4db78e5
4101,lady sovereign,1658,5fc21e44-d663-495a-b16a-7cc641af5deb
4102,mad professor,1658,ea3b97e8-8a76-4ea7-8e6f-3ebf40acaeb8
4103,nellie mckay,1658,881cf2b4-bada-4cd6-8563-c827d997fb66
4104,desiderii marginis,1657,282ca70f-fe7b-4e43-84ab-1f52007947d5
4105,patricia kaas,1657,217794c8-c7e8-4e9b-b5d0-6aeac98e0e08
4106,amália rodrigues,1654,6b605219-90fa-465e-82ae-60d2347bd030
4107,cardiacs,1654,f7338f2a-136b-4d5e-b099-5504cf997f58
4108,djpretzel,1654,3477143a-7c28-42d9-be41-cb641ced3a1a
4109,jaco pastorius,1654,46a6fac0-2e14-4214-b08e-3bdb1cffa5aa
4110,the be good tanyas,1654,bf52f343-a752-4633-8521-9e99eaad8f9f
4111,bruno coulais,1653,c5a0743b-de76-4311-9a11-c49c8733aed1
4112,tabu,1653,f3c28d22-1e7d-4a6a-8162-6a3f4420082c
4113,apollo 440,1652,1ff10dff-7ac7-4e53-bc02-d5c3cbd8448b
4114,embrace,1652,77f049ad-f469-4ad1-8283-7a2606a6722e
4115,rauli badding somerjoki,1652,2b82ac4a-0264-4cf3-98d7-61e5bc941f28
4116,säkert!,1652,96064c1a-fef0-47f8-912b-98322c24af41
4117,common market,1651,c8b259a5-6acb-43e8-bb28-bc09e92eb22e
4118,tait,1651,6f83147c-fc16-48d1-b134-70dce1b46c1e
4119,tim buckley,1651,8546949d-f46c-45ab-8391-85b26dda6b65
4120,tina dico,1651,6bf3dafe-d84d-421d-851c-0c2218446274
4121,chris joss,1648,15c32778-7484-42ae-81f6-ad89614835f9
4122,thornley,1647,d52d4bea-0fb6-40a3-849f-9f3a7f227726
4123,tsunami bomb,1647,7d75def9-7b9e-45f4-9437-22601c5dc862
4124,mfö,1646,3b3d66b1-3e1a-4d7f-a391-8d09fb5f99c3
4125,perfect,1646,9d8a3dbb-2452-44b7-a2ee-ef8a1a1dd006
4126,cephalic carnage,1643,e4bb438c-321d-4130-8f36-5ea4f31a323c
4127,david fonseca,1643,65aaf08a-c92b-4000-9fa9-8f19670ac370
4128,sai,1643,a8b16931-47e1-4389-a0cc-14bd74768568
4129,gossos,1642,f80f745f-e47f-4262-b2fe-17932e91fd05
4130,impellitteri,1642,c87ddc3a-a8f4-4764-9c07-978fb5c8bf33
4131,Самое Большое Простое Число,1642,00fdcb80-f901-4c0f-b99d-b28b0ce05bbf
4132,chico buarque & maria bethania,1641,0349a032-7613-4211-a63d-6d01cde2f4a9
4133,tub ring,1641,1b7c2387-5494-40bb-9e02-8ae816ccb1b2
4134,the cooper temple clause,1640,6af63208-4a2b-494f-a560-622a0c10d647
4135,orlando cachaito lopez,1639,0094b33e-b865-40fd-8913-ba6d66752fa6
4136,az,1638,0506bf37-90d7-4654-9585-b4800dc945d5
4137,boytronic,1638,3bd8aeaf-06d2-4691-99c9-6c3e79326b37
4138,devin the dude,1638,b4e1a0b3-af92-4a4b-8f44-9633f59f7138
4139,karlheinz stockhausen,1638,fd09d776-ddfd-4558-afe7-814420d704ed
4140,teranoid & mc natsack,1637,5dad4a9f-a37f-4336-9af5-62c902c81dfb
4141,matt & kim,1636,28537bf2-22c5-4840-91fc-fcb98e8c7379
4142,olivier messiaen,1636,c6e5c5f4-984e-432a-87b8-b6afa288bca1
4143,the duskfall,1635,0615113b-38c3-49d5-9e7d-cb3261ca1658
4144,blu & exile,1634,f08f7fe3-0751-4984-bb1d-5b7e7a457422
4145,nylon beat,1634,606fab29-6c2d-4fa8-92db-58dee35a1f2d
4146,percee p,1634,be9303c8-d2e1-4e80-9c12-0ba31436c2c7
4147,tom lehrer,1634,359363a8-1dc7-40c9-9337-f5aa507000b6
4148,fractured,1631,ea5ce73a-f0ee-4ff9-a1e1-1700f7716ccb
4149,fuel,1629,2a5a3b60-d468-4b62-a28f-9c410ad3f71d
4150,moonbootica,1628,ef5084da-d69b-4a20-876a-e0299822a7bc
4151,paul baribeau,1628,b92a78c0-ee14-42e3-9c02-479512c79ccc
4152,vinicius de moraes,1628,1c01cf84-07c7-408a-b5a8-7dae0b1312fc
4153,cher,1627,bfcc6d75-a6a5-4bc6-8282-47aec8531818
4154,j,1627,49467279-f0e9-4b55-a03b-cf66b5cf40e7
4155,steve earle,1627,ec863030-7c13-45a3-a025-a69195d3a020
4156,saratoga,1626,4d2250e4-a273-48b0-a49c-5f62dbd1542c
4157,betagarri,1625,0aae7e5e-0bee-4225-a5b5-4d183666e219
4158,chylińska,1625,5b1c75ba-7701-49a7-97cf-ef37c93ba1db
4159,hallucinogen,1625,37186f53-8d72-44e6-81e6-7dfd18223747
4160,tapes 'n tapes,1625,a83ec79e-bcbf-4872-92e5-8c7ca1bb8ff2
4161,blue,1624,9c79224c-70cd-4367-8d90-35ca99401b75
4162,creme de la creme,1624,5c7b93be-009c-4d3d-8e1b-a97aaf78531f
4163,fink,1623,cd3ec2cf-3a76-4f3f-9b77-2135a1d24602
4164,x japan,1623,3f77449d-48e4-4ceb-b869-69af48da877b
4165,joe lynn turner,1622,47cd459b-06c1-462f-8fdd-27721a03ef68
4166,jorge ben,1621,a64448e7-8936-430c-ae77-9f556481a56b
4167,yui,1621,80d1d7e0-fdab-4009-8375-54bd63d74c0e
4168,שלמה ארצי,1621,88f93eab-1bbb-4b02-816b-539af9ba8d4f
4169,nino rota,1620,d52ac009-4ed5-4d01-97d5-8280bb7dd460
4170,bad sector,1617,5385e21a-7714-4b04-8b69-fb5004e62462
4171,les wriggles,1617,0b22939e-1120-4bd3-92db-b78ce52fe025
4172,gorilla zoe,1616,e7840b1b-0fc5-42a7-b05a-ffca943308ad
4173,lead,1616,a3c939d5-6f63-4b6a-a2f0-ddf8524a98b7
4174,faith hill,1615,406552d4-5ba1-4226-b7c0-367bc50fc767
4175,arwen,1614,37b8097d-ca7b-4f33-8f51-b650a82229da
4176,i am robot and proud,1614,bf50d552-3c8c-42b4-9758-7ec8bb4e6583
4177,Гражданская Оборона,1614,16d837ab-208f-4588-89bb-c036b5c5a0a6
4178,ambitions,1613,71e3dc25-0b32-46fd-a2c6-f9f4d5eb5a17
4179,eskimo joe,1613,fe85786b-e560-4b12-824f-69500da555d7
4180,kate havnevik,1612,e7990ab6-0dbe-4438-a7dd-ef0fb1c5b302
4181,negramaro,1612,2aaa720c-0b5b-42a3-bd65-3bf73d0dba37
4182,aereogramme,1610,765e3c07-026f-46ad-9cbc-e06b6a2383f7
4183,ksmb,1610,18f3fbf8-aa2b-42b6-b630-d712609322fb
4184,sidney polak,1610,5d7e3819-31b4-4fb4-bfe1-8d72d2d1ac47
4185,dover,1609,74508b04-b376-4f38-966c-f16d53eab3de
4186,olivia newton-john,1609,10ccb5d8-f9d5-4954-9441-3419b522a214
4187,blood axis,1608,08a6aa47-17e6-4fbc-9173-9e00b75b3a1e
4188,broilers,1608,9276ffac-6d40-406c-a85d-bb3142b8b800
4189,everclear,1608,3604c99d-c146-4276-aa0c-9376d333aeb8
4190,kidz in the hall,1608,402b93ba-ee73-4241-8873-903b931875fa
4191,die sterne,1607,52f2c49e-43c4-4716-bf4a-0eac1c651d3a
4192,initial d,1607,b1a96a9e-46ad-4e9d-a768-8bb4d88e5c3b
4193,carpathian,1606,36e900e0-2d82-47f9-b0d8-1e69b34d9b54
4194,frozen plasma,1606,e9689e45-36ab-4702-aab3-9130bad2afca
4195,kapasiteettiyksikkö,1606,43f0a61f-5318-4929-93b8-4ded4a72cb16
4196,my american heart,1606,f5dcf1ca-1954-4599-bbfd-01a7c140f661
4197,the cinematics,1606,6a3fdc71-8bc4-4aca-827a-717072b60635
4198,bénabar,1605,93942b87-215a-4626-b5ec-bf129d9fa2f6
4199,dead meadow,1605,a60ca9de-acd1-4452-be33-e5b4f0564757
4200,dj dean,1605,b768f66f-3260-41ec-941d-e7c82b1cb87b
4201,massacre,1605,e22e4f7f-0973-4e45-a245-6bb59edbb07a
4202,engelsblut,1604,ea3452c1-7c88-4749-8119-9cdc69a15edc
4203,paris combo,1604,b3365cc7-49b5-4a7f-b878-80487aad59c1
4204,richard clayderman,1603,0baceb7b-6237-48c4-9550-3a02e9a71f44
4205,lisa germano,1602,b4cadc83-7307-4196-9f2f-29ebf1650045
4206,a tijuana trip,1601,7d7e2f9c-d16c-4280-98ee-29eda224baf9
4207,yello,1601,c616aef1-e21f-46f8-864f-b7bad96f41b2
4208,betontod,1600,9ae757bc-89bb-45b7-800c-00959ea371dd
4209,drag the river,1600,e0d76079-f019-483b-8ebb-4e4a4607d41f
4210,sarah blasko,1600,fa319aa2-15cb-4d02-8a0b-7080869e43ca
4211,goethes erben,1599,7f4660f0-5a9f-42eb-8388-28332e0f680e
4212,hermaphrodit,1599,9df0b0e2-935b-4f0c-91d5-d721d015b7c9
4213,nemesea,1599,f6a8c215-8e5d-4def-94e2-3c0dff2f1463
4214,thinking fellers union local 282,1599,1915de2e-9ca2-4d2a-8aca-6d4819315166
4215,handsome boy modeling school,1598,c3f99319-52c7-47f2-9631-10bc7cc8c589
4216,sylvan,1598,2b1827fe-6a1f-460c-81c1-195bd4f30bbd
4217,those dancing days,1598,cb50b2a7-a2cd-4099-961f-e8b71abb7dfa
4218,timo rautiainen & trio niskalaukaus,1598,ba2a3bb1-23a4-4c1b-a6fb-8c93dabaf96e
4219,the royal philharmonic orchestra,1597,299597ae-3a20-4bf1-973e-03704af69f6b
4220,volta do mar,1597,3ffb5171-ad4b-4c1d-9dd4-08b3e47d271f
4221,bitch alert,1596,bb1ac5cd-623a-4678-89a4-20b24e6eec39
4222,dokken,1596,09ade3bd-b110-4277-b923-7dc32e6a3f92
4223,bonnie tyler,1595,0aa8294b-6332-4b65-b677-e3a1f8591d3b
4224,love psychedelico,1595,2367827d-3590-4d64-9cad-3470172b254a
4225,another breath,1594,95259e11-8d0d-4e8c-a301-f0f8a24aad64
4226,brett anderson,1594,a42d2c52-e224-4903-8c6e-fffb2f682fb7
4227,me vs hero,1594,a382adc5-1c9f-42fb-a906-13b3c608cfb7
4228,scarface,1594,7d0b6027-8132-4417-8c4c-ef0bbf9161c0
4229,fluke,1593,3c3d3ad8-3935-4c00-affb-768563916f36
4230,manau,1593,b4f41f07-4927-4787-b688-4f1b170e09e6
4231,pete murray,1593,a683a4b1-e863-4183-84ce-dcb63cca4ed9
4232,alchemist,1592,6689b973-4c79-42d2-9b94-57b23b11b870
4233,idaho,1592,8b7480fd-4a90-4ada-b8d2-8061307f49c0
4234,madrugada,1592,7520c1b4-59fe-4874-8a5f-6d4e6e36e98d
4235,boxcutter,1590,2ae2838b-3723-418e-b994-9907eb5a8e76
4236,moving mountains,1590,637ebbf3-e4d1-44aa-a5d5-119ea7465bdf
4237,rockabye baby!,1590,5a045b09-af06-4348-9ce6-d51b6a370770
4238,bongzilla,1589,fb7659b2-5ceb-45ac-be95-b0c1f832caec
4239,deb talan,1589,4a3cf48e-6367-4c9b-a119-de56647c0d36
4240,jay reatard,1589,6338a3a4-1676-4a99-b2fb-a3f0072f6b42
4241,shiro hamaguchi,1588,1a851e93-ef32-4569-927b-ccd39608ea34
4242,charles hamilton,1587,97daf4f4-34d4-4666-9175-02105a594378
4243,hair stylistics,1587,b977e917-77b1-43c1-8e9a-53f76cd0fffc
4244,patrick doyle,1586,0627192d-4fed-4f4b-bad8-383bb42fa8fa
4245,sebastian,1586,7d609f99-feea-4782-b7ce-ee278324e738
4246,the fireman,1586,23466b9d-f57a-4e73-906f-c11dca8b3723
4247,thomas fehlmann,1586,3970056e-1c2a-4556-815b-010c3acad220
4248,tiktak,1586,cfc6a28c-c90a-47ae-b9d7-f4772986e459
4249,frankmusik,1585,612231ce-633b-4ebc-99bf-9b14e8d1cb74
4250,john cunningham,1585,864e3582-9e99-44fe-8338-8118d55ab007
4251,juha vainio,1585,1a1da243-4387-4a5a-9c84-d667daed92d7
4252,the mary onettes,1585,4bd3c8e2-bfbb-4d61-8fdf-891d672c28da
4253,syrian,1582,b85ea783-e44f-4010-b62c-a39840699c4a
4254,black tape for a blue girl,1581,99d128c0-2309-45c1-8262-1eb9face73d9
4255,noisettes,1581,5221de81-b3cb-48d6-8e60-7c04b5daf02a
4256,666 aniołów,1579,b90be7fa-d592-4cd1-a8e6-437c95f2fb16
4257,mortification,1579,59183a0a-0404-4391-9284-f2f43b5ea373
4258,u.s. christmas,1579,cda335e0-3580-4b0b-8670-74a9c258199c
4259,dishwalla,1578,d6cd2165-7877-4ca7-ace9-34dacadaf393
4260,marit bergman,1578,c2d743f1-0fa8-4255-9b29-474da2491e0d
4261,paul mccartney & wings,1578,31f49c01-b8e0-40ba-b1aa-3754f6fa78d5
4262,maysa,1577,07729ca8-b15b-44d4-881b-6a325f61665a
4263,casting crowns,1576,51013eb4-dcd1-4fd2-945c-e5cf1eb85e84
4264,diplo,1576,a56bd8f9-8ef8-4d63-89a4-794ed1360dd2
4265,hansen band,1576,448d90cf-3e1f-465e-976d-6b2f3d8b686d
4266,nana caymmi,1575,c5597943-f7bc-48de-b00e-4b34c9f8558c
4267,negură bunget,1575,aeeeaab0-7262-4eef-aa80-198c98b2ba95
4268,shy'm,1575,13490c96-493c-46ea-89fa-cc823fd573e5
4269,비,1575,83cc92aa-492f-4a93-86e7-0679e5fb2d2c
4270,christina milian,1573,78e98e0e-f873-4e5e-b4b7-88b7293fd713
4271,texas,1573,7289d10d-d8d2-41ff-8308-c56ec9346e07
4272,the mission,1573,d85e95a3-07c7-4c04-a411-234290615113
4273,blamstrain,1572,5ec4be83-e99a-4c54-8753-05ec461deb4e
4274,magica,1572,6531c8b1-76ea-4141-b270-eb1ac5b41375
4275,lucybell,1571,37ce71ba-14fe-4057-8d66-47e06c31dfc7
4276,paatos,1571,721ba852-8255-429b-9dd9-aaa61508fe4f
4277,will smith,1571,5bae7081-64ef-4473-825a-38d310deb14c
4278,leann rimes,1570,9092d8e1-9b38-4372-a96d-000b8561a8bc
4279,taake,1570,52d858dc-d61d-4572-b70f-cc467d1612d8
4280,wagon christ,1570,991b8af4-328a-4441-8dc5-f7af0c89af08
4281,the softies,1569,3daebde2-4630-40d8-be75-438edea4b281
4282,john 5,1568,66ac10d4-37cc-4b84-91dd-4863e3dc9a32
4283,nacho vegas,1568,bdf93e3a-4101-46f9-8110-a942900bbaac
4284,elecktra,1567,85a8eca2-5580-4d5f-a4ff-38bf57cde1ce
4285,the acacia strain,1567,08bebce9-33fa-4ae9-9992-4e5d137d655b
4286,camouflage,1566,bc6b7d82-1d7b-4f48-b742-d32936f5d5c9
4287,dj antoine,1566,6ed36b36-b2e0-4540-bc79-0348b744cb10
4288,gorkys zygotic mynci,1566,4015f3f8-2711-41de-b80b-4fee07373b12
4289,origin,1566,ec81be28-4c2c-4711-b8fb-c4c94e5bf112
4290,richard buckner,1566,fec02932-60cd-46ee-a70c-05c07905ae77
4291,divokej bill,1565,3df567da-e3fe-452d-9d8d-610766b3ef14
4292,the waldos,1565,097196ba-b218-467c-b806-c75f9c94b854
4293,haustor,1564,5fb9dd0e-1b5d-4443-9b5d-096574639ef5
4294,tame one,1563,2255832e-5b40-41b7-b5e9-7a0054a26ce1
4295,ombladon,1562,3203bfc3-c142-47f6-aef9-3a1b04a0dcb7
4296,2 many djs,1561,82dc508a-dbda-4954-aedc-28895edfa42e
4297,dolores o'riordan,1561,13c10976-99f1-4cb4-8fbe-56067e91d865
4298,in gowan ring,1561,2cd36aa4-5b9d-4974-8c44-75f5fad34f77
4299,root,1561,6031dc2d-1331-49c2-8a95-743091ff6a30
4300,takahashi youko,1561,7004bc31-23ee-4216-8d74-0d230e88079f
4301,móveis coloniais de acaju,1560,49474115-6ada-42ee-b92f-ce70a40ae9b5
4302,smak,1560,342668bd-6c25-4e6f-b677-2f1e5cb7060e
4303,fobia,1558,43732dda-0963-4bf6-bc09-c657d44be875
4304,sinergy,1558,97d8cab3-474d-4a0c-8053-d1afab54eee8
4305,the spinto band,1558,86c20d59-4cd7-4814-b6b7-e371c1016097
4306,týr,1558,50fc4742-1389-45a0-8c6f-6a5159ae20c2
4307,levellers,1557,7c8c72f5-01ed-4a55-89d1-ced1a6b3fb0d
4308,tyrese,1557,975d94b4-7ca8-4eec-ae48-1aa4660995d3
4309,camille saint-saëns,1556,4137c070-15b2-4d00-a9f0-3517d02a9ba8
4310,link wray,1555,1c1c86a2-7850-47ac-8771-ae6359bae2b7
4311,paul gilbert,1555,453321a7-3a77-47b0-8125-7bd385f3a730
4312,thom.,1555,d7d74179-8dc1-4359-bd5d-869b7b2de1b4
4313,tierra santa,1555,23121875-8f68-49c5-9988-dcb7f8e7a680
4314,white lies,1555,5bdb38bd-5c5b-4d0f-8901-8bbe1d7062d8
4315,catamenia,1554,b332473e-a39d-4b39-968a-635119a1de35
4316,threshold,1554,ed021420-1f77-412e-8745-67567a886150
4317,acylum,1553,330bbd94-7391-4fe5-a7ef-c21c6a84cffd
4318,jme,1553,57879ca6-44aa-4b75-9a97-b801f57a1331
4319,natalie walker,1553,0145f13d-4c4d-43b5-a7fb-cd69da8ca202
4320,concord dawn,1552,ac0aa7e2-cb46-4e01-a8e5-d265548411c2
4321,the tallest man on earth,1552,7e35659f-f3bb-4c28-bcf5-47bd5cfa2bca
4322,chris vrenna,1551,0923598e-2b97-4527-b984-5feed94c168d
4323,kate voegele,1551,5c0c9c6a-e85b-4544-a139-a8bb028ce69d
4324,o.n.a.,1551,7d3b7dc7-9a2f-4d8a-a795-529dbe9edc82
4325,tarot,1551,0c235ae9-7e9d-428f-b0af-3fa8dbb20064
4326,chick corea,1549,8446fcca-109e-4c6d-a2ff-5a269b32b4c2
4327,j rock,1549,5055de86-1e29-4a9a-9a08-45e53c4638d6
4328,jonathan richman,1548,bae34b81-9abd-416e-a720-fedc359df775
4329,ll cool j,1548,a4dd0e77-83b8-4e92-89b7-effb0e47fd8c
4330,fler,1547,cf13ed42-3d7b-4aca-8872-8159fdc901f3
4331,robots in disguise,1547,bd3b1f63-946b-400f-acd1-cac0c1aa2115
4332,toad the wet sprocket,1547,f70ee0c3-8ce0-4ca6-9208-06b60bc69e27
4333,zao,1547,dae36f6d-dc92-4eaa-b74d-d6470aa338d3
4334,anthony green,1545,eba4c290-2ce6-42c9-affd-5b1ffab84a8f
4335,diva destruction,1545,a4b15836-dab1-4b20-90c0-76e2a33ee55c
4336,evil nine,1545,250b7089-69e4-43b2-bae3-a83d9f6d71bb
4337,godflesh,1545,864aa861-e22a-4187-8baa-2ef0c215bc0a
4338,sambassadeur,1545,606da894-aa6e-4a13-b253-e37b4403e9fc
4339,bell x1,1544,3660a894-2cf6-4f6b-b995-c967da3c78c9
4340,popol vuh,1543,2f4bf325-2bbb-4d5f-8681-b0fef130bff0
4341,barathrum,1542,d7f473aa-ab4e-405f-bc90-c35fc30bbbe1
4342,aloha,1541,d0e1e85a-1cc4-457a-9370-4e779563b6bb
4343,armia,1540,69443da0-1ee0-4624-a837-c3f9e252dac8
4344,9mm parabellum bullet,1539,cb9b28ec-799f-44d8-a0b2-2eee3e8eb5b1
4345,jontti & shaka,1539,89cdbfa2-3052-4a5d-a54f-aa3ff89bd26b
4346,element eighty,1538,93336372-424a-4c88-8e79-890053f63337
4347,merck records,1538,
4348,beady belle,1537,ff30cc46-5d98-4708-9c96-a217a7b1e0ff
4349,faust,1537,0568e321-d42b-4da4-a025-2643c9fc13dd
4350,hieroglyphics,1537,72609007-4227-4bdd-a993-1e92df52527a
4351,khonnor,1537,5e738ade-7a4b-4221-987b-6588f0244952
4352,haydn,1535,c130b0fb-5dce-449d-9f40-1437f889f7fe
4353,high school musical cast,1535,b09bcf6d-3a27-4fd5-8300-f42f51a80446
4354,the beat fleet,1535,ab13d0b2-e446-4b48-86cd-28a0bfb3461f
4355,atari teenage riot,1534,fe404dd9-09b2-4ac8-a0e5-8da1c4027061
4356,la phaze,1534,0878c1d4-23b2-4651-b473-75ad2cecb413
4357,kat deluna,1532,ddd4c4bc-a4ae-4946-b59c-a86aea7fa4f0
4358,botch,1531,72448406-ba82-43a7-9e13-d9a47ff333f4
4359,iam,1531,7aa4a16e-9d5a-41d3-968e-fae1a2c84d05
4360,ampop,1530,5c35099f-afd5-4a13-bb4f-0406ca422d59
4361,basil poledouris,1530,e50f9da8-a0a2-4a97-94b6-c649a2b96c0b
4362,michio kurihara,1530,f2de9120-703f-4c72-8f69-ef56477e1c54
4363,s.o.d.,1530,00b0a363-2fbc-4af7-b67d-70cf035829e7
4364,the ventures,1530,b2cc8903-0077-4bef-8454-ac5cef53d126
4365,hi-tek,1529,fcb6d9df-6cef-4f33-8850-7570bcc99718
4366,soundtracks,1529,89ad4ac3-39f7-470e-963a-56509c546377
4367,ashes remain,1528,2ec86dfd-f3f5-4110-952b-788a27dff787
4368,dick dale,1528,cc6115aa-379c-4133-9f46-5743a4a341d0
4369,the o.c. supertones,1528,9f9daee8-3211-4fd1-9177-9e0184e9cfba
4370,feel,1527,f5a13ee8-effd-44cb-bc76-a7d21de6d890
4371,darko rundek & cargo orkestar,1526,fe6623b1-3f1c-40d1-b5cf-de86809bb8a5
4372,hospitāļu iela,1526,e8540b12-041a-489f-a12c-33500b1eb090
4373,evermore,1525,174b0914-d1f5-4553-a8a7-e55c9da6320b
4374,frank turner,1525,aca5718f-4f49-4439-b8f6-209db3f11757
4375,discharge,1523,0c9bfbdc-4e64-497d-bf80-5c891e6766a3
4376,monaco,1523,21bb4dc1-f5dd-406a-9983-f09f10ae4980
4377,gyllene tider,1522,dc767c6e-74d1-45fc-be31-bda00253fbda
4378,old 97's,1522,8dd216da-6db2-4130-9a7c-ece756d1394d
4379,saulius mykolaitis,1522,f9b2bf2b-2acc-45f6-9619-8ea590e2a0ef
4380,the cab,1522,91f7a868-d82e-4cfb-9cd9-a2ffd7faac25
4381,dagoba,1520,a2f7e646-7109-4989-a27b-fde73b6a5312
4382,a change of pace,1519,084d3624-52c1-40fe-8710-971c97fb742e
4383,elizeth cardoso,1519,41deaf18-1aec-46fb-baad-4b0381c3160f
4384,men at work,1519,395cc503-63b5-4a0b-a20a-604e3fcacea2
4385,jerry lee lewis,1518,b59ac58d-036e-4bba-8112-c32a34c4575b
4386,alias,1517,50727acd-6f1b-4771-9b62-c363509353c9
4387,the bones,1517,9a5f37c3-7273-41eb-a984-88271ed32e96
4388,richard ashcroft,1516,2d1d8985-47bc-4244-8cc3-577584e411f6
4389,adequate seven,1515,07299da2-6efe-425a-bf23-4fa4fcb5b1d2
4390,sander van doorn,1515,733a2394-e003-43cb-88a6-02f3b57e345b
4391,the cuf,1515,57ee5f1b-c23f-4342-bdf9-4127c825908d
4392,alva noto + ryuichi sakamoto,1514,6edc70bb-c340-4ae6-bdd4-d5fb0c7411de
4393,jaya the cat,1514,4cc18ca9-c707-4c17-9787-378fb6dfd19a
4394,brooks & dunn,1513,f30118c5-f783-4969-8427-f3c096378267
4395,keiko matsui,1513,bba11721-9195-4a6c-8218-a128c9ef5846
4396,kayo dot,1512,3979eee5-c72a-4b0a-9191-a0243881250a
4397,members of mayday,1512,620efc10-77da-428f-9d78-2ebc75760f46
4398,xandria,1512,656a0800-3a2b-47ed-a3ff-1e2908fdd2ff
4399,dreadful shadows,1510,1d21c6f9-7692-4931-ab0e-4c127a5b3816
4400,stereo mcs,1508,5e0ca89b-f5a6-4034-af31-17f10ff5a7d2
4401,westbam,1508,12d5646a-b9e3-4510-ad37-5682c02a66ef
4402,atargatis,1507,afa94f89-2017-43ee-8573-36a92488a35c
4403,third day,1507,93585c1b-ec0f-4d47-9cae-bd8ebcc52e9f
4404,nikola sarcevic,1506,6afaaf35-5be3-4212-8a83-614acff5571b
4405,pascal comelade,1506,0ac4c20f-e12e-47c2-89cf-d29558b60b40
4406,rachel stevens,1506,2585d166-6514-43c3-886f-a92ebddebc81
4407,iris,1505,a2aeb4e5-1538-4d70-8698-f96368427895
4408,marco v,1505,95e7f9cd-d774-4200-8337-cf27cb18d836
4409,silber,1505,21ec6b01-f41e-43da-a0ec-bf85c2bb4a6c
4410,rootvälta,1504,efcd07d7-014f-4783-94e1-fb9f274d9ccc
4411,satanic surfers,1504,b4f4fd81-693f-410a-b433-9b0c0e8a3c99
4412,gene scheer,1503,
4413,miracle fortress,1503,86249cec-bf8f-40fd-ba62-035979f57dc3
4414,graeme revell,1501,80c51cf5-a39c-43d6-a833-da55778d6088
4415,steen1,1501,b50909ce-1288-4c75-aa39-9a209f60f2fc
4416,terry scott taylor,1501,467f8b95-7277-4cc4-aeb3-6f3b7564eb72
4417,forseti,1500,6fa1eb4d-d5da-40e9-95f7-b2200823fd3b
4418,riya,1500,eae3c517-9faf-4ac4-bde7-5bd4edf56023
4419,the juliana theory,1500,4bd939ac-c99f-4ffc-97a8-dcf74155a52f
4420,martina mcbride,1499,b0a55bd8-60c7-45c1-b78e-f20e4c8adba1
4421,sex slaves,1498,249f8317-437f-425d-9939-c4bd23405ad4
4422,allison crowe,1497,989a13f6-b58c-4559-b09e-76ae0adb94ed
4423,the delgados,1496,d629843e-d2b9-4665-a203-19f9c7f811ef
4424,bigwig,1494,fe98c743-b67b-43b8-a434-ee7c8a667eec
4425,fela kuti,1494,6514cffa-fbe0-4965-ad88-e998ead8a82a
4426,ea80,1493,6b363d86-898a-4a0e-9c91-8ecd46d49ad8
4427,robert pollard,1493,e7f29e49-6078-4528-a5dc-5d0eeb8a1437
4428,bomb the music industry!,1492,deaddf4e-1209-4d93-bb75-f53780d1c0c4
4429,josh woodward,1492,b09c8a50-7bfa-434f-a2cf-f9bf9f6f91a5
4430,quo vadis,1492,94d218d9-2b54-4603-98bf-f8461ed7b9f7
4431,the dear hunter,1492,75f30e15-549a-440d-b9b9-3d08daadef9d
4432,tata bojs,1491,e49faca1-5796-4c9f-8e3a-f4109b1cf2f2
4433,autumn tears,1490,05448326-1439-4033-9cb7-8b2af073dab5
4434,birdflesh,1490,fe160167-cd3d-4fbf-ac5e-a688a1b0fbc5
4435,gza/genius,1490,550cb78b-4995-4873-baea-76ef265531f5
4436,ott,1490,1a40f886-0877-4bab-9ab1-761147dadb89
4437,vanilla sky,1490,97b4d57f-55bf-447f-a1ac-c64da34cc097
4438,zucchero,1490,00ed154e-8679-42f0-8f42-e59bd7e185af
4439,nick cave & warren ellis,1489,c71b2cc1-2737-4f76-bbf2-9ee505b4d90d
4440,roots of rebellion,1488,6daeb04e-fd44-4666-bd97-bb569a90e9ff
4441,laurie anderson,1487,86809b51-cbe2-45f1-804a-e66eed635dea
4442,murderdolls,1487,355facf3-c72c-45b1-9727-8d9cc6a5ed39
4443,hagalaz runedance,1486,6e732849-3c75-4c5c-95b7-53f6e638fc0b
4444,p.o.s.,1486,d344e2f3-46cc-4390-8e78-3a55f3cd4563
4445,the exploding hearts,1486,e0fc22ed-6fff-4161-8ff7-a568cdbe7850
4446,elis,1485,eaaee2c2-0851-43a2-84c8-0198135bc3a8
4447,benoît pioulard,1484,80ae2479-8c40-4a56-8bf3-b7a99cead1e4
4448,emmy the great,1484,60bbceb2-0ddc-403b-970b-b4e9c3b2de5c
4449,sonar,1484,bb998ebb-98b3-46d2-93cc-0af41ae4b1c8
4450,the aggrolites,1484,ac241ded-3430-4f42-8451-f78667cc2f52
4451,the snake the cross the crown,1484,f2355c92-3970-4202-a976-60b6a5a155fa
4452,whitechapel,1483,56ba013c-610e-4d9b-98ed-c2ccff977a9e
4453,carl orff,1482,0b3ee6cd-a2df-4144-adf9-7807ee7ecc4f
4454,chico science & nação zumbi,1482,c089280f-a465-473f-bd78-111f69420465
4455,faster pussycat,1482,357ff05d-848a-44cf-b608-cb34b5701ae5
4456,mclusky,1482,26860648-1c93-4849-bc52-a8541ec88219
4457,Ляпис Трубецкой,1482,452b56d2-c904-4030-ad12-6d4fbd498e1f
4458,diecast,1481,24282e0e-08ed-4181-8ff4-025270e84404
4459,freundeskreis,1481,1531ee70-dbeb-487f-94ad-3e5bd18fd34a
4460,luke vibert,1481,0b59a279-54ef-4723-854e-a12b61e9581a
4461,noon,1481,2683254a-75dd-45bc-883e-ab209af08638
4462,the wohlstandskinder,1481,4fbeb6f3-fc51-4637-b545-9d3e4fc49b39
4463,david allan coe,1477,d6ad0ad1-2a7c-4d5f-8776-331a3732360c
4464,graveland,1477,bee4943f-f762-4ae1-a27a-a3c15069b616
4465,lmp,1477,49d5e302-3d8b-49e8-9b90-a889f55f69a3
4466,racionais,1477,96351496-268f-4ef2-8f7d-768cffdef190
4467,dj shog,1476,37ff534b-5ec5-4fc7-9969-06e3fdf88aa5
4468,six feet under,1476,5a8688d2-696f-4060-9dd0-f772886ff95b
4469,fanfare ciocărlia,1475,a98da524-e565-4d89-b729-17d5a5fe75e0
4470,"raz, dwa, trzy",1475,c27f8fae-e697-4959-a791-babfd0a4ecbf
4471,the other two,1475,8a1fe33d-6029-462e-bcb7-08e0ebaba6dd
4472,anja garbarek,1474,2b8ec839-58bd-4304-82af-17ff693d0c0d
4473,ekv,1474,ed39bf01-1f7e-4fd1-afbe-a58bd47b44e6
4474,the datsuns,1474,7a5bcae1-45e5-495b-9f5b-254987b364bf
4475,the durutti column,1474,aaddb5e3-f8a5-4a9d-8674-f885112ecf0e
4476,ceca,1473,95e97643-3195-4d8f-b3e8-baeaeabcb79a
4477,eric church,1473,15856215-cc51-4423-879c-9ac955ccb11a
4478,the shadows,1473,c7cf4584-bfb1-4cf5-be41-aef384310bbb
4479,booty luv,1472,1b8c245a-32d5-4b3e-99fe-048a4234fd7f
4480,stephen schwartz,1470,57df78f7-085d-4322-9589-fd41c1e1e869
4481,marc almond,1469,d67e6b0a-d2c6-4e4a-ba30-7834701535a1
4482,nice peter,1469,6daf435b-92a4-4eb2-9967-7a80d6ab89af
4483,anthony rother,1468,2aadb587-524c-4b07-b712-0f700526730e
4484,envydust,1468,b4c9cb71-f39b-4a97-b48d-c49a95f6e50c
4485,laurent garnier,1468,ec477866-bfaa-48e0-affd-1c151ef61b7b
4486,the foreign exchange,1468,597fd37b-5ce2-4522-9370-9f3d7e1c81f2
4487,hawkwind,1467,5a28f8c2-31fb-4047-ae57-c5c326989262
4488,kind of like spitting,1467,8ca6ed27-9be8-48ce-aed7-90e724d2c15a
4489,the foreign films,1467,f2ee0b92-8338-40fb-be68-3be8037ac47c
4490,count basie,1466,0dbd6300-efdc-420b-857e-895e18fad317
4491,for the fallen dreams,1466,6fca6647-1dce-4028-8348-68238b8d2237
4492,howlin wolf,1466,ca5b38c2-f39d-45a4-ad3d-daf4448846ef
4493,sabrepulse,1465,0119017b-81c0-436c-b5e5-332afe8c2e02
4494,stutterfly,1465,d75a4402-755a-4d4c-8651-6be2042533e3
4495,ronan hardiman,1464,31321410-37c0-442c-aec0-0611ca43ba15
4496,aloha from hell,1463,1d30df4d-626e-43f8-96ae-94b11914fae0
4497,kate miller-heidke,1463,f7861eb7-a14c-41ec-813d-15a28a220a06
4498,los rodríguez,1463,af84ee9f-534a-4f7f-844b-188ba1c47e87
4499,shapeshifters,1463,3155cccb-fe72-4ad0-8e5f-2935fb6cd7ee
4500,the pains of being pure at heart,1463,46f4e349-ddec-4131-9367-91b630a821d0
4501,tracktor bowling,1463,caeada25-307d-43d9-8253-ed6f35ea941a
4502,blaze,1462,65e331ed-ab1b-475a-81d1-4dad7e55043b
4503,peterson field guides,1462,94b2512c-5457-4e44-b225-a2935a65d81d
4504,television personalities,1462,62c2cd94-30a8-43ed-9d06-8f689111c69c
4505,the carter family,1461,29c5b1fb-5dcc-4499-b225-4ceeeb8a73d1
4506,air supply,1459,df9a1914-7fad-4900-bdd4-d7811712a2a8
4507,the soup dragons,1459,5c42c9cf-5833-41d8-b600-177e70894046
4508,deluxe,1458,05844b7c-f966-447f-be26-984e2e842399
4509,irie révoltés,1458,6d94f501-e5a8-4ea5-8913-b3de316eea50
4510,brujería,1456,53f5c37f-8516-46d4-b66e-bf008cea9433
4511,buddy rich,1455,8bad6c8e-c8a1-427d-b082-1275e3ebbe60
4512,elio e le storie tese,1455,09091934-c67a-43f3-9ca6-eeda1450f545
4513,marissa nadler,1455,06ae569e-0b5b-4cd7-aded-98c3ad743ca3
4514,tleskač,1454,c97d5be0-f629-48b3-95f2-369c1f790ef1
4515,achillea,1453,5b5673b5-63d1-4c46-b73b-15ba94fc0f08
4516,"crosby, stills & nash",1453,cfafad90-b736-4c74-8ded-f3f4d7b2c792
4517,lizz wright,1453,31303fcd-f78d-4693-aafa-9b274061b032
4518,stiff little fingers,1453,022865bc-84c9-4002-b6c1-d5fc6e12b7d8
4519,berri txarrak,1452,f126d39a-7fb7-43aa-ba17-23c9e065594c
4520,cut chemist,1452,e0975164-e68b-45d6-9854-d5d0ce84e671
4521,ricardo villalobos,1452,bbd79854-df54-4c1b-b7d6-cf7eea2d0afb
4522,iio,1451,79ad5f01-b181-448d-b776-a252949d61af
4523,nina rochelle,1451,6514762f-90ce-454d-b87a-df367d7e0b44
4524,winds of plague,1451,37661f69-2801-409e-847d-3c8b58d2ad0a
4525,xasthur,1450,39e92581-e59d-4070-b157-abadd9969f3f
4526,joe dassin,1449,475b7312-4fcb-49a4-8bcc-cf3a679b255a
4527,las palmas,1448,33332b4c-d32f-492d-a56b-33b05ee8e6d9
4528,taniuchi hideki,1448,6e91652d-c31f-43b9-923b-ee96a9f1e90e
4529,hocus pocus,1447,3e666fed-7b13-40ab-ae51-2d30d137ca61
4530,space ghost,1447,806b6faf-dc50-497f-8e90-ae4f95da0960
4531,the atomica project,1447,d145716d-b5ce-4585-9b35-99749f1f77e3
4532,milla jovovich,1446,39f96cb8-fe7e-499f-820c-676267b617e6
4533,miranda lambert,1446,4eca1aa0-c79f-481b-af8a-4a2d6c41aa5c
4534,richie spice,1446,5f46f4df-d931-4455-8ff4-d71a7f1ee4c8
4535,soularis,1446,cc167723-468a-4431-8fab-cbeb80700aa0
4536,the rosebuds,1446,14714316-e9eb-41d8-9b07-2bf74b3b7b3e
4537,les fatals picards,1445,1a71713c-6cef-49e2-b2b7-8cdb6eb3f8cf
4538,sophia,1444,ac175668-d291-4670-a9d2-46441a791fff
4539,tede,1444,603f67c5-d85f-46a3-943e-3b04ac8f2e77
4540,slint,1443,2869c510-2679-4a3f-bf15-e5e8b49f2f28
4541,jeffree star,1442,4aa960a9-368e-4288-bc63-ff5053dbdddc
4542,mountain,1442,295ad371-45d3-4370-8504-68c92ca2948d
4543,american football,1441,4ebb5ad3-9018-407d-8c24-c03011ab9ac6
4544,dornenreich,1441,faf9cc45-7618-4e59-b964-c8e72138e917
4545,little big town,1441,76e78b58-f301-4975-8058-7f84d8360738
4546,souad massi,1441,0f7a9866-5644-4a45-9781-b87e60eb3269
4547,blues traveler,1440,6b28ecf0-94e6-48bb-aa2a-5ede325b675b
4548,boris with michio kurihara,1440,fee70326-712c-4a99-9f01-fe06a505c053
4549,danni carlos,1440,13d2b8ed-a5b2-4eff-b730-9e383415e717
4550,joose keskitalo,1440,a7b3fee7-f5d5-4caf-a31e-a2b410baf97a
4551,this providence,1439,f92671a4-1635-45b2-bc04-20d029a4cd49
4552,acrimony,1438,24b8c0b6-fd89-44a5-9a97-eba5d2d16873
4553,dj fresh,1438,07cfb445-3c53-473f-949e-c60fb1e1b7d7
4554,lynch.,1438,e55aa79e-e1a6-4e01-81c9-d90cdbc832af
4555,only crime,1438,a22b573a-7cd7-4580-afd1-a5fd890e17a4
4556,the xx,1438,c5c2ea1c-4bde-4f4d-bd0b-47b200bf99d6
4557,two gallants,1438,7095f4e4-1f60-4098-a4ad-8fc451a8ee76
4558,bloodbound,1437,876f5365-f9a8-4e86-9986-192b75e05aca
4559,chihara minori,1437,e9c4de4d-b5cd-4609-879c-6c51baf2be5b
4560,erkan oğur,1437,b14684dd-a46e-4341-b950-4cd052532f81
4561,slapshot,1437,efc798e2-3165-49fd-a83b-d659cdb20488
4562,東京スカパラダイスオーケストラ,1437,d77f4539-0661-4741-9307-60ebbd72f5ee
4563,squaremeter,1436,403727fc-6db1-48f2-a4e2-96b11af28a98
4564,weather report,1436,0f9997bd-e079-429e-8ccd-9378c9b0c746
4565,howards alias,1435,e552a27c-57ce-488b-b75d-f4902e7db20d
4566,i monster,1435,f3c3803a-3149-467a-a816-c667146f3bed
4567,sopor aeternus,1434,4ed743bb-1323-4ba8-b33f-322f4ecda526
4568,noriyuki asakura,1433,6bd5a27a-7278-4ec3-8846-1ae2d43297e6
4569,onky,1433,
4570,all about eve,1432,6080fe70-84e9-43ae-98b7-94b4c4d6b5c3
4571,françois pérusse,1432,d0fd975c-76c2-4c84-97f1-3fb7c25e6a68
4572,pan sonic,1432,52d9bff7-1776-46ae-8e1b-7a76afc73358
4573,riff raff,1432,0241460b-89f7-4985-9526-6d5599c46e00
4574,roses are red,1432,24c4ad96-d830-4e59-b8dd-432ec18d5c15
4575,julie london,1431,e7ee5f13-baf5-4a87-b58b-f871c137d4f5
4576,the murder city devils,1431,32705a3c-54cf-4e48-a3ab-2801157a09dc
4577,xavier naidoo,1430,83a45847-0c18-4794-964a-500e49df7aac
4578,bola,1429,037bb92d-efd5-48d9-b197-3ce699067e3c
4579,mikael simpson,1429,a33df8b0-629b-43dc-920b-d292283f05dd
4580,nação zumbi,1429,e3954b21-0d05-45ea-a057-e8cc4c9b1ab5
4581,trap them,1429,b24b6ae8-333e-4351-b3b7-6be843195a16
4582,talk talk,1428,a74f43e4-50c4-4b19-a2ce-c05ce9bccb03
4583,frida hyvönen,1427,a700351d-21f5-4260-aee5-d39857772809
4584,rachid taha,1427,04dd1f61-c21b-4d6a-b110-55b3c1309fa0
4585,benga,1426,d3ba1c50-d403-40df-8eac-80d74551a7e3
4586,darin,1426,0fd3616c-36b2-44af-8b05-7d5675ed7267
4587,first aid kit,1426,373faa02-74d7-4b1d-9b47-7574ad510f8d
4588,kitkerät neitsyet,1426,447b76f7-0059-4855-848f-7cc9faf2267b
4589,sunlounger,1425,86200b15-ddce-4b04-ba44-36b3c2645fb7
4590,the young gods,1425,134c8992-069e-4561-8d12-cdebbf5fbc34
4591,youth attack,1425,13d9a7fb-a51a-4397-9edf-e9c2fb5bf903
4592,this town needs guns,1424,544559db-c6c4-45d6-8435-d224e4f696e9
4593,booth and the bad angel,1423,19172a4e-a7cb-4c96-ab5e-6058156a7481
4594,dd/mm/yyyy,1422,9d8f2eea-6bf0-4548-9d60-1827a64b02db
4595,freddie mercury,1421,022589ac-7177-460d-a178-9976cf70e29f
4596,ayria,1420,d7762352-8894-4fb2-9165-5fa7a2fbac42
4597,jadakiss,1420,83735edd-f2a3-41d0-a31d-652bc3cadb3e
4598,kenan doğulu,1419,b5e49947-6b89-4994-9426-254c00552d68
4599,alva noto,1418,48ec4bb6-47a6-4e2c-8287-7617464eb193
4600,gorgasm,1418,076274aa-2510-4a7b-ad01-db7c98cc9e69
4601,jackson browne,1418,88527d26-7496-47c5-8358-ebdb1868a90f
4602,venerea,1418,e9a5b247-52f9-4da9-9e17-51e205cf8e86
4603,flipsyde,1417,2c8fb177-1465-4586-9e23-6020b9606199
4604,hostile calm,1417,584c2cdc-7649-454f-8d98-a1b47d9685f1
4605,saybia,1417,3bd91c1d-495e-444e-bd94-19007c47cac2
4606,dead by april,1416,5578d1ad-02db-4b17-ada1-32d1aa4efd49
4607,edan,1416,d747ba37-3af2-414b-80e8-49607d63d1a4
4608,kim larsen,1416,0a648853-66bb-4b18-bd52-0315b14fbb82
4609,puressence,1416,1b882337-341c-4fc2-bb68-07ca0c3d27d2
4610,the chameleons,1416,8d07f60f-b9f4-46c0-9c27-31de0fb9b671
4611,eric johnson,1415,b53868c8-3654-41d3-91db-3c5a1237f0c3
4612,rivers cuomo,1415,87b6344f-c874-49ce-a8b3-e467ed6e05d0
4613,chandeen,1414,f4ae1bd5-f3d0-45b1-b920-786ecdf82623
4614,per gessle,1414,843238f1-ecfa-4a26-9e47-ce52e4ea1e31
4615,brazzaville,1413,148d7e7c-3557-4738-b594-8fef13fd7668
4616,manzo,1413,bd68d468-bce5-4483-b29d-a82259656f07
4617,markus guentner,1413,dc242ba3-7d0c-429b-b7b0-4a1b1c307cb0
4618,nils petter molvær,1413,4a0308e2-6b10-4cd9-9551-c7613c09dc17
4619,oh no ono,1413,63a8a8d8-d157-44f1-9904-76d3282e3f2c
4620,martin o'donnell & michael salvatori,1412,c3a4cc76-343e-453c-863f-88b53cd48934
4621,nullvektor,1412,66697a06-efbc-457b-90ee-e2a53a372ced
4622,tim wilson,1412,e29641cc-3658-4886-89d7-3a146d2d3d75
4623,robert miles,1411,e83144dd-bb95-49fe-b1dd-00bab25cca9e
4624,the bees,1411,276cfa71-caa8-4bf4-b522-39a8086e7c6b
4625,idiot pilot,1409,9ee6df65-b535-429a-9e3b-0fbcebe13b15
4626,kyo,1409,c5d581b7-3b8b-414b-92ae-8f8ed6198901
4627,lords of acid,1409,b0e81c40-ea89-40b9-95b3-e63d5cad5e67
4628,rollins band,1409,3ca37f23-fdce-49ce-86e2-134c9a17ebc5
4629,afterlife,1408,ab2241c7-ff64-4b52-90d8-4a7b0517d47c
4630,jim morrison,1408,c6619f89-5454-4e2d-aa19-b5596ba3b4c6
4631,lm.c,1408,08e56714-b09d-4121-b319-524264c33749
4632,the pietasters,1407,d8626bb7-73f2-41a6-b617-4997fd8cf40a
4633,tim armstrong,1407,beaecc2d-20c7-4221-8fd2-682c82f0faab
4634,pan•american,1406,eeef9e6a-460b-49ca-840f-b55481b47297
4635,visací zámek,1406,2032f5df-5d77-477c-9529-eb6d80bf065f
4636,neu!,1405,adec1fc3-83c1-48f7-9e49-8347ac6d40b0
4637,patrick bruel,1405,bbd476fe-2987-4e5a-a278-ce5d5f3a6b9c
4638,delight,1404,4183764c-c68a-4492-8054-f19876d3fb18
4639,dubstar,1404,0b89faf1-b7a0-4889-bde3-dd3eaa190edd
4640,falco,1404,dcd95aa4-f3ff-492d-a621-8518ada0f58b
4641,midnite,1404,551c816c-923f-449f-b0a1-8b1ca8b3b30c
4642,renata przemyk,1404,b4f62a2c-6729-4e7c-8f50-efed22277e74
4643,health,1403,6805e4d5-f550-40fe-b731-05dc8229e74b
4644,les misérables,1402,3972cd8f-fb03-4840-8efc-8b5c4a1acda7
4645,red harvest,1402,c6c13941-3581-4042-9bbc-23d191dbf34b
4646,vic chesnutt,1402,b07cdbbe-421e-418a-bbb7-ce0d8d53bfa8
4647,the stranglers,1401,a96d82a0-cdca-40bf-b4c8-3d7ec178d85b
4648,margot & the nuclear so and so's,1400,343b3983-1506-44cc-a4a4-e12afa636467
4649,stella,1399,362b8733-7ef7-4fc7-a264-7fdf54ea4f88
4650,wolves in the throne room,1399,e9452446-7702-4853-96ce-5dfe6748d3fb
4651,a.r. rahman,1398,e0bba708-bdd3-478d-84ea-c706413bedab
4652,rosetta,1398,79489e1b-5658-4e5f-8841-3e313946dc4d
4653,user of a common name,1398,3b5911ae-3993-492b-82ee-b09b25d47607
4654,emmylou harris,1397,35ef61ca-43db-4772-ba27-0489e9ebcb69
4655,hungry lucy,1397,9ba4b3a7-bf3d-4130-83b8-0600264b18b2
4656,showtek,1397,5663c716-c38f-4454-99ce-5afb3c5af567
4657,the elected,1397,e88265a7-acb6-4355-837d-e405d048b908
4658,caesars,1396,2f1e4ada-2b9a-4834-90fa-88d61b73082f
4659,my vitriol,1396,ba288d1b-7d7f-4f44-bc8d-f80c8673f815
4660,outlandish,1396,442e5e86-6151-41a4-bb6d-2e97b62f5e38
4661,beginner,1395,709b55e5-0286-4fda-bf7e-3aff1894554d
4662,m-clan,1395,681a63e0-d70d-4f9e-ac8c-f21b9e63be75
4663,mariza,1395,8cbb4d57-f44d-433a-90bf-a0892af886e1
4664,chromatics,1394,c89ea689-c053-4d97-bada-8b81a6236f58
4665,dreadzone,1394,a10ca116-02af-4989-9a91-fb25585216f7
4666,information society,1394,051439e5-478e-4c03-8bea-774ad0c28c12
4667,med,1394,e864aa1b-5dc6-4f76-9425-c5d98e289d3e
4668,mombojó,1394,969e51a2-4982-4c95-b365-eab8100f8b7a
4669,dolls of pain,1393,ca17cda5-e70f-4643-8471-b5ad6d92a125
4670,dragana mirkovic,1392,
4671,mychildren mybride,1392,5d87bfe0-0562-483d-83a8-8a10c36b5cff
4672,xentrifuge,1392,344ef95c-a233-4478-91b8-7c264c466b8b
4673,autoramas,1391,1c8d248f-82c8-4d6d-a918-07078d8b3a8f
4674,nathan fake,1391,a77f6f2f-19a2-4648-9018-3ad3aa4c1b9b
4675,björk guðmundsdóttir & tríó guðmundar ingólfssonar,1390,44feb79b-21e9-4267-a4a7-e8e1f5dda154
4676,planlos,1390,f043eec4-4622-4fa2-9a0a-f4119e97ee54
4677,rediscover,1390,35050488-7f2d-4d37-85e5-0425088e47ba
4678,the moon and the nightspirit,1389,32590def-5684-4649-89cd-48addfafff4f
4679,deeds of flesh,1388,ab025bcf-5d75-446f-91ba-9d583ef0a139
4680,佐野元春,1388,013509c5-7444-4982-88ce-e0f60c6a3fab
4681,inme,1386,f58561ff-1c86-4a65-870a-80cf5439e199
4682,עידן רייכל,1386,48b69932-5352-4b2e-9847-b15ec8736d1e
4683,burning skies,1385,49aad9f6-c86e-4bc4-b6f1-8a7191440294
4684,ibrahim ferrer,1385,a61930ae-dfe3-4574-bc5b-b0fa8d8efb62
4685,jon foreman,1385,3bb29637-4184-490d-92f8-a9b45ffc5ebd
4686,talco,1385,8e82d9fb-6fe0-4c22-ade9-83653c3c570a
4687,trobar de morte,1384,c2a02eb8-5cab-4f42-83f1-8e3233ac4106
4688,secos & molhados,1383,6840dcbe-3aca-4057-8d16-4799c3730e3a
4689,john farnham,1382,3b81f816-bdcb-42d0-a0dd-1aa4fc4e19ec
4690,nu:tone,1382,380e2880-567d-4991-a9b5-93a07e428652
4691,sandow,1382,32af6962-7776-4f53-bde9-206260cd6529
4692,agoraphobic nosebleed,1381,62aef01b-e0f3-4545-a0b4-29cb3670de0f
4693,mr. dibbs,1381,e9dec136-c3c5-4040-84db-1a469729e88c
4694,tyga,1381,ce09ea31-3d4a-4487-a797-e315175457a0
4695,bedemon,1380,9e58f943-c717-4f8c-9938-7dfdb8a9c02e
4696,eisheilig,1380,6b95ffc9-c8e9-4aa7-819b-d206668c3e4d
4697,matchbook romance,1380,71bd1152-5ee2-4919-80d7-d269dfd48a55
4698,söhne mannheims,1380,12f0f1a6-d1e2-4a7c-9c0a-3e7f296db5ab
4699,hyperchild,1379,9c1059d5-7872-44d6-8975-989001fc34d5
4700,olivia ong,1379,cd9a4ede-ff79-4a16-bead-f5b772913e64
4701,bun b,1378,c1f5d7c6-1bce-45f1-bb80-f9c74bb9c740
4702,samuel barber,1377,74ed34ce-ee95-44e9-a87d-4d2d5056c24a
4703,spawn of possession,1377,2de5a50a-5cdc-47aa-8164-8dc4a4201581
4704,nena daconte,1376,a03bdd54-fe66-4785-a027-05fbf544e2cd
4705,thyrfing,1376,f2906f32-a018-4104-addc-8fe943d7e859
4706,35007,1375,8a5bd5f1-5440-4c0f-b7f3-d85fdd7067f3
4707,boom boom kid,1375,ed27e7b8-31f9-4d61-8c07-52ea8ae5f57d
4708,gridlock,1375,83d8c079-a39a-42b1-af6e-4a202b8e6ab3
4709,same difference,1375,00f98260-d0f9-4a7f-8371-2882ca835fc4
4710,crippled black phoenix,1374,055b6082-b9cc-4688-85c4-8153c0ef2d70
4711,moon far away,1374,382610ad-dffe-4389-a6d0-079c854f10fd
4712,Машина  времени,1374,1b67ca7b-3da9-4607-a5aa-93ed56034924
4713,blossom dearie,1373,6d3e8d4d-c0c9-4208-87d8-900ab1134b1b
4714,howlin' wolf,1373,ca5b38c2-f39d-45a4-ad3d-daf4448846ef
4715,pussycat dolls,1373,1fda852b-92e9-4562-82fa-c52820a77b23
4716,the von bondies,1373,2db9d3bf-c1da-45a9-a635-e19bdc3c1add
4717,yaşar kurt,1373,7de98c94-059b-477f-ab5c-1fd91e55a7a5
4718,verba,1372,909b6194-9c17-4a6b-a5a2-f1bc7ef4265a
4719,bill callahan,1371,c309d914-93af-4b3f-8058-d79c75ea89da
4720,frequency 54,1371,
4721,insect warfare,1371,f0f7a1cf-2980-4cfe-bea0-5d6dba84fa89
4722,pere ubu,1371,5a54b72e-bfb3-4ca6-944a-e17261399965
4723,rosie thomas,1371,d4019e11-c719-4338-9198-4c03da0cfb6f
4724,wes montgomery,1371,663f8232-8c46-4851-803f-a91d31593b14
4725,bliss,1370,d98b3f60-7a4c-400d-a3bc-6e123b12727c
4726,brian green,1370,a0996d3b-b062-4fdb-87d4-13187c0f0b58
4727,dj sharpnel,1370,196eb856-9b51-44c4-a188-e6ac244e77fe
4728,loikaemie,1370,a43df333-e76a-4f94-8822-a74a5bbcad8c
4729,ymck,1370,3bd74fdb-a35e-4cad-bdd2-f2944c9db3d3
4730,carrie,1369,634f02b4-f84a-4d07-bcfd-dcad91c4bf37
4731,asesino,1368,cfa0f1c0-f5ca-47b1-97f6-4888c935873e
4732,midnight oil,1368,05072650-4b05-4e8b-83d0-dba2576e306a
4733,panda,1368,3ce2fbf9-3a29-4664-852c-d96b5b34293f
4734,death angel,1367,562ff334-c34f-45b0-a519-e5d171482df2
4735,redman,1367,1f1f6737-b930-46fc-8d25-110bb99f7490
4736,the aislers set,1367,ede96d89-515f-4b00-9635-2c5f5a1746fb
4737,i'm from barcelona,1366,fa0daf56-e94c-4007-9a00-4d1b05d85f96
4738,amorphous androgynous,1365,cd965133-e2ba-41bc-8659-f74b1f88aad3
4739,elijah,1365,1936a902-5613-4ba2-9b2d-200017ea8c6e
4740,granada,1365,0308ae0e-9c7f-4eca-8cc5-caae285b8d45
4741,malevolent creation,1365,77b6b083-d27d-4948-a389-3d5055daf5ae
4742,the helio sequence,1365,b6ab8d01-0cb3-4515-bc05-d928397e7429
4743,the rurals,1365,ac7a8c7d-33de-487d-b774-45046e38c89f
4744,will oldham,1365,eb51090c-662a-47a1-967c-c63292d9831a
4745,51koodia,1364,01cef63c-96c4-4adf-8619-8731af3a0d0f
4746,the feelies,1364,28c07254-aeae-42ad-beea-67f59c3c8baf
4747,hurtmold,1363,1f9a69d9-c44a-4f1a-9cdb-583ac5534a64
4748,john mayer trio,1363,64ecce47-720d-4caa-a59d-350380c3ced1
4749,ladysmith black mambazo,1363,c1982570-8efb-4cf7-bb5b-c9c026c0e8f4
4750,montefiori cocktail,1363,90a7e893-2a30-4049-9ee5-832a77c5ab38
4751,the bloody beetroots,1363,30d639db-5c8f-494e-a937-460a4b67f3b4
4752,emancipator,1362,aa1d4315-5246-42b2-b62b-f997d046d8b2
4753,olli banjo,1362,b2147fa3-b035-49bb-9f51-595db592f231
4754,alison krauss,1361,6b064ead-91a4-4ac8-8076-b1febe4f4aac
4755,canibus,1361,3f09f9d0-a88a-41a0-8cd8-a6dbcff2c50d
4756,maria bamford,1360,50d2e0d5-c9c2-43be-b9db-209c58f75e95
4757,adriano celentano,1359,d2b50525-1111-4906-aab6-4553f035f679
4758,aes dana,1359,4b1591fd-90b7-4694-957a-400de3e629da
4759,langhorne slim,1359,0bc5259b-bf08-40ad-9f6a-20462f652e83
4760,unleashed,1359,4dffdaf8-8fb8-4b3d-8088-427b1e9d1af3
4761,enslavement of beauty,1358,d19d707a-24e4-4295-a801-f491af5aa855
4762,full blown chaos,1358,732e4f97-92ed-4636-bd3d-1f51954ae6d7
4763,jodeci,1358,ed7e12c4-0c08-477c-bd64-5eaa96b9f853
4764,the whip,1358,9de23f23-f207-411c-9889-af24fe7edf52
4765,hide,1357,b4065fe7-a1b0-46d9-ae7f-ae0f80c7975a
4766,jamisonparker,1357,4d499e30-aecd-4847-9601-3f5c07e395fb
4767,enid,1356,51098e58-1f86-4693-a10b-66e1d3415077
4768,john scofield,1356,cbfd7f01-87c3-44bf-a3a2-fe4dbff20ad2
4769,bob dylan and the band,1355,570d5c36-dbb7-4f21-94f4-8331a998ffae
4770,dangelo,1355,b66771cc-45fa-4a32-b14f-5337d7223d7a
4771,reuben,1355,fa6e9d9f-c351-4b39-b082-3b4a9450ce97
4772,the capricorns,1355,61e04682-ebd6-4bc3-a482-67b872d49fa8
4773,bosson,1354,76dc09d5-f721-4101-9765-8c34f270e5db
4774,daara j,1354,98058d07-363a-421b-a102-21ee2303f3d3
4775,twins,1353,f2069b88-c0c1-46e0-8ed4-3e7677f077a4
4776,dressy bessy,1352,64973b13-9786-4b52-a04e-e02c884ab880
4777,haus arafna,1352,3e9de2ba-05fa-43a8-9a96-74a6be297ae0
4778,lyle lovett,1352,7241e3ed-5ad4-4849-94df-6858ea833472
4779,alain bashung,1351,d31e78a3-4fd8-4b10-9c49-0ee8d4dfd61e
4780,björn afzelius,1351,48b7ec64-c8d0-4783-92f8-c26d89dace0d
4781,nightingale,1351,8980d0fa-abb9-4b50-9ab3-ad441a34854d
4782,st. vincent,1351,5334edc0-5faf-4ca5-b1df-000de3e1f752
4783,zoé,1351,5838185a-0ee6-4a0b-8d4e-76a6e15f7d4b
4784,hopes die last,1350,66b0f4b7-f5c5-4708-a539-dff731b4c254
4785,basia bulat,1349,0b483ac2-aaf0-466b-a5f7-daa8b9c4de20
4786,chemistry,1349,584cb8b9-d645-4ca0-ba4d-96028cd090ef
4787,dabrye,1349,ce0afedf-1a1d-4051-a147-08d035b466b0
4788,swayzak,1349,2d91695d-a291-49d4-a028-2584edbf9bd6
4789,the dirtbombs,1349,49d68d0c-cfe4-4adb-abe5-64cb50671070
4790,turbulence,1349,8558cf26-966b-46df-a152-bf6bf5617a3f
4791,meg & dia,1348,dac77ea9-7975-497a-ad22-7833bee92eaa
4792,breitbild,1347,066b7acb-570c-4bd9-8726-d7e46a10ca59
4793,ferris mc,1347,1670ecd7-a00f-4534-bf80-b8efaa1f965e
4794,jennifer rostock,1347,8f4b34c0-0d2f-427e-8c45-91a078dbab7c
4795,dorival caymmi,1346,bec2162c-6a15-4bfd-a69c-3e35c4fb1f19
4796,k,1346,04d2f75a-cf87-4650-9b99-ef62de497b1c
4797,porn sword tobacco,1346,56ba049c-eed0-460c-966c-be7ca846456d
4798,aesthetic perfection,1345,6b367276-e4dc-4a0e-b10e-2eb933d16ff0
4799,calogero,1344,7e26f094-2ab2-4810-be12-f8fd8953d99d
4800,matt pokora,1344,ff201b9a-4c5f-49b9-9ba4-26d81296ebaf
4801,sidonie,1343,99849c03-4d4a-46cc-8e20-3852d0ca0746
4802,yö,1343,a35d2112-4137-4c14-89fb-58e02036c326
4803,eighteen visions,1342,26cc84a4-a762-406a-b06a-2dc2e72523ce
4804,entheogenic,1340,9dbe0453-2f86-45a2-a54c-df0d947f857e
4805,the octopus project,1340,aaf92b5a-199c-4b1b-969d-7a915ffb6f0f
4806,glass candy,1339,ca94595e-955a-495c-8ba1-25eebd9609a9
4807,status quo,1339,1884ed9c-6fe1-468d-a7f8-8d19c9c4e441
4808,black dice,1338,d8f9a4bd-ec27-4e29-8b3e-b8bdb62f950e
4809,common enemy,1338,a951d508-04f0-44df-afe8-26ae4c252934
4810,etta james,1338,e22d2f66-881e-41ca-9356-544697ee5f90
4811,death by stereo,1337,62c2f99c-d777-4ca5-8602-548807cfb824
4812,good fellaz,1337,68a18781-1232-4fdc-9583-ca49d3fc08f5
4813,lââm,1336,e41e38c3-61a6-40c4-9c95-74f38df57a99
4814,negativland,1336,78c1866f-92d8-4180-98ea-fe88121aa195
4815,teräsbetoni,1336,9d59f45d-72e0-4992-abe0-56c66f97b911
4816,louise attaque,1334,04d25080-32e2-49a2-b638-c9ca4f3e12bd
4817,pagan reign,1334,a7299a99-5f01-42bf-b387-41edd9b06422
4818,tue west,1334,5d6e7b42-0309-4b0f-80a9-ed8e90b637dd
4819,albert hammond jr.,1332,a0498514-c21c-4e85-8dbf-a1b92374a06b
4820,massimo volume,1332,b4e5563b-b9f7-443e-9117-9e0b963d8291
4821,tinchy stryder,1331,9e2990ab-4d3d-4fb5-bd9b-1252440f043a
4822,torche,1331,a04428a8-f7df-42fe-95dc-47762fe346f6
4823,zeke,1331,f49cea96-c237-4c0d-8332-98859274cc52
4824,jen,1330,5c6ea76f-b802-4f84-82f1-d74996443b33
4825,pineapple thief,1329,e8f55abb-a6d5-4e5f-81b4-14f9cc320519
4826,the anniversary,1329,db41efe6-867b-4427-820c-506ea17e5692
4827,bananafishbones,1328,b2f2ad66-1e1e-45b1-80e2-61025cc79950
4828,cyborg attack,1328,5258169e-306e-436e-9ac7-fdec83f925e5
4829,dub pistols,1328,5483e1c0-14ca-4ec4-9b03-c4e987420e4e
4830,sugarplum fairy,1328,a62318eb-0419-4ee4-8194-a00d29afa9b2
4831,agnetha fältskog,1327,aebbb417-0d18-4fec-a2e2-ce9663d1fa7e
4832,skyforger,1327,f3e365b8-7ddb-46d0-9ae6-84ff403ed5fd
4833,emma bunton,1326,71b03238-e53d-4e1e-9b3a-6ce1dcdf2894
4834,inumanos,1326,0c58161f-6711-44db-adbf-79f1959c321b
4835,ney matogrosso,1326,67e97898-3bb5-412a-a51e-95a7b59a1bef
4836,stachursky,1326,2ff4c025-448d-43c4-b040-38f40bdfe58a
4837,alice russell,1325,870bd642-f7e2-4712-a89f-7b1950a693ac
4838,"crosby, stills, nash & young",1325,46a782ea-4308-476b-abd1-a91b197f3037
4839,gorefest,1325,214ffc4e-0b3c-4be1-970f-90893365f3b4
4840,scout niblett,1325,a0f7a7d5-33fa-43ae-98b2-6aea41aa9f64
4841,superchunk,1325,61653550-fd9b-4401-8248-44f2d064d384
4842,uncle outrage,1324,bb8d15d9-d170-42dd-a91e-a25c945e411e
4843,doris day,1323,3db5dfb1-1b91-4038-8268-ae04d15b6a3e
4844,miss kittin,1323,af6bd973-3e30-4339-94b5-85b139362e6d
4845,nokturnal mortum,1323,656a7ed6-fb23-4bc3-a7f2-90406ca86fc9
4846,smap,1323,6ab7953b-8480-41fe-a9fe-5e220d8e9429
4847,tonedeff,1323,b3869d83-9fb5-4eac-b5ca-2d155fcbee12
4848,zhaytee,1323,b57eeebf-ad4e-4945-97c9-8f3b1db9e0fc
4849,legion of the damned,1322,ee07606a-f44a-4050-bc9b-b89bc098c01a
4850,rmb,1322,b29c6896-8c6b-4ef5-9f33-57ba1131faac
4851,whitney houston,1322,0307edfc-437c-4b48-8700-80680e66a228
4852,minor majority,1321,85613ba8-9589-4cd5-b42d-5b94450463d3
4853,fear my thoughts,1320,39ff4946-1ad7-4e1a-8e89-6ebfd5d18c94
4854,immolation,1319,c373c7f0-fddf-4c04-a327-19dd83590753
4855,pornophonique,1319,e4fbadb7-77ea-4bf3-96eb-8d1455298397
4856,+/-,1317,2624e8b9-3f77-453d-85e8-6a8c9e5b9d65
4857,梁靜茹,1317,9e52fbe2-dcc2-4720-9ddd-9ad8202a5287
4858,e-z rollers,1316,3dc658d0-0d75-48d0-8f3f-851ec757f17b
4859,ocean colour scene,1316,601d793d-7e96-4bb6-b4a6-712d5c926259
4860,queensberry,1316,a7ce91ac-7e53-49cb-83f0-623a2cbf31a0
4861,the american dollar,1316,1b06328e-0e57-4ad7-a2a0-d7bbb76733fa
4862,the essex green,1316,9190f8a8-6472-4811-9223-3e985b08c9d0
4863,the samuel jackson five,1316,0245b547-04a5-42df-8f75-eba5ba3b8061
4864,the tossers,1316,42d42c04-7698-4b2e-9c9e-6b5ec5e36feb
4865,hour of penance,1315,b629afc0-2d61-4638-9e49-32bcacf69228
4866,junior kelly,1315,0e17b44f-e0f1-4b3a-8cd6-d68510d3e379
4867,dionysos,1314,7d248ccb-588a-414e-ab3e-be6dd8b71f81
4868,mulatu astatke,1314,67f0c7ca-14e8-47a3-be0e-bd2f2ffe25bb
4869,mumakil,1314,44860733-00aa-4119-9758-550c82573634
4870,neil patrick harris,1314,587fbf06-1cc0-4ae6-91ef-afe832385b13
4871,theodor bastard,1314,63e83c7f-5742-4ed2-8016-ce6e19a2aeda
4872,appleshout,1313,
4873,shearwater,1313,9df31471-e54e-43ba-bbe8-38fd94c63dbb
4874,turbostaat,1313,7ffd711a-b34d-4739-8aab-25e045c246da
4875,typ:t.u.r.b.o.,1313,8d652838-cf09-4751-9f11-43554aba48c7
4876,porretas,1312,39c91db5-2aa3-4883-ad2d-c95b9b07d625
4877,prodigy,1312,2996c6a2-215d-4f78-aed6-81a130b04816
4878,volcanoless in canada,1312,1b21fa49-9bd0-4a45-b89c-8bed54da017b
4879,ass ponys,1311,784985ba-f29f-46b9-a49c-80984753019e
4880,deadушки,1311,7278b6a9-8929-48ee-ba0c-234255c06ffa
4881,sons and daughters,1311,aca2f168-fec7-459e-a91e-3f5cd504189b
4882,chiasm,1310,633c4ffc-63ff-483b-b83c-374f5e63b298
4883,gallows,1309,4cb159df-bd09-4f42-bfec-09b6a248a52f
4884,khaled mouzanar,1309,c914e186-519b-4122-aed0-afc6b47d5476
4885,lori meyers,1309,9cdb07de-bd54-4985-9494-849ff7ad95ed
4886,masayoshi minoshima,1309,6cc3f3d9-963d-4ded-8990-ec6648e65298
4887,シートベルツ,1309,b5fb0f1a-2cd4-4759-9d80-648643f70c43
4888,2 skinnee js,1308,1d16e8ce-afe0-4f70-bb94-8742756d2589
4889,afro kolektyw,1308,fd85cfd1-597b-49c6-962e-ea8350b0466d
4890,autolux,1308,78404fdf-23b4-465e-ab02-21adf9ad6d28
4891,beyond twilight,1307,9eea1537-22b9-4c4e-821b-7606eea10d4c
4892,decyfer down,1307,c7ed1895-9993-44bd-9ae6-f0ccd48471e7
4893,dom dummaste,1307,3b4c73c1-6cad-46c3-9a24-20adcc39423f
4894,auf der maur,1306,55bf17c0-91b7-405e-80a5-f49a50fe9d3b
4895,neil perry,1306,aaaebec1-f369-4a82-abb4-0e7498b9ca6b
4896,shelby sifers,1305,4e9b130b-6797-48b6-9f48-28c10114baf9
4897,tsuyoshi sekito,1305,72db70a1-f34b-48b9-9829-67785e0cc19f
4898,cracker,1304,ca48bfb8-37c5-4a04-9837-a07975ee0cd3
4899,jean sibelius,1304,691b0e9d-9e57-41cf-932d-a3d21b068e75
4900,marion raven,1303,35c5203e-8e88-4f36-9e13-1ede9e059e43
4901,4 promille,1302,a5c07e9f-1995-4c81-9425-7fea1489c37d
4902,a breath before surfacing,1302,a7bc5074-2897-437b-b95b-20715979553a 
4903,dan fogelberg,1302,b1a7ac99-2ea9-4d3e-b17f-1cad379e46ae
4904,el otro yo,1301,157abd41-5327-4d80-8fc4-4d1c92f03cd9
4905,shinee,1301,70e5098b-c4ae-4cd7-9799-3c1b9b57c753
4906,third realm,1301,02c78165-640f-4c9c-98a1-5225a646b315
4907,yuki,1301,c45f4716-448b-42ef-8e56-1d711672077b
4908,hatesphere,1300,8b5baebe-afdc-49f0-aaf7-85f555a68c51
4909,the gits,1299,b916a410-ee27-4f15-92ce-1ce2b60e7697
4910,the varukers,1299,fc5922c7-9a42-4965-9641-012aac697caf
4911,vas,1298,e2db12dd-bffb-4e79-bfd8-be9baa527c84
4912,warmen,1298,6b3a7975-fc3a-404b-a13e-66c223cd2a31
4913,arkona,1297,baad262d-55ef-427a-83c7-f7530964f212
4914,dioxyde,1297,1b5e4316-3255-4c31-86ef-ce699b3d6f0f
4915,her space holiday,1297,350a221a-b1a2-4480-8697-bef1910b1063
4916,the devin townsend band,1297,6e9d417e-7eb1-45dd-af0c-60ac85dfcd7a
4917,the matches,1297,0fc0b0e8-9e40-432d-973e-a184b7be01e1
4918,キリンジ,1297,6348af47-dbd0-4935-b1ae-9fe23c88daef
4919,klute,1296,770ccf83-47ce-4fa1-83ec-d8fc24269784
4920,7000$,1295,f6aa4637-686b-45c2-ad8b-076eb36508af
4921,integrity,1295,f626335d-d234-408d-a67c-37a3c2c7e98a
4922,the hidden cameras,1295,cf998a99-5b7e-4342-b372-9c5d45c2ca62
4923,the real tuesday weld,1295,df33b7ec-1293-473b-b582-29d2c2514cc6
4924,tuk tuk rally,1294,7216f8b2-b18d-478b-b1b9-e3e61b1206d3
4925,jersey boys cast,1293,
4926,jukka poika ja jenkkarekka,1292,8aa16809-33a9-46db-b3e1-ee4c755f89e0
4927,love like blood,1292,96f259fa-7618-4899-908a-dc474da10a06
4928,overkill,1292,97fa7dd1-4706-4fad-b6ff-e099a37837fc
4929,richard wagner,1292,eefd7c1e-abcf-4ccc-ba60-0fd435c9061f
4930,saïan supa crew,1292,0b8d3a99-c66f-4b6c-898c-31c30f28a196
4931,aus,1291,656c6856-4196-4f8f-a388-e6d1627190eb
4932,kmd,1291,543edda0-d61e-4698-97fa-1f34a1322d20
4933,pariisin kevät,1291,94c49e49-ce70-4bba-a36b-79047ccb0f73
4934,saiif adell,1291,
4935,the brotherhood of lizards,1291,6cdb3c79-cdea-4736-af5f-5baa1f779cfe
4936,vince guaraldi,1291,05b5488d-7141-4b21-819b-d4713abf2a98
4937,ambeon,1290,92cd0826-11fd-40e5-9ac7-f69b193063a9
4938,circle takes the square,1290,99ba08b9-433e-440b-b901-87736c90562f
4939,marie picasso,1289,d597c401-98ca-475f-b579-cfd35c34f541
4940,Кровосток,1289,9b2cd4c8-a9dd-417e-90d1-8741cb06d79f
4941,10cc,1288,f37c537b-3557-4031-bfd6-ab63ced32854
4942,bombay bicycle club,1288,0ae49abe-d6af-44fa-8ab0-b9ace5690e6f
4943,illusion,1288,01b0189d-72e4-41bc-a6ab-b6118f2a2952
4944,ja rule,1288,b504f625-4ef6-4a5a-81e8-870a61e8dc9c
4945,rocket from the crypt,1288,e297ecdf-64ec-4e34-899d-80380f5b0c2a
4946,alpha,1287,473ad870-79c2-456b-9680-4a73162b59c0
4947,サンボマスター,1287,061f1885-21ed-4d1a-abf8-c0efd9a67694
4948,dag nasty,1286,4709dd69-1034-4634-9e88-d1099453b192
4949,jenny wilson,1286,b9aa31b6-86f5-43ad-9e71-a94f44f429ee
4950,neophyte,1286,ba474cdb-fd06-4a49-988d-819a6bbd2077
4951,donell jones,1284,ff1d04f2-2bbd-47d8-b722-6ac8c53b71b3
4952,fryars,1284,f6ff91c0-f2c9-484f-9c4c-c55013658e52
4953,prāta vētra,1284,647f6826-8e7f-49b2-9d8f-fa4dee659edf
4954,unwritten law,1283,846cdb90-81a6-4c05-a7dc-9dd075f0db9e
4955,amanda woodward,1281,628612d6-c622-4af8-977b-4c03ac883dcc
4956,declan,1281,6c0ab891-5c32-4a5d-acdd-bc6182835533
4957,kid dynamite,1281,c5300096-cfb0-4801-b146-166e2d02f08a
4958,oneida,1281,33c5f321-37b5-4c8e-8eff-a8a6a5ac2e44
4959,the simpsons,1281,eca1f8ea-52af-4e33-959a-12a59e12adab
4960,final fantasy x original soundtrack,1280,
4961,ghostland observatory,1280,b0fa8b31-87cb-43ad-9f15-179725c1e3b6
4962,kelley polar,1280,a4ee6ca9-96d4-4012-8838-9042a2b775be
4963,m2m,1280,200a07b4-0e6f-47b8-851f-784281e1de07
4964,virgin black,1280,c5809c0d-785e-414f-9f18-e6402420e4c7
4965,kirsty maccoll,1279,f63f2884-56d3-47f3-8a7e-72c324758730
4966,spazz,1278,30185d89-e9b1-4083-8a58-4688e10e0ec8
4967,castet,1277,5b8b1809-75ec-497f-9175-bcd021a167a7
4968,n.o.r.e.,1277,812d3015-2f4c-4fa7-bd7d-30ec4beb2c82
4969,obie trice,1277,c0f98b1d-1133-46d6-ab05-723a95cb5453
4970,alex gaudino,1276,836d43ae-5086-4f45-9e23-b02edca37653
4971,3,1275,3c23d0bd-b361-4456-ad79-ccc5643f3b93
4972,otto dix,1275,966e0923-65fa-4904-ad78-3dab0e41444e
4973,sexbomba,1275,94748256-887a-44b8-89a7-5876bbc7d85f
4974,tim mcgraw,1275,7e5cfc9a-e9e1-46f1-b81a-861b12049488
4975,dark lunacy,1274,5bb9b216-d852-44e9-8fb3-cfdcc6d6df83
4976,enuff z'nuff,1274,369cbaed-5209-4990-83c9-f8233d6c248b
4977,nine horses,1274,2540b485-47be-4995-be26-9e38e2ed35e8
4978,one be lo,1274,9068a4af-a495-4d82-b6f3-b195f358e16d
4979,ophelia's dream,1274,7b49db0b-e0b6-4f43-9f7b-99232bcd3ba5
4980,atlus,1273,e1325b90-ffd5-4697-bbd6-16419776fc8d
4981,clem snide,1273,049d86e6-be73-4cb9-b498-0b6103ae3cb1
4982,jan garbarek,1273,ea7aba28-8853-4e30-83b7-7deeb3da36cd
4983,afro celt sound system,1271,2f0baf2a-bfa7-4116-8c75-8240aed74553
4984,amon düül ii,1271,9d78c6da-a415-4e1d-a55d-5e37b3bbc65d
4985,estatic fear,1271,445f78a1-22cb-445f-80fb-fc6fb9b3abaf
4986,j.r.r. tolkien,1271,97f3efea-558f-4137-9e4c-8a2fcec3c2d4
4987,mc lars,1271,fdf0d5e1-e773-4740-a50f-a032c96c63d3
4988,the abyssinians,1271,103ae173-2204-40b8-a6a8-f1623304deed
4989,akercocke,1270,fc1abced-ff90-4a42-9998-2e18cceef041
4990,micatone,1270,ca30be07-e94e-4bd8-a022-1dfbc462905b
4991,apostle of hustle,1269,28b2fb52-a83a-40ec-8617-6436e26eb3fd
4992,poe,1269,72ae540c-514f-4c05-b05d-e6297e0ce4da
4993,vengaboys,1269,90c7177f-4be5-413d-aabd-d228934c2b9b
4994,brainiac,1268,8db9ae5b-4412-434a-aedd-dc2bb316c355
4995,chase & status,1268,82e454e2-38ee-4e69-89a6-cc65167753d1
4996,days of the new,1268,10c8a5ad-4329-475a-a550-ff3c9cf19599
4997,dr. john,1268,fe0e1895-aa84-47d9-8e5b-7930fc20709b
4998,joe bonamassa,1268,984f8239-8fe1-4683-9c54-10ffb14439e9
4999,anneke van giersbergen,1267,7ec864b4-660c-45d1-98af-bac9a8bf972d
